id;marke;quelle;kapitel;stufe;handgriffe;art;eltern_id;wortlaut;abbildung;loesung;schritte;zahlart;fragerichtung;darstellung;woerter;bemerkung
BW-HS-2021-A1-4;BW ’21;quelle-fremd-ni-bw-bw-hs-2021.txt · Pflichtteil A1 Nr. 4;prozent;Aussagen prüfen;Aussagen prüfen|Erhöhung und Veränderung in Prozent|Prozentwert;ganz;;Ein Schild im Schaufenster verspricht: „Alles um 75 % reduziert!“ Ein Paar Schuhe kostete vorher 120 €. Jetzt steht 40 € auf dem Preisschild. Prüfe rechnerisch, ob das Schild für diese Schuhe stimmt.;"Bild: Schuhe mit altem Preis 120 € (durchgestrichen) und neuem Preis 40 €; Schild „Schlussverkauf – alles um 75 % reduziert“";stimmt nicht: 75 % von 120 € sind 90 €, neuer Preis wäre 30 € (tatsächlich 40 €, also nur ≈ 66,7 % reduziert);2;kopf;pruefen;bild;33;
BW-HS-2021-A1-4-h1;nach BW ’21;quelle-fremd-ni-bw-bw-hs-2021.txt · Pflichtteil A1 Nr. 4;prozent;Prozentwert;Prozentwert;herausgeloest;BW-HS-2021-A1-4;Schuhe kosten 120 €. Im Schlussverkauf gibt es 75 % Rabatt. Wie viel Euro beträgt der Rabatt?;;90 €;1;kopf;vorwaerts;text;17;
BW-HS-2021-A1-8;BW ’21;quelle-fremd-ni-bw-bw-hs-2021.txt · Pflichtteil A1 Nr. 8;daten;Mittelwert;Mittelwert;ganz;;In der Klasse 9b gab es im letzten Zeugnis diese Mathenoten. Die Strichliste zeigt, wie oft jede Note vorkam. Berechne den Notendurchschnitt der Klasse.;"Tabelle (Strichliste): Note 1: 2; Note 2: 3; Note 3: 7; Note 4: 3; Note 5: 2; Note 6: 0";3 (51 : 17);2;glatt;vorwaerts;tabelle;24;
BW-HS-2021-A1-9;BW ’21;quelle-fremd-ni-bw-bw-hs-2021.txt · Pflichtteil A1 Nr. 9;daten;aus Prozent darstellen;aus Prozent darstellen|Prozentsatz;ganz;;In einer Tüte sind 50 Gummibärchen: 25 rote, 10 grüne und 15 gelbe. Zeichne die Anteile in Prozent als Streifen in das Diagramm.;Streifendiagramm: leerer Streifen mit Einteilung 0 % bis 100 % in 10-%-Schritten;rot 50 %, grün 20 %, gelb 30 %;2;kopf;darstellen;diagramm;23;
BW-HS-2021-A1-9-h1;nach BW ’21;quelle-fremd-ni-bw-bw-hs-2021.txt · Pflichtteil A1 Nr. 9;prozent;Prozentsatz;Prozentsatz;herausgeloest;BW-HS-2021-A1-9;Von 50 Gummibärchen in einer Tüte sind 15 gelb. Wie viel Prozent der Gummibärchen sind gelb?;;30 %;1;kopf;vorwaerts;text;16;
BW-HS-2021-A2-1;BW ’21;quelle-fremd-ni-bw-bw-hs-2021.txt · Pflichtteil A2 Nr. 1;prozent;Prozentwert;Prozentwert;ganz;;Ein Bilddiagramm zeigt, wie viele Einwegbecher im Jahr verbraucht werden. Ein Becher im Bild steht für 100 Millionen echte Becher. Bei Papierbechern bekommen 70 % einen Plastikdeckel. Wie viele Plastikdeckel sind das im Jahr?;"Bilddiagramm: Reihe „Papierbecher“ mit 17 Bechersymbolen, daneben eine Reihe „Plastikbecher“; Legende: 1 Symbol = 100 Mio. Becher";1,19 Mrd. Deckel (70 % von 1,7 Mrd.);2;glatt;vorwaerts;bild;34;
BW-HS-2021-A2-3;BW ’21;quelle-fremd-ni-bw-bw-hs-2021.txt · Pflichtteil A2 Nr. 3;dreiecke;rechten Winkel begründen;rechten Winkel begründen|Gleichung aufstellen;ganz;;Ein Dreieck hat die Seiten 4,5 cm, 5,3 cm und 7,0 cm. Basti meint, das Dreieck hat einen rechten Winkel. Prüfe mit einer Rechnung, ob er recht hat.;;nein: 4,5² + 5,3² = 48,34 ≠ 49 = 7,0²;2;krumm;pruefen;text;28;
BW-HS-2021-A2-4;BW ’21;quelle-fremd-ni-bw-bw-hs-2021.txt · Pflichtteil A2 Nr. 4;lineare;Graph zum Tarif zuordnen;Graph zum Tarif zuordnen|Tarife vergleichen;ganz;;Luisa will Flyer für das Schulfest drucken lassen. Angebot 1: 45 € fest und 0,39 € je Flyer. Angebot 2: 0,45 € je Flyer. Angebot 3: 0,49 € je Flyer für die ersten 500, jeder weitere 0,39 €. Ordne jedem Angebot seinen Graphen zu. Welches Angebot ist bei 1 000 Flyern am günstigsten? Rechne.;"Graphauswahl: 3 Achsenkreuze A–C (x: Anzahl Flyer, y: Preis in €): A Ursprungsgerade; B Gerade mit Startwert über null; C durch den Ursprung, ab 500 flacher";"Angebot 1 – B, 2 – A, 3 – C; bei 1 000 Flyern: 435 €, 450 €, 440 € → Angebot 1";3;glatt;vergleichen;graph;54;
BW-HS-2021-A2-4-h1;nach BW ’21;quelle-fremd-ni-bw-bw-hs-2021.txt · Pflichtteil A2 Nr. 4;lineare;Tarife vergleichen;Tarife vergleichen;herausgeloest;BW-HS-2021-A2-4;Flyer drucken: Angebot 1 kostet 45 € fest und 0,39 € je Flyer. Angebot 2 kostet nur 0,45 € je Flyer. Welches Angebot ist bei 1 000 Flyern billiger?;;Angebot 1: 435 € < 450 €;2;glatt;vergleichen;text;29;
BW-HS-2021-A2-5;BW ’21;quelle-fremd-ni-bw-bw-hs-2021.txt · Pflichtteil A2 Nr. 5;wahrscheinlichkeit;Ergebnisse aufzählen;Ergebnisse aufzählen|Wahrscheinlichkeit angeben;ganz;;In Schachtel 1 liegen Kugeln mit 2, 3 und 4, in Schachtel 2 Kugeln mit 6, 7 und 9. Du ziehst blind aus jeder Schachtel eine Kugel. Die erste Kugel gibt die Zehnerziffer, die zweite die Einerziffer. Schreibe alle möglichen Zahlen auf. Berechne die Wahrscheinlichkeit für eine gerade Zahl.;"Bild: zwei Schachteln; Schachtel 1 mit Kugeln 2, 3, 4; Schachtel 2 mit Kugeln 6, 7, 9";"26, 27, 29, 36, 37, 39, 46, 47, 49; P(gerade) = 3/9 = 1/3 ≈ 33 %";2;kopf;vorwaerts;bild;49;
BW-HS-2021-A2-5-h1;nach BW ’21;quelle-fremd-ni-bw-bw-hs-2021.txt · Pflichtteil A2 Nr. 5;wahrscheinlichkeit;Wahrscheinlichkeit angeben;Wahrscheinlichkeit angeben;herausgeloest;BW-HS-2021-A2-5;Beim Ziehen aus zwei Schachteln entstehen gleich wahrscheinlich die Zahlen 26, 27, 29, 36, 37, 39, 46, 47 und 49. Wie groß ist die Wahrscheinlichkeit für eine gerade Zahl?;;3/9 = 1/3 ≈ 33 %;1;kopf;vorwaerts;text;29;
BW-HS-2021-B1a;BW ’21;quelle-fremd-ni-bw-bw-hs-2021.txt · Wahlteil B1a;daten;Winkel berechnen und beschriften;Winkel berechnen und beschriften;ganz;;Bei einer Umfrage zum Kleiderkauf achten 270 Befragte vor allem auf die Marke. Das Kreisdiagramm zeigt das Ergebnis. Wie viele Befragte achten vor allem auf den Preis? Rechne mit den Winkeln.;"Kreisdiagramm: zwei Sektoren, „Marke“ 135°, „Preis“ 195° (Winkel zum Messen; nicht beschriftet)";390 Personen (135° ≙ 270, 1° ≙ 2);2;glatt;rueckwaerts;diagramm;31;"Rückrichtung der Stufe: Anzahl aus Winkel; im Original müssen die Winkel gemessen werden, hier stehen sie in der Abbildungsbeschreibung"
BW-HS-2021-B2b;BW ’21;quelle-fremd-ni-bw-bw-hs-2021.txt · Wahlteil B2b;flaechen;rückwärts: Seite aus Fläche;rückwärts: Seite aus Fläche|Figur erst zerlegen oder Strecke erst berechnen|Grundfigur berechnen;ganz;;Für einen Schulgarten war zuerst ein Dach als regelmäßiges Achteck geplant. Gebaut wurde ein Dach in Trapezform mit gleich großer Fläche. Berechne die Länge x beim Trapezdach.;Skizze: Achteck (Dachform 1) aus 8 gleichen Dreiecken, Seite 2 m, Abstand zweier gegenüberliegender Seiten 4,82 m // Trapez (Dachform 2) mit parallelen Seiten 2 m und 5 m, Höhe x;x = 38,56/7 ≈ 5,5 m (Achteck: 8 · 2 · 2,41/2 = 19,28 m²);3;krumm;rueckwaerts;bild;27;
BW-HS-2021-B2b-h1;nach BW ’21;quelle-fremd-ni-bw-bw-hs-2021.txt · Wahlteil B2b;flaechen;Figur erst zerlegen oder Strecke erst berechnen;Figur erst zerlegen oder Strecke erst berechnen|Grundfigur berechnen;herausgeloest;BW-HS-2021-B2b;Ein Dach hat die Form eines regelmäßigen Achtecks. Es besteht aus 8 gleichen Dreiecken. Jedes hat die Grundseite 2 m und die Höhe 2,41 m. Berechne die Dachfläche.;"Skizze: Achteck in 8 Dreiecke vom Mittelpunkt aus zerlegt; ein Dreieck mit g = 2 m, h = 2,41 m";19,28 m²;2;krumm;vorwaerts;bild;28;
BW-HS-2021-B2b-h2;nach BW ’21;quelle-fremd-ni-bw-bw-hs-2021.txt · Wahlteil B2b;flaechen;rückwärts: Seite aus Fläche;rückwärts: Seite aus Fläche;herausgeloest;BW-HS-2021-B2b;Ein Dach hat die Form eines Trapezes. Die parallelen Seiten sind 2 m und 5 m lang. Die Fläche beträgt 19,28 m². Berechne die Höhe des Trapezes.;Skizze: Trapez mit a = 5 m, c = 2 m, Höhe h;h = 38,56/7 ≈ 5,51 m;1;krumm;rueckwaerts;bild;27;
BW-HS-2021-B3a;BW ’21;quelle-fremd-ni-bw-bw-hs-2021.txt · Wahlteil B3a;wahrscheinlichkeit;Wahrscheinlichkeit angeben;Wahrscheinlichkeit angeben;ganz;;Ein Glücksrad hat nur gleich große Felder, jedes in einer anderen Farbe. Prüfe jede Aussage: wahr oder falsch? (1) Je mehr Felder, desto größer die Wahrscheinlichkeit für eine bestimmte Farbe. (2) Jede Farbe hat die gleiche Wahrscheinlichkeit. (3) Kam eine Farbe lange nicht, kommt sie jetzt wahrscheinlicher. (4) Ist die Wahrscheinlichkeit für eine Farbe 12,5 %, hat das Rad 8 Felder.;Ankreuztabelle: vier Aussagen, Spalten wahr/falsch;(1) falsch, (2) wahr, (3) falsch, (4) wahr (1/8 = 12,5 %);1;kopf;pruefen;tabelle;61;
BW-HS-2021-B3b;BW ’21;quelle-fremd-ni-bw-bw-hs-2021.txt · Wahlteil B3b;flaechen;Figur erst zerlegen oder Strecke erst berechnen;Figur erst zerlegen oder Strecke erst berechnen|Dreieck erst in Figur oder Körper finden|Grundfigur berechnen;ganz;;Eine Fläche besteht aus einem Rechteck und einem gleichschenkligen Trapez darauf. Berechne den Flächeninhalt der ganzen Fläche.;"Skizze (nicht maßstabsgetreu): Rechteck 22 cm × 14,5 cm; auf der 22-cm-Seite ein gleichschenkliges Trapez mit oberer Seite 16 cm und Schenkeln 5,8 cm";A = 319 + 19·√24,64 ≈ 413,3 cm² (h ≈ 4,96 cm);4;krumm;vorwaerts;bild;17;Serlo rundet h auf 5 cm und erhält 414 cm²
BW-HS-2021-B3b-h1;nach BW ’21;quelle-fremd-ni-bw-bw-hs-2021.txt · Wahlteil B3b;dreiecke;Dreieck erst in Figur oder Körper finden;Dreieck erst in Figur oder Körper finden;herausgeloest;BW-HS-2021-B3b;Ein gleichschenkliges Trapez hat die parallelen Seiten 22 cm und 16 cm. Die Schenkel sind 5,8 cm lang. Berechne die Höhe des Trapezes.;Skizze: gleichschenkliges Trapez, Höhe von einer Ecke der kurzen Seite eingezeichnet;h = √24,64 ≈ 4,96 cm;2;krumm;vorwaerts;bild;23;
BW-HS-2021-B4a;BW ’21;quelle-fremd-ni-bw-bw-hs-2021.txt · Wahlteil B4a;prozent;Zinseszins und Guthabentabelle;Zinseszins und Guthabentabelle;ganz;;Kim legt 1 850 € für 3 Jahre an. Die Zinsen werden jedes Jahr mitverzinst. Bank A zahlt jedes Jahr 0,9 %. Bank B zahlt 0,4 % im 1. Jahr, 1,1 % im 2. Jahr und 1,3 % im 3. Jahr. Bei welcher Bank bekommt Kim mehr Zinsen? Wie groß ist der Unterschied?;"Tabelle: Bank A 0,9 % jedes Jahr; Bank B 1. Jahr 0,4 %, 2. Jahr 1,1 %, 3. Jahr 1,3 %";"Bank B: 1 902,24 € gegen 1 900,40 €; Unterschied ≈ 1,84 €";4;krumm;vergleichen;tabelle;53;
BW-HS-2021-B4a-h1;nach BW ’21;quelle-fremd-ni-bw-bw-hs-2021.txt · Wahlteil B4a;prozent;Zinseszins und Guthabentabelle;Zinseszins und Guthabentabelle;herausgeloest;BW-HS-2021-B4a;Kim legt 1 850 € für 3 Jahre zu 0,9 % an. Die Zinsen werden mitverzinst. Wie viel Geld hat sie nach 3 Jahren?;;1 850 · 1,009³ ≈ 1 900,40 €;1;krumm;vorwaerts;text;24;
BW-HS-2021-B4b;BW ’21;quelle-fremd-ni-bw-bw-hs-2021.txt · Wahlteil B4b (zweiter Teil);dreiecke;Winkelsumme;Winkelsumme;ganz;;In einem gleichseitigen Dreieck sind alle drei Winkelhalbierenden eingezeichnet. Sie schneiden sich in einem Punkt. Berechne den Winkel δ zwischen zwei Winkelhalbierenden.;"Skizze: gleichseitiges Dreieck ABC mit den drei Winkelhalbierenden; δ am Schnittpunkt im Teildreieck über AB";δ = 180° − 30° − 30° = 120°;2;kopf;vorwaerts;bild;22;Konstruktionsteil (Dreieck aus β = 34°, γ = 56°, a = 10 cm zeichnen) weggelassen, keine P10-Stufe
BW-HS-2022-A1-3;BW ’22;quelle-fremd-ni-bw-bw-hs-2022.txt · Pflichtteil A1 Nr. 3;prozent;Grundwert;Grundwert;ganz;;Max kauft eine Hose im Sonderangebot mit 70 % Rabatt. Er bezahlt dafür 24 €. Wie viel hat die Hose vorher gekostet?;Bild: Hose mit Schild „−70 %“;80 € (24 € sind 30 %);2;glatt;rueckwaerts;bild;22;
BW-HS-2022-A1-6;BW ’22;quelle-fremd-ni-bw-bw-hs-2022.txt · Pflichtteil A1 Nr. 6;koerper;Volumen direkt;Volumen direkt;ganz;;Ein Quader ist 2 m lang, 1 m breit und 1,5 m hoch. Er wird ganz mit Würfeln von je 1 dm³ gefüllt. Wie viele Würfel brauchst du?;Schrägbild: Quader 2 m × 1 m × 1,5 m mit einem kleinen Würfel in der Ecke (nicht maßstabsgetreu);3 000 Würfel (20 dm · 10 dm · 15 dm = 3 000 dm³);2;kopf;vorwaerts;bild;28;
BW-HS-2022-A1-8;BW ’22;quelle-fremd-ni-bw-bw-hs-2022.txt · Pflichtteil A1 Nr. 8;lineare;erkennen und ablesen;erkennen und ablesen;ganz;;Der Graph zeigt, was Lachs an der Fischtheke kostet. Lies ab: Wie viel kosten 50 g Lachs? Wie viel Gramm Lachs bekommst du für 2 €?;"Graph: Ursprungsgerade, x: Masse in g (0 bis 100), y: Preis in € (0 bis 4); Gerade durch (100 | 3,50)";"50 g kosten 1,75 €; für 2 € gibt es ≈ 57 g";1;glatt;vorwaerts;graph;26;
BW-HS-2022-A1-9;BW ’22;quelle-fremd-ni-bw-bw-hs-2022.txt · Pflichtteil A1 Nr. 9;wahrscheinlichkeit;Zufallsgerät entwerfen;Zufallsgerät entwerfen;ganz;;Auf einem Würfelnetz stehen schon die Augenzahlen 2, 4 und 1. Drei Flächen sind leer. Beschrifte sie so, dass du mit der Wahrscheinlichkeit 2/3 eine gerade Zahl würfelst.;Würfelnetz (Kreuzform): drei Flächen mit 2, 4, 1 beschriftet, drei leer;zwei gerade und eine ungerade Zahl ergänzen, z. B. 6, 2, 3 (4 von 6 Flächen gerade);1;kopf;rueckwaerts;bild;28;"Welche Zahlen schon auf dem Netz stehen, ist im Text nicht angegeben; laut Lösung zwei gerade und eine ungerade – Werte 2, 4, 1 angenommen"
BW-HS-2022-A1-10;BW ’22;quelle-fremd-ni-bw-bw-hs-2022.txt · Pflichtteil A1 Nr. 10;daten;Mittelwert;Mittelwert;ganz;;Im Schülercafé wurde eine Woche lang Eis verkauft. Montag 45, Dienstag 103, Mittwoch 83, Donnerstag 65 und Freitag 24 Kugeln. Wie viele Kugeln waren das im Durchschnitt pro Tag?;Tabelle: Mo 45, Di 103, Mi 83, Do 65, Fr 24 Eiskugeln;64 Kugeln (320 : 5);2;glatt;vorwaerts;tabelle;29;
BW-HS-2022-A2-1;BW ’22;quelle-fremd-ni-bw-bw-hs-2022.txt · Pflichtteil A2 Nr. 1;daten;Aussage prüfen;Aussage prüfen|Prozentsatz;ganz;;2 400 Menschen nannten ihr liebstes Urlaubsland außerhalb Deutschlands. Prüfe mit dem Diagramm jede Aussage: wahr oder falsch? (1) 20 % wählten Spanien. (2) Mehr als 14 % nannten Kroatien. (3) 3/10 nannten ein sonstiges Land. (4) Jeder Zehnte wählte Griechenland.;Balkendiagramm (Anzahl Personen): Spanien 480, Kroatien 346, Griechenland 240, Sonstige 565, weitere Länder;(1) wahr (480 = 20 % von 2 400), (2) wahr (346 > 336), (3) falsch (565 ≠ 720), (4) wahr (240);2;glatt;pruefen;diagramm;41;übrige Balken des Diagramms im Text nicht genannt
BW-HS-2022-A2-1-h1;nach BW ’22;quelle-fremd-ni-bw-bw-hs-2022.txt · Pflichtteil A2 Nr. 1;prozent;Prozentsatz;Prozentsatz;herausgeloest;BW-HS-2022-A2-1;Von 2 400 Befragten wollen 346 am liebsten nach Kroatien. Wie viel Prozent sind das?;;≈ 14,4 %;1;krumm;vorwaerts;text;15;
BW-HS-2022-A2-2;BW ’22;quelle-fremd-ni-bw-bw-hs-2022.txt · Pflichtteil A2 Nr. 2;koerper;rückwärts: Radius oder Höhe aus Volumen;rückwärts: Radius oder Höhe aus Volumen|Volumen direkt;ganz;;Ein Körper besteht aus einem Quader (3 cm × 3 cm × 2 cm) mit einer quadratischen Pyramide darauf (Grundseite 3 cm, Höhe 6 cm). Ein zweiter Quader hat die Grundfläche 3 cm × 3 cm und dasselbe Volumen. Berechne seine Höhe.;Schrägbild: zusammengesetzter Körper aus Quader 3 cm × 3 cm × 2 cm und aufgesetzter Pyramide mit Höhe 6 cm // Quader mit Grundfläche 3 cm × 3 cm, Höhe h;"h = 4 cm (Volumen 18 cm³ + 18 cm³ = 36 cm³; 36 : 9)";3;kopf;rueckwaerts;bild;42;
BW-HS-2022-A2-2-h1;nach BW ’22;quelle-fremd-ni-bw-bw-hs-2022.txt · Pflichtteil A2 Nr. 2;koerper;Volumen direkt;Volumen direkt;herausgeloest;BW-HS-2022-A2-2;Ein Körper besteht aus einem Quader (3 cm × 3 cm × 2 cm) und einer Pyramide darauf mit quadratischer Grundfläche 3 cm × 3 cm und Höhe 6 cm. Berechne das Volumen des Körpers.;Schrägbild: Quader mit aufgesetzter Pyramide;36 cm³;2;kopf;vorwaerts;bild;35;
BW-HS-2022-A2-3;BW ’22;quelle-fremd-ni-bw-bw-hs-2022.txt · Pflichtteil A2 Nr. 3;koerper;Körper im Schrägbild skizzieren;Körper im Schrägbild skizzieren;ganz;;Zeichne zum Netz den passenden Körper als Schrägbild.;Netz eines Prismas bzw. Quaders mit Maßen, darunter eine Kante 8 cm (genaue Form im Text nicht angegeben);"Schrägbild; die nach hinten laufende Kante 8 cm wird unter 45° auf 4 cm verkürzt gezeichnet";1;kopf;darstellen;bild;8;"Form des Netzes nur aus der Lösung erschlossen; Abbildung vor Verwendung prüfen"
BW-HS-2022-A2-5;BW ’22;quelle-fremd-ni-bw-bw-hs-2022.txt · Pflichtteil A2 Nr. 5;wahrscheinlichkeit;Wahrscheinlichkeit angeben;Wahrscheinlichkeit angeben;ganz;;Zwei besondere Spielwürfel: Der erste hat 6 Flächen, davon 2 mit gerader Zahl. Der zweite hat 4 Flächen, davon 2 mit gerader Zahl. Bei welchem Würfel ist eine gerade Zahl wahrscheinlicher? Begründe.;Würfelnetze: links Netz eines Würfels mit 6 Flächen (2 gerade Zahlen), rechts Netz eines Vierflächners (2 gerade Zahlen);beim zweiten: 2/4 = 50 % > 2/6 ≈ 33 %;2;kopf;vergleichen;bild;32;
BW-HS-2022-B1a;BW ’22;quelle-fremd-ni-bw-bw-hs-2022.txt · Wahlteil B1a;lineare;Tarife vergleichen;Tarife vergleichen|Prozentwert;ganz;;Familie Huber mietet für 14 Tage ein Wohnmobil und fährt etwa 3 400 km. Angebot A: 50 € pro Tag, 400 km frei, jeder weitere km 0,90 €, Endreinigung 100 €. Angebot B: 60 € pro Tag, 0,99 € je km, keine Reinigung, 10 % Rabatt auf alles. Welches Angebot ist günstiger?;Tabelle mit den zwei Angeboten (Werte wie im Text);"A: 700 + 2 700 + 100 = 3 500 €; B: (840 + 3 366) · 0,9 = 3 785,40 € → A";4;glatt;vergleichen;tabelle;52;
BW-HS-2022-B1a-h1;nach BW ’22;quelle-fremd-ni-bw-bw-hs-2022.txt · Wahlteil B1a;prozent;Prozentwert;Prozentwert;herausgeloest;BW-HS-2022-B1a;Ein Wohnmobil kostet für eine Reise 4 206 €. Es gibt 10 % Rabatt. Was kostet die Reise dann?;;3 785,40 € (Rabatt 420,60 €);1;glatt;vorwaerts;text;19;
BW-HS-2022-B1b;BW ’22;quelle-fremd-ni-bw-bw-hs-2022.txt · Wahlteil B1b;koerper;vergleichen und urteilen;vergleichen und urteilen;ganz;;Ein Quader mit quadratischer Grundfläche 4 cm × 4 cm ist halb mit Wasser gefüllt. Daneben steht eine leere Pyramide mit derselben Grundfläche und derselben Höhe h. Das Wasser wird ganz in die Pyramide gegossen. Läuft sie über? Begründe.;Skizze: Quader 4 cm × 4 cm × h, bis zur Hälfte mit Wasser // Pyramide mit Grundfläche 4 cm × 4 cm und Höhe h;"ja: Wasser ½ · 16 · h, Pyramide ⅓ · 16 · h; ½ > ⅓";2;kopf;vergleichen;bild;39;Grundfläche 4 cm × 4 cm aus der Lösung
BW-HS-2022-B2a;BW ’22;quelle-fremd-ni-bw-bw-hs-2022.txt · Wahlteil B2a;prozent;Prozentwert;Prozentwert;ganz;;2019 wurden weltweit 11 086 Mio. Tonnen Waren über das Meer transportiert. 9,3 % davon fuhren durch den Suezkanal. 23 % dieser Ladung waren Öl und Treibstoff. Wie viele Millionen Tonnen fuhren durch den Kanal? Wie viele davon waren Öl und Treibstoff?;Kreisdiagramm: Ladung durch den Suezkanal, Anteil „Öl und Treibstoffe“ 23 %;"≈ 1 031 Mio. t; davon ≈ 237 Mio. t Öl und Treibstoff";2;krumm;vorwaerts;diagramm;42;
BW-HS-2022-B2b;BW ’22;quelle-fremd-ni-bw-bw-hs-2022.txt · Wahlteil B2b;dreiecke;Dreieck erst in Figur oder Körper finden;Dreieck erst in Figur oder Körper finden|Kathete oder Hypotenuse direkt;ganz;;Der Querschnitt des Suezkanals ist ein gleichschenkliges Trapez. Unten ist er 215 m breit, 24 m tief. Die schrägen Ufer sind je 69,3 m lang. Wie breit ist der Kanal an der Wasseroberfläche?;"Skizze: Querschnitt als gleichschenkliges Trapez, unten 215 m, Tiefe 24 m, Schräge 69,3 m; rechtwinkliges Dreieck am Rand markiert";≈ 345 m (je Seite √(69,3² − 24²) ≈ 65,01 m);3;krumm;vorwaerts;bild;33;
BW-HS-2022-B2b-h1;nach BW ’22;quelle-fremd-ni-bw-bw-hs-2022.txt · Wahlteil B2b;dreiecke;Kathete oder Hypotenuse direkt;Kathete oder Hypotenuse direkt;herausgeloest;BW-HS-2022-B2b;Das Ufer eines Kanals ist 69,3 m lang und fällt 24 m tief ab. Wie breit ist das Ufer waagerecht gemessen?;Skizze: rechtwinkliges Dreieck, Hypotenuse 69,3 m, senkrechte Kathete 24 m;≈ 65,01 m;1;krumm;vorwaerts;bild;21;
BW-HS-2022-B3a;BW ’22;quelle-fremd-ni-bw-bw-hs-2022.txt · Wahlteil B3a;wahrscheinlichkeit;Wahrscheinlichkeit angeben;Wahrscheinlichkeit angeben;ganz;;Lisas Figur darf so viele Felder vorrücken, wie das Glücksrad zeigt. Auf den 12 gleich großen Feldern steht: √36, 1², √4, 3 + 3, √9, 4,5 − 1,5, 2², 3², √16, 5 − 2, √25, 2,5 + 1,5. Berechne alle Werte. Lisa gewinnt mit 2 oder 6. Wie groß ist ihre Gewinnchance bei einer Drehung?;Glücksrad mit 12 gleich großen Feldern, Terme wie im Text // Spielplan: Gewinnfelder 2 und 6 Felder vor dem Stern;"Werte 6, 1, 2, 6, 3, 3, 4, 9, 4, 3, 5, 4; P(Gewinn) = 3/12 = 25 %";2;kopf;vorwaerts;bild;55;Gewinnfelder aus der Lösung (2 oder 6)
BW-HS-2022-B3b;BW ’22;quelle-fremd-ni-bw-bw-hs-2022.txt · Wahlteil B3b;lineare;durch zwei Punkte, Gleichung ablesen;durch zwei Punkte, Gleichung ablesen|erkennen und ablesen;ganz;;Gleichung, Wertetabelle und Graph gehören immer zusammen. Gleichung A: y = −3. Gleichung B: y = −x + 2. Gleichung C fehlt. Ordne zu. Ergänze die fehlende Gleichung und die unvollständige Wertetabelle.;"Tabelle: drei Wertetabellen; 1: y stets −3; 2: (0|0), (1|2), (2|4); 3: unvollständig // Graph: drei Geraden a (fallend durch (0|2)), b (Ursprungsgerade, steigend), c (waagerecht bei y = −3)";"A – Tabelle 1 – c; C: y = 2x – Tabelle 2 – b; B – Tabelle 3 – a (x = −3 … 3: y = 5, 4, 3, 2, 1, 0, −1)";3;kopf;darstellen;graph;32;
BW-HS-2022-B4b;BW ’22;quelle-fremd-ni-bw-bw-hs-2022.txt · Wahlteil B4b;flaechen;Figur erst zerlegen oder Strecke erst berechnen;Figur erst zerlegen oder Strecke erst berechnen|Grundfigur berechnen;ganz;;Ein Gehege für Erdmännchen setzt sich aus einem Rechteck 7 m × 6 m, einem rechtwinkligen Dreieck mit den Katheten 4 m und 3 m und einem Viertelkreis mit r = 3 m zusammen. Berechne den Flächeninhalt. Wie viel Meter Zaun braucht man rundherum?;Skizze: Grundriss aus Rechteck 7 m × 6 m, angesetztem rechtwinkligen Dreieck (Katheten 4 m, 3 m, Hypotenuse 5 m) und Viertelkreis r = 3 m;"A = 48 + 9π/4 ≈ 55,1 m²; Zaun = 24 + 3π/2 ≈ 28,7 m";4;krumm;vorwaerts;bild;44;
BW-HS-2022-B4b-h1;nach BW ’22;quelle-fremd-ni-bw-bw-hs-2022.txt · Wahlteil B4b;flaechen;Grundfigur berechnen;Grundfigur berechnen;herausgeloest;BW-HS-2022-B4b;Ein Teil eines Geheges ist ein Viertelkreis mit Radius 3 m. Berechne seinen Flächeninhalt.;;9π/4 ≈ 7,07 m²;1;krumm;vorwaerts;text;14;
BW-HS-2023-A1-3;BW ’23;quelle-fremd-ni-bw-bw-hs-2023.txt · Pflichtteil A1 Nr. 3;koerper;rückwärts: Radius oder Höhe aus Volumen;rückwärts: Radius oder Höhe aus Volumen;ganz;;In einen Quader sollen genau 60 Liter passen. Er ist 6 dm lang und 2 dm breit. Wie hoch muss er sein?;;c = 5 dm (60 dm³ : 12 dm²);1;kopf;rueckwaerts;text;22;
BW-HS-2023-A1-5;BW ’23;quelle-fremd-ni-bw-bw-hs-2023.txt · Pflichtteil A1 Nr. 5;prozent;Erhöhung und Veränderung in Prozent;Erhöhung und Veränderung in Prozent|Prozent und Anteil umwandeln;ganz;;Eine Schultasche kostete 150 €, jetzt kostet sie 100 €. Julia soll das passende Schild ins Fenster hängen. Welcher Nachlass stimmt?;Bild: mehrere Rabattschilder zur Auswahl, darunter „ein Drittel billiger“ (übrige Schilder im Text nicht genannt);ein Drittel (≈ 33,3 %) billiger: 50 € von 150 €;2;kopf;vorwaerts;bild;21;"Auswahlschilder im Text nicht genannt; beim Bau Schilder ergänzen (z. B. 50 %, 1/3, 33 %, 25 %)"
BW-HS-2023-A1-6;BW ’23;quelle-fremd-ni-bw-bw-hs-2023.txt · Pflichtteil A1 Nr. 6;flaechen;Grundfigur berechnen;Grundfigur berechnen;ganz;;Berechne den Flächeninhalt des Parallelogramms.;Skizze: Parallelogramm mit Grundseite a = 5 cm und Höhe h_a = 3 cm;15 cm²;1;kopf;vorwaerts;bild;5;im Original Maße aus der Zeichnung messen
BW-HS-2023-A1-7;BW ’23;quelle-fremd-ni-bw-bw-hs-2023.txt · Pflichtteil A1 Nr. 7;dreiecke;Eigenschaft erkennen;Eigenschaft erkennen;ganz;;Kann man ein Dreieck mit den Seiten 7 cm, 5 cm und 15 cm zeichnen? Begründe.;;nein: 7 cm + 5 cm = 12 cm < 15 cm;1;kopf;pruefen;text;16;
BW-HS-2023-A1-8;BW ’23;quelle-fremd-ni-bw-bw-hs-2023.txt · Pflichtteil A1 Nr. 8;koerper;Restvolumen;Restvolumen;ganz;;Aus einem Quader (5 cm × 10 cm × 3 cm) sind zwei Leisten von je 1 cm × 10 cm × 1 cm herausgeschnitten. Berechne das Volumen des Körpers.;Schrägbild: Quader 5 cm × 10 cm × 3 cm mit zwei über die ganze Länge herausgeschnittenen Leisten 1 cm × 1 cm;130 cm³ (150 − 2 · 10);2;kopf;vorwaerts;bild;30;
BW-HS-2023-A1-9;BW ’23;quelle-fremd-ni-bw-bw-hs-2023.txt · Pflichtteil A1 Nr. 9;daten;Mittelwert;Mittelwert;ganz;;Tom misst jeden Mittag die Temperatur: Montag 0 °C, Dienstag 1,0 °C, Mittwoch 2,5 °C, Donnerstag 0,5 °C, Freitag 1,0 °C, Samstag 6,0 °C, Sonntag 3,0 °C. Berechne die mittlere Temperatur der Woche.;Tabelle: Mo bis So mit den Temperaturen aus dem Text;2 °C (14 : 7);2;glatt;vorwaerts;tabelle;33;
BW-HS-2023-A2-1;BW ’23;quelle-fremd-ni-bw-bw-hs-2023.txt · Pflichtteil A2 Nr. 1;prozent;Prozentwert;Prozentwert|Prozent und Anteil umwandeln;ganz;;Familie Bauer hat im Monat 3 800 € zur Verfügung. Ein Drittel geht für Miete und Nebenkosten weg, 5 % für Versicherungen und 119 € für Fernsehen, Internet und Handys. Wie viel Geld bleibt im Monat für alles andere?;;≈ 2 224 € (3 800 − 1 266,67 − 190 − 119 = 2 224,33 €);4;krumm;vorwaerts;text;39;
BW-HS-2023-A2-1-h1;nach BW ’23;quelle-fremd-ni-bw-bw-hs-2023.txt · Pflichtteil A2 Nr. 1;prozent;Prozentwert;Prozentwert;herausgeloest;BW-HS-2023-A2-1;Familie Bauer hat im Monat 3 800 €. 5 % davon zahlt sie für Versicherungen. Wie viel Euro sind das?;;190 €;1;kopf;vorwaerts;text;20;
BW-HS-2023-A2-2;BW ’23;quelle-fremd-ni-bw-bw-hs-2023.txt · Pflichtteil A2 Nr. 2;flaechen;Figur erst zerlegen oder Strecke erst berechnen;Figur erst zerlegen oder Strecke erst berechnen|Grundfigur berechnen;ganz;;In einem Zimmer soll neuer Boden verlegt werden. Zerlege den Grundriss in zwei Trapeze und zwei Rechtecke und berechne die Fläche.;"Skizze: Grundriss (in cm, Maßstab des Plans) aus Trapez mit a = 5, c = 3, h = 2; Trapez mit a = 5, c = 2, h = 1,5; zwei Rechtecke je 5 × 0,5";18,25 (8 + 5,25 + 2 · 2,5) Flächeneinheiten;3;krumm;vorwaerts;bild;21;"Einheit im Original cm²; Grundriss nur aus der Lösung rekonstruiert; Hinweis zum Zerlegen ergänzt"
BW-HS-2023-B1a;BW ’23;quelle-fremd-ni-bw-bw-hs-2023.txt · Wahlteil B1a;prozent;Zinsen und Zinssatz;Zinsen und Zinssatz|Grundwert;ganz;;2002 gab es für Geld auf der Bank 4 % Zinsen, 2022 nur noch 0,6 %. Frau Ziegler legte 2002 für ein Jahr 5 000 € an. Berechne ihre Zinsen. Wie viel Geld hätte sie 2022 anlegen müssen, um gleich viele Zinsen zu bekommen?;;"200 €; 200 € : 0,006 ≈ 33 333,33 €";2;krumm;rueckwaerts;text;44;
BW-HS-2023-B1a-h1;nach BW ’23;quelle-fremd-ni-bw-bw-hs-2023.txt · Wahlteil B1a;prozent;Zinsen und Zinssatz;Zinsen und Zinssatz;herausgeloest;BW-HS-2023-B1a;Frau Ziegler legt 5 000 € für ein Jahr zu 4 % an. Wie viel Zinsen bekommt sie?;;200 €;1;kopf;vorwaerts;text;18;
BW-HS-2023-B1a-h2;nach BW ’23;quelle-fremd-ni-bw-bw-hs-2023.txt · Wahlteil B1a;prozent;Grundwert;Grundwert;herausgeloest;BW-HS-2023-B1a;Frau Ziegler will 200 € Zinsen im Jahr. Die Bank zahlt nur 0,6 %. Wie viel Geld muss sie anlegen?;;≈ 33 333,33 €;1;krumm;rueckwaerts;text;20;
BW-HS-2023-B1b;BW ’23;quelle-fremd-ni-bw-bw-hs-2023.txt · Wahlteil B1b;dreiecke;Dreieck erst in Figur oder Körper finden;Dreieck erst in Figur oder Körper finden|Kathete oder Hypotenuse direkt;ganz;;Eine quadratische Pyramide hat die Grundkante 4 cm und die Höhe 4 cm. Berechne die Länge der Seitenkante s. Beginne mit der Diagonale der Grundfläche oder mit der Höhe einer Seitenfläche.;Schrägbild: quadratische Pyramide, a = 4 cm, Höhe h = 4 cm, Seitenkante s markiert;s = √24 ≈ 4,9 cm;2;krumm;vorwaerts;bild;31;
BW-HS-2023-B1b-h1;nach BW ’23;quelle-fremd-ni-bw-bw-hs-2023.txt · Wahlteil B1b;dreiecke;Kathete oder Hypotenuse direkt;Kathete oder Hypotenuse direkt;herausgeloest;BW-HS-2023-B1b;Die Grundfläche einer Pyramide ist ein Quadrat mit 4 cm Seitenlänge. Berechne die Länge der Diagonale.;;√32 ≈ 5,7 cm;1;krumm;vorwaerts;text;16;
BW-HS-2023-B2a;BW ’23;quelle-fremd-ni-bw-bw-hs-2023.txt · Wahlteil B2a;wahrscheinlichkeit;Ergebnisse aufzählen;Ergebnisse aufzählen|Wahrscheinlichkeit angeben;ganz;;Claudia muss an der Haustür einen Code aus vier Ziffern eingeben. Sie weiß noch: Die erste Ziffer ist 7, und 0, 2 und 3 kommen je einmal vor. Wie viele Möglichkeiten bleiben? Wie wahrscheinlich trifft sie beim ersten Versuch?;;"6 Möglichkeiten (7023, 7032, 7203, 7230, 7302, 7320); P = 1/6 ≈ 16,7 %";2;kopf;vorwaerts;text;39;
BW-HS-2023-B2b;BW ’23;quelle-fremd-ni-bw-bw-hs-2023.txt · Wahlteil B2b;prozent;Prozentwert;Prozentwert;ganz;;Die Klasse 9a hat für 100 Hotdogs Zutaten für 115,80 € gekauft. Sie verkauft alle Hotdogs für je 3 €. Den Gewinn spendet sie: 50 % an die Schülerzeitung, je 25 % an „Brot für Kinder“ und an den Förderverein. Wie viel Euro bekommt jedes Projekt?;"Tabelle im Original: Einkaufsliste (Würstchen, Brötchen, Ketchup, Gurken, Röstzwiebeln) mit Lücken; hier nur die Gesamtkosten 115,80 €";"Gewinn 184,20 €; Schülerzeitung 92,10 €, die anderen je 46,05 €";3;glatt;vorwaerts;text;46;Tabellenteil (Einkaufsliste ergänzen) weggelassen
BW-HS-2023-B4a;BW ’23;quelle-fremd-ni-bw-bw-hs-2023.txt · Wahlteil B4a;koerper;Volumen direkt;Volumen direkt;ganz;;Ein Körper ist im Grundriss und im Schrägbild gezeichnet. Prüfe für jede Formel, ob sie sein Volumen richtig beschreibt. (1) großer Quader minus 2 Dreiecksprismen (2) Würfel plus Trapezprisma (3) kleiner Quader plus Würfel plus 2 Dreiecksprismen (4) Quader minus Trapezprisma;"Grundriss und Schrägbild eines zusammengesetzten Körpers (Quader mit zwei abgeschrägten Ecken; Maße im Text nicht angegeben) // Ankreuztabelle richtig/falsch";(1) richtig, (2) falsch, (3) richtig, (4) falsch;1;kopf;pruefen;bild;41;"Körper nur aus der Lösung bekannt; Abbildung vor Verwendung prüfen"
BW-HS-2023-B5b;BW ’23;quelle-fremd-ni-bw-bw-hs-2023.txt · Wahlteil B5b;prozent;Erhöhung und Veränderung in Prozent;Erhöhung und Veränderung in Prozent|Aussagen prüfen;ganz;;Heizöl kostete 2020 im Mittel 49,9 Cent je Liter, 2022 aber 116,8 Cent. Um wie viel Prozent ist der Preis gestiegen? Ein Händler erhöht am Monatsanfang um 5 % und senkt am Monatsende um 5 %. Ist das Öl dann billiger, gleich teuer oder teurer als am Anfang? Begründe.;"Diagramm im Original: Heizölpreise mehrerer Jahre; hier nur die Werte 2020 und 2022";"≈ 134 % teurer; billiger: 1,05 · 0,95 = 0,9975 < 1";3;krumm;vergleichen;text;49;
BW-HS-2023-B5b-h1;nach BW ’23;quelle-fremd-ni-bw-bw-hs-2023.txt · Wahlteil B5b;prozent;Erhöhung und Veränderung in Prozent;Erhöhung und Veränderung in Prozent;herausgeloest;BW-HS-2023-B5b;Heizöl kostete 2020 im Mittel 49,9 Cent je Liter, 2022 dann 116,8 Cent. Um wie viel Prozent ist der Preis gestiegen?;;≈ 134 %;2;krumm;vorwaerts;text;21;
BW-HS-2024-A1-2;BW ’24;quelle-fremd-ni-bw-bw-hs-2024.txt · Pflichtteil A1 Nr. 2;prozent;Prozent und Anteil umwandeln;Prozent und Anteil umwandeln;ganz;;Schreibe als Bruch: 15 % und 0,7.;;"15 % = 15/100 = 3/20; 0,7 = 7/10";1;kopf;darstellen;text;7;im Original Zuordnung zu vorgegebenen Werten
BW-HS-2024-A1-4;BW ’24;quelle-fremd-ni-bw-bw-hs-2024.txt · Pflichtteil A1 Nr. 4;prozent;Grundwert;Grundwert;ganz;;Max kauft eine Hose und zahlt 21 €. Am Preisschild steht: 70 % Rabatt. Wie viel hat die Hose vorher gekostet?;Bild: Hose mit Rabattschild „−70 %“;70 € (21 € sind 30 %);2;glatt;rueckwaerts;bild;21;Rabatt 70 % aus der Lösung (21 € → 70 €) erschlossen
BW-HS-2024-A1-5;BW ’24;quelle-fremd-ni-bw-bw-hs-2024.txt · Pflichtteil A1 Nr. 5;flaechen;Grundfigur berechnen;Grundfigur berechnen;ganz;;Ein Quadrat hat die Seitenlänge 20 cm. Das Dreieck ABC ist ein Viertel davon. Berechne seinen Flächeninhalt.;"Skizze: Quadrat 20 cm mit eingezeichneten Diagonalen; Dreieck ABC = ein Viertel (Ecken A, B, Mittelpunkt C)";100 cm²;1;kopf;vorwaerts;bild;17;Lage des Dreiecks aus der Lösung (ein Viertel des Quadrats)
BW-HS-2024-A1-6;BW ’24;quelle-fremd-ni-bw-bw-hs-2024.txt · Pflichtteil A1 Nr. 6;koerper;Restvolumen;Restvolumen;ganz;;Von einer Platte 10 cm × 10 cm × 1 cm ist eine Ecke schräg abgeschnitten. Das abgeschnittene Stück ist ein halber Quader 4 cm × 4 cm × 1 cm. Berechne das Volumen des Restkörpers.;Schrägbild: flache Platte 10 cm × 10 cm × 1 cm, eine Ecke diagonal abgeschnitten (Schnitt 4 cm von der Ecke an beiden Kanten);92 cm³ (100 − 8);2;kopf;vorwaerts;bild;36;
BW-HS-2024-A2-1;BW ’24;quelle-fremd-ni-bw-bw-hs-2024.txt · Pflichtteil A2 Nr. 1;prozent;Erhöhung und Veränderung in Prozent;Erhöhung und Veränderung in Prozent|Aussagen prüfen;ganz;;Die Miete je m² betrug 2002 im Mittel 5,28 €, 2012 dann 6,26 € und 2022 schon 8,48 €. Um wie viel Euro war die Miete für 86 m² im Jahr 2022 höher als 2002? Herr Rudolph sagt: „Von 2012 bis 2022 stieg der Preis um mehr als 30 %.“ Prüfe das.;Diagramm im Original: Mietpreis je m² für 2002, 2012, 2022;"275,20 € mehr; Rudolph hat recht: ≈ 35,5 % > 30 %";3;krumm;pruefen;text;52;
BW-HS-2024-A2-1-h1;nach BW ’24;quelle-fremd-ni-bw-bw-hs-2024.txt · Pflichtteil A2 Nr. 1;prozent;Erhöhung und Veränderung in Prozent;Erhöhung und Veränderung in Prozent;herausgeloest;BW-HS-2024-A2-1;Die Miete je m² stieg von 6,26 € im Jahr 2012 auf 8,48 € im Jahr 2022. Um wie viel Prozent ist sie gestiegen?;;≈ 35,5 %;2;krumm;vorwaerts;text;24;
BW-HS-2024-A2-2;BW ’24;quelle-fremd-ni-bw-bw-hs-2024.txt · Pflichtteil A2 Nr. 2;flaechen;rückwärts: Seite aus Fläche;rückwärts: Seite aus Fläche;ganz;;Aus einer rechteckigen Holzplatte sollen zwei gleich große Kreise gesägt werden. Jeder Kreis soll 908 cm² groß sein. Wie lang und wie breit muss die Platte mindestens sein?;;"r = √(908/π) ≈ 17 cm; Platte mindestens 68 cm × 34 cm";2;krumm;rueckwaerts;text;28;
BW-HS-2024-A2-3;BW ’24;quelle-fremd-ni-bw-bw-hs-2024.txt · Pflichtteil A2 Nr. 3;dreiecke;Winkelsumme;Winkelsumme;ganz;;Im Drachen ABCD stehen die Diagonalen senkrecht aufeinander. Der Winkel bei A ist 40°, der Winkel bei B ist 125°. Berechne den Winkel δ zwischen Seite AB und Diagonale BD und den Winkel ε zwischen Seite BC und Diagonale AC.;"Skizze: Drachen ABCD mit Symmetrieachse AC, Diagonalen schneiden sich rechtwinklig in M; Winkel bei A 40°, bei B 125°; δ bei B im Dreieck ABM, ε bei C im Dreieck BCM";"δ = 180° − 90° − 20° = 70°; ε = 180° − 90° − 55° = 35°";2;kopf;vorwaerts;bild;40;Lage von δ und ε aus der Lösung erschlossen
BW-HS-2024-B1a;BW ’24;quelle-fremd-ni-bw-bw-hs-2024.txt · Wahlteil B1a;wahrscheinlichkeit;Zufallsgerät entwerfen;Zufallsgerät entwerfen;ganz;;In einem Beutel liegen Murmeln. Blau zieht man mit 25 %, Grün mit 1/6, Gelb mit 50 % und Rot mit 1/12 Wahrscheinlichkeit. Gib eine mögliche Anzahl für jede Farbe an.;;z. B. 12 Murmeln: 3 blau, 2 grün, 6 gelb, 1 rot;2;kopf;rueckwaerts;text;31;
BW-HS-2024-B1b;BW ’24;quelle-fremd-ni-bw-bw-hs-2024.txt · Wahlteil B1b;prozent;Grundwert;Grundwert|Prozentwert;ganz;;2020 fielen in Deutschland etwa 227 Mio. Tonnen Bau- und Abbruchabfälle an. Das waren 55 % aller Abfälle. Siedlungsabfälle machten 12 % aus. Davon waren 80 % Haushaltsabfälle. Berechne die Menge der Haushaltsabfälle.;Kreisdiagramm: Abfallarten in Prozent, Bau- und Abbruchabfälle 55 %, Siedlungsabfälle 12 %, weitere Sektoren;≈ 39,6 Mio. t (Siedlungsabfälle ≈ 49,5 Mio. t);3;krumm;vorwaerts;diagramm;33;
BW-HS-2024-B1b-h1;nach BW ’24;quelle-fremd-ni-bw-bw-hs-2024.txt · Wahlteil B1b;prozent;Grundwert;Grundwert;herausgeloest;BW-HS-2024-B1b;2020 fielen in Deutschland etwa 227 Mio. Tonnen Bauabfälle an. Das waren 55 % aller Abfälle. Wie viel Abfall gab es insgesamt?;;≈ 412,7 Mio. t;1;krumm;rueckwaerts;text;22;
BW-HS-2024-B2a;BW ’24;quelle-fremd-ni-bw-bw-hs-2024.txt · Wahlteil B2a;dreiecke;Gleichung aufstellen;Gleichung aufstellen;ganz;;Vier Dreiecke mit den Seiten x, y und z sind gezeichnet. Bei welchen gilt der Satz des Pythagoras? Schreibe für diese die passende Gleichung auf.;"Skizze: vier Dreiecke mit Seiten x, y, z; drei mit rechtem Winkel (gegenüber x, gegenüber y, gegenüber z), eines ohne rechten Winkel";"y² + z² = x²; x² + z² = y²; x² + y² = z²; das vierte Dreieck hat keinen rechten Winkel";1;kopf;darstellen;bild;25;
BW-RS-2021-A1-1a;BW ’21;quelle-fremd-ni-bw-bw-rs-2021.txt · Pflichtteil A1 Nr. 1a;koerper;Netz erkennen;Netz erkennen;ganz;;Auf den Seitenflächen einer quadratischen Pyramide ist ein Streckenzug gezeichnet. Auf welchem der vier Netze ist er richtig übertragen?;Schrägbild: quadratische Pyramide mit Streckenzug über die Seitenflächen // Graphauswahl: 4 Netze A–D mit verschiedenen Streckenzügen;Netz B;1;kopf;pruefen;bild;19;"Lösung ohne Abbildung nicht prüfbar; Netze vor Verwendung ansehen"
BW-RS-2021-A1-1b;BW ’21;quelle-fremd-ni-bw-bw-rs-2021.txt · Pflichtteil A1 Nr. 1b;koerper;Volumen direkt;Volumen direkt;ganz;;Eine quadratische Pyramide hat die Grundkante a = 5 cm und die Höhe h = 6 cm. Berechne ihr Volumen.;;V = 1/3 · 25 cm² · 6 cm = 50 cm³;1;kopf;vorwaerts;text;20;
BW-RS-2021-A1-3;BW ’21;quelle-fremd-ni-bw-bw-rs-2021.txt · Pflichtteil A1 Nr. 3;quadratische;Nullstellen berechnen;Nullstellen berechnen;ganz;;Löse die Gleichung (x − 3)(x + 5) + 7 = 8(x − 2).;;"x² − 6x + 8 = 0; x₁ = 2, x₂ = 4";2;kopf;vorwaerts;text;14;
BW-RS-2021-A1-4;BW ’21;quelle-fremd-ni-bw-bw-rs-2021.txt · Pflichtteil A1 Nr. 4;wahrscheinlichkeit;Baum ergänzen;Baum ergänzen|ohne Zurücklegen;ganz;;In einem Behälter liegen 6 Kugeln: 1 gelbe, 2 blaue und 3 rote. Kim zieht ohne hinzusehen zwei Kugeln zugleich. Ergänze im Baumdiagramm die zwei leeren Felder. Mit welcher Wahrscheinlichkeit hat Kim danach zwei rote Kugeln in der Hand?;"Baumdiagramm (2 Stufen, Äste gelb/rot/blau): erste Stufe gelb 1/6, rot 1/2, blau leer; zweite Stufe nach gelb: ein Feld leer";"blau: 2/6; nach gelb z. B. rot 3/5; P(rot, rot) = 3/6 · 2/5 = 1/5 = 20 %";2;kopf;vorwaerts;diagramm;39;"Anzahlen der Farben aus den Ästen 1/6, 1/2, 2/6 erschlossen; welches Feld der 2. Stufe leer ist, ist im Text nicht eindeutig"
BW-RS-2021-A1-4-h1;nach BW ’21;quelle-fremd-ni-bw-bw-rs-2021.txt · Pflichtteil A1 Nr. 4;wahrscheinlichkeit;ohne Zurücklegen;ohne Zurücklegen;herausgeloest;BW-RS-2021-A1-4;In einem Behälter liegen 6 Kugeln, 3 davon rot. Kim zieht zwei Kugeln zugleich. Wie wahrscheinlich sind beide rot?;;3/6 · 2/5 = 1/5 = 20 %;1;kopf;vorwaerts;text;19;
BW-RS-2021-A1-6;BW ’21;quelle-fremd-ni-bw-bw-rs-2021.txt · Pflichtteil A1 Nr. 6;quadratische;Wertetabelle zuordnen;Wertetabelle zuordnen|aus Gleichung zeichnen;ganz;;Sechs Gleichungen, drei Graphen: (1) y = −3x + 3, (2) y = −½x² + 3, (3) y = x² − 4x + 3, (4) y = 3x + 3, (5) y = x² + 4x + 3, (6) y = −¼x² + 3. Ordne den Graphen p₁, p₂ und g je eine Gleichung zu. Zeichne dann die Gerade h: y = −½x + 2 ein.;Graph: Koordinatensystem mit p₁ (nach unten offen, Scheitel (0 | 3), durch (2 | 1)), p₂ (nach oben offen, Scheitel (2 | −1)), g (Gerade durch (0 | 3) mit Steigung 3);"p₁ – (2), p₂ – (3), g – (4); h durch (0 | 2) und (4 | 0)";2;kopf;darstellen;graph;66;"Stufe „Wertetabelle zuordnen“ als nächste; Zuordnung Gleichung ↔ Graph"
BW-RS-2021-A1-6-h1;nach BW ’21;quelle-fremd-ni-bw-bw-rs-2021.txt · Pflichtteil A1 Nr. 6;lineare;aus Gleichung zeichnen;aus Gleichung zeichnen;herausgeloest;BW-RS-2021-A1-6;Zeichne die Gerade h mit y = −½x + 2 in ein Koordinatensystem.;"Koordinatensystem: x −2..6; y −2..4; Gitter ja";Gerade durch (0 | 2) und (4 | 0);1;kopf;darstellen;graph;13;
BW-RS-2021-A1-6-h2;nach BW ’21;quelle-fremd-ni-bw-bw-rs-2021.txt · Pflichtteil A1 Nr. 6;quadratische;Scheitelpunktform angeben;Scheitelpunktform angeben|Scheitelpunkt ablesen;herausgeloest;BW-RS-2021-A1-6;Bringe y = x² − 4x + 3 in die Scheitelpunktform. Gib den Scheitelpunkt an.;;"y = (x − 2)² − 1; S(2 | −1)";2;kopf;vorwaerts;text;15;
BW-RS-2021-A2-1;BW ’21;quelle-fremd-ni-bw-bw-rs-2021.txt · Pflichtteil A2 Nr. 1;dreiecke;Seite berechnen;Seite berechnen|Dreieck erst in Figur oder Körper finden;ganz;;Ein gleichschenkliges Dreieck ABC (AC = BC) und ein Quadrat ADEF überdecken sich teilweise. D ist der Fußpunkt der Höhe von C, E liegt auf CD. Es gilt BD = 10,0 cm und β = 67,0°. Berechne den Umfang des Dreiecks GEC.;"Skizze: gleichschenkliges Dreieck ABC mit Höhe CD; Quadrat ADEF auf AD, E auf CD; G Schnittpunkt von EF mit BC bzw. AC";"CD = 10 · tan 67° ≈ 23,56 cm; CE ≈ 13,56 cm; EG ≈ 5,76 cm; CG ≈ 14,73 cm; U ≈ 34,1 cm";4;krumm;vorwaerts;bild;42;"braucht Strahlensatz (keine P10-Stufe); Lage von G nur aus der Lösung"
BW-RS-2021-A2-1-h1;nach BW ’21;quelle-fremd-ni-bw-bw-rs-2021.txt · Pflichtteil A2 Nr. 1;dreiecke;Seite berechnen;Seite berechnen;herausgeloest;BW-RS-2021-A2-1;In einem rechtwinkligen Dreieck BDC ist die Kathete BD = 10,0 cm lang. Der Winkel bei B beträgt 67,0°. Berechne die Länge der Kathete CD.;Skizze: rechtwinkliges Dreieck BDC, rechter Winkel bei D, β = 67° bei B;CD = 10 · tan 67° ≈ 23,56 cm;1;krumm;vorwaerts;bild;25;
BW-RS-2021-A2-2;BW ’21;quelle-fremd-ni-bw-bw-rs-2021.txt · Pflichtteil A2 Nr. 2;dreiecke;Seite berechnen;Seite berechnen|Dreieck erst in Figur oder Körper finden;ganz;;Ein Kunstwerk besteht aus einer Halbkugel mit einem Kegel darauf. Die Mantellinie des Kegels ist s = 3,7 m lang, sie steht im Winkel α = 72,0° zur Grundfläche. Das ganze Kunstwerk ist 5,1 m hoch. Berechne die Oberfläche. Eine 1-Liter-Dose Farbe reicht für 10 m². Wie viele Dosen braucht man?;"Skizze: Halbkugel (gewölbt nach unten) mit aufgesetztem Kegel; s = 3,7 m, α = 72° zwischen s und Kegelradius, Gesamthöhe 5,1 m";"r_K ≈ 1,14 m, h_K ≈ 3,52 m, r_H ≈ 1,58 m; O ≈ 13,25 + 23,53 − 4,08 ≈ 32,7 m²; 4 Dosen";5;krumm;vorwaerts;bild;51;"Serlo rechnet mit gerundeten Zwischenwerten; Oberfläche Kugel/Kegel keine P10-Stufe"
BW-RS-2021-A2-2-h1;nach BW ’21;quelle-fremd-ni-bw-bw-rs-2021.txt · Pflichtteil A2 Nr. 2;dreiecke;Seite berechnen;Seite berechnen;herausgeloest;BW-RS-2021-A2-2;Die Mantellinie eines Kegels ist 3,7 m lang. Sie bildet mit dem Radius der Grundfläche einen Winkel von 72°. Berechne den Radius und die Höhe des Kegels.;Skizze: Achsenschnitt, rechtwinkliges Dreieck aus Radius r, Höhe h und Mantellinie s = 3,7 m, α = 72° zwischen s und r;"r = 3,7 · cos 72° ≈ 1,14 m; h = 3,7 · sin 72° ≈ 3,52 m";2;krumm;vorwaerts;bild;27;
BW-RS-2021-A2-3;BW ’21;quelle-fremd-ni-bw-bw-rs-2021.txt · Pflichtteil A2 Nr. 3;wahrscheinlichkeit;Pfadregel;Pfadregel|Gegenereignis;ganz;;Zwei Glücksräder werden gedreht. Im Sichtfenster steht dann eine zweistellige Zahl. Das linke Rad hat 4 gleich große Felder mit 2, 3, 4, 5. Das rechte hat 5 gleich große Felder mit 2, 3, 4, 4, 5. Wie wahrscheinlich siehst du a) zwei gleiche Ziffern, b) eine durch 12 teilbare Zahl, c) höchstens eine 4?;"Bild: zwei Glücksräder nebeneinander mit Sichtfenster (Zahl 43 als Beispiel); links 4 Felder 2, 3, 4, 5; rechts 5 Felder 2, 3, 4, 4, 5";"a) 5/20 = 1/4 = 25 %; b) nur 24: 2/20 = 1/10; c) 1 − 1/10 = 9/10 = 90 %";3;kopf;vorwaerts;bild;55;
BW-RS-2021-A2-3-h1;nach BW ’21;quelle-fremd-ni-bw-bw-rs-2021.txt · Pflichtteil A2 Nr. 3;wahrscheinlichkeit;Pfadregel;Pfadregel;herausgeloest;BW-RS-2021-A2-3;Ein Glücksrad hat 4 gleiche Felder mit 2, 3, 4, 5. Ein zweites hat 5 gleiche Felder mit 2, 3, 4, 4, 5. Wie wahrscheinlich zeigt das erste eine 2 und das zweite eine 4?;;1/4 · 2/5 = 1/10;1;kopf;vorwaerts;text;35;
BW-RS-2021-A2-4;BW ’21;quelle-fremd-ni-bw-bw-rs-2021.txt · Pflichtteil A2 Nr. 4;prozent;Erhöhung und Veränderung in Prozent;Erhöhung und Veränderung in Prozent|Prozentwert;ganz;;Der Umsatz im Onlinehandel lag 2016 bei 44,2 Mrd. €, 2017 bei 48,9 Mrd. € und 2019 bei 58,5 Mrd. €. a) Um wie viel Prozent stieg er von 2016 bis 2019? b) 2017 entfielen 14,5 % auf „Freizeit und Hobby“. Wie viel Euro sind das? c) 24,9 % entfielen 2017 auf Elektronik, davon 53,0 % auf Smartphones. Wie viel Euro gaben die Kunden online für Smartphones aus?;"Säulendiagramm: Umsatz Onlinehandel in Mrd. € (2016: 44,2; 2017: 48,9; 2019: 58,5; weitere Jahre) // Kreisdiagramm 2017: Freizeit und Hobby 14,5 %, Elektronik 24,9 %, weitere Bereiche";"a) ≈ 32,4 %; b) ≈ 7,09 Mrd. €; c) ≈ 6,45 Mrd. €";4;krumm;vorwaerts;diagramm;68;Serlo rundet Zwischenwert 12,18 und erhält 6,46 Mrd. €
BW-RS-2021-A2-4-h1;nach BW ’21;quelle-fremd-ni-bw-bw-rs-2021.txt · Pflichtteil A2 Nr. 4;prozent;Erhöhung und Veränderung in Prozent;Erhöhung und Veränderung in Prozent;herausgeloest;BW-RS-2021-A2-4;Der Onlinehandel setzte 2016 44,2 Mrd. € um, 2019 waren es 58,5 Mrd. €. Um wie viel Prozent stieg der Umsatz?;;≈ 32,4 %;2;krumm;vorwaerts;text;21;
BW-RS-2021-A2-4-h2;nach BW ’21;quelle-fremd-ni-bw-bw-rs-2021.txt · Pflichtteil A2 Nr. 4;prozent;Prozentwert;Prozentwert;herausgeloest;BW-RS-2021-A2-4;2017 setzte der Onlinehandel 48,9 Mrd. € um. 14,5 % davon entfielen auf Freizeit und Hobby. Wie viel Euro sind das?;;≈ 7,09 Mrd. €;1;krumm;vorwaerts;text;21;
BW-RS-2021-A2-5;BW ’21;quelle-fremd-ni-bw-bw-rs-2021.txt · Pflichtteil A2 Nr. 5;quadratische;Scheitelpunktform angeben;Scheitelpunktform angeben|Gleichung aufstellen und rückwärts rechnen|Gerade und Parabel gleichsetzen;ganz;;Die Parabel p hat die Gleichung y = x² − 6x + 10. Die Gerade g hat die Steigung −2 und geht durch den Scheitelpunkt S von p. Berechne den zweiten Schnittpunkt Q von p und g. Gib die Gleichung der Geraden h an, die durch Q geht und auf g senkrecht steht.;;"S(3 | 1); g: y = −2x + 7; Q(1 | 5); h: y = ½x + 4,5";4;kopf;vorwaerts;text;53;Senkrechte Gerade (m₁ · m₂ = −1) hat keine eigene P10-Stufe
BW-RS-2021-A2-5-h1;nach BW ’21;quelle-fremd-ni-bw-bw-rs-2021.txt · Pflichtteil A2 Nr. 5;quadratische;Scheitelpunktform angeben;Scheitelpunktform angeben|Scheitelpunkt ablesen;herausgeloest;BW-RS-2021-A2-5;Bringe y = x² − 6x + 10 in die Scheitelpunktform. Gib den Scheitelpunkt an.;;"y = (x − 3)² + 1; S(3 | 1)";2;kopf;vorwaerts;text;15;
BW-RS-2021-A2-5-h2;nach BW ’21;quelle-fremd-ni-bw-bw-rs-2021.txt · Pflichtteil A2 Nr. 5;lineare;Gleichung aufstellen und rückwärts rechnen;Gleichung aufstellen und rückwärts rechnen;herausgeloest;BW-RS-2021-A2-5;Eine Gerade hat die Steigung −2 und geht durch den Punkt S(3 | 1). Gib ihre Gleichung an.;;y = −2x + 7;1;kopf;rueckwaerts;text;18;
BW-RS-2021-A2-5-h3;nach BW ’21;quelle-fremd-ni-bw-bw-rs-2021.txt · Pflichtteil A2 Nr. 5;quadratische;Gerade und Parabel gleichsetzen;Gerade und Parabel gleichsetzen;herausgeloest;BW-RS-2021-A2-5;Berechne die Schnittpunkte der Parabel y = x² − 6x + 10 mit der Geraden y = −2x + 7.;;"x² − 4x + 3 = 0; S(3 | 1), Q(1 | 5)";2;kopf;vorwaerts;text;20;
BW-RS-2021-A2-6;BW ’21;quelle-fremd-ni-bw-bw-rs-2021.txt · Pflichtteil A2 Nr. 6;daten;Median;Median;ganz;;"25 Männer und 25 Frauen sagten, wie viele Stunden sie pro Woche lesen. Zwei Boxplots und zwei Säulendiagramme zeigen das Ergebnis; Diagramm 2 ist unvollständig. Welcher Boxplot gehört zu Diagramm 1? Begründe mit den Kennwerten. Ergänze in Diagramm 2 passende Säulen von 8 bis 16 Stunden. Finn sagt: „Mehr als die Hälfte der Männer liest 7 Stunden oder mehr.“ Hat er recht?";"Diagramm: zwei Boxplots (Männer, Frauen), gleich bis auf das obere Quartil (Männer 8 h, Frauen 9 h; Maximum Frauen 16 h) // zwei Säulendiagramme Anzahl Personen je Stundenzahl, Diagramm 2 ohne Säulen ab 8 h";"Boxplot der Männer (oberes Quartil = 19. Wert = 8 h); Diagramm 2: 19. Wert bei 9 h, 25. bei 16 h; Finn hat recht: 13 > 12,5";3;glatt;pruefen;diagramm;62;"Boxplot im Original; Säulenhöhen nur aus der Lösung teilweise bekannt; Stufe Median als nächste"
BW-RS-2021-B1a;BW ’21;quelle-fremd-ni-bw-bw-rs-2021.txt · Wahlteil B1a;dreiecke;Seite berechnen;Seite berechnen|Dreieck erst in Figur oder Körper finden;ganz;;Das Dreieck ABC hat bei B einen rechten Winkel, das Dreieck ADE ist gleichschenklig (AE = DE). E liegt auf AC, F ist der Schnittpunkt von DE mit BC. Es gilt AB = 13,2 cm, α = 55,0° und CE = 8,0 cm. Berechne die Länge von DF und den Umfang des Vierecks ABFE.;"Skizze: rechtwinkliges Dreieck ABC (rechter Winkel bei B); D auf Verlängerung von AB über B hinaus; gleichschenkliges Dreieck ADE mit Spitze E auf AC; DE schneidet BC in F";"AC = 13,2/cos 55° ≈ 23,01 cm; AE ≈ 15,01 cm; Dreieck ECF gleichschenklig, EF = 8 cm; DF ≈ 7,01 cm; BF = DF · sin 55° ≈ 5,74 cm; U ≈ 41,95 cm";5;krumm;vorwaerts;bild;54;Serlo: 41,94 cm (gerundetes BF 5,73)
BW-RS-2021-B1a-h1;nach BW ’21;quelle-fremd-ni-bw-bw-rs-2021.txt · Wahlteil B1a;dreiecke;Seite berechnen;Seite berechnen;herausgeloest;BW-RS-2021-B1a;Im rechtwinkligen Dreieck ABC (rechter Winkel bei B) ist AB = 13,2 cm und α = 55,0°. Berechne die Hypotenuse AC.;Skizze: rechtwinkliges Dreieck ABC, rechter Winkel bei B, α = 55° bei A;AC = 13,2 cm : cos 55° ≈ 23,01 cm;1;krumm;vorwaerts;bild;21;
BW-RS-2021-B1b;BW ’21;quelle-fremd-ni-bw-bw-rs-2021.txt · Wahlteil B1b;gleichungssysteme;lösen;lösen|Nullstellen berechnen|Grundfigur berechnen;ganz;;A(1 | −8) und B(3 | −8) sind Punkte einer verschobenen, nach oben geöffneten Normalparabel p. Gib ihre Gleichung in der Form y = x² + bx + c an. Die Nullstellen von p und die Punkte A und B bilden ein Viereck. Berechne seinen Flächeninhalt. Die Diagonalen des Vierecks schneiden sich in Q. Berechne Q.;;"p: y = x² − 4x − 5; Nullstellen −1 und 5; Trapez: A = (6 + 2)/2 · 8 = 32 FE; Q(2 | −6)";5;kopf;vorwaerts;text;56;
BW-RS-2021-B1b-h1;nach BW ’21;quelle-fremd-ni-bw-bw-rs-2021.txt · Wahlteil B1b;gleichungssysteme;lösen;lösen;herausgeloest;BW-RS-2021-B1b;Eine Normalparabel y = x² + bx + c geht durch A(1 | −8) und B(3 | −8). Berechne b und c.;;"b = −4, c = −5; y = x² − 4x − 5";2;kopf;rueckwaerts;text;22;
BW-RS-2021-B1b-h2;nach BW ’21;quelle-fremd-ni-bw-bw-rs-2021.txt · Wahlteil B1b;quadratische;Nullstellen berechnen;Nullstellen berechnen;herausgeloest;BW-RS-2021-B1b;Berechne die Nullstellen der Parabel y = x² − 4x − 5.;;x₁ = −1, x₂ = 5;1;kopf;vorwaerts;text;12;
BW-RS-2021-B1b-h3;nach BW ’21;quelle-fremd-ni-bw-bw-rs-2021.txt · Wahlteil B1b;gleichungssysteme;lösen;lösen;herausgeloest;BW-RS-2021-B1b;Die Diagonalen eines Trapezes liegen auf den Geraden y = 2x − 10 und y = −2x − 2. Berechne ihren Schnittpunkt.;;Q(2 | −6);1;kopf;vorwaerts;text;22;
BW-RS-2021-B2a;BW ’21;quelle-fremd-ni-bw-bw-rs-2021.txt · Wahlteil B2a;quadratische;Scheitelpunktform angeben;Scheitelpunktform angeben|durch zwei Punkte, Gleichung ablesen|Scheitelpunkt ablesen;ganz;;"A(−4 | −1) liegt auf der Parabel p₁ mit y = x² + bx + 7. Die Gerade g geht durch A und den Scheitelpunkt S₁ von p₁. Berechne die Gleichungen von p₁ und g. S₁ wird an der y-Achse gespiegelt; so entsteht S₂, der Scheitelpunkt der Normalparabel p₂. Schreibe p₂ ohne Klammern, also als y = x² + bx + c. g schneidet die y-Achse im Scheitelpunkt S₃ der Parabel p₃: y = ax² + c, die durch S₁ und S₂ geht. Berechne p₃.";;"p₁: y = x² + 6x + 7, S₁(−3 | −2); g: y = −x − 5; p₂: y = x² − 6x + 7; p₃: y = ⅓x² − 5";5;kopf;vorwaerts;text;85;
BW-RS-2021-B2a-h1;nach BW ’21;quelle-fremd-ni-bw-bw-rs-2021.txt · Wahlteil B2a;quadratische;Scheitelpunktform angeben;Scheitelpunktform angeben|Scheitelpunkt ablesen;herausgeloest;BW-RS-2021-B2a;Bringe y = x² + 6x + 7 in die Scheitelpunktform und gib den Scheitelpunkt an.;;"y = (x + 3)² − 2; S(−3 | −2)";2;kopf;vorwaerts;text;16;
BW-RS-2021-B2a-h2;nach BW ’21;quelle-fremd-ni-bw-bw-rs-2021.txt · Wahlteil B2a;lineare;durch zwei Punkte, Gleichung ablesen;durch zwei Punkte, Gleichung ablesen;herausgeloest;BW-RS-2021-B2a;Eine Gerade geht durch A(−4 | −1) und S(−3 | −2). Bestimme ihre Gleichung.;;y = −x − 5;1;kopf;vorwaerts;text;14;
BW-RS-2021-B2a-h3;nach BW ’21;quelle-fremd-ni-bw-bw-rs-2021.txt · Wahlteil B2a;quadratische;Scheitelpunktform angeben;Scheitelpunktform angeben;herausgeloest;BW-RS-2021-B2a;Eine nach oben offene Normalparabel hat den Scheitelpunkt S(3 | −2). Gib ihre Gleichung in Scheitelpunktform und in der Form y = x² + bx + c an.;;y = (x − 3)² − 2 = x² − 6x + 7;1;kopf;rueckwaerts;text;28;
BW-RS-2021-B2b;BW ’21;quelle-fremd-ni-bw-bw-rs-2021.txt · Wahlteil B2b;dreiecke;Seite berechnen;Seite berechnen|Dreieck erst in Figur oder Körper finden|Volumen direkt;ganz;;In einer quadratischen Pyramide ABCDS liegt das gleichschenklige Dreieck EFS. Es gilt AB = EF = 12,6 cm, EF ist parallel zur Diagonale AC, α = 72,0° ist der Winkel bei E im Dreieck EFS. Berechne den Flächeninhalt des Dreiecks EFS und das Volumen der Pyramide.;"Schrägbild: quadratische Pyramide ABCDS; in der Grundfläche Strecke EF parallel zu AC durch die Kanten AB und BC, Länge 12,6 cm; Dreieck EFS mit Höhe h_G vom Mittelpunkt G von EF zur Spitze S; α = 72° bei E";"h_G = 6,3 · tan 72° ≈ 19,39 cm; A ≈ 122,2 cm²; MG ≈ 2,61 cm; h ≈ 19,21 cm; V ≈ 1 016,6 cm³";5;krumm;vorwaerts;bild;46;"braucht Strahlensatz bzw. Diagonale; MG = (√2 − 1) · 6,3 cm"
BW-RS-2021-B2b-h1;nach BW ’21;quelle-fremd-ni-bw-bw-rs-2021.txt · Wahlteil B2b;dreiecke;Seite berechnen;Seite berechnen;herausgeloest;BW-RS-2021-B2b;Ein gleichschenkliges Dreieck EFS hat die Basis EF = 12,6 cm. Die Basiswinkel sind je 72,0° groß. Berechne die Höhe auf EF und den Flächeninhalt.;Skizze: gleichschenkliges Dreieck EFS, Höhe von S auf den Mittelpunkt G von EF;"h ≈ 19,39 cm; A ≈ 122,2 cm²";2;krumm;vorwaerts;bild;25;
BW-RS-2021-B3b;BW ’21;quelle-fremd-ni-bw-bw-rs-2021.txt · Wahlteil B3b;quadratische;Nullstellen berechnen;Nullstellen berechnen|Scheitelpunktform angeben;ganz;;Ein Speer fliegt fast auf einer Parabel. Er wird 1,80 m über dem Boden abgeworfen. 20 m weiter (waagerecht gemessen) ist er mit 9,80 m am höchsten. Stelle eine passende Gleichung auf. Wie weit fliegt der Speer? Ein zweiter Wurf folgt y = −1/30 x² + 13 und ist 38,15 m weit. In welcher Höhe wurde dieser Speer abgeworfen?;Skizze (nicht maßstabsgetreu): Flugbahn als Parabelbogen über dem Boden, Abwurfpunkt A 1,80 m hoch, Scheitel 9,80 m hoch und 20 m von der Abwurflinie;"y = −0,02x² + 9,8 (Scheitel auf der y-Achse, A(−20 | 1,8)); Nullstelle ≈ 22,14; Weite ≈ 42,14 m; zweiter Wurf: Abwurf bei x ≈ −18,4, Höhe ≈ 1,71 m";4;krumm;vorwaerts;bild;59;
BW-RS-2021-B3b-h1;nach BW ’21;quelle-fremd-ni-bw-bw-rs-2021.txt · Wahlteil B3b;quadratische;Nullstellen berechnen;Nullstellen berechnen;herausgeloest;BW-RS-2021-B3b;Die Flugbahn eines Speers wird durch y = −0,02x² + 9,8 beschrieben (x und y in m). Berechne die Nullstellen.;;x₁ ≈ −22,14, x₂ ≈ 22,14;1;krumm;vorwaerts;text;20;
BW-RS-2021-B4a;BW ’21;quelle-fremd-ni-bw-bw-rs-2021.txt · Wahlteil B4a;gleichungssysteme;lösen;lösen|durch zwei Punkte, Gleichung ablesen;ganz;;A(2 | 3) und B(6 | 11) liegen sowohl auf der Geraden g als auch auf der verschobenen Normalparabel p. C(4 | y_C) liegt auf p. Die Gerade h steht senkrecht auf g und geht durch C. h schneidet die Achsen in P und Q. Berechne P und Q.;;"p: y = x² − 6x + 11; g: y = 2x − 1; C(4 | 3); h: y = −½x + 5; P(10 | 0), Q(0 | 5)";5;kopf;vorwaerts;text;49;senkrechte Gerade ohne eigene P10-Stufe
BW-RS-2021-B4a-h1;nach BW ’21;quelle-fremd-ni-bw-bw-rs-2021.txt · Wahlteil B4a;lineare;durch zwei Punkte, Gleichung ablesen;durch zwei Punkte, Gleichung ablesen;herausgeloest;BW-RS-2021-B4a;Eine Gerade geht durch A(2 | 3) und B(6 | 11). Bestimme ihre Gleichung.;;y = 2x − 1;1;kopf;vorwaerts;text;14;
BW-RS-2021-B4a-h2;nach BW ’21;quelle-fremd-ni-bw-bw-rs-2021.txt · Wahlteil B4a;gleichungssysteme;lösen;lösen;herausgeloest;BW-RS-2021-B4a;Eine Normalparabel y = x² + bx + c geht durch A(2 | 3) und B(6 | 11). Berechne b und c.;;b = −6, c = 11;2;kopf;rueckwaerts;text;22;
BW-RS-2021-B4b;BW ’21;quelle-fremd-ni-bw-bw-rs-2021.txt · Wahlteil B4b;dreiecke;Gleichung aufstellen;Gleichung aufstellen|Dreieck erst in Figur oder Körper finden|Grundfigur berechnen;ganz;;Ein DIN-A4-Blatt (21,0 cm × 29,7 cm) wird so gefaltet, dass die Ecke A auf dem Mittelpunkt M₁ der langen Seite landet. Berechne den Flächeninhalt des Dreiecks EM₁D.;"Skizze: Rechteck ABCD 21,0 cm × 29,7 cm; M₁ Mitte von CD-Seite (DM₁ = 14,85 cm); Faltkante EF, E auf AD; nach dem Falten liegt A auf M₁";"mit DE = y: (21 − y)² = y² + 14,85² ⇒ y = 5,25 cm; A = 14,85 · 5,25/2 ≈ 38,98 cm²";3;krumm;vorwaerts;bild;28;"vereinfacht: nur das Dreieck EM₁D; Teil mit Viereck FBM₂C′ weggelassen; Lage der Punkte aus der Lösung"
BW-RS-2022-A1-1;BW ’22;quelle-fremd-ni-bw-bw-rs-2022.txt · Pflichtteil A1 Nr. 1;gleichungssysteme;lösen;lösen;ganz;;Löse das Gleichungssystem. (I) 2x + 24 = 7y (II) 2y + x − 32 = 0;;x = 16, y = 8;2;kopf;vorwaerts;text;17;
BW-RS-2022-A1-2;BW ’22;quelle-fremd-ni-bw-bw-rs-2022.txt · Pflichtteil A1 Nr. 2;quadratische;Nullstellen berechnen;Nullstellen berechnen;ganz;;Jano sagt: „Die Gleichung 0,5x² − 3x + 4,5 = 0 hat zwei Lösungen.“ Stimmt das? Begründe.;;nein: 0,5(x − 3)² = 0 bzw. Diskriminante 9 − 9 = 0, nur x = 3;1;kopf;pruefen;text;17;Lösung in der Quelle nicht angegeben, eigene Rechnung
BW-RS-2022-A1-8;BW ’22;quelle-fremd-ni-bw-bw-rs-2022.txt · Pflichtteil A1 Nr. 8;dreiecke;Seitenverhältnis benennen;Seitenverhältnis benennen;ganz;;"Ergänze die Gleichungen zur Figur. a) sin α = ▢ / AB im Dreieck ABC; b) ▢ = DE / BE im Dreieck DBE; c) cos ε₁ = ▢ / ▢ im Dreieck DEC.";"Skizze: Dreieck ABC mit rechtem Winkel bei C; D auf AB, E auf BC, DE senkrecht auf BC; Winkel α bei A, β bei B, ε₁ bei D im Dreieck DEC";"a) BC; b) tan β; c) DE / CD";1;kopf;darstellen;bild;34;Lage der Punkte aus der Lösung rekonstruiert
BW-RS-2022-A1-9;BW ’22;quelle-fremd-ni-bw-bw-rs-2022.txt · Pflichtteil A1 Nr. 9;koerper;rückwärts: Radius oder Höhe aus Volumen;rückwärts: Radius oder Höhe aus Volumen|Volumen direkt;ganz;;Eine quadratische Pyramide (Grundkante 6 cm, Höhe 4 cm) wird ganz mit Wasser gefüllt. Berechne die Wassermenge. Das Wasser wird in ein quadratisches Prisma mit Grundkante 4 cm gegossen. Wie hoch steht es dort?;;"V = 1/3 · 36 · 4 = 48 cm³; Höhe 48 : 16 = 3 cm";2;kopf;rueckwaerts;text;34;
BW-RS-2022-A1-9-h1;nach BW ’22;quelle-fremd-ni-bw-bw-rs-2022.txt · Pflichtteil A1 Nr. 9;koerper;Volumen direkt;Volumen direkt;herausgeloest;BW-RS-2022-A1-9;Eine quadratische Pyramide hat die Grundkante 6 cm und die Höhe 4 cm. Berechne ihr Volumen.;;48 cm³;1;kopf;vorwaerts;text;16;
BW-RS-2022-A1-10;BW ’22;quelle-fremd-ni-bw-bw-rs-2022.txt · Pflichtteil A1 Nr. 10;wahrscheinlichkeit;Pfadregel;Pfadregel;ganz;;Ein Glücksrad hat vier gleich große Felder: eines weiß, eines schwarz, zwei grau. Es wird zweimal gedreht. Berechne P(zweimal weiß) und P(grau und schwarz).;Glücksrad mit 4 gleichen Feldern: weiß, schwarz, grau, grau;"P(ww) = 1/16; P(grau und schwarz) = 1/2 · 1/4 + 1/4 · 1/2 = 1/4";2;kopf;vorwaerts;bild;24;
BW-RS-2022-A1-11;BW ’22;quelle-fremd-ni-bw-bw-rs-2022.txt · Pflichtteil A1 Nr. 11;daten;Median;Median;ganz;;Die Rangliste zeigt das Gewicht von 13 Gegenständen in kg: 20, 30, 30, 40, 50, 80, 90, 100, 110, 120, 150, 160, 180. Welcher der drei Boxplots gehört dazu? Begründe mit den Kennwerten.;Diagramm: drei Boxplots A–C, die sich in Median und oberem Quartil unterscheiden (B: Median 90 kg, oberes Quartil 120 kg);Boxplot B: Median 90 kg (7. Wert), oberes Quartil 120 kg;1;glatt;pruefen;diagramm;33;"Werte der anderen Boxplots im Text nicht angegeben; Stufe Median als nächste"
BW-RS-2022-A1-14;BW ’22;quelle-fremd-ni-bw-bw-rs-2022.txt · Pflichtteil A1 Nr. 14;prozent;Aussagen prüfen;Aussagen prüfen|Prozentwert;ganz;;Sportschuhe kosten 120 €. Erst wird der Preis um 30 % gesenkt, dann der neue Preis noch einmal um 20 %. Liam sagt: „Jetzt kosten sie nur noch die Hälfte.“ Hat er recht? Begründe.;;nein: 120 · 0,7 · 0,8 = 67,20 € > 60 €;2;glatt;pruefen;text;34;
BW-RS-2022-A1-14-h1;nach BW ’22;quelle-fremd-ni-bw-bw-rs-2022.txt · Pflichtteil A1 Nr. 14;prozent;Prozentwert;Prozentwert;herausgeloest;BW-RS-2022-A1-14;Sportschuhe kosten 84 €. Der Preis wird um 20 % gesenkt. Was kosten sie jetzt?;;67,20 €;1;glatt;vorwaerts;text;15;
BW-RS-2022-A2-1;BW ’22;quelle-fremd-ni-bw-bw-rs-2022.txt · Pflichtteil A2 Nr. 1;dreiecke;Seite berechnen (Sinussatz);Seite berechnen (Sinussatz)|Winkelsumme|gleichschenkliges Dreieck;ganz;;Im rechtwinkligen Dreieck ABC (rechter Winkel bei C) ist AC = 9,5 cm und α = 40,0°. D liegt auf AB, und es gilt BC = BD. Berechne den Umfang des Dreiecks ADC.;"Skizze: rechtwinkliges Dreieck ABC, rechter Winkel bei C, α = 40° bei A; Punkt D auf AB mit BD = BC; Strecke CD";"Winkel: β = 50°, ∢BDC = 65°, ∢ACD = 25°, ∢ADC = 115°; AD ≈ 4,43 cm, DC ≈ 6,74 cm; U ≈ 20,67 cm";4;krumm;vorwaerts;bild;33;
BW-RS-2022-A2-1-h1;nach BW ’22;quelle-fremd-ni-bw-bw-rs-2022.txt · Pflichtteil A2 Nr. 1;dreiecke;Winkelsumme;Winkelsumme|gleichschenkliges Dreieck;herausgeloest;BW-RS-2022-A2-1;Im Dreieck ABC ist bei C ein rechter Winkel, α = 40°. D liegt auf AB mit BD = BC. Berechne die Winkel des Dreiecks ADC.;Skizze wie in der Aufgabe;∢ADC = 115°, ∢ACD = 25°, α = 40°;3;kopf;vorwaerts;bild;26;
BW-RS-2022-A2-1-h2;nach BW ’22;quelle-fremd-ni-bw-bw-rs-2022.txt · Pflichtteil A2 Nr. 1;dreiecke;Seite berechnen (Sinussatz);Seite berechnen (Sinussatz);herausgeloest;BW-RS-2022-A2-1;Im Dreieck ADC ist AC = 9,5 cm, ∢A = 40°, ∢C = 25° und ∢D = 115°. Berechne AD und DC.;Skizze: Dreieck ADC mit den Winkeln;"AD ≈ 4,43 cm; DC ≈ 6,74 cm";2;krumm;vorwaerts;bild;22;
BW-RS-2022-A2-2;BW ’22;quelle-fremd-ni-bw-bw-rs-2022.txt · Pflichtteil A2 Nr. 2;dreiecke;Dreieck erst in Figur oder Körper finden;Dreieck erst in Figur oder Körper finden|Volumen direkt;ganz;;1 000 Wachskugeln mit Radius 1,5 cm werden geschmolzen. Daraus werden quadratische Pyramiden gegossen. Die Gussform ist ein Würfel mit 10,0 cm Kante. Die Pyramide hat 1,0 cm Abstand zu den Wänden und die Seitenkante s = 9,0 cm. Wie viele Pyramiden kann man gießen?;"Skizze: Würfel a_w = 10,0 cm mit innen liegender Pyramide; Abstand t = 1,0 cm zu den Seitenwänden, Seitenkante s = 9,0 cm";"a_P = 8 cm; h = √(81 − 32) = 7 cm; V_P ≈ 149,33 cm³; Wachs ≈ 14 137 cm³; 94 Pyramiden";5;krumm;vorwaerts;bild;45;"Serlo schreibt (a_P/2)² falsch als 64/2, Ergebnis h = 7 cm stimmt: 81 − 2 · 16 = 49; Kugelvolumen keine P10-Stufe"
BW-RS-2022-A2-2-h1;nach BW ’22;quelle-fremd-ni-bw-bw-rs-2022.txt · Pflichtteil A2 Nr. 2;dreiecke;Dreieck erst in Figur oder Körper finden;Dreieck erst in Figur oder Körper finden;herausgeloest;BW-RS-2022-A2-2;Eine quadratische Pyramide hat die Grundkante 8 cm und die Seitenkante 9 cm. Berechne ihre Höhe.;;h = √(81 − 32) = 7 cm;2;kopf;vorwaerts;text;16;
BW-RS-2022-A2-3;BW ’22;quelle-fremd-ni-bw-bw-rs-2022.txt · Pflichtteil A2 Nr. 3;quadratische;Nullstellen berechnen;Nullstellen berechnen;ganz;;Löse die Gleichung (x + 2)(x − 4) − x = 2(x − 3)² − 12.;;"x² − 9x + 14 = 0; x₁ = 2, x₂ = 7";3;kopf;vorwaerts;text;16;
BW-RS-2022-A2-4;BW ’22;quelle-fremd-ni-bw-bw-rs-2022.txt · Pflichtteil A2 Nr. 4;quadratische;Scheitelpunktform angeben;Scheitelpunktform angeben|Gerade und Parabel gleichsetzen;ganz;;Der Graph zeigt eine nach oben offene verschobene Normalparabel p. Bestimme ihre Gleichung. Ergänze die Wertetabelle für x = −3, −2, −1, 0. Die Gerade g: y = −2x + 2 schneidet p in A und B. Berechne A und B.;"Graph: Ausschnitt der Normalparabel mit Scheitel bei x = 4 und Nullstelle (1 | 0); Tabelle: x −3, −2, −1, 0, y leer";"p: y = (x − 4)² − 9 = x² − 8x + 7; y-Werte 40, 27, 16, 7; A(1 | 0), B(5 | −8)";4;kopf;vorwaerts;graph;41;
BW-RS-2022-A2-4-h1;nach BW ’22;quelle-fremd-ni-bw-bw-rs-2022.txt · Pflichtteil A2 Nr. 4;quadratische;Gerade und Parabel gleichsetzen;Gerade und Parabel gleichsetzen;herausgeloest;BW-RS-2022-A2-4;Berechne die Schnittpunkte der Parabel y = x² − 8x + 7 mit der Geraden y = −2x + 2.;;A(1 | 0), B(5 | −8);2;kopf;vorwaerts;text;20;
BW-RS-2022-A2-4-h2;nach BW ’22;quelle-fremd-ni-bw-bw-rs-2022.txt · Pflichtteil A2 Nr. 4;quadratische;Scheitelpunktform angeben;Scheitelpunktform angeben;herausgeloest;BW-RS-2022-A2-4;Eine nach oben offene Normalparabel hat den Scheitel bei x = 4 und geht durch (1 | 0). Gib ihre Gleichung an.;;y = (x − 4)² − 9 = x² − 8x + 7;1;kopf;rueckwaerts;text;22;
BW-RS-2022-A2-5;BW ’22;quelle-fremd-ni-bw-bw-rs-2022.txt · Pflichtteil A2 Nr. 5;wahrscheinlichkeit;ohne Zurücklegen;ohne Zurücklegen|Pfadregel;ganz;;Die Klasse 5c verkauft beim Schulfest 100 Lose: 12 Fußbälle, 8 Basketbälle, 80 Nieten. Francesca zieht zwei Lose. Wie groß ist die Wahrscheinlichkeit a) für zwei Nieten, b) für einen Fußball und einen Basketball?;;"a) 80/100 · 79/99 ≈ 63,8 %; b) 2 · 12/100 · 8/99 ≈ 1,94 %";3;krumm;vorwaerts;text;34;Serlo nennt 63,85 % (gerundet 63,84 %)
BW-RS-2022-A2-5-h1;nach BW ’22;quelle-fremd-ni-bw-bw-rs-2022.txt · Pflichtteil A2 Nr. 5;wahrscheinlichkeit;ohne Zurücklegen;ohne Zurücklegen;herausgeloest;BW-RS-2022-A2-5;In einer Lostrommel sind 100 Lose, davon 80 Nieten. Du ziehst zwei Lose. Wie wahrscheinlich sind beide Nieten?;;80/100 · 79/99 ≈ 0,638 = 63,8 %;1;krumm;vorwaerts;text;18;
BW-RS-2022-A2-6;BW ’22;quelle-fremd-ni-bw-bw-rs-2022.txt · Pflichtteil A2 Nr. 6;prozent;Erhöhung und Veränderung in Prozent;Erhöhung und Veränderung in Prozent|Prozentwert|Tabelle ergänzen;ganz;;In Deutschland wurden 2014 2,78 Mrd. Pakete zugestellt, 2019 schon 3,65 Mrd. Um wie viel Prozent stieg die Zahl? DHL hatte 2019 einen Anteil von 57,0 %. Wie viele Pakete stellte DHL zu? 2020 stieg die Zahl um 9,7 %, 2021 noch einmal um 12,5 %. Berechne die Werte für 2020 und 2021 und trage sie ins Diagramm ein.;Säulendiagramm: Paketzustellungen in Mrd. (2014: 2,78 … 2019: 3,65), Platz für 2020 und 2021;"≈ 31,3 %; DHL ≈ 2,08 Mrd.; 2020 ≈ 4,00 Mrd., 2021 ≈ 4,50 Mrd.";4;krumm;vorwaerts;diagramm;59;
BW-RS-2022-A2-6-h1;nach BW ’22;quelle-fremd-ni-bw-bw-rs-2022.txt · Pflichtteil A2 Nr. 6;prozent;Erhöhung und Veränderung in Prozent;Erhöhung und Veränderung in Prozent;herausgeloest;BW-RS-2022-A2-6;2014 wurden 2,78 Mrd. Pakete zugestellt, 2019 waren es 3,65 Mrd. Um wie viel Prozent stieg die Zahl?;;≈ 31,3 %;2;krumm;vorwaerts;text;18;
BW-RS-2022-A2-6-h2;nach BW ’22;quelle-fremd-ni-bw-bw-rs-2022.txt · Pflichtteil A2 Nr. 6;prozent;Prozentwert;Prozentwert;herausgeloest;BW-RS-2022-A2-6;2019 wurden 3,65 Mrd. Pakete zugestellt. DHL hatte daran einen Anteil von 57,0 %. Wie viele Pakete stellte DHL zu?;;≈ 2,08 Mrd.;1;krumm;vorwaerts;text;20;
BW-RS-2022-B1a;BW ’22;quelle-fremd-ni-bw-bw-rs-2022.txt · Wahlteil B1a;dreiecke;Dreieck erst in Figur oder Körper finden;Dreieck erst in Figur oder Körper finden|Kathete oder Hypotenuse direkt|Winkel berechnen;ganz;;Im Quadrat ABCD (Seite 14,0 cm) liegen zwei gleichschenklige Dreiecke: ABF mit AF = BF = 12,0 cm und DEF mit EF = DF, E liegt auf AD. Berechne den Flächeninhalt des Dreiecks AFE und den Winkel ε zwischen AF und EF.;"Skizze: Quadrat ABCD, Spitze F des Dreiecks ABF im Inneren; E auf AD, Dreieck DEF gleichschenklig; S Mitte von AB, W Fußpunkt von F auf AD; ε bei F zwischen FA und FE";"FS = √95 ≈ 9,75 cm; DE ≈ 8,50 cm; AE ≈ 5,50 cm; A ≈ 19,25 cm²; ε ≈ 54,3° − 31,3° ≈ 23°";5;krumm;vorwaerts;bild;42;
BW-RS-2022-B1a-h1;nach BW ’22;quelle-fremd-ni-bw-bw-rs-2022.txt · Wahlteil B1a;dreiecke;Kathete oder Hypotenuse direkt;Kathete oder Hypotenuse direkt;herausgeloest;BW-RS-2022-B1a;Ein gleichschenkliges Dreieck ABF hat die Basis AB = 14,0 cm und die Schenkel AF = BF = 12,0 cm. Berechne die Höhe auf AB.;;√(12² − 7²) = √95 ≈ 9,75 cm;1;krumm;vorwaerts;text;25;
BW-RS-2022-B1a-h2;nach BW ’22;quelle-fremd-ni-bw-bw-rs-2022.txt · Wahlteil B1a;dreiecke;Winkel berechnen;Winkel berechnen;herausgeloest;BW-RS-2022-B1a;In einem rechtwinkligen Dreieck ist die Hypotenuse 12,0 cm lang, eine Kathete 7,0 cm. Berechne den Winkel zwischen dieser Kathete und der Hypotenuse.;;cos φ = 7/12, φ ≈ 54,3°;1;krumm;vorwaerts;text;23;
BW-RS-2022-B1b;BW ’22;quelle-fremd-ni-bw-bw-rs-2022.txt · Wahlteil B1b;quadratische;Gerade und Parabel gleichsetzen;Gerade und Parabel gleichsetzen|lösen|rechten Winkel begründen;ganz;;Die Gerade g: y = x + 2 schneidet die Parabel p₁: y = −x² + 8 in P und Q. Berechne P und Q. Durch P und Q geht die nach oben offene verschobene Normalparabel p₂. Berechne ihren Scheitelpunkt S₂. Robin sagt: „Das Dreieck PQS₂ ist rechtwinklig.“ Hat er recht? Rechne.;;"P(−3 | −1), Q(2 | 4); p₂: y = x² + 2x − 4 = (x + 1)² − 5, S₂(−1 | −5); 50 + 20 = 70 ≠ 90 → nicht rechtwinklig";5;kopf;pruefen;text;52;
BW-RS-2022-B1b-h1;nach BW ’22;quelle-fremd-ni-bw-bw-rs-2022.txt · Wahlteil B1b;quadratische;Gerade und Parabel gleichsetzen;Gerade und Parabel gleichsetzen;herausgeloest;BW-RS-2022-B1b;Berechne die Schnittpunkte der Parabel y = −x² + 8 mit der Geraden y = x + 2.;;P(−3 | −1), Q(2 | 4);2;kopf;vorwaerts;text;18;
BW-RS-2022-B1b-h2;nach BW ’22;quelle-fremd-ni-bw-bw-rs-2022.txt · Wahlteil B1b;gleichungssysteme;lösen;lösen|Scheitelpunktform angeben;herausgeloest;BW-RS-2022-B1b;Eine Normalparabel y = x² + bx + c geht durch P(−3 | −1) und Q(2 | 4). Berechne b und c und gib den Scheitelpunkt an.;;"y = x² + 2x − 4; S(−1 | −5)";3;kopf;rueckwaerts;text;27;
BW-RS-2022-B2a;BW ’22;quelle-fremd-ni-bw-bw-rs-2022.txt · Wahlteil B2a;quadratische;Scheitelpunktform angeben;Scheitelpunktform angeben|durch zwei Punkte, Gleichung ablesen|lösen;ganz;;Der Graph zeigt eine nach oben offene verschobene Normalparabel p₁ durch T(−2 | 5) und R(4 | 5) und eine nach unten offene Parabel p₂ mit Scheitel S₂(0 | 6) durch T. Bestimme beide Gleichungen. g geht durch die Scheitel S₁ und S₂. Berechne g. h steht senkrecht auf g und geht durch R(4 | 5). Berechne h. Gib eine Normalparabel p₃ an, die p₁ und p₂ nicht berührt.;"Graph: Ausschnitte von p₁ (Scheitel (1 | −4)) und p₂ (Scheitel (0 | 6)), beide durch (−2 | 5); p₁ durch (4 | 5)";"p₁: y = x² − 2x − 3, S₁(1 | −4); p₂: y = −0,25x² + 6; g: y = −10x + 6; h: y = 0,1x + 4,6; z. B. p₃: y = (x − 1)² + 7";5;kopf;vorwaerts;graph;69;Ablesepunkte T, R aus der Lösung
BW-RS-2022-B2a-h1;nach BW ’22;quelle-fremd-ni-bw-bw-rs-2022.txt · Wahlteil B2a;gleichungssysteme;lösen;lösen;herausgeloest;BW-RS-2022-B2a;Eine Normalparabel y = x² + bx + c geht durch T(−2 | 5) und R(4 | 5). Berechne b und c.;;b = −2, c = −3;2;kopf;rueckwaerts;text;22;
BW-RS-2022-B2a-h2;nach BW ’22;quelle-fremd-ni-bw-bw-rs-2022.txt · Wahlteil B2a;lineare;durch zwei Punkte, Gleichung ablesen;durch zwei Punkte, Gleichung ablesen;herausgeloest;BW-RS-2022-B2a;Eine Gerade geht durch S₁(1 | −4) und S₂(0 | 6). Bestimme ihre Gleichung.;;y = −10x + 6;1;kopf;vorwaerts;text;14;
BW-RS-2022-B2b;BW ’22;quelle-fremd-ni-bw-bw-rs-2022.txt · Wahlteil B2b;dreiecke;Seite berechnen;Seite berechnen|Dreieck erst in Figur oder Körper finden;ganz;;Ein Körper besteht aus einem regelmäßigen Fünfeckprisma (Höhe 5,6 cm) mit einer regelmäßigen fünfseitigen Pyramide darauf. Die Seitenkante der Pyramide ist s = 12,6 cm, der Winkel zwischen s und der Pyramidenachse ist ε = 33,0°. Berechne die Oberfläche.;"Schrägbild: Fünfeckprisma mit aufgesetzter Fünfeckpyramide; s = 12,6 cm, ε = 33° an der Spitze zwischen Seitenkante und Höhe, h₂ = 5,6 cm";"r = 12,6 · sin 33° ≈ 6,86 cm; Fünfeckseite ≈ 8,07 cm; Mantel Pyramide ≈ 240,6 cm², Mantel Prisma ≈ 225,8 cm², Boden ≈ 111,9 cm²; O ≈ 578 cm²";6;krumm;vorwaerts;bild;39;"Kosinussatz und Fünfeck: über P10 hinaus; Lage von ε aus der Lösung"
BW-RS-2022-B2b-h1;nach BW ’22;quelle-fremd-ni-bw-bw-rs-2022.txt · Wahlteil B2b;dreiecke;Seite berechnen;Seite berechnen;herausgeloest;BW-RS-2022-B2b;Die Seitenkante einer Pyramide ist 12,6 cm lang. Sie bildet mit der Höhe einen Winkel von 33,0°. Wie weit ist der Fußpunkt der Seitenkante vom Mittelpunkt der Grundfläche entfernt?;"Skizze: rechtwinkliges Dreieck aus Höhe, Seitenkante s = 12,6 cm und Radius r; ε = 33° an der Spitze";r = 12,6 · sin 33° ≈ 6,86 cm;1;krumm;vorwaerts;bild;29;
BW-RS-2022-B3a;BW ’22;quelle-fremd-ni-bw-bw-rs-2022.txt · Wahlteil B3a;wahrscheinlichkeit;ohne Zurücklegen;ohne Zurücklegen|Pfadregel;ganz;;In einem Gefäß liegen 8 Kugeln: 4 rote, 3 blaue und 1 grüne. Zwei Kugeln werden ohne Zurücklegen gezogen. Wie groß ist die Wahrscheinlichkeit für zwei gleichfarbige Kugeln?;;4/8 · 3/7 + 3/8 · 2/7 = 18/56 ≈ 32,1 %;2;krumm;vorwaerts;text;28;"Erwartungswert-Teil weggelassen (keine P10-Stufe); Farbanzahlen aus der Lösung (P(gb) = 6/56 ⇒ 1 grüne)"
BW-RS-2022-B3b;BW ’22;quelle-fremd-ni-bw-bw-rs-2022.txt · Wahlteil B3b;quadratische;Scheitelpunktform angeben;Scheitelpunktform angeben|x zu gegebenem y;ganz;;"Die Vorderseite eines „Tiny House“ ist fast eine Parabel. Das Haus ist 3,00 m hoch und am Boden 2,70 m breit. Stelle eine passende Gleichung auf. Die Tür ist 2,00 m hoch und steht in der Mitte; darüber reicht ein Vordach von Außenkante zu Außenkante. Wie lang ist das Vordach?";Bild: Foto eines Tiny House mit parabelförmiger Vorderseite und Tür in der Mitte // Skizze: Parabel mit Scheitel (0 | 3), Nullstellen ±1,35;"y = −3/1,8225 x² + 3 ≈ −1,646x² + 3; bei y = 2: x ≈ ±0,78; Vordach ≈ 1,56 m";3;krumm;vorwaerts;bild;50;Türflächen-Teil weggelassen
BW-RS-2022-B3b-h1;nach BW ’22;quelle-fremd-ni-bw-bw-rs-2022.txt · Wahlteil B3b;quadratische;Scheitelpunktform angeben;Scheitelpunktform angeben;herausgeloest;BW-RS-2022-B3b;Ein Torbogen ist 3,00 m hoch und am Boden 2,70 m breit. Lege den Scheitel auf die y-Achse und gib eine Gleichung y = ax² + c an.;;y ≈ −1,646x² + 3 (a = −3 : 1,35²);2;krumm;rueckwaerts;text;28;
BW-RS-2022-B4a;BW ’22;quelle-fremd-ni-bw-bw-rs-2022.txt · Wahlteil B4a;quadratische;Gerade und Parabel gleichsetzen;Gerade und Parabel gleichsetzen|Nullstellen berechnen|Grundfigur berechnen;ganz;;Die Parabel p₁ hat die Gleichung y = x² − 8x + 12. Die nach oben offene Normalparabel p₂ hat den Scheitel S₂(1 | −7). Berechne den Schnittpunkt Q₁ beider Parabeln. Berechne die Nullstellen N₁ und N₂ von p₁ und den Flächeninhalt des Dreiecks N₁Q₁N₂. Q₂ wandert auf p₂ unterhalb der x-Achse. Wo wird das Dreieck N₁Q₂N₂ am größten? Wie groß ist es dann?;;"Q₁(3 | −3); N₁(2 | 0), N₂(6 | 0); A = 6 FE; größte Fläche bei Q₂ = S₂(1 | −7): A = 14 FE";5;kopf;vorwaerts;text;64;
BW-RS-2022-B4a-h1;nach BW ’22;quelle-fremd-ni-bw-bw-rs-2022.txt · Wahlteil B4a;quadratische;Nullstellen berechnen;Nullstellen berechnen;herausgeloest;BW-RS-2022-B4a;Berechne die Nullstellen der Parabel y = x² − 8x + 12.;;x₁ = 2, x₂ = 6;1;kopf;vorwaerts;text;12;
BW-RS-2022-B4a-h2;nach BW ’22;quelle-fremd-ni-bw-bw-rs-2022.txt · Wahlteil B4a;quadratische;Gerade und Parabel gleichsetzen;Gerade und Parabel gleichsetzen;herausgeloest;BW-RS-2022-B4a;Die Parabeln y = x² − 8x + 12 und y = (x − 1)² − 7 schneiden sich. Berechne den Schnittpunkt.;;Q(3 | −3);2;kopf;vorwaerts;text;22;
BW-RS-2022-B4b;BW ’22;quelle-fremd-ni-bw-bw-rs-2022.txt · Wahlteil B4b;dreiecke;Seite berechnen;Seite berechnen|Dreieck erst in Figur oder Körper finden|Kathete oder Hypotenuse direkt;ganz;;Ein regelmäßiges Sechseck und ein gleichschenkliges Dreieck ABC haben die Seite AB = 12,4 cm gemeinsam. Die Spitze C liegt doppelt so weit von AB entfernt wie der Mittelpunkt S des Sechsecks. Berechne den Umfang des Dreiecks ABC. Tom sagt: „Das Sechseck ist dreimal so groß wie das Dreieck ABC.“ Hat er recht?;"Skizze: regelmäßiges Sechseck über AB mit Mittelpunkt S; gleichschenkliges Dreieck ABC mit Spitze C in Verlängerung von MS (M Mitte von AB), MC = 2 · MS";"MS = 6,2 · tan 60° ≈ 10,74 cm; MC ≈ 21,48 cm; AC ≈ 22,36 cm; U ≈ 57,1 cm; Tom hat recht: 3 · AB · MS = 3 · (AB · MS)";4;krumm;pruefen;bild;53;Bedingung MC = 2 · MS aus der Lösung ergänzt
BW-RS-2022-B4b-h1;nach BW ’22;quelle-fremd-ni-bw-bw-rs-2022.txt · Wahlteil B4b;dreiecke;Seite berechnen;Seite berechnen;herausgeloest;BW-RS-2022-B4b;Ein regelmäßiges Sechseck hat die Seite 12,4 cm. Berechne den Abstand des Mittelpunkts von einer Seite.;Skizze: Sechseck, rechtwinkliges Dreieck aus halber Seite 6,2 cm, Abstand MS und Winkel 60° bei A;6,2 · tan 60° ≈ 10,74 cm;1;krumm;vorwaerts;bild;16;
BW-RS-2023-A1-2;BW ’23;quelle-fremd-ni-bw-bw-rs-2023.txt · Pflichtteil A1 Nr. 2;dreiecke;Seitenverhältnis benennen;Seitenverhältnis benennen;ganz;;In der Figur fehlen die Namen zweier Punkte und zweier Winkel. Trage S, U, δ und φ so ein, dass gilt: sin ε = SU / RU, cos φ = SU / RU, tan δ = SU / ST.;"Skizze: zwei rechtwinklige Dreiecke mit gemeinsamer Seite SU; unteres Dreieck RSU mit rechtem Winkel bei S, Winkel ε bei R; oberes Dreieck STU mit rechtem Winkel bei S; zwei Eckpunkte und zwei Winkel unbeschriftet";"U gegenüber von ε, S am rechten Winkel; φ bei U im unteren Dreieck; δ bei T im oberen Dreieck";1;kopf;darstellen;bild;39;Figur aus der Lösung rekonstruiert
BW-RS-2023-A1-3a;BW ’23;quelle-fremd-ni-bw-bw-rs-2023.txt · Pflichtteil A1 Nr. 3a;wahrscheinlichkeit;Ergebnisse aufzählen;Ergebnisse aufzählen|Wahrscheinlichkeit angeben;ganz;;Zwei Würfel werden gleichzeitig geworfen, die Augenzahlen addiert. Berechne die Wahrscheinlichkeit für eine ungerade Augensumme.;;18/36 = 1/2 = 50 %;2;kopf;vorwaerts;text;15;
BW-RS-2023-A1-3b;BW ’23;quelle-fremd-ni-bw-bw-rs-2023.txt · Pflichtteil A1 Nr. 3b;wahrscheinlichkeit;Ergebnisse aufzählen;Ergebnisse aufzählen|Wahrscheinlichkeit angeben;ganz;;Zwei Würfel werden gleichzeitig geworfen, die Augenzahlen addiert. Berechne die Wahrscheinlichkeit, dass die Augensumme kleiner als 4 ist.;;(1|1), (1|2), (2|1): 3/36 = 1/12 ≈ 8,3 %;2;kopf;vorwaerts;text;18;
BW-RS-2023-A1-4;BW ’23;quelle-fremd-ni-bw-bw-rs-2023.txt · Pflichtteil A1 Nr. 4;koerper;Netz erkennen;Netz erkennen;ganz;;Auf einem Dreiecksprisma mit gleichseitigen Grundflächen ist ein Streckenzug gezeichnet. Auf welchem der vier Netze ist er richtig übertragen?;Schrägbild: Dreiecksprisma mit Streckenzug über die Seitenflächen // Graphauswahl: 4 Netze A–D mit Streckenzügen (nicht maßstabsgetreu);Netz C;1;kopf;pruefen;bild;19;"Abbildung fehlt; Lösung übernommen"
BW-RS-2023-A1-5;BW ’23;quelle-fremd-ni-bw-bw-rs-2023.txt · Pflichtteil A1 Nr. 5;quadratische;Scheitelpunkt ablesen;Scheitelpunkt ablesen|Nullstellen berechnen;ganz;;Drei Parabeln: p₁: y = (x + 3)², p₂: y = −⅓x² − 3, p₃: y = (x − 3)² − 3. Welche schneidet die x-Achse zweimal? Begründe.;;p₃: nach oben offen, Scheitel S(3 | −3) unter der x-Achse (p₁ berührt in S(−3 | 0), p₂ nach unten offen mit S(0 | −3));1;kopf;pruefen;text;28;
BW-RS-2023-A1-7;BW ’23;quelle-fremd-ni-bw-bw-rs-2023.txt · Pflichtteil A1 Nr. 7;daten;Median;Median;ganz;;Welche der beiden Ranglisten gehört zum Boxplot? Begründe mit den Kennwerten.;Diagramm: Boxplot (oberes Quartil 55 m) // Tabelle: zwei Ranglisten A und B (Weiten in m), die sich nur im oberen Quartil unterscheiden;Rangliste B (oberes Quartil 55 m);1;glatt;pruefen;diagramm;11;"Ranglisten nicht im Text; Abbildung vor Verwendung prüfen"
BW-RS-2023-A1-8;BW ’23;quelle-fremd-ni-bw-bw-rs-2023.txt · Pflichtteil A1 Nr. 8;prozent;Prozentsatz;Prozentsatz|Aussage prüfen;ganz;;80 Jugendliche nannten ihren Freizeitsport: Fußball 40, Handball 24, Volleyball 16. Welches der drei Diagramme passt zur Tabelle? Begründe.;"Tabelle: Fußball 40, Handball 24, Volleyball 16 // Diagramm: drei Kreisdiagramme; nur Diagramm 3 zeigt 50 %, 30 %, 20 %";Diagramm 3: 50 %, 30 %, 20 %;2;kopf;pruefen;diagramm;19;Anteile in den falschen Diagrammen im Text nicht angegeben
BW-RS-2023-A1-8-h1;nach BW ’23;quelle-fremd-ni-bw-bw-rs-2023.txt · Pflichtteil A1 Nr. 8;prozent;Prozentsatz;Prozentsatz;herausgeloest;BW-RS-2023-A1-8;Von 80 befragten Jugendlichen spielen 24 Handball. Wie viel Prozent sind das?;;30 %;1;kopf;vorwaerts;text;12;
BW-RS-2023-A2-1;BW ’23;quelle-fremd-ni-bw-bw-rs-2023.txt · Pflichtteil A2 Nr. 1;dreiecke;Seite berechnen;Seite berechnen|Dreieck erst in Figur oder Körper finden|Kathete oder Hypotenuse direkt;ganz;;Im rechtwinkligen Dreieck ABC (rechter Winkel bei B) liegt D auf AC. Die Dreiecke ABD und BCD sind gleichschenklig: AD = BD = CD = 6,3 cm. Der Winkel bei C ist γ = 41,8°. Berechne Umfang und Flächeninhalt des Dreiecks ABD.;"Skizze: rechtwinkliges Dreieck ABC mit rechtem Winkel bei B; D Mitte von AC; Strecke BD; γ = 41,8° bei C";"AC = 12,6 cm; AB = 12,6 · sin 41,8° ≈ 8,40 cm; U ≈ 21,0 cm; h = √(6,3² − 4,2²) ≈ 4,70 cm; A ≈ 19,7 cm²";4;krumm;vorwaerts;bild;42;
BW-RS-2023-A2-1-h1;nach BW ’23;quelle-fremd-ni-bw-bw-rs-2023.txt · Pflichtteil A2 Nr. 1;dreiecke;Seite berechnen;Seite berechnen;herausgeloest;BW-RS-2023-A2-1;Im Dreieck ABC ist bei B ein rechter Winkel. Die Hypotenuse AC ist 12,6 cm lang, γ = 41,8°. Berechne AB.;;AB = 12,6 · sin 41,8° ≈ 8,40 cm;1;krumm;vorwaerts;text;21;
BW-RS-2023-A2-1-h2;nach BW ’23;quelle-fremd-ni-bw-bw-rs-2023.txt · Pflichtteil A2 Nr. 1;dreiecke;Kathete oder Hypotenuse direkt;Kathete oder Hypotenuse direkt;herausgeloest;BW-RS-2023-A2-1;Ein gleichschenkliges Dreieck hat die Basis 8,4 cm und die Schenkel 6,3 cm. Berechne die Höhe auf die Basis.;;√(6,3² − 4,2²) ≈ 4,70 cm;1;krumm;vorwaerts;text;19;
BW-RS-2023-A2-2;BW ’23;quelle-fremd-ni-bw-bw-rs-2023.txt · Pflichtteil A2 Nr. 2;dreiecke;Seite berechnen;Seite berechnen|Dreieck erst in Figur oder Körper finden|Figur erst zerlegen oder Strecke erst berechnen;ganz;;"Ein Körper besteht aus einem quadratischen Prisma mit einer quadratischen Pyramide darauf. Er wird senkrecht durch die Mitte geschnitten; die Schnittfläche ist ein Rechteck mit Dreieck darauf. Die Seitenkante der Pyramide ist s = 16,3 cm, sie bildet mit der Grundkante den Winkel α = 68,9°. Der Körper ist 20,6 cm hoch. Berechne die Schnittfläche.";"Schrägbild: Prisma mit aufgesetzter Pyramide, Schnittfläche grau (parallel zu einer Seitenfläche durch die Spitze); s = 16,3 cm, α = 68,9° zwischen s und Grundkante, h_ges = 20,6 cm";"a = 2 · 16,3 · cos 68,9° ≈ 11,74 cm; h_s ≈ 15,21 cm; h_Pyr ≈ 14,03 cm; h_Prisma ≈ 6,57 cm; A ≈ 159,5 cm²";5;krumm;vorwaerts;bild;55;
BW-RS-2023-A2-2-h1;nach BW ’23;quelle-fremd-ni-bw-bw-rs-2023.txt · Pflichtteil A2 Nr. 2;dreiecke;Seite berechnen;Seite berechnen;herausgeloest;BW-RS-2023-A2-2;Eine Seitenfläche einer quadratischen Pyramide ist ein gleichschenkliges Dreieck. Die Seitenkante ist 16,3 cm lang und bildet mit der Grundkante 68,9°. Berechne die Grundkante a und die Höhe h_s der Seitenfläche.;Skizze: gleichschenkliges Dreieck mit Schenkeln s = 16,3 cm, Basiswinkel 68,9°, Höhe h_s;"a ≈ 11,74 cm; h_s ≈ 15,21 cm";2;krumm;vorwaerts;bild;31;
BW-RS-2023-A2-3;BW ’23;quelle-fremd-ni-bw-bw-rs-2023.txt · Pflichtteil A2 Nr. 3;gleichungssysteme;lösen;lösen;ganz;;Löse das Gleichungssystem. (1) 3(x − y) = y + 8 (2) 3y = (x − 5)/2;;x = 2, y = −0,5;3;glatt;vorwaerts;text;17;
BW-RS-2023-A2-4;BW ’23;quelle-fremd-ni-bw-bw-rs-2023.txt · Pflichtteil A2 Nr. 4;quadratische;Scheitelpunktform angeben;Scheitelpunktform angeben|Gleichung aufstellen und rückwärts rechnen|Gerade und Parabel gleichsetzen;ganz;;Der Graph zeigt einen Ausschnitt einer nach oben offenen verschobenen Normalparabel p. Bestimme ihre Gleichung mit abgelesenen Werten. Die Gerade g schneidet die y-Achse in T(0 | 2) und hat die Steigung −2. Berechne die Schnittpunkte A und B von p und g.;Graph: Normalparabel mit Scheitel bei x = 4 und Nullstellen (1 | 0) und (7 | 0);"p: y = (x − 4)² − 9 = x² − 8x + 7; g: y = −2x + 2; A(1 | 0), B(5 | −8)";4;kopf;vorwaerts;graph;43;gleiche Parabel und Gerade wie RS 2022 A2 Nr. 4
BW-RS-2023-A2-4-h1;nach BW ’23;quelle-fremd-ni-bw-bw-rs-2023.txt · Pflichtteil A2 Nr. 4;lineare;Gleichung aufstellen und rückwärts rechnen;Gleichung aufstellen und rückwärts rechnen;herausgeloest;BW-RS-2023-A2-4;Eine Gerade schneidet die y-Achse bei 2 und hat die Steigung −2. Gib ihre Gleichung an.;;y = −2x + 2;1;kopf;rueckwaerts;text;16;
BW-RS-2023-A2-5;BW ’23;quelle-fremd-ni-bw-bw-rs-2023.txt · Pflichtteil A2 Nr. 5;wahrscheinlichkeit;Pfadregel;Pfadregel|Gegenereignis;ganz;;"Zwei Kreisel werden gedreht. Kreisel 1 hat 5 gleich große Felder: 2 Quadrate, 1 Dreieck, 2 Kreise; die 2 Quadrate sind grau, die übrigen Felder weiß. Kreisel 2 hat 3 gleich große Felder: Quadrat, Dreieck, Kreis; nur ein Feld ist grau. Wie wahrscheinlich zeigen beide Kreisel dasselbe Symbol? Wie wahrscheinlich einer einen Kreis und der andere ein Dreieck? Wie wahrscheinlich liegt höchstens ein graues Feld oben?";Bild: zwei Kreisel (Fünfeck, Dreieck) mit Symbolen ●, ▲, ◼ auf grauen bzw. weißen Feldern;"a) 2/15 + 1/15 + 2/15 = 1/3; b) 2/15 + 1/15 = 1/5; c) 1 − 2/5 · 1/3 = 13/15 ≈ 86,7 %";3;kopf;vorwaerts;bild;66;Verteilung der Symbole und Farben aus der Lösung erschlossen
BW-RS-2023-A2-6;BW ’23;quelle-fremd-ni-bw-bw-rs-2023.txt · Pflichtteil A2 Nr. 6;prozent;Erhöhung und Veränderung in Prozent;Erhöhung und Veränderung in Prozent|Grundwert|Zinseszins und Guthabentabelle;ganz;;Für Onlinewerbung wurden in Deutschland 2020 7 484 Mio. € ausgegeben, 2021 7 789 Mio. €. Berechne den Zuwachs in Prozent. Für Bannerwerbung wurden 2020 895 Mio. € ausgegeben, 9,5 % mehr als 2019. Berechne die Ausgaben 2019. Für Werbung in sozialen Medien wurden 2021 614 Mio. € ausgegeben. Sie sollen bis 2026 jedes Jahr um 12,25 % steigen. Wie hoch wären sie 2026?;Säulendiagramm: Ausgaben Onlinewerbung 2020 und 2021 in Mio. €, aufgeteilt (u. a. Banner, Social Media);"≈ 4,1 %; 2019 ≈ 817 Mio. €; 2026 ≈ 614 · 1,1225⁵ ≈ 1 094 Mio. €";4;krumm;vorwaerts;diagramm;64;"Bannerwert 2020 (895 Mio. €) nur im Diagramm; aus 817 · 1,095 erschlossen"
BW-RS-2023-A2-6-h1;nach BW ’23;quelle-fremd-ni-bw-bw-rs-2023.txt · Pflichtteil A2 Nr. 6;prozent;Erhöhung und Veränderung in Prozent;Erhöhung und Veränderung in Prozent;herausgeloest;BW-RS-2023-A2-6;Für Onlinewerbung wurden 2020 7 484 Mio. € ausgegeben, 2021 dann 7 789 Mio. €. Um wie viel Prozent stiegen die Ausgaben?;;≈ 4,1 %;2;krumm;vorwaerts;text;22;
BW-RS-2023-A2-6-h2;nach BW ’23;quelle-fremd-ni-bw-bw-rs-2023.txt · Pflichtteil A2 Nr. 6;prozent;Grundwert;Grundwert;herausgeloest;BW-RS-2023-A2-6;2020 wurden für Bannerwerbung 895 Mio. € ausgegeben. Das waren 9,5 % mehr als 2019. Wie viel war es 2019?;;≈ 817 Mio. €;1;krumm;rueckwaerts;text;20;
BW-RS-2023-A2-6-h3;nach BW ’23;quelle-fremd-ni-bw-bw-rs-2023.txt · Pflichtteil A2 Nr. 6;prozent;Zinseszins und Guthabentabelle;Zinseszins und Guthabentabelle;herausgeloest;BW-RS-2023-A2-6;Werbung in sozialen Medien kostete 2021 614 Mio. €. Die Ausgaben steigen 5 Jahre lang jedes Jahr um 12,25 %. Wie hoch sind sie dann?;;614 · 1,1225⁵ ≈ 1 094 Mio. €;1;krumm;vorwaerts;text;25;
BW-RS-2023-B1a;BW ’23;quelle-fremd-ni-bw-bw-rs-2023.txt · Wahlteil B1a;dreiecke;Seite berechnen;Seite berechnen|Dreieck erst in Figur oder Körper finden;ganz;;Das gleichschenklige Dreieck ABC (AC = BC = 11,4 cm) und das rechtwinklige Trapez FBDE überdecken sich. F ist der Fußpunkt der Höhe von C auf AB, E liegt auf CF. Es gilt BD = 8,2 cm, γ₁ = 37,6° (halber Winkel bei C) und δ = 39,2°. Berechne den Flächeninhalt des Vierecks FBGE.;"Skizze: gleichschenkliges Dreieck ABC mit Höhe CF; rechtwinkliges Trapez FBDE (rechte Winkel bei F und E); G Schnittpunkt von ED mit BC; γ₁ = 37,6° bei C, δ = 39,2° bei D";"AF = BF = 11,4 · sin 37,6° ≈ 6,96 cm; EF = 8,2 · sin 39,2° ≈ 5,18 cm; CF ≈ 9,03 cm; CE ≈ 3,85 cm; EG ≈ 2,96 cm; A ≈ 25,7 cm²";5;krumm;vorwaerts;bild;54;Lage von D, G aus der Lösung rekonstruiert
BW-RS-2023-B1a-h1;nach BW ’23;quelle-fremd-ni-bw-bw-rs-2023.txt · Wahlteil B1a;dreiecke;Seite berechnen;Seite berechnen;herausgeloest;BW-RS-2023-B1a;Im rechtwinkligen Dreieck AFC ist die Hypotenuse AC = 11,4 cm, der Winkel bei C ist 37,6°. Berechne AF und CF.;;"AF ≈ 6,96 cm; CF ≈ 9,03 cm";2;krumm;vorwaerts;text;21;
BW-RS-2023-B1b;BW ’23;quelle-fremd-ni-bw-bw-rs-2023.txt · Wahlteil B1b;quadratische;Lösung prüfen;Lösung prüfen|Gleichung aufstellen und rückwärts rechnen|lösen;ganz;;"Die nach oben offene Normalparabel p: y = x² + bx − 2 geht durch A(1 | 1). Berechne b. Auf p liegt auch B(−3 | y_B); C ist der Schnittpunkt mit der y-Achse. Bestimme B und C und berechne, wie groß das Dreieck ABC ist. Die Gerade g hat die Steigung −3 und geht durch C. Gib g an. Julius sagt: „g halbiert das Dreieck ABC.“ Prüfe das.";;"p: y = x² + 2x − 2; B(−3 | 1), C(0 | −2); A = ½ · 4 · 3 = 6 FE; g: y = −3x − 2; g schneidet AB in M(−1 | 1), der Mitte von AB → Julius hat recht";5;kopf;pruefen;text;69;Serlo schreibt y_B = (−3)² + 2 · 3 − 2 (Vorzeichenfehler), Ergebnis 1 stimmt
BW-RS-2023-B1b-h1;nach BW ’23;quelle-fremd-ni-bw-bw-rs-2023.txt · Wahlteil B1b;lineare;Gleichung aufstellen und rückwärts rechnen;Gleichung aufstellen und rückwärts rechnen;herausgeloest;BW-RS-2023-B1b;Eine Gerade geht durch C(0 | −2) und hat die Steigung −3. Gib ihre Gleichung an.;;y = −3x − 2;1;kopf;rueckwaerts;text;16;
BW-RS-2023-B2a;BW ’23;quelle-fremd-ni-bw-bw-rs-2023.txt · Wahlteil B2a;gleichungssysteme;lösen;lösen|Gerade und Parabel gleichsetzen|Scheitelpunktform angeben;ganz;;"Zu einer nach oben offenen verschobenen Normalparabel p₁ gehört eine Wertetabelle; bekannt sind (0 | 1) und (4 | 1). Bestimme p₁ und ergänze die Tabelle für x = −1 bis 5. Die Gerade g: y = mx − 2 geht durch P(3 | −5). Berechne g. Zeige mit einer Rechnung, dass g und p₁ sich nicht schneiden. Gib eine Normalparabel p₂ an, die weder g noch p₁ schneidet.";"Tabelle: x −1, 0, 1, 2, 3, 4, 5; y: –, 1, –, –, –, 1, –";"p₁: y = x² − 4x + 1; y = 6, 1, −2, −3, −2, 1, 6; g: y = −x − 2; x² − 3x + 3 = 0 hat keine Lösung (D < 0); z. B. p₂: y = (x − 2)² + 1";5;kopf;pruefen;tabelle;69;
BW-RS-2023-B2a-h1;nach BW ’23;quelle-fremd-ni-bw-bw-rs-2023.txt · Wahlteil B2a;quadratische;Gerade und Parabel gleichsetzen;Gerade und Parabel gleichsetzen;herausgeloest;BW-RS-2023-B2a;Zeige mit einer Rechnung, dass die Parabel y = x² − 4x + 1 und die Gerade y = −x − 2 keinen gemeinsamen Punkt haben.;;"x² − 3x + 3 = 0; (3/2)² − 3 = −3/4 < 0, keine Lösung";2;kopf;pruefen;text;26;
BW-RS-2023-B3a;BW ’23;quelle-fremd-ni-bw-bw-rs-2023.txt · Wahlteil B3a;wahrscheinlichkeit;Pfadregel;Pfadregel;ganz;;Auf einem Rubbellos sind zwei Streifen mit je fünf Feldern: 1, 3, 3, 5, 6 in zufälliger Reihenfolge. Links wird ein Feld freigerubbelt (Zehner), rechts eines (Einer). Wie wahrscheinlich ist die Zahl größer als 60?;"Bild: Rubbellos mit zwei Streifen; Beispielzahl 61";1/5 · 1 = 1/5 = 20 %;1;kopf;vorwaerts;bild;35;"Ziffern 1, 3, 3, 5, 6 aus der Lösung erschlossen (zwei Dreien, eine Sechs, Ziffer 1 aus Beispiel 61; fünfte Ziffer 5 angenommen); Erwartungswert-Teil weggelassen"
BW-RS-2023-B3b;BW ’23;quelle-fremd-ni-bw-bw-rs-2023.txt · Wahlteil B3b;quadratische;Scheitelpunktform angeben;Scheitelpunktform angeben|Nullstellen berechnen|x zu gegebenem y;ganz;;Ein Frosch springt fast auf einer Parabel y = ax² + c. Er springt höchstens 139 cm hoch und 220 cm weit. Gib eine passende Gleichung an. 150 cm nach dem Absprung ragt ein Schilfrohr 94 cm aus dem Wasser. Wie hoch springt der Frosch darüber? Ein zweiter Frosch springt auf y = −3/200 x² + 165. Welcher springt weiter, um wie viel?;Skizze: Sprungbahn als Parabel, Scheitel auf der y-Achse, Absprung bei x = −110, Schilfrohr bei x = 40;"y = −139/12 100 x² + 139 ≈ −0,011x² + 139; bei x = 40: ≈ 120,6 cm, also ≈ 26,6 cm über dem Rohr; Frosch 2: 2 · √11 000 ≈ 209,8 cm; Frosch 1 springt ≈ 10,2 cm weiter";4;krumm;vergleichen;bild;63;"Serlo rundet a auf −0,011 und erhält 27,4 cm; exakt ≈ 26,6 cm"
BW-RS-2023-B3b-h1;nach BW ’23;quelle-fremd-ni-bw-bw-rs-2023.txt · Wahlteil B3b;quadratische;Scheitelpunktform angeben;Scheitelpunktform angeben;herausgeloest;BW-RS-2023-B3b;Ein Froschsprung hat die Form y = ax² + c. Der Sprung ist höchstens 139 cm hoch und 220 cm weit. Berechne a und c.;;"c = 139; a = −139/12 100 ≈ −0,0115";2;krumm;rueckwaerts;text;25;
BW-RS-2023-B3b-h2;nach BW ’23;quelle-fremd-ni-bw-bw-rs-2023.txt · Wahlteil B3b;quadratische;Nullstellen berechnen;Nullstellen berechnen;herausgeloest;BW-RS-2023-B3b;Der Sprung eines Frosches folgt y = −3/200 x² + 165 (in cm). Berechne die Nullstellen und die Sprungweite.;;"x = ±√11 000 ≈ ±104,9; Weite ≈ 209,8 cm";2;krumm;vorwaerts;text;19;
BW-RS-2023-B4a;BW ’23;quelle-fremd-ni-bw-bw-rs-2023.txt · Wahlteil B4a;quadratische;Scheitelpunktform angeben;Scheitelpunktform angeben|Gleichung aufstellen und rückwärts rechnen|Nullstellen berechnen;ganz;;Der Graph zeigt die Parabel p₁: y = ax² + 4 mit Nullstelle N₁(−4 | 0) und die Gerade g durch N₁ und S₁(0 | 4). Bestimme p₁ und g. Gib N₂ an. p₂ hat die Gleichung y = x² − 2x − 3. Berechne ihren Scheitelpunkt S₂. Um wie viele FE unterscheiden sich die Dreiecke S₂S₁N₁ und S₂N₂S₁?;"Graph: nach unten offene Parabel mit Scheitel S₁(0 | 4) und Nullstellen ±4; Gerade durch (−4 | 0) und (0 | 4)";"p₁: y = −¼x² + 4; g: y = x + 4; N₂(4 | 0); S₂(1 | −4); Flächen 18 FE und 14 FE, Unterschied 4 FE";5;kopf;vorwaerts;graph;59;
BW-RS-2023-B4a-h1;nach BW ’23;quelle-fremd-ni-bw-bw-rs-2023.txt · Wahlteil B4a;quadratische;Scheitelpunktform angeben;Scheitelpunktform angeben|Scheitelpunkt ablesen;herausgeloest;BW-RS-2023-B4a;Bringe y = x² − 2x − 3 in die Scheitelpunktform und gib den Scheitelpunkt an.;;"y = (x − 1)² − 4; S(1 | −4)";2;kopf;vorwaerts;text;16;
BW-RS-2023-B4a-h2;nach BW ’23;quelle-fremd-ni-bw-bw-rs-2023.txt · Wahlteil B4a;quadratische;Scheitelpunktform angeben;Scheitelpunktform angeben;herausgeloest;BW-RS-2023-B4a;Eine Parabel y = ax² + 4 geht durch N(−4 | 0). Berechne a.;;a = −¼;1;kopf;rueckwaerts;text;14;
BW-RS-2023-B4b;BW ’23;quelle-fremd-ni-bw-bw-rs-2023.txt · Wahlteil B4b;dreiecke;Seite berechnen;Seite berechnen|Kathete oder Hypotenuse direkt|Dreieck erst in Figur oder Körper finden;ganz;;Auf einem regelmäßigen achtseitigen Prisma liegt ein Streckenzug PQRS mit der Länge 38,0 cm. Es gilt AR = 14,2 cm und ε = 23,0°. Berechne die Höhe des Prismas.;"Schrägbild (nicht maßstabsgetreu): regelmäßiges Achteckprisma; P und Q gegenüberliegende Ecken der Grundfläche, PQ quer durch den Boden; QR schräg über eine Seitenfläche mit A unter R; RS über die nächste Seitenfläche bis zur Deckfläche; ε bei R zwischen RA und RQ";"AQ = 14,2 · tan 23° ≈ 6,03 cm; r ≈ 7,88 cm, PQ ≈ 15,76 cm; QR ≈ 15,43 cm; RS ≈ 6,81 cm; RT ≈ 3,16 cm; h ≈ 17,36 cm";6;krumm;vorwaerts;bild;29;"Figur aus der Lösung; für P10 sehr schwer"
BW-RS-2023-B4b-h1;nach BW ’23;quelle-fremd-ni-bw-bw-rs-2023.txt · Wahlteil B4b;dreiecke;Seite berechnen;Seite berechnen;herausgeloest;BW-RS-2023-B4b;Im rechtwinkligen Dreieck QAR (rechter Winkel bei A) ist AR = 14,2 cm und der Winkel bei R ist 23,0°. Berechne AQ und QR.;;"AQ = 14,2 · tan 23° ≈ 6,03 cm; QR ≈ 15,43 cm";2;krumm;vorwaerts;text;24;
BW-RS-2024-A1-1;BW ’24;quelle-fremd-ni-bw-bw-rs-2024.txt · Pflichtteil A1 Nr. 1;koerper;rückwärts: Radius oder Höhe aus Volumen;rückwärts: Radius oder Höhe aus Volumen|Volumen direkt;ganz;;Ein Quader (4 cm × 3 cm × 2 cm) und eine quadratische Pyramide mit Grundkante 3 cm haben dasselbe Volumen. Berechne die Höhe der Pyramide.;;"V = 24 cm³; 24 = ⅓ · 9 · h ⇒ h = 8 cm";2;kopf;rueckwaerts;text;26;
BW-RS-2024-A1-2;BW ’24;quelle-fremd-ni-bw-bw-rs-2024.txt · Pflichtteil A1 Nr. 2;wahrscheinlichkeit;Baum ergänzen;Baum ergänzen|ohne Zurücklegen;ganz;;In einem Behälter liegen 20 gleich große Kugeln: rote, grüne und blaue. Marvin zieht zwei Kugeln ohne Zurücklegen. Ergänze im Baumdiagramm die zwei leeren Felder.;"Baumdiagramm: 1. Stufe r 25 %, g 7/20, b leer; 2. Stufe nach g: Ast r leer, weitere Äste beschriftet";"b: 1 − 5/20 − 7/20 = 8/20; nach g: r = 5/19";1;kopf;vorwaerts;diagramm;25;"Lage der leeren Felder aus der Lösung (oben rechts, Mitte links); welcher Ast der 2. Stufe, nicht gesichert"
BW-RS-2024-A1-5;BW ’24;quelle-fremd-ni-bw-bw-rs-2024.txt · Pflichtteil A1 Nr. 5;dreiecke;Seitenverhältnis benennen;Seitenverhältnis benennen;ganz;;Ist der Sinuswert positiv oder negativ? Kreuze an: sin 25°, sin 125°, sin 225°.;Ankreuztabelle: drei Werte, Spalten positiv/negativ;sin 25° positiv, sin 125° positiv, sin 225° negativ;1;kopf;pruefen;tabelle;14;"Sinus über 90° hinaus; in P10 kaum geprüft, nächste Stufe „Seitenverhältnis benennen“"
BW-RS-2024-A1-6b;BW ’24;quelle-fremd-ni-bw-bw-rs-2024.txt · Pflichtteil A1 Nr. 6b;daten;Median;Median|Aussagen prüfen, Auswirkung erklären;ganz;;Selina hat Kabel gemessen und der Länge nach geordnet. Dann findet sie zwei weitere Kabel: 40 cm und 120 cm. Sie sagt: „Der Median ändert sich dadurch nicht.“ Prüfe das und begründe.;"Tabelle: Rangliste der Kabellängen in cm (ungerade Anzahl, kleinster Wert über 40 cm, größter unter 120 cm; Werte im Text nicht angegeben)";Selina hat recht: ein Wert kommt unter, einer über den Median, die Mitte bleibt gleich;1;kopf;pruefen;tabelle;32;"Rangliste nur in der Abbildung; Begründung allgemein gültig, wenn 40 cm kleiner und 120 cm größer als der Median sind"
BW-RS-2024-A1-7a;BW ’24;quelle-fremd-ni-bw-bw-rs-2024.txt · Pflichtteil A1 Nr. 7a;prozent;Prozentsatz;Prozentsatz;ganz;;400 Personen wurden gefragt, wie sie zur Arbeit kommen. 80 fahren mit der Bahn. Wie viel Prozent sind das?;Diagramm im Original: Verkehrsmittel (Auto 150, Bahn 80, weitere);20 %;1;kopf;vorwaerts;text;19;
BW-RS-2024-A1-7b;BW ’24;quelle-fremd-ni-bw-bw-rs-2024.txt · Pflichtteil A1 Nr. 7b;prozent;Prozentwert;Prozentwert;ganz;;150 Befragte fahren mit dem Auto zur Arbeit. 40 % davon sind Frauen. 15 % dieser Frauen fahren ein Elektroauto. Wie viele Frauen fahren mit dem Elektroauto zur Arbeit?;;9 Frauen (60 · 0,15);2;kopf;vorwaerts;text;29;
BW-RS-2024-A2-1;BW ’24;quelle-fremd-ni-bw-bw-rs-2024.txt · Pflichtteil A2 Nr. 1;dreiecke;Seite berechnen;Seite berechnen|Winkel berechnen|Winkelsumme;ganz;;Im Rechteck ABCD ist BC = 4,6 cm. E liegt auf AD, F auf AB, und CF steht senkrecht auf EF. Es gilt CE = 7,2 cm und ε = 49,0° (Winkel bei E im Dreieck CEF). Berechne den Umfang des Rechtecks.;"Skizze: Rechteck ABCD; E auf AD, F auf AB; Dreieck CEF mit rechtem Winkel bei F; CE = 7,2 cm, ε = 49° bei E; BC = 4,6 cm";"CF = 7,2 · sin 49° ≈ 5,43 cm; ∢ECF = 41°; cos φ₃ = 4,6/5,43 ⇒ φ₃ ≈ 32,1°; φ₁ ≈ 16,9°; CD = 7,2 · cos 16,9° ≈ 6,89 cm; U ≈ 23 cm";6;krumm;vorwaerts;bild;42;Lage von E, F und rechter Winkel bei F aus der Lösung rekonstruiert
BW-RS-2024-A2-1-h1;nach BW ’24;quelle-fremd-ni-bw-bw-rs-2024.txt · Pflichtteil A2 Nr. 1;dreiecke;Winkel berechnen;Winkel berechnen;herausgeloest;BW-RS-2024-A2-1;In einem rechtwinkligen Dreieck ist die Hypotenuse 5,43 cm lang, eine Kathete 4,6 cm. Berechne den Winkel zwischen dieser Kathete und der Hypotenuse.;;cos φ = 4,6/5,43, φ ≈ 32,1°;1;krumm;vorwaerts;text;23;
BW-RS-2024-A2-2;BW ’24;quelle-fremd-ni-bw-bw-rs-2024.txt · Pflichtteil A2 Nr. 2;dreiecke;Seite berechnen;Seite berechnen|Dreieck erst in Figur oder Körper finden|Volumen direkt;ganz;;Eine regelmäßige fünfseitige Pyramide hat die Seitenkante BS = 12,0 cm. Der Winkel an der Spitze eines Manteldreiecks ist φ = 40,0°. Berechne das Volumen der Pyramide.;Schrägbild: regelmäßige Fünfeckpyramide, ein Manteldreieck BCS grau, Seitenkante BS = 12,0 cm, φ = 40° bei S;"BC = 24 · sin 20° ≈ 8,21 cm; h_s ≈ 11,28 cm; h_a = 4,10/tan 36° ≈ 5,65 cm; h ≈ 9,76 cm; V ≈ 377 cm³";5;krumm;vorwaerts;bild;27;regelmäßiges Fünfeck als Grundfläche geht über P10 hinaus
BW-RS-2024-A2-2-h1;nach BW ’24;quelle-fremd-ni-bw-bw-rs-2024.txt · Pflichtteil A2 Nr. 2;dreiecke;Seite berechnen;Seite berechnen|Kathete oder Hypotenuse direkt;herausgeloest;BW-RS-2024-A2-2;Ein gleichschenkliges Dreieck hat Schenkel von 12,0 cm. Der Winkel an der Spitze ist 40°. Berechne die Basis und die Höhe auf die Basis.;;"Basis = 24 · sin 20° ≈ 8,21 cm; Höhe = 12 · cos 20° ≈ 11,28 cm";2;krumm;vorwaerts;text;24;
BW-RS-2024-A2-3;BW ’24;quelle-fremd-ni-bw-bw-rs-2024.txt · Pflichtteil A2 Nr. 3;quadratische;Wertetabelle zuordnen;Wertetabelle zuordnen|Scheitelpunkt ablesen|durch zwei Punkte, Gleichung ablesen;ganz;;Drei Gleichungen und drei Graphen: (A) y = −½x² + 3, (B) y = (x − 3)² + e, (C) y = x² + 4x + 5. Ordne zu und begründe. Bestimme e mit dem Graphen (p₂ geht durch (1 | 0)). Die Gerade g geht durch den Scheitelpunkt S₂ von p₂ und durch P(0 | 2). Bestimme g.;Graph: drei Parabeln p₁ (nach oben offen, schneidet y-Achse bei 5), p₂ (nach oben offen, Scheitel bei x = 3, durch (1 | 0)), p₃ (nach unten offen, Scheitel (0 | 3));"A – p₃, B – p₂, C – p₁; e = −4; g: y = −2x + 2";4;kopf;vorwaerts;graph;59;"Zuordnung Gleichung ↔ Graph; nächste Stufe „Wertetabelle zuordnen“"
BW-RS-2024-A2-3-h1;nach BW ’24;quelle-fremd-ni-bw-bw-rs-2024.txt · Pflichtteil A2 Nr. 3;lineare;durch zwei Punkte, Gleichung ablesen;durch zwei Punkte, Gleichung ablesen;herausgeloest;BW-RS-2024-A2-3;Eine Gerade geht durch S(3 | −4) und P(0 | 2). Bestimme ihre Gleichung.;;y = −2x + 2;1;kopf;vorwaerts;text;14;
BW-RS-2024-A2-4;BW ’24;quelle-fremd-ni-bw-bw-rs-2024.txt · Pflichtteil A2 Nr. 4;wahrscheinlichkeit;ohne Zurücklegen;ohne Zurücklegen|Gegenereignis|Pfadregel;ganz;;Paul hat 20 Sammelbilder: 9 Spieler aus Frankreich, 6 aus Deutschland, 5 aus Portugal. Melina zieht zwei Bilder zugleich. Wie wahrscheinlich ist es, dass a) beide Spieler aus Portugal sind, b) höchstens einer aus Deutschland ist, c) keiner aus Frankreich ist?;Tabelle: Frankreich 9, Deutschland 6, Portugal 5;"a) 5/20 · 4/19 ≈ 5,26 %; b) 1 − 6/20 · 5/19 ≈ 92,1 %; c) 11/20 · 10/19 ≈ 28,9 %";3;krumm;vorwaerts;tabelle;41;
BW-RS-2024-A2-4-h1;nach BW ’24;quelle-fremd-ni-bw-bw-rs-2024.txt · Pflichtteil A2 Nr. 4;wahrscheinlichkeit;Gegenereignis;Gegenereignis;herausgeloest;BW-RS-2024-A2-4;Von 20 Sammelbildern zeigen 6 deutsche Spieler. Melina zieht zwei zugleich. Wie wahrscheinlich ist höchstens ein deutscher Spieler dabei?;;1 − 6/20 · 5/19 = 35/38 ≈ 92,1 %;2;krumm;vorwaerts;text;19;
BW-RS-2024-A2-5;BW ’24;quelle-fremd-ni-bw-bw-rs-2024.txt · Pflichtteil A2 Nr. 5;quadratische;Nullstellen berechnen;Nullstellen berechnen;ganz;;Löse die Gleichung (x − 3)(1 + x) − (x − 4)² = x(x − 3) − 1.;;"x² − 9x + 18 = 0; x₁ = 3, x₂ = 6";3;kopf;vorwaerts;text;18;
BW-RS-2024-A2-6;BW ’24;quelle-fremd-ni-bw-bw-rs-2024.txt · Pflichtteil A2 Nr. 6;prozent;Erhöhung und Veränderung in Prozent;Erhöhung und Veränderung in Prozent|Prozentwert|Prozentsatz;ganz;;Die App „Perfect Fit“ hatte 2020 340 000 Nutzer und 2022 420 000. Um wie viel Prozent stieg die Zahl? 2023 stieg sie um 19,1 % gegenüber dem Vorjahr. Berechne die Nutzerzahl 2023 für die Säule. 2022 waren 25 % der Nutzer zwischen 10 und 19 Jahre alt, davon 47 500 Mädchen. Wie groß ist der Anteil der Mädchen in dieser Altersgruppe?;"Säulendiagramm: Nutzerzahlen 2020 bis 2022 (2020: 340 000; 2022: 420 000), Platz für 2023; Hinweis: 10- bis 19-Jährige 2022: 25 %";"≈ 23,5 %; 2023: 500 220 Nutzer; Mädchen: 47 500 von 105 000 ≈ 45,2 %";4;krumm;vorwaerts;diagramm;62;"Wert 2020 (≈ 340 000) und Anteil 25 % nur im Diagramm; 340 000 aus 123,5 % rückgerechnet"
BW-RS-2024-A2-6-h1;nach BW ’24;quelle-fremd-ni-bw-bw-rs-2024.txt · Pflichtteil A2 Nr. 6;prozent;Prozentwert;Prozentwert;herausgeloest;BW-RS-2024-A2-6;Eine App hatte 2022 420 000 Nutzer. 2023 stieg die Zahl um 19,1 %. Wie viele Nutzer waren es 2023?;;500 220;1;krumm;vorwaerts;text;20;
BW-RS-2024-A2-6-h2;nach BW ’24;quelle-fremd-ni-bw-bw-rs-2024.txt · Pflichtteil A2 Nr. 6;prozent;Prozentsatz;Prozentsatz;herausgeloest;BW-RS-2024-A2-6;105 000 Nutzer einer App sind zwischen 10 und 19 Jahre alt. 47 500 davon sind Mädchen. Wie viel Prozent sind das?;;≈ 45,2 %;1;krumm;vorwaerts;text;22;
BW-RS-2024-B1a;BW ’24;quelle-fremd-ni-bw-bw-rs-2024.txt · Wahlteil B1a;dreiecke;Seite berechnen;Seite berechnen|Winkelsumme;ganz;;Im Rechteck ABCD liegt der Drachen EGCF (Symmetrieachse EC). E liegt auf AB, F auf AD, G auf BC, und es gilt EF = EG, BE = EH (H Fußpunkt auf EC). Es ist AB = 9,4 cm, BE = 5,6 cm und ε = 20,0°. Berechne den Winkel φ und den Umfang des Vierecks AEFD.;"Skizze: Rechteck ABCD mit Drachen EGCF; E auf AB, G auf BC, F auf CD bzw. AD; ε = 20° bei E zwischen EB und EG; φ bei F";"α = 70°, β = γ = 110°, φ = 70°; AE = 3,8 cm; EG = EF = 5,6/cos 20° ≈ 5,96 cm; FH ≈ 2,04 cm; U ≈ 21,2 cm";5;krumm;vorwaerts;bild;56;"Figur aus der Lösung schwer rekonstruierbar (Bild fehlt); Lagebeschreibung unsicher"
BW-RS-2024-B1a-h1;nach BW ’24;quelle-fremd-ni-bw-bw-rs-2024.txt · Wahlteil B1a;dreiecke;Seite berechnen;Seite berechnen;herausgeloest;BW-RS-2024-B1a;In einem rechtwinkligen Dreieck ist eine Kathete 5,6 cm lang. Der Winkel zwischen ihr und der Hypotenuse ist 20,0°. Berechne die Hypotenuse.;;5,6 : cos 20° ≈ 5,96 cm;1;krumm;vorwaerts;text;22;
BW-RS-2024-B1b;BW ’24;quelle-fremd-ni-bw-bw-rs-2024.txt · Wahlteil B1b;quadratische;Scheitelpunktform angeben;Scheitelpunktform angeben|durch zwei Punkte, Gleichung ablesen|Lösung prüfen;ganz;;p₁ und p₂ sind nach oben offene verschobene Normalparabeln. p₁ hat den Scheitel S₁(1 | 1). p₂ schneidet die x-Achse in N₁(−6 | 0) und N₂(−2 | 0). Bestimme beide Gleichungen. Die Gerade g geht durch S₁ und A(2 | −1). Berechne g. Berechne den Abstand von S₁ zum Scheitel S₂ von p₂. Milo sagt: „p₁, p₂ und g haben einen gemeinsamen Punkt.“ Prüfe das.;;"p₁: y = x² − 2x + 2; p₂: y = x² + 8x + 12; g: y = −2x + 3; S₂(−4 | −4), Abstand √50 ≈ 7,07 LE; Milo hat recht: P(−1 | 5)";5;kopf;pruefen;text;65;
BW-RS-2024-B1b-h1;nach BW ’24;quelle-fremd-ni-bw-bw-rs-2024.txt · Wahlteil B1b;quadratische;Scheitelpunktform angeben;Scheitelpunktform angeben;herausgeloest;BW-RS-2024-B1b;Eine nach oben offene Normalparabel hat die Nullstellen −6 und −2. Gib ihre Gleichung an und bestimme den Scheitelpunkt.;;"y = (x + 6)(x + 2) = x² + 8x + 12; S(−4 | −4)";2;kopf;rueckwaerts;text;19;
BW-RS-2024-B1b-h2;nach BW ’24;quelle-fremd-ni-bw-bw-rs-2024.txt · Wahlteil B1b;lineare;durch zwei Punkte, Gleichung ablesen;durch zwei Punkte, Gleichung ablesen;herausgeloest;BW-RS-2024-B1b;Eine Gerade geht durch S(1 | 1) und A(2 | −1). Bestimme ihre Gleichung.;;y = −2x + 3;1;kopf;vorwaerts;text;14;
BW-RS-2024-B2a;BW ’24;quelle-fremd-ni-bw-bw-rs-2024.txt · Wahlteil B2a;quadratische;Scheitelpunktform angeben;Scheitelpunktform angeben|lösen|x zu gegebenem y;ganz;;Die Gerade g: y = −x − 3 schneidet die x-Achse in A und die y-Achse in B. Bestimme A und B. Die nach oben offene Normalparabel p geht durch A und B. Berechne ihre Gleichung und ihren Scheitelpunkt S. Die Punkte P und Q von p haben beide die y-Koordinate 12. Berechne den Flächeninhalt des Dreiecks PSQ.;;"A(−3 | 0), B(0 | −3); p: y = x² + 2x − 3 = (x + 1)² − 4, S(−1 | −4); P(−5 | 12), Q(3 | 12); A = ½ · 8 · 16 = 64 FE";4;kopf;vorwaerts;text;58;
BW-RS-2024-B2a-h1;nach BW ’24;quelle-fremd-ni-bw-bw-rs-2024.txt · Wahlteil B2a;quadratische;x zu gegebenem y;x zu gegebenem y;herausgeloest;BW-RS-2024-B2a;Für welche x-Werte hat die Parabel y = x² + 2x − 3 den Wert 12?;;x₁ = −5, x₂ = 3;1;kopf;vorwaerts;text;16;
BW-RS-2024-B2a-h2;nach BW ’24;quelle-fremd-ni-bw-bw-rs-2024.txt · Wahlteil B2a;gleichungssysteme;lösen;lösen|Scheitelpunktform angeben;herausgeloest;BW-RS-2024-B2a;Eine Normalparabel y = x² + bx + c geht durch A(−3 | 0) und B(0 | −3). Berechne b und c und den Scheitelpunkt.;;"y = x² + 2x − 3; S(−1 | −4)";2;kopf;rueckwaerts;text;25;
BW-RS-2024-B2b;BW ’24;quelle-fremd-ni-bw-bw-rs-2024.txt · Wahlteil B2b;dreiecke;Seite berechnen;Seite berechnen|Dreieck erst in Figur oder Körper finden;ganz;;Ein Körper aus Halbkugel und Kegel hat die Mantellinie s = 14,4 cm und an der Kegelspitze den Öffnungswinkel δ = 42,0°. Eine quadratische Pyramide ist genauso hoch, ihre Grundkante ist so lang wie der Durchmesser des Körpers. Berechne die Differenz der Oberflächen.;"Achsenschnitt: Kegel mit Spitze oben, darunter Halbkugel; s = 14,4 cm, δ = 42° an der Spitze // Parallelschnitt der Pyramide: gleichschenkliges Dreieck mit Basis a = d und Höhe h_ges";"r = 14,4 · sin 21° ≈ 5,16 cm; h_K ≈ 13,44 cm; h ≈ 18,60 cm; h_s ≈ 19,30 cm; O_Körper ≈ 401 cm², O_Pyr ≈ 505 cm²; Differenz ≈ 104 cm²";6;krumm;vergleichen;bild;43;Oberfläche Kugel/Kegel keine P10-Stufe
BW-RS-2024-B2b-h1;nach BW ’24;quelle-fremd-ni-bw-bw-rs-2024.txt · Wahlteil B2b;dreiecke;Seite berechnen;Seite berechnen;herausgeloest;BW-RS-2024-B2b;Ein Kegel hat die Mantellinie 14,4 cm und an der Spitze den Öffnungswinkel 42°. Berechne den Radius und die Höhe.;Achsenschnitt: gleichschenkliges Dreieck, Schenkel 14,4 cm, Winkel an der Spitze 42°;"r = 14,4 · sin 21° ≈ 5,16 cm; h = 14,4 · cos 21° ≈ 13,44 cm";2;krumm;vorwaerts;bild;20;
BW-RS-2024-B3a;BW ’24;quelle-fremd-ni-bw-bw-rs-2024.txt · Wahlteil B3a;wahrscheinlichkeit;ohne Zurücklegen;ohne Zurücklegen;ganz;;Beim Angelspiel auf dem Schulfest liegen fünf Fische, drei Seesterne und zwei Muscheln im Becken. Man angelt zweimal und legt nichts zurück. Wie groß ist die Wahrscheinlichkeit für zweimal Muschel?;;2/10 · 1/9 = 1/45 ≈ 2,2 %;1;kopf;vorwaerts;text;30;"Erwartungswert-Teil weggelassen; Serlo schreibt fälschlich 1/35"
BW-RS-2024-B3b;BW ’24;quelle-fremd-ni-bw-bw-rs-2024.txt · Wahlteil B3b;quadratische;Scheitelpunktform angeben;Scheitelpunktform angeben|x zu gegebenem y;ganz;;Die Vorderseite einer Tennishalle ist fast eine Parabel y = ax² + c. Die Halle ist 12 m hoch und am Boden 40 m breit. Gib eine Gleichung an. Ein rechteckiges Fenster soll mittig eingebaut werden. Vorschlag 1: 10 m hoch, die oberen Ecken berühren den Bogen. Vorschlag 2: 10 m breit, so hoch wie möglich. Welches Fenster ist größer?;"Skizze: Parabelbogen über dem Boden, Scheitel (0 | 12), Fußpunkte (±20 | 0); Rechteckfenster mittig, obere Ecken auf dem Bogen";"y = −0,03x² + 12; V1: x = ±√(200/3) ≈ ±8,16 m, A₁ ≈ 163,3 m²; V2: Höhe 11,25 m, A₂ = 112,5 m² → Vorschlag 1";4;krumm;vergleichen;bild;60;Serlo: 163,40 m² mit gerundetem x
BW-RS-2024-B3b-h1;nach BW ’24;quelle-fremd-ni-bw-bw-rs-2024.txt · Wahlteil B3b;quadratische;x zu gegebenem y;x zu gegebenem y;herausgeloest;BW-RS-2024-B3b;Der Bogen einer Halle folgt y = −0,03x² + 12 (in m). In welcher Entfernung von der Mitte ist der Bogen 10 m hoch?;;x = ±√(200/3) ≈ ±8,16 m;1;krumm;vorwaerts;text;24;
BW-RS-2024-B3b-h2;nach BW ’24;quelle-fremd-ni-bw-bw-rs-2024.txt · Wahlteil B3b;quadratische;Scheitelpunktform angeben;Scheitelpunktform angeben;herausgeloest;BW-RS-2024-B3b;Eine Halle ist 12 m hoch und am Boden 40 m breit. Ihre Vorderseite ist eine Parabel y = ax² + c. Berechne a und c.;;c = 12, a = −0,03;2;glatt;rueckwaerts;text;26;
BW-WRS-2021-A1-1;BW ’21;quelle-fremd-ni-bw-bw-wrs-2021.txt · Pflichtteil A1 Nr. 1;daten;Mittelwert;Mittelwert|Minimum, Maximum, Spannweite;ganz;;In einem Ort in Alaska wurden im März eine Woche lang von Montag bis Sonntag diese Temperaturen gemessen: −4 °C, −3 °C, −2 °C, 0 °C, 1 °C, 2 °C und −1 °C. Berechne den Mittelwert. Gib den kleinsten und den größten Wert an.;Tabelle: Mo bis So mit den Temperaturen aus dem Text;"Mittelwert −1 °C; Minimum −4 °C; Maximum 2 °C";2;kopf;vorwaerts;tabelle;44;
BW-WRS-2021-A1-1-h1;nach BW ’21;quelle-fremd-ni-bw-bw-wrs-2021.txt · Pflichtteil A1 Nr. 1;daten;Minimum, Maximum, Spannweite;Minimum, Maximum, Spannweite;herausgeloest;BW-WRS-2021-A1-1;Temperaturen einer Woche: −4 °C, −3 °C, −2 °C, 0 °C, 1 °C, 2 °C, −1 °C. Gib den kleinsten und den größten Wert und die Spannweite an.;;Minimum −4 °C, Maximum 2 °C, Spannweite 6 K;1;kopf;vorwaerts;text;28;Spannweite ergänzt
BW-WRS-2021-A1-2;BW ’21;quelle-fremd-ni-bw-bw-wrs-2021.txt · Pflichtteil A1 Nr. 2;quadratische;Nullstellen berechnen;Nullstellen berechnen;ganz;;Löse die Gleichung x² + 22x + 21 = 0.;;x₁ = −1, x₂ = −21;1;kopf;vorwaerts;text;10;
BW-WRS-2021-A1-3;BW ’21;quelle-fremd-ni-bw-bw-wrs-2021.txt · Pflichtteil A1 Nr. 3;flaechen;rückwärts: Seite aus Fläche;rückwärts: Seite aus Fläche;ganz;;Das runde Zifferblatt einer Turmuhr hat eine Fläche von 38,5 m². Schätze durch Überschlag, wie lang der Minutenzeiger ist: 4,3 m, 3,5 m, 6,1 m oder 5,2 m?;;≈ 3,5 m (r² ≈ 38,5 : 3,14 ≈ 12,3);1;glatt;rueckwaerts;text;28;
BW-WRS-2021-A1-6;BW ’21;quelle-fremd-ni-bw-bw-wrs-2021.txt · Pflichtteil A1 Nr. 6;dreiecke;Winkelsumme;Winkelsumme;ganz;;Die Geraden g und h sind parallel. In einem Dreieck zwischen ihnen liegen Winkel von 120° und 35°. Bestimme den Winkel α.;"Skizze: zwei parallele Geraden g und h, dazwischen Dreieck mit Winkeln 120° und 35°; α ist Wechselwinkel zum dritten Dreieckswinkel";"dritter Winkel 180° − 120° − 35° = 25°; α = 25° (Wechselwinkel)";2;kopf;vorwaerts;bild;22;Lage der Winkel aus der Lösung
BW-WRS-2021-A1-8;BW ’21;quelle-fremd-ni-bw-bw-wrs-2021.txt · Pflichtteil A1 Nr. 8;dreiecke;Seitenverhältnis benennen;Seitenverhältnis benennen;ganz;;"Im rechtwinkligen Dreieck ABC liegt der rechte Winkel bei C. Welche Aussage ist richtig? sin α = c/a; sin α = b/c; sin α = a/c; sin α = b/a.";Skizze: rechtwinkliges Dreieck ABC, rechter Winkel bei C, Seiten a, b, c wie üblich;sin α = a/c;1;kopf;pruefen;bild;30;
BW-WRS-2021-A1-9;BW ’21;quelle-fremd-ni-bw-bw-wrs-2021.txt · Pflichtteil A1 Nr. 9;wahrscheinlichkeit;Pfadregel;Pfadregel;ganz;;In einer Kiste liegen sechs deutsche und vier französische 1-Euro-Münzen. Eine wird blind gezogen und auf den Tisch gelegt. Wie wahrscheinlich ist es eine deutsche Münze mit „Zahl“ oben?;;6/10 · 1/2 = 3/10 = 30 %;1;kopf;vorwaerts;text;29;
BW-WRS-2021-A1-10;BW ’21;quelle-fremd-ni-bw-bw-wrs-2021.txt · Pflichtteil A1 Nr. 10;quadratische;Lage zweier Parabeln ohne Rechnung begründen;Lage zweier Parabeln ohne Rechnung begründen;ganz;;"Die Parabel y₁ = x² + 1 wird an der x-Achse gespiegelt. Welche Gleichung hat die neue Parabel y₂? y₂ = −x² − 1; y₂ = x² − 1; y₂ = −x² + 1; y₂ = x² + 1";Graph: Normalparabel mit Scheitel (0 | 1);y₂ = −x² − 1;1;kopf;vorwaerts;graph;39;"Gleichung y₁ aus der Lösung erschlossen; Stufe ersatzweise"
BW-WRS-2021-A2-1;BW ’21;quelle-fremd-ni-bw-bw-wrs-2021.txt · Pflichtteil A2 Nr. 1;wahrscheinlichkeit;Baum ergänzen;Baum ergänzen|Pfadregel;ganz;;Ein Lostopf enthält 3 graue und 7 weiße Kugeln. Du ziehst zweimal und legst die Kugel jedes Mal zurück. Zeichne ein vollständiges Baumdiagramm. Für welches Ereignis ergibt sich fast 50 %?;;"Baum mit 3/10 und 7/10 auf jeder Stufe; zweimal weiß: 7/10 · 7/10 = 49 %";2;kopf;darstellen;text;31;
BW-WRS-2021-A2-3;BW ’21;quelle-fremd-ni-bw-bw-wrs-2021.txt · Pflichtteil A2 Nr. 3;prozent;Zinseszins und Guthabentabelle;Zinseszins und Guthabentabelle;ganz;;2003 gab es für 5 000 € drei Jahre lang 5,5 % Zinsen pro Jahr. 2020 gab es zwei Jahre lang 0,6 % und im dritten Jahr 1,5 %. Die Zinsen werden jeweils mitverzinst. Wie viel Euro Zinsen gab es 2020 weniger als 2003?;Tabelle im Original: Angebot 2003 und Angebot 2020 mit den Zinssätzen // Tabellenkalkulation (Teil 2, hier weggelassen);"2003: 5 000 · 1,055³ ≈ 5 871,21 €; 2020: 5 000 · 1,006² · 1,015 ≈ 5 136,08 €; ≈ 735,13 € weniger";3;krumm;vergleichen;text;44;Tabellenkalkulations-Teil weggelassen
BW-WRS-2021-A2-3-h1;nach BW ’21;quelle-fremd-ni-bw-bw-wrs-2021.txt · Pflichtteil A2 Nr. 3;prozent;Zinseszins und Guthabentabelle;Zinseszins und Guthabentabelle;herausgeloest;BW-WRS-2021-A2-3;5 000 € werden 3 Jahre lang zu 5,5 % angelegt. Die Zinsen werden mitverzinst. Wie viel Euro Zinsen gibt es insgesamt?;;5 000 · 1,055³ − 5 000 ≈ 871,21 €;1;krumm;vorwaerts;text;22;
BW-WRS-2021-A2-4;BW ’21;quelle-fremd-ni-bw-bw-wrs-2021.txt · Pflichtteil A2 Nr. 4;dreiecke;Seite berechnen;Seite berechnen|Volumen direkt|rückwärts: Radius oder Höhe aus Volumen;ganz;;"Ein Körper besteht aus einem Kegel auf einem Zylinder. Der Kegel ist 6 cm hoch; seine Mantellinie bildet mit der Höhe einen Winkel von 35°. Berechne das Volumen des Kegels. Insgesamt misst der Körper 12 cm in der Höhe; der Zylinder fasst 169,7 cm³. Berechne seinen Radius r₂.";"Skizze: Kegel (Höhe h₁ = 6 cm, Winkel 35° zwischen Höhe und Mantellinie) auf Zylinder (Radius r₂); Gesamthöhe 12 cm";"r₁ = 6 · tan 35° ≈ 4,20 cm; V ≈ 110,8 cm³; r₂ = √(169,7 : (6π)) ≈ 3 cm";4;krumm;vorwaerts;bild;48;Winkel 35° nur aus der Lösung (Lage angenommen)
BW-WRS-2021-A2-4-h1;nach BW ’21;quelle-fremd-ni-bw-bw-wrs-2021.txt · Pflichtteil A2 Nr. 4;koerper;rückwärts: Radius oder Höhe aus Volumen;rückwärts: Radius oder Höhe aus Volumen;herausgeloest;BW-WRS-2021-A2-4;Ein Zylinder ist 6 cm hoch und hat ein Volumen von 169,7 cm³. Berechne seinen Radius.;;r = √(169,7 : (6π)) ≈ 3,0 cm;1;krumm;rueckwaerts;text;16;
BW-WRS-2021-A2-4-h2;nach BW ’21;quelle-fremd-ni-bw-bw-wrs-2021.txt · Pflichtteil A2 Nr. 4;dreiecke;Seite berechnen;Seite berechnen;herausgeloest;BW-WRS-2021-A2-4;Ein Kegel ist 6 cm hoch. Die Mantellinie bildet mit der Höhe einen Winkel von 35°. Berechne den Radius.;;r = 6 · tan 35° ≈ 4,20 cm;1;krumm;vorwaerts;text;19;
BW-WRS-2021-A2-5;BW ’21;quelle-fremd-ni-bw-bw-wrs-2021.txt · Pflichtteil A2 Nr. 5;quadratische;Lage zweier Parabeln ohne Rechnung begründen;Lage zweier Parabeln ohne Rechnung begründen|x zu gegebenem y|Nullstellen berechnen;ganz;;"Die Vorderseite eines Gewächshauses ist fast eine Parabel: 1,8 m hoch, Scheitel auf der y-Achse. Welche Gleichung passt: y = 0,9x² + 1,8; y = −0,9x² − 1,8; y = −0,9x² + 1,8 oder y = 0,9x² − 1,8? Gib eine Gleichung an, bei der das Haus gleich hoch, aber unten breiter ist. Berechne für y = 0,4x² − 3,6 die x-Werte mit y = 0.";Skizze: Vorderansicht als nach unten offene Parabel, Scheitel (0 | 1,8);"C; z. B. y = −0,5x² + 1,8 (−0,9 < a < 0); x = ±3";3;kopf;vorwaerts;bild;66;Beispiel −0,5 eigene Wahl
BW-WRS-2021-A2-5-h1;nach BW ’21;quelle-fremd-ni-bw-bw-wrs-2021.txt · Pflichtteil A2 Nr. 5;quadratische;Nullstellen berechnen;Nullstellen berechnen;herausgeloest;BW-WRS-2021-A2-5;Berechne die Nullstellen von y = 0,4x² − 3,6.;;x₁ = −3, x₂ = 3;1;kopf;vorwaerts;text;9;
BW-WRS-2021-A2-6;BW ’21;quelle-fremd-ni-bw-bw-wrs-2021.txt · Pflichtteil A2 Nr. 6;gleichungssysteme;aufstellen;aufstellen|lösen;ganz;;Für 4 Erwachsene und 2 Kinder kostet das Schwimmbad 64,00 €, für 2 Erwachsene und 2 Kinder 40,00 €. Stelle ein Gleichungssystem auf. Berechne den Eintritt für einen Erwachsenen und für ein Kind.;;"4x + 2y = 64; 2x + 2y = 40; Erwachsene 12 €, Kinder 8 €";3;kopf;vorwaerts;text;33;Teil zur Rutschgeschwindigkeit (Einheiten) weggelassen
BW-WRS-2021-A2-7;BW ’21;quelle-fremd-ni-bw-bw-wrs-2021.txt · Pflichtteil A2 Nr. 7;flaechen;Grundfigur berechnen;Grundfigur berechnen;ganz;;Trage A(−3 | 3), B(3 | −4) und C(1 | 3) ein (1 LE = 1 cm) und verbinde sie. Zeichne die Höhe h_b. Wie groß ist die Fläche des Dreiecks?;"Koordinatensystem: x −4..4; y −5..4; Gitter ja";"b = AC = 4 cm; h_b = 7 cm; A = 14 cm²";2;kopf;vorwaerts;graph;31;Teil zur Mittelsenkrechten weggelassen
BW-WRS-2021-A2-8;BW ’21;quelle-fremd-ni-bw-bw-wrs-2021.txt · Pflichtteil A2 Nr. 8;daten;rückwärts: fehlender Wert;rückwärts: fehlender Wert|Winkel berechnen und beschriften;ganz;;Von 2015 bis 2018 wurden weltweit im Mittel 4 527 Mio. t Erdöl pro Jahr gefördert: 2015 4 450, 2017 4 516 und 2018 4 630 Mio. t. Wie viel war es 2016? In Deutschland wurden 2019 etwa 2 Mio. t gefördert: davon 1 Mio. t aus Schleswig-Holstein, 0,7 Mio. t aus Niedersachsen und 0,15 Mio. t aus Rheinland-Pfalz, der Rest in anderen Ländern. Zeichne ein Kreisdiagramm.;Säulendiagramm im Original: Fördermengen 2015, 2017, 2018 (Werte im Text);"2016: 4 · 4 527 − 13 596 = 4 512 Mio. t; Winkel: 180°, 126°, 27°, Rest 27°";3;glatt;rueckwaerts;text;67;
BW-WRS-2021-A2-8-h1;nach BW ’21;quelle-fremd-ni-bw-bw-wrs-2021.txt · Pflichtteil A2 Nr. 8;daten;Winkel berechnen und beschriften;Winkel berechnen und beschriften;herausgeloest;BW-WRS-2021-A2-8;2019 wurden in Deutschland 2 Mio. t Erdöl gefördert: davon 1 Mio. t aus Schleswig-Holstein, 0,7 Mio. t aus Niedersachsen und 0,15 Mio. t aus Rheinland-Pfalz, Rest übrige Länder. Berechne die Winkel für ein Kreisdiagramm.;;180°, 126°, 27°, 27°;2;kopf;vorwaerts;text;35;
BW-WRS-2021-A2-8-h2;nach BW ’21;quelle-fremd-ni-bw-bw-wrs-2021.txt · Pflichtteil A2 Nr. 8;daten;rückwärts: fehlender Wert;rückwärts: fehlender Wert;herausgeloest;BW-WRS-2021-A2-8;Der Mittelwert von vier Jahren ist 4 527 Mio. t. Drei Jahre brachten 4 450, 4 516 und 4 630 Mio. t. Wie viel brachte das vierte Jahr?;;4 512 Mio. t;2;glatt;rueckwaerts;text;28;
BW-WRS-2021-B1b;BW ’21;quelle-fremd-ni-bw-bw-wrs-2021.txt · Wahlteil B1 (Fünfeck);dreiecke;Winkelsumme;Winkelsumme|gleichschenkliges Dreieck;ganz;;Im regelmäßigen Fünfeck ist von einer Ecke aus eine Diagonale gezeichnet. Berechne den Innenwinkel α und den Winkel β zwischen den zwei Diagonalen an einer Ecke.;"Skizze: regelmäßiges Fünfeck; α Innenwinkel; an einer Ecke zwei Diagonalen, β zwischen ihnen";"α = 3 · 180° : 5 = 108°; Basiswinkel (180° − 108°) : 2 = 36°; β = 108° − 2 · 36° = 36°";3;kopf;vorwaerts;bild;26;Lage von β aus der Lösung erschlossen
BW-WRS-2021-B1c;BW ’21;quelle-fremd-ni-bw-bw-wrs-2021.txt · Wahlteil B1 (Auslauf);quadratische;Nullstellen berechnen;Nullstellen berechnen|rückwärts: Seite aus Fläche;ganz;;"Noemi baut für ihren Hund einen rechteckigen Auslauf an der Hauswand. Er soll 45,5 m² groß sein. An drei Seiten steht ein Zaun von zusammen 20 m Länge; an der Hauswand ist keiner. Berechne beide möglichen Maße.";Skizze: Rechteck an der Hauswand, Seite a parallel zur Wand, zwei Seiten b;(20 − 2b) · b = 45,5 ⇒ b = 6,5 m, a = 7 m oder b = 3,5 m, a = 13 m;3;glatt;rueckwaerts;bild;37;
BW-WRS-2021-B1d;BW ’21;quelle-fremd-ni-bw-bw-wrs-2021.txt · Wahlteil B1 (Wertetabelle);quadratische;Punkt auf der Parabel prüfen;Punkt auf der Parabel prüfen;ganz;;Zu einer Normalparabel y = x² + c gehört diese Tabelle: x = −4, −3, −2, −1, 0, 1, 2 und y = 22, 15, 10 und vier leere Felder. Ergänze die Tabelle.;"Tabelle: x −4 bis 2; y 22, 15, 10, leer, leer, leer, leer";"c = 6; y = 7, 6, 7, 10";2;kopf;vorwaerts;tabelle;33;Stufe „Punkt auf der Parabel prüfen“ als nächste
BW-WRS-2021-B2a;BW ’21;quelle-fremd-ni-bw-bw-wrs-2021.txt · Wahlteil B2 (LED-Lampe);dreiecke;Seite berechnen;Seite berechnen|Dreieck erst in Figur oder Körper finden;ganz;;Eine LED-Lampe hängt 2 m über dem Boden. Ihr Lichtkegel hat an der Spitze einen Öffnungswinkel von 60°. Berechne die beleuchtete Kreisfläche. Ein quadratischer Tisch mit 0,9 m Seitenlänge soll ganz ausgeleuchtet werden. Wie hoch muss die Lampe mindestens über dem Tisch hängen?;Skizze: Lampe, Lichtkegel mit Öffnungswinkel 60°, Abstand 2 m zum Boden, kreisrunde Lichtfläche;"r = 2 · tan 30° ≈ 1,15 m; A ≈ 4,19 m²; Diagonale √1,62 ≈ 1,27 m; Abstand ≈ 0,64 : tan 30° ≈ 1,10 m";4;krumm;vorwaerts;bild;43;Serlo: 4,15 m² mit gerundetem r = 1,15
BW-WRS-2021-B2a-h1;nach BW ’21;quelle-fremd-ni-bw-bw-wrs-2021.txt · Wahlteil B2 (LED-Lampe);dreiecke;Seite berechnen;Seite berechnen;herausgeloest;BW-WRS-2021-B2a;Eine Lampe hängt 2 m über dem Boden. Ihr Licht fällt in einem Kegel mit 30° zur Senkrechten nach unten. Wie groß ist der Radius des Lichtkreises?;;r = 2 · tan 30° ≈ 1,15 m;1;krumm;vorwaerts;text;27;
BW-WRS-2021-B2a-h2;nach BW ’21;quelle-fremd-ni-bw-bw-wrs-2021.txt · Wahlteil B2 (LED-Lampe);dreiecke;Kathete oder Hypotenuse direkt;Kathete oder Hypotenuse direkt;herausgeloest;BW-WRS-2021-B2a;Ein quadratischer Tisch hat die Seitenlänge 0,9 m. Wie lang ist seine Diagonale?;;√1,62 ≈ 1,27 m;1;krumm;vorwaerts;text;13;
BW-WRS-2021-B2b;BW ’21;quelle-fremd-ni-bw-bw-wrs-2021.txt · Wahlteil B2 (Leuchtmittel);lineare;Tarife vergleichen;Tarife vergleichen|lösen;ganz;;Eine kaputte Glühbirne wird ersetzt. Leuchtmittel 1 kostet in der Anschaffung 120 Cent und dann 0,2 Cent pro Stunde. Leuchtmittel 2 kostet 80 Cent und dann 1,2 Cent pro Stunde. Ab welcher Leuchtdauer lohnt sich Leuchtmittel 1?;Tabelle im Original: Anschaffungs- und Stromkosten der beiden Leuchtmittel;"0,2x + 120 = 1,2x + 80 ⇒ x = 40; ab mehr als 40 Stunden";2;glatt;vergleichen;text;37;Einheiten (Cent) aus den Gleichungen der Lösung erschlossen
BW-WRS-2021-B2c;BW ’21;quelle-fremd-ni-bw-bw-wrs-2021.txt · Wahlteil B2 (Halbkreis);dreiecke;Seite berechnen;Seite berechnen|Winkelsumme|Figur erst zerlegen oder Strecke erst berechnen;ganz;;C liegt auf dem Halbkreis über AB = 14,0 cm (Mittelpunkt M). Der Winkel bei A ist 21°. Berechne den Winkel δ = ∢BMC, die Länge BC und den Flächeninhalt der grauen Fläche (Halbkreis ohne Dreieck ABC).;"Skizze: Halbkreis über AB mit Mittelpunkt M, C auf dem Bogen, Dreieck ABC, Strecke MC; α = 21° bei A; δ bei M zwischen MB und MC; Fläche zwischen Bogen und Dreieck grau";"δ = 42°; BC = 14 · sin 21° ≈ 5,02 cm; AC ≈ 13,07 cm; grau ≈ 76,97 − 32,80 ≈ 44,2 cm²";4;krumm;vorwaerts;bild;37;Winkel 21° bei A aus der Lösung
BW-WRS-2021-B2c-h1;nach BW ’21;quelle-fremd-ni-bw-bw-wrs-2021.txt · Wahlteil B2 (Halbkreis);dreiecke;Seite berechnen;Seite berechnen;herausgeloest;BW-WRS-2021-B2c;Das Dreieck ABC hat bei C einen rechten Winkel. Die Hypotenuse AB ist 14,0 cm lang, der Winkel bei A beträgt 21°. Berechne BC und AC.;;"BC ≈ 5,02 cm; AC ≈ 13,07 cm";2;krumm;vorwaerts;text;26;
BW-WRS-2021-B2d;BW ’21;quelle-fremd-ni-bw-bw-wrs-2021.txt · Wahlteil B2 (Parabel);quadratische;Gerade und Parabel gleichsetzen;Gerade und Parabel gleichsetzen;ganz;;Wo schneiden sich y = 0,5x² − 1 und y = 1,5x − 1? Berechne beide Punkte.;;S₁(0 | −1), S₂(3 | 3,5);2;glatt;vorwaerts;text;17;
BW-WRS-2021-B3a;BW ’21;quelle-fremd-ni-bw-bw-wrs-2021.txt · Wahlteil B3 (Pyramide);dreiecke;Dreieck erst in Figur oder Körper finden;Dreieck erst in Figur oder Körper finden|Winkel berechnen|Volumen direkt;ganz;;Eine quadratische Pyramide hat die Grundkante 6,0 m und die Höhe 6,0 m. Berechne den Flächeninhalt einer Seitenfläche. Berechne den Winkel α zwischen Seitenkante und Grundfläche. Wie verändert sich das Volumen, wenn die Grundkante verdoppelt wird und die Höhe bleibt? Begründe.;"Schrägbild: quadratische Pyramide ABCDS mit Höhe FS = 6 m; M Mitte von AB; α zwischen Seitenkante AS und Diagonale AF";"h_s = √45 ≈ 6,71 m; A ≈ 20,1 m²; tan α = 6 / (3√2), α ≈ 54,7°; Volumen 4-mal so groß (72 m³ → 288 m³)";4;krumm;vorwaerts;bild;41;
BW-WRS-2021-B3a-h1;nach BW ’21;quelle-fremd-ni-bw-bw-wrs-2021.txt · Wahlteil B3 (Pyramide);dreiecke;Dreieck erst in Figur oder Körper finden;Dreieck erst in Figur oder Körper finden;herausgeloest;BW-WRS-2021-B3a;Eine quadratische Pyramide hat die Grundkante 6 m und die Höhe 6 m. Berechne die Höhe einer Seitenfläche.;;√(3² + 6²) = √45 ≈ 6,71 m;1;krumm;vorwaerts;text;18;
BW-WRS-2021-B3b;BW ’21;quelle-fremd-ni-bw-bw-wrs-2021.txt · Wahlteil B3 (Mehrwertsteuer);prozent;Grundwert;Grundwert|Prozentwert;ganz;;"Von Juni bis Dezember 2020 betrug die Mehrwertsteuer 16 % statt 19 %. Ein Sweatshirt kostete im Dezember 2020 mit Steuer 49,90 €. Im Januar 2021 galten wieder 19 %. Berechne den neuen Preis. Eine Jacke kostet mit 19 % Steuer 149,90 €; das Geschäft schlägt 25 % Gewinn auf den Einkaufspreis. Berechne den Einkaufspreis.";"Schema im Original: Einkaufspreis + 25 % Gewinn = Nettopreis; + 19 % MwSt. = Bruttopreis";"49,90 : 1,16 ≈ 43,02 €; · 1,19 ≈ 51,19 €; Jacke: 149,90 : 1,19 : 1,25 ≈ 100,77 €";4;krumm;rueckwaerts;text;55;"Serlo: 100,78 € (gerundeter Zwischenwert); Würfelteil als B3c"
BW-WRS-2021-B3b-h1;nach BW ’21;quelle-fremd-ni-bw-bw-wrs-2021.txt · Wahlteil B3 (Mehrwertsteuer);prozent;Grundwert;Grundwert;herausgeloest;BW-WRS-2021-B3b;Ein Sweatshirt kostet mit 16 % Mehrwertsteuer 49,90 €. Wie viel kostet es ohne Steuer?;;≈ 43,02 €;1;krumm;rueckwaerts;text;15;
BW-WRS-2021-B3c;BW ’21;quelle-fremd-ni-bw-bw-wrs-2021.txt · Wahlteil B3 (Würfelrabatt);wahrscheinlichkeit;Ergebnisse aufzählen;Ergebnisse aufzählen|Wahrscheinlichkeit angeben;ganz;;Für eine Werbeaktion würfeln Kunden zweimal und addieren die Augenzahlen. Die Summe ist der Rabatt in Prozent. Wie wahrscheinlich ist ein Rabatt von mehr als 10 %?;;"Summe 11 oder 12: (5|6), (6|5), (6|6); 3/36 ≈ 8,3 %";2;kopf;vorwaerts;text;27;„Summe = Rabatt in %“ aus der Lösung erschlossen
BW-WRS-2021-B4a;BW ’21;quelle-fremd-ni-bw-bw-wrs-2021.txt · Wahlteil B4 (Viereck);dreiecke;Dreieck erst in Figur oder Körper finden;Dreieck erst in Figur oder Körper finden|Kathete oder Hypotenuse direkt|Winkel berechnen;ganz;;Ein Viereck hat die Seiten a = 14 m, b = 15 m und c = 10 m. Die Diagonale e teilt es in zwei rechtwinklige Dreiecke: eines mit den Katheten b und c, eines mit der Kathete a und der vierten Seite d. Bestimme die Winkel α und β und den Umfang.;"Skizze (nicht maßstabsgerecht): Viereck mit Diagonale e; Dreieck aus b, c, e mit rechtem Winkel zwischen b und c; Dreieck aus a, d, e mit rechtem Winkel zwischen a und d; α und β an den Enden von e";"e = √325 ≈ 18,03 m; α ≈ 56,3° + 50,9° ≈ 107,2°; β ≈ 33,7° + 39,1° ≈ 72,8°; d ≈ 11,36 m; U ≈ 50,4 m";5;krumm;vorwaerts;bild;53;Lage der rechten Winkel und Winkel α, β aus der Lösung rekonstruiert
BW-WRS-2021-B4a-h1;nach BW ’21;quelle-fremd-ni-bw-bw-wrs-2021.txt · Wahlteil B4 (Viereck);dreiecke;Kathete oder Hypotenuse direkt;Kathete oder Hypotenuse direkt;herausgeloest;BW-WRS-2021-B4a;Ein rechtwinkliges Dreieck hat die Katheten 15 m und 10 m. Berechne die Hypotenuse.;;√325 ≈ 18,03 m;1;krumm;vorwaerts;text;14;
BW-WRS-2021-B4a-h2;nach BW ’21;quelle-fremd-ni-bw-bw-wrs-2021.txt · Wahlteil B4 (Viereck);dreiecke;Winkel berechnen;Winkel berechnen;herausgeloest;BW-WRS-2021-B4a;Ein rechtwinkliges Dreieck hat die Hypotenuse 18,03 m und eine Kathete 15 m. Berechne den Winkel, der dieser Kathete gegenüberliegt.;;sin α = 15/18,03, α ≈ 56,3°;1;krumm;vorwaerts;text;20;
BW-WRS-2021-B4b;BW ’21;quelle-fremd-ni-bw-bw-wrs-2021.txt · Wahlteil B4 (Spiegelung);quadratische;Scheitelpunkt ablesen;Scheitelpunkt ablesen|Parabel skizzieren;ganz;;Die Parabel y₁ = x² − 3 wird an der Geraden y = 2,5 gespiegelt. Zeichne die gespiegelte Parabel. Gib ihren Scheitelpunkt und ihre Gleichung an.;"Koordinatensystem: x −4..4; y −4..9; Gitter ja";"S(0 | 8); y₂ = −x² + 8";2;kopf;darstellen;graph;26;
BW-WRS-2021-B4c;BW ’21;quelle-fremd-ni-bw-bw-wrs-2021.txt · Wahlteil B4 (Geraden);lineare;Gleichung aufstellen und rückwärts rechnen;Gleichung aufstellen und rückwärts rechnen|lösen|erkennen und ablesen;ganz;;Die Gerade g₁ hat die Gleichung y = 2x + 5. Die Gerade g₂ hat die Steigung −3 und den y-Achsenabschnitt 2,5. Berechne den Schnittpunkt. Welche der Geraden y₁ = 2x − 3, y₂ = 3x + 5, y₃ = −2x + 5 ist parallel zu g₁? Begründe.;;"g₂: y = −3x + 2,5; P(−0,5 | 4); y₁ ist parallel (gleiche Steigung 2)";3;glatt;vorwaerts;text;48;
BW-WRS-2022-A1-1;BW ’22;quelle-fremd-ni-bw-bw-wrs-2022.txt · Pflichtteil A1 Nr. 1;gleichungssysteme;lösen;lösen;ganz;;Löse das Gleichungssystem. (I) 2x + 24 = 7y (II) 2y + x − 32 = 0;;x = 16, y = 8;2;kopf;vorwaerts;text;17;gleich wie RS 2022 A1 Nr. 1
BW-WRS-2022-A1-2;BW ’22;quelle-fremd-ni-bw-bw-wrs-2022.txt · Pflichtteil A1 Nr. 2 (doppelt als Nr. 3);dreiecke;Seitenverhältnis benennen;Seitenverhältnis benennen;ganz;;Im rechtwinkligen Dreieck ABC liegt der rechte Winkel bei C. Ergänze: sin α = ▢ und tan β = ▢.;Skizze: rechtwinkliges Dreieck ABC, rechter Winkel bei C, Seiten a, b, c;"sin α = a/c; tan β = b/a";1;kopf;darstellen;bild;20;
BW-WRS-2022-A1-4;BW ’22;quelle-fremd-ni-bw-bw-wrs-2022.txt · Pflichtteil A1 Nr. 4 (doppelt als Nr. 5);quadratische;Lage zweier Parabeln ohne Rechnung begründen;Lage zweier Parabeln ohne Rechnung begründen;ganz;;"Die Parabel p₁: y = 0,5x² − 4 wird an der Geraden g: y = −2 gespiegelt. Welche Gleichung hat die gespiegelte Parabel? y = −0,5x² + 4; y = 0,5x² + 2; y = −0,5x²; y = 0,5x²";Graph: Parabel p₁ mit Scheitel (0 | −4) und waagerechte Gerade g bei y = −2;y = −0,5x² (Scheitel wird auf (0 | 0) gespiegelt, Öffnung nach unten);1;kopf;vorwaerts;graph;39;"Lage von g (y = −2) aus der Lösung erschlossen; Stufe ersatzweise"
BW-WRS-2022-A1-6;BW ’22;quelle-fremd-ni-bw-bw-wrs-2022.txt · Pflichtteil A1 Nr. 6;dreiecke;rechten Winkel begründen;rechten Winkel begründen;ganz;;Welches Dreieck hat einen rechten Winkel? Begründe. A) 9 cm, 12 cm, 15 cm B) 8 cm, 10 cm, 20 cm C) 3 cm, 4 cm, 6 cm D) 4 cm, 5 cm, 6 cm;;"A: 9² + 12² = 225 = 15²; bei B, C, D gilt der Satz des Pythagoras nicht";2;kopf;pruefen;text;35;
BW-WRS-2022-A1-8;BW ’22;quelle-fremd-ni-bw-bw-wrs-2022.txt · Pflichtteil A1 Nr. 8 (doppelt als Nr. 9);daten;Mittelwert;Mittelwert|Minimum, Maximum, Spannweite;ganz;;Eine Messstation zwischen Russland und Alaska meldet diese Monatsmittel: Juli 10 °C, August 9 °C, September 5 °C, Oktober −1 °C, November −9 °C, Dezember −14 °C. Gib den Mittelwert an. Wie groß ist der Unterschied zwischen Juli und Dezember?;Tabelle: Monate Juli bis Dezember mit den Temperaturen;"Mittelwert 0 °C; Unterschied 24 K";2;kopf;vorwaerts;tabelle;40;
BW-WRS-2022-A1-10;BW ’22;quelle-fremd-ni-bw-bw-wrs-2022.txt · Pflichtteil A1 Nr. 10;quadratische;Nullstellen berechnen;Nullstellen berechnen;ganz;;Jano sagt: „Die Gleichung 0,5x² − 3x + 4,5 = 0 hat zwei Lösungen.“ Stimmt das? Begründe.;;nein: x² − 6x + 9 = 0, Wurzel 0, nur x = 3;1;kopf;pruefen;text;17;gleich wie RS 2022 A1 Nr. 2
BW-WRS-2022-A1-11;BW ’22;quelle-fremd-ni-bw-bw-wrs-2022.txt · Pflichtteil A1 Nr. 11;dreiecke;Winkelsumme;Winkelsumme|gleichschenkliges Dreieck;ganz;;Unten liegt ein gleichschenkliges Dreieck, dessen Ecken auf einem Halbkreis liegen (Spitze auf dem Bogen). Darauf sitzt ein gleichseitiges Dreieck. Bestimme den Winkel α, ohne zu messen.;"Skizze: Halbkreis, darin gleichschenkliges Dreieck mit Spitze auf dem Bogen (Thaleskreis); an eine Seite angesetzt ein gleichseitiges Dreieck; α setzt sich aus einem Basiswinkel und einem 60°-Winkel zusammen";"unten rechter Winkel, Basiswinkel je 45°; gleichseitig: 60°; α = 105°";2;kopf;vorwaerts;bild;27;Lage aus der Lösung erschlossen
BW-WRS-2022-A1-14;BW ’22;quelle-fremd-ni-bw-bw-wrs-2022.txt · Pflichtteil A1 Nr. 14;wahrscheinlichkeit;Wahrscheinlichkeit angeben;Wahrscheinlichkeit angeben;ganz;;Beim Memory liegen noch sechs Karten verdeckt, zwei davon zeigen eine Sonne. Jan hat schon eine Sonne aufgedeckt. Wie wahrscheinlich ist auch auf der zweiten Karte eine Sonne?;;1/5 = 20 % (eine Sonne unter fünf verdeckten Karten);1;kopf;vorwaerts;text;28;Kartenzahl aus der Lösung (fünf verdeckt)
BW-WRS-2022-A2-1;BW ’22;quelle-fremd-ni-bw-bw-wrs-2022.txt · Pflichtteil A2 Nr. 1;wahrscheinlichkeit;ohne Zurücklegen;ohne Zurücklegen|Pfadregel;ganz;;Lars zieht aus drei roten, einer gelben und zwei schwarzen Kugeln zweimal. Im Baumdiagramm stehen im Nenner erst 6, dann 5. Prüfe: A) Er zieht mit Zurücklegen. B) P(zwei rote) = 20 %. Ein Glücksrad hat 8 gleiche Felder: eine 1, zwei 2, vier 3 und ein weiteres Feld. Es wird zweimal gedreht, die Zahlen werden addiert. Berechne P(Summe ≤ 4).;Baumdiagramm: zweistufig, Nenner 6 und 5 // Glücksrad mit 8 gleichen Feldern: 1 einmal, 2 zweimal, 3 viermal, eine weitere Zahl größer als 3 einmal;"A falsch (ohne Zurücklegen); B richtig: 3/6 · 2/5 = 1/5; P(Summe ≤ 4) = 17/64 ≈ 26,6 %";3;kopf;pruefen;diagramm;61;achtes Feld des Glücksrads nicht im Text (Zahl > 3 angenommen)
BW-WRS-2022-A2-1-h1;nach BW ’22;quelle-fremd-ni-bw-bw-wrs-2022.txt · Pflichtteil A2 Nr. 1;wahrscheinlichkeit;ohne Zurücklegen;ohne Zurücklegen;herausgeloest;BW-WRS-2022-A2-1;Lars zieht zwei Kugeln ohne Zurücklegen aus drei roten, einer gelben und zwei schwarzen. Wie wahrscheinlich sind beide rot?;;3/6 · 2/5 = 1/5 = 20 %;1;kopf;vorwaerts;text;19;
BW-WRS-2022-A2-2;BW ’22;quelle-fremd-ni-bw-bw-wrs-2022.txt · Pflichtteil A2 Nr. 2;quadratische;Nullstellen berechnen;Nullstellen berechnen|Formel oder Term zur Figur;ganz;;Eine Figur aus Rechteck (Seiten a und b) und Dreieck (Grundseite a, Höhe 7 m) ist 75 m² groß. a ist 6 m länger als b. Stelle eine Gleichung auf und berechne a und b.;Skizze: Rechteck a × b, an der Seite a ein Dreieck mit Höhe h = 7 m;(b + 6) · b + ½ · (b + 6) · 7 = 75 ⇒ b² + 9,5b − 54 = 0 ⇒ b = 4 m, a = 10 m;3;glatt;rueckwaerts;bild;35;
BW-WRS-2022-A2-3;BW ’22;quelle-fremd-ni-bw-bw-wrs-2022.txt · Pflichtteil A2 Nr. 3;dreiecke;Seite berechnen;Seite berechnen;ganz;;Am 21.12.2020 standen Jupiter und Saturn von der Erde aus gesehen nur 0,1° auseinander. Jupiter war 628 000 000 km von der Erde entfernt. Berechne den Abstand x.;"Skizze: rechtwinkliges Dreieck Erde–Jupiter–Saturn; Hypotenuse Erde–Jupiter 628 000 000 km; Winkel 0,1° an der Erde; x Gegenkathete";x = 628 000 000 · sin 0,1° ≈ 1 096 000 km;1;krumm;vorwaerts;bild;28;"Tabelle zu Umlaufzeiten (Dreisatz) weggelassen; Lage des rechten Winkels aus der Lösung"
BW-WRS-2022-A2-4;BW ’22;quelle-fremd-ni-bw-bw-wrs-2022.txt · Pflichtteil A2 Nr. 4;dreiecke;Seite berechnen;Seite berechnen|gleichschenkliges Dreieck|Kathete oder Hypotenuse direkt;ganz;;In einem Kreis mit r = 7,5 cm bilden zwei Radien einen Winkel von α = 110°. Berechne die Sehne b zwischen ihren Enden. In einen Kreis mit r = 4 cm wird ein Quadrat gezeichnet, die Ecken liegen auf dem Kreis. Skizziere es und berechne seinen Flächeninhalt.;Skizze: Kreis mit Mittelpunkt, gleichschenkliges Dreieck aus zwei Radien r = 7,5 cm und Sehne b, Winkel 110° am Mittelpunkt, Höhe gestrichelt;"b = 2 · 7,5 · sin 55° ≈ 12,29 cm; Quadrat: 2a² = 8² ⇒ A = 32 cm²";3;krumm;vorwaerts;bild;48;Serlo: 32,04 cm² mit gerundetem a
BW-WRS-2022-A2-4-h1;nach BW ’22;quelle-fremd-ni-bw-bw-wrs-2022.txt · Pflichtteil A2 Nr. 4;dreiecke;Kathete oder Hypotenuse direkt;Kathete oder Hypotenuse direkt;herausgeloest;BW-WRS-2022-A2-4;Ein Quadrat liegt mit seinen Ecken auf einem Kreis mit r = 4 cm. Berechne die Seitenlänge und den Flächeninhalt.;;"Diagonale 8 cm; a = √32 ≈ 5,66 cm; A = 32 cm²";2;krumm;vorwaerts;text;20;
BW-WRS-2022-A2-5;BW ’22;quelle-fremd-ni-bw-bw-wrs-2022.txt · Pflichtteil A2 Nr. 5;prozent;Zinseszins und Guthabentabelle;Zinseszins und Guthabentabelle|Zinsen und Zinssatz;ganz;;"Familie Kramer hat vor drei Jahren 15 000 € zu 1,5 % pro Jahr angelegt; die Zinsen wurden mitverzinst. Wie viel Geld hat sie jetzt? Für ein Auto zu 25 000 € zahlt sie 14 000 € an. Den Rest leiht sie bei der Bank zu 1,44 % pro Jahr und zahlt monatlich 430 €. Berechne Zinsen und Tilgung der ersten zwei Monate.";"Tabelle: Kredithöhe Monatsanfang | Zinsen | Rate | Tilgung | Kredithöhe Monatsende; zwei leere Zeilen";"15 000 · 1,015³ ≈ 15 685,18 €; Monat 1: Zinsen 13,20 €, Tilgung 416,80 €; Monat 2: Zinsen 12,70 €, Tilgung 417,30 €";4;krumm;vorwaerts;tabelle;63;Zinssatz 1,44 % und Rate 430 € nur aus der Lösung (Angebot im Bild)
BW-WRS-2022-A2-5-h1;nach BW ’22;quelle-fremd-ni-bw-bw-wrs-2022.txt · Pflichtteil A2 Nr. 5;prozent;Zinseszins und Guthabentabelle;Zinseszins und Guthabentabelle;herausgeloest;BW-WRS-2022-A2-5;Familie Kramer legt 15 000 € für 3 Jahre zu 1,5 % an. Die Zinsen werden mitverzinst. Wie viel Geld hat sie dann?;;≈ 15 685,18 €;1;krumm;vorwaerts;text;23;
BW-WRS-2022-A2-5-h2;nach BW ’22;quelle-fremd-ni-bw-bw-wrs-2022.txt · Pflichtteil A2 Nr. 5;prozent;Zinsen und Zinssatz;Zinsen und Zinssatz;herausgeloest;BW-WRS-2022-A2-5;Ein Kredit über 11 000 € kostet 1,44 % Zinsen im Jahr. Wie viel Zinsen fallen für einen Monat an?;;11 000 · 0,0144 : 12 = 13,20 €;1;glatt;vorwaerts;text;20;
BW-WRS-2022-A2-6;BW ’22;quelle-fremd-ni-bw-bw-wrs-2022.txt · Pflichtteil A2 Nr. 6;dreiecke;Seite berechnen;Seite berechnen|rückwärts: Radius oder Höhe aus Volumen;ganz;;Ein Wasserspeicher ist ein Zylinder mit einem Kegeldach. In den Zylinder passen 8 m³ Wasser. Die Mantellinie des Dachs ist s = 1,35 m lang und bildet mit dem Boden des Dachs α = 40°. Berechne die Höhe des Zylinders und die Gesamthöhe.;"Skizze: Zylinder mit aufgesetztem Kegel; Mantellinie s = 1,35 m vom Zylinderrand zur Spitze; α = 40° zwischen s und Kegelradius";"r = 1,35 · cos 40° ≈ 1,03 m; h_Z = 8 : (π r²) ≈ 2,39 m; h_K = 1,35 · sin 40° ≈ 0,87 m; gesamt ≈ 3,27 m";4;krumm;vorwaerts;bild;43;"Serlo: 2,40 m und 3,27 m (r auf 1,03 gerundet); exakt 2,38 m und 3,25 m; Blechdach-Teil weggelassen"
BW-WRS-2022-A2-6-h1;nach BW ’22;quelle-fremd-ni-bw-bw-wrs-2022.txt · Pflichtteil A2 Nr. 6;dreiecke;Seite berechnen;Seite berechnen;herausgeloest;BW-WRS-2022-A2-6;Die Mantellinie eines Kegeldachs ist 1,35 m lang und bildet mit der Grundfläche 40°. Berechne Radius und Höhe des Dachs.;;"r = 1,35 · cos 40° ≈ 1,03 m; h = 1,35 · sin 40° ≈ 0,87 m";2;krumm;vorwaerts;text;20;
BW-WRS-2022-A2-6-h2;nach BW ’22;quelle-fremd-ni-bw-bw-wrs-2022.txt · Pflichtteil A2 Nr. 6;koerper;rückwärts: Radius oder Höhe aus Volumen;rückwärts: Radius oder Höhe aus Volumen;herausgeloest;BW-WRS-2022-A2-6;Ein zylinderförmiges Becken hat den Radius 1,03 m und fasst 8 m³. Wie hoch ist es?;;h = 8 : (π · 1,03²) ≈ 2,40 m;1;krumm;rueckwaerts;text;16;
BW-WRS-2022-A2-7;BW ’22;quelle-fremd-ni-bw-bw-wrs-2022.txt · Pflichtteil A2 Nr. 7;quadratische;Lage zweier Parabeln ohne Rechnung begründen;Lage zweier Parabeln ohne Rechnung begründen|Parabel skizzieren;ganz;;Die Parabel y = −¼x² + 4 wird an der x-Achse gespiegelt, dann wird der Scheitel um 2 nach oben verschoben. Gib die neue Gleichung an. Zeichne die Parabel y = −¼x² + 4.;"Koordinatensystem: x −5..5; y −3..5; Gitter ja";y = ¼x² − 2;2;kopf;vorwaerts;graph;34;Stufe ersatzweise
BW-WRS-2022-A2-8;BW ’22;quelle-fremd-ni-bw-bw-wrs-2022.txt · Pflichtteil A2 Nr. 8;prozent;Erhöhung und Veränderung in Prozent;Erhöhung und Veränderung in Prozent|Zinseszins und Guthabentabelle;ganz;;Ein Großflughafen sollte 2010 noch 2,5 Mrd. € kosten, 2020 waren es 6,4 Mrd. €. Um wie viel Prozent stiegen die Kosten? Im Mittel stiegen sie jedes Jahr um 9,86 %. Auf welchen Betrag wären 25 000 € mit diesem Zinssatz in diesen 10 Jahren gewachsen (Zinsen mitverzinst)?;"Graph: Kosten in Mrd. € 2010 bis 2020: 2,5; 2,8; 3; 4; 5,2; 5,3; 5,4; 6; 6,1; 6,3; 6,4";"156 %; 25 000 · 1,0986¹⁰ ≈ 64 023 €";2;krumm;vorwaerts;graph;48;Teil „größter Anstieg zwischen zwei Jahren“ weggelassen
BW-WRS-2022-A2-8-h1;nach BW ’22;quelle-fremd-ni-bw-bw-wrs-2022.txt · Pflichtteil A2 Nr. 8;prozent;Erhöhung und Veränderung in Prozent;Erhöhung und Veränderung in Prozent;herausgeloest;BW-WRS-2022-A2-8;Ein Bau sollte 2,5 Mrd. € kosten. Am Ende kostete er 6,4 Mrd. €. Um wie viel Prozent stiegen die Kosten?;;156 %;1;glatt;vorwaerts;text;21;
BW-WRS-2022-A2-8-h2;nach BW ’22;quelle-fremd-ni-bw-bw-wrs-2022.txt · Pflichtteil A2 Nr. 8;prozent;Zinseszins und Guthabentabelle;Zinseszins und Guthabentabelle;herausgeloest;BW-WRS-2022-A2-8;25 000 € werden 10 Jahre zu 9,86 % angelegt. Die Zinsen werden mitverzinst. Wie viel Geld ist es dann?;;≈ 64 022,99 €;1;krumm;vorwaerts;text;20;
BW-WRS-2022-B1a;BW ’22;quelle-fremd-ni-bw-bw-wrs-2022.txt · Wahlteil B1a;koerper;Volumen direkt;Volumen direkt|Prozentsatz|Winkel berechnen;ganz;;In einem Würfel mit 5 cm Kantenlänge steht ein Kegel. Sein Durchmesser und seine Höhe sind 5 cm. Berechne das Volumen des Kegels und seinen Anteil am Würfelvolumen in Prozent. Bestimme den Winkel α zwischen Mantellinie und Grundfläche oder den Öffnungswinkel β an der Spitze.;"Schrägbild: Würfel mit Kantenlänge 5 cm, darin Kegel auf der Bodenfläche, Spitze in der Mitte der Deckfläche; α zwischen Mantellinie und Grundfläche, β an der Spitze";"V = ⅓ · π · 2,5² · 5 ≈ 32,7 cm³; ≈ 26,2 %; tan α = 5/2,5 ⇒ α ≈ 63,4°; β ≈ 53,1°";3;krumm;vorwaerts;bild;45;Strahlensatz-Teil weggelassen
BW-WRS-2022-B1a-h1;nach BW ’22;quelle-fremd-ni-bw-bw-wrs-2022.txt · Wahlteil B1a;prozent;Prozentsatz;Prozentsatz;herausgeloest;BW-WRS-2022-B1a;Ein Kegel hat ein Volumen von 32,7 cm³, ein Würfel von 125 cm³. Wie viel Prozent des Würfelvolumens ist das Kegelvolumen?;;≈ 26,2 %;1;krumm;vorwaerts;text;21;
BW-WRS-2022-B1a-h2;nach BW ’22;quelle-fremd-ni-bw-bw-wrs-2022.txt · Wahlteil B1a;dreiecke;Winkel berechnen;Winkel berechnen;herausgeloest;BW-WRS-2022-B1a;Ein Kegel hat den Radius 2,5 cm und die Höhe 5 cm. Berechne den Winkel zwischen Mantellinie und Grundfläche.;;tan α = 2 ⇒ α ≈ 63,4°;1;krumm;vorwaerts;text;19;
BW-WRS-2022-B1b;BW ’22;quelle-fremd-ni-bw-bw-wrs-2022.txt · Wahlteil B1b;wahrscheinlichkeit;ohne Zurücklegen;ohne Zurücklegen|Pfadregel;ganz;;In einem Beutel liegen 15 Kugeln: rote, gelbe und blaue. Zwei werden ohne Zurücklegen gezogen. Zweimal Rot kommt mit 20/210, zweimal Gelb mit 30/210 und zweimal Blau mit 12/210. Bestimme die Anzahl jeder Farbe. In einem anderen Beutel liegen 26 goldene, 13 silberne und 19 bronzene Kugeln. Es wird zweimal mit Zurücklegen gezogen. Wie wahrscheinlich sind eine goldene und eine silberne Kugel (Reihenfolge egal)?;;"5 rote, 6 gelbe, 4 blaue; 2 · 26/58 · 13/58 = 676/3 364 ≈ 20,1 %";3;kopf;rueckwaerts;text;64;"Serlo gibt ≈ 10 % an (nur eine Reihenfolge gezählt); richtig ist ≈ 20,1 %"
BW-WRS-2022-B1b-h1;nach BW ’22;quelle-fremd-ni-bw-bw-wrs-2022.txt · Wahlteil B1b;wahrscheinlichkeit;Pfadregel;Pfadregel;herausgeloest;BW-WRS-2022-B1b;In einem Beutel liegen 26 goldene, 13 silberne und 19 bronzene Kugeln. Du ziehst zweimal mit Zurücklegen. Wie wahrscheinlich ist zuerst gold, dann silber?;;26/58 · 13/58 = 338/3 364 ≈ 10 %;1;krumm;vorwaerts;text;24;
BW-WRS-2022-B2a;BW ’22;quelle-fremd-ni-bw-bw-wrs-2022.txt · Wahlteil B2a;quadratische;Parabel skizzieren;Parabel skizzieren|Lage zweier Parabeln ohne Rechnung begründen|Nullstellen berechnen;ganz;;Gegeben ist die Parabel y = −0,5x² + 2. Lege eine Wertetabelle für −3 ≤ x ≤ 3 an und zeichne die Parabel. Sie wird an der Geraden y = −1 gespiegelt. Bestimme die Gleichung der gespiegelten Parabel. Löse die Gleichung 2x − 4 = −2x² + 8.;"Koordinatensystem: x −3..3; y −5..3; Gitter ja";"y = −2,5; 0; 1,5; 2; 1,5; 0; −2,5; gespiegelt: y = 0,5x² − 4; x₁ = 2, x₂ = −3";4;kopf;vorwaerts;graph;48;
BW-WRS-2022-B2a-h1;nach BW ’22;quelle-fremd-ni-bw-bw-wrs-2022.txt · Wahlteil B2a;quadratische;Nullstellen berechnen;Nullstellen berechnen;herausgeloest;BW-WRS-2022-B2a;Löse die Gleichung 2x − 4 = −2x² + 8.;;x₁ = 2, x₂ = −3;2;kopf;vorwaerts;text;10;
BW-WRS-2022-B2b;BW ’22;quelle-fremd-ni-bw-bw-wrs-2022.txt · Wahlteil B2b;prozent;Grundwert;Grundwert;ganz;;Deutsche Imker decken 20 % des Honigbedarfs in Deutschland. 2012 produzierten sie 15 000 t, 2018 27 500 t. Wie viel Honig wurde in diesen Jahren eingeführt?;Diagramm im Original: deutsche Honigproduktion 2012 und 2018;"2012: 75 000 t Bedarf, 60 000 t eingeführt; 2018: 137 500 t Bedarf, 110 000 t eingeführt";2;glatt;rueckwaerts;text;27;"Kugel-Teil (Bienenwachs) weggelassen; Mengen 2012/2018 nur aus der Lösung"
BW-WRS-2022-B3a;BW ’22;quelle-fremd-ni-bw-bw-wrs-2022.txt · Wahlteil B3a;flaechen;rückwärts: Seite aus Fläche;rückwärts: Seite aus Fläche|Prozentsatz|Grundwert;ganz;;"Ein Tangram ist ein Quadrat aus 7 Teilen. Jedes der beiden großen Dreiecke ist 36 cm² groß; seine Grundseite ist die Quadratseite a, seine Höhe a/2. Berechne a. Das kleine Quadrat (Diagonale a/2) und das Parallelogramm (Grundseite a/2, Höhe a/4): Wie viel Prozent der Gesamtfläche ist jedes? Eine Postkarte mit Tangram kostet 54 ct in der Herstellung und wird für 85 ct verkauft, darin 5 % Mehrwertsteuer. Berechne den Gewinn.";Skizze: Tangram-Quadrat mit Seitenlänge a, zwei große Dreiecke grau, kleines Quadrat A1, Parallelogramm A2;"a = 12 cm; A1 = 18 cm² = 12,5 %; A2 = 18 cm² = 12,5 %; Nettopreis 85 : 1,05 ≈ 80,95 ct; Gewinn ≈ 26,95 ct";4;krumm;rueckwaerts;bild;70;
BW-WRS-2022-B3a-h1;nach BW ’22;quelle-fremd-ni-bw-bw-wrs-2022.txt · Wahlteil B3a;prozent;Grundwert;Grundwert;herausgeloest;BW-WRS-2022-B3a;Eine Postkarte kostet 85 ct. Darin sind 5 % Mehrwertsteuer enthalten. Wie viel kostet sie ohne Steuer?;;85 : 1,05 ≈ 80,95 ct;1;krumm;rueckwaerts;text;17;
BW-WRS-2022-B3b;BW ’22;quelle-fremd-ni-bw-bw-wrs-2022.txt · Wahlteil B3b;quadratische;Nullstellen berechnen;Nullstellen berechnen|rückwärts: Seite aus Fläche;ganz;;Ein Rechteck ist 192 cm² groß. Die lange Seite ist 4 cm länger als die kurze. Stelle eine Gleichung auf und berechne die Seiten. Merle sagt: „Verdopple ich beide Seiten, verdoppelt sich die Fläche.“ Hat sie recht? Rechne.;;"(b + 4) · b = 192 ⇒ b = 12 cm, a = 16 cm; nein: 2a · 2b = 4ab, die Fläche vervierfacht sich";3;kopf;pruefen;text;38;
BW-WRS-2022-B4a;BW ’22;quelle-fremd-ni-bw-bw-wrs-2022.txt · Wahlteil B4a;prozent;Zinseszins und Guthabentabelle;Zinseszins und Guthabentabelle|Zinsen und Zinssatz|Erhöhung und Veränderung in Prozent;ganz;;Herr Klausen legt 8 000 € für drei Jahre an, Zinsen werden mitverzinst. Im 1. Jahr gibt es 0,8 %. Im 2. Jahr bekommt er 100,80 € Zinsen. Nach drei Jahren hat er 8 368,92 €. Berechne die Zinssätze im 2. und 3. Jahr. Frau Bleich legt 8 000 € für 10 Jahre zu 1,4 % an (mit Zinseszins). Wie viel bekommt sie ausgezahlt? Erreicht sie mindestens 14,5 % Wertsteigerung?;Tabelle: H-Bank: Zinssatz 1,4 % p. a., Laufzeit 10 Jahre, Zinsen werden mitverzinst;"2. Jahr 1,25 %, 3. Jahr 2,5 %; Frau Bleich: 8 000 · 1,014¹⁰ ≈ 9 193,26 €; Steigerung ≈ 14,9 % > 14,5 % → ja";4;krumm;rueckwaerts;tabelle;70;Diagramm-Teil weggelassen
BW-WRS-2022-B4a-h1;nach BW ’22;quelle-fremd-ni-bw-bw-wrs-2022.txt · Wahlteil B4a;prozent;Zinsen und Zinssatz;Zinsen und Zinssatz;herausgeloest;BW-WRS-2022-B4a;Herr Klausen hat 8 064 € auf dem Konto. Nach einem Jahr bekommt er 100,80 € Zinsen. Wie hoch ist der Zinssatz?;;1,25 %;1;glatt;rueckwaerts;text;22;
BW-WRS-2022-B4a-h2;nach BW ’22;quelle-fremd-ni-bw-bw-wrs-2022.txt · Wahlteil B4a;prozent;Zinseszins und Guthabentabelle;Zinseszins und Guthabentabelle;herausgeloest;BW-WRS-2022-B4a;Frau Bleich legt 8 000 € für 10 Jahre zu 1,4 % an. Die Zinsen werden mitverzinst. Wie viel bekommt sie ausgezahlt?;;≈ 9 193,26 €;1;krumm;vorwaerts;text;22;
BW-WRS-2022-B4b;BW ’22;quelle-fremd-ni-bw-bw-wrs-2022.txt · Wahlteil B4b;flaechen;rückwärts: Seite aus Fläche;rückwärts: Seite aus Fläche|Winkel berechnen|aufstellen;ganz;;Ein Drachenviereck ist 162,8 cm² groß. Seine Symmetrieachse teilt es in zwei Dreiecke mit der Grundseite x + 4,5 cm und der Höhe 7,4 cm. Berechne x und den Winkel α. Ein Parallelogramm hat den Umfang 25,16 cm. Die kurzen Seiten sind 30 % kürzer als die langen. Berechne a und b.;"Skizze: Viereck mit Symmetrieachse; Diagonale aus Stücken x und 4,5 cm, halbe Querdiagonale 7,4 cm; α an der Ecke auf der Querdiagonale";"x = 17,5 cm; α = arctan(17,5/7,4) + arctan(4,5/7,4) ≈ 67,1° + 31,3° = 98,4°; a = 7,4 cm, b = 5,18 cm";4;krumm;rueckwaerts;bild;52;Form des Vierecks aus der Lösung erschlossen
BW-WRS-2022-B4b-h1;nach BW ’22;quelle-fremd-ni-bw-bw-wrs-2022.txt · Wahlteil B4b;dreiecke;Winkel berechnen;Winkel berechnen;herausgeloest;BW-WRS-2022-B4b;Ein rechtwinkliges Dreieck hat die Katheten 17,5 cm und 7,4 cm. Berechne den Winkel gegenüber der Kathete 17,5 cm.;;tan α = 17,5/7,4 ⇒ α ≈ 67,1°;1;krumm;vorwaerts;text;19;
BW-WRS-2022-B4b-h2;nach BW ’22;quelle-fremd-ni-bw-bw-wrs-2022.txt · Wahlteil B4b;gleichungssysteme;aufstellen;aufstellen;herausgeloest;BW-WRS-2022-B4b;Ein Parallelogramm hat den Umfang 25,16 cm. Die kurzen Seiten sind 30 % kürzer als die langen. Wie lang sind die Seiten?;;2a + 2 · 0,7a = 25,16 ⇒ a = 7,4 cm, b = 5,18 cm;2;krumm;rueckwaerts;text;22;
BW-WRS-2023-A1-1;BW ’23;quelle-fremd-ni-bw-bw-wrs-2023.txt · Pflichtteil A1 Nr. 1;wahrscheinlichkeit;Wahrscheinlichkeit angeben;Wahrscheinlichkeit angeben;ganz;;Ein Würfel hat 20 Seiten mit den Zahlen 1 bis 20. Wie wahrscheinlich würfelst du eine Zahl kleiner als 7? Ein Glücksrad hat 10 gleich große Felder, auf vier davon steht eine Primzahl (3, 5, 7, 11). Wie wahrscheinlich drehst du eine Primzahl?;Bild: 20-seitiger Würfel // Glücksrad mit 10 gleichen Feldern, darunter 3, 5, 7, 11 (übrige Zahlen keine Primzahlen);"6/20 = 30 %; 4/10 = 40 %";1;kopf;vorwaerts;bild;43;übrige Felder des Glücksrads nicht im Text
BW-WRS-2023-A1-2;BW ’23;quelle-fremd-ni-bw-bw-wrs-2023.txt · Pflichtteil A1 Nr. 2;dreiecke;Seitenverhältnis benennen;Seitenverhältnis benennen;ganz;;Ergänze die Gleichungen zur Figur: sin ε = ▢ und ▢ = AC / AB.;"Skizze: Dreieck ABC mit rechtem Winkel bei A, D auf der Verlängerung von AB; Dreieck ACD rechtwinklig bei A; ε bei D, β bei B";"sin ε = AC / DC; tan β = AC / AB";1;kopf;darstellen;bild;15;Figur aus der Lösung rekonstruiert
BW-WRS-2023-A1-4;BW ’23;quelle-fremd-ni-bw-bw-wrs-2023.txt · Pflichtteil A1 Nr. 4;daten;Median;Median|Aussagen prüfen, Auswirkung erklären;ganz;;"Bei der Umfrage „Dein Schulweg“ kamen 2, 7, 9, 12 und 15 Nennungen für fünf Verkehrsmittel zusammen; 7 kamen mit dem Fahrrad. Wie ändert sich der Median der Anzahlen, wenn doppelt so viele mit dem Fahrrad kommen und alles andere gleich bleibt?";Säulendiagramm: fünf Verkehrsmittel mit 2, 7 (Fahrrad), 9, 12, 15 Nennungen;"vorher 9; nachher Liste 2, 9, 12, 14, 15 → Median 12";2;kopf;pruefen;diagramm;42;Zuordnung der übrigen Zahlen zu Verkehrsmitteln nicht im Text
BW-WRS-2023-A1-5;BW ’23;quelle-fremd-ni-bw-bw-wrs-2023.txt · Pflichtteil A1 Nr. 5;dreiecke;Winkelsumme;Winkelsumme|gleichschenkliges Dreieck;ganz;;Im gleichschenkligen Dreieck ABC gilt AC = BC. Die Gerade g verläuft parallel zu BC. Am Punkt A entsteht zwischen g und AB ein Winkel von 114°. Berechne α und γ.;"Skizze: gleichschenkliges Dreieck ABC mit Basis AB; Gerade g durch A parallel zu BC; Winkel 114° zwischen g und Verlängerung von AB";"α = 180° − 114° = 66° = β; γ = 180° − 2 · 66° = 48°";2;kopf;vorwaerts;bild;31;Lage des 114°-Winkels aus der Lösung
BW-WRS-2023-A1-6;BW ’23;quelle-fremd-ni-bw-bw-wrs-2023.txt · Pflichtteil A1 Nr. 6;prozent;Grundwert;Grundwert;ganz;;Am „Black Friday“ kostet ein Tablet 360,00 €. Der Preis wurde auf 80 % gesenkt. Was kostete das Tablet vorher?;;450 € (360 € sind 80 %);1;glatt;rueckwaerts;text;20;
BW-WRS-2023-A1-7;BW ’23;quelle-fremd-ni-bw-bw-wrs-2023.txt · Pflichtteil A1 Nr. 7;quadratische;Nullstellen berechnen;Nullstellen berechnen;ganz;;Wie viele Lösungen hat die Gleichung 2x² + 16x + 25 = −7?;;eine Lösung: x² + 8x + 16 = 0, x = −4;1;kopf;vorwaerts;text;13;
BW-WRS-2023-A1-8;BW ’23;quelle-fremd-ni-bw-bw-wrs-2023.txt · Pflichtteil A1 Nr. 8;quadratische;Scheitelpunktform angeben;Scheitelpunktform angeben;ganz;;Eine Parabel ist gegenüber der Normalparabel um 2 nach unten verschoben und mit dem Faktor 3 gestreckt. Gib ihre Gleichung an.;;y = 3x² − 2;1;kopf;rueckwaerts;text;21;
BW-WRS-2023-A1-9;BW ’23;quelle-fremd-ni-bw-bw-wrs-2023.txt · Pflichtteil A1 Nr. 9;koerper;Volumen direkt;Volumen direkt;ganz;;Ein Körper besteht aus einem Zylinder mit einem Kegel darauf. Welcher Term passt nicht zu seiner Oberfläche? (1) O_Kegel + M_Zylinder (2) O_Zylinder + O_Kegel − 2 · G_Zylinder (3) M_Kegel + O_Zylinder;Schrägbild: Zylinder mit aufgesetztem Kegel gleichen Radius;(3): die Deckfläche des Zylinders wird mitgezählt;1;kopf;pruefen;bild;33;"Oberfläche hat keine eigene P10-Stufe; ersatzweise Körper"
BW-WRS-2023-A1-10;BW ’23;quelle-fremd-ni-bw-bw-wrs-2023.txt · Pflichtteil A1 Nr. 10;wahrscheinlichkeit;Ergebnisse aufzählen;Ergebnisse aufzählen;ganz;;In einer Eisdiele wählst du ein Behältnis (Becher oder Waffel), eine von drei Eissorten und eines von zwei Toppings. Wie viele Möglichkeiten gibt es?;Bild: 2 Behältnisse, 3 Eissorten, 2 Toppings;2 · 3 · 2 = 12;1;kopf;vorwaerts;bild;24;
BW-WRS-2023-A2-2;BW ’23;quelle-fremd-ni-bw-bw-wrs-2023.txt · Pflichtteil A2 Nr. 2;prozent;Zinseszins und Guthabentabelle;Zinseszins und Guthabentabelle|Faktor bestimmen, Gleichung aufstellen;ganz;;Liam bekommt 450 € geschenkt und legt sie zu 1,2 % Zinsen im Jahr an (Zinsen werden mitverzinst). In der Tabelle führt ein Pfeil vom Kapital nach 2 Jahren zum Kapital nach 5 Jahren. Welcher Faktor gehört an den Pfeil? Berechne das Kapital nach 5 Jahren.;"Tabelle: Jahre 0, 1, 2, 5 mit Kapital; Pfeil von Jahr 2 nach Jahr 5";"Faktor 1,012³; K₅ = 450 · 1,012⁵ ≈ 477,66 €";2;krumm;vorwaerts;tabelle;46;
BW-WRS-2023-A2-2-h1;nach BW ’23;quelle-fremd-ni-bw-bw-wrs-2023.txt · Pflichtteil A2 Nr. 2;prozent;Zinseszins und Guthabentabelle;Zinseszins und Guthabentabelle;herausgeloest;BW-WRS-2023-A2-2;Liam legt 450 € für 5 Jahre zu 1,2 % an. Die Zinsen werden mitverzinst. Wie viel Geld hat er dann?;;≈ 477,66 €;1;krumm;vorwaerts;text;21;
BW-WRS-2023-A2-3;BW ’23;quelle-fremd-ni-bw-bw-wrs-2023.txt · Pflichtteil A2 Nr. 3;koerper;Netz erkennen;Netz erkennen|Dreieck erst in Figur oder Körper finden|Volumen direkt;ganz;;"Aus einem Netz wird ein Körper gefaltet. Grund- und Deckfläche sind gleichschenklige Dreiecke mit der Basis 13 cm und den Schenkeln 8,5 cm; die Rechtecke sind 10 cm lang. Berechne das Volumen. Stimmt: „Legt man die beiden Dreiecke an ihrer längsten Seite zusammen, entsteht eine Raute“? Begründe.";"Netz eines dreiseitigen Prismas: drei Rechtecke (Länge 10 cm) und zwei gleichschenklige Dreiecke mit Basis 13 cm und Schenkeln 8,5 cm; Klebeflächen grau";"h_Δ = √(8,5² − 6,5²) ≈ 5,48 cm; G ≈ 35,6 cm²; V ≈ 356 cm³; ja: vier gleich lange Seiten (je 8,5 cm)";3;krumm;vorwaerts;bild;47;
BW-WRS-2023-A2-3-h1;nach BW ’23;quelle-fremd-ni-bw-bw-wrs-2023.txt · Pflichtteil A2 Nr. 3;dreiecke;Kathete oder Hypotenuse direkt;Kathete oder Hypotenuse direkt;herausgeloest;BW-WRS-2023-A2-3;Ein gleichschenkliges Dreieck hat die Basis 13 cm und Schenkel von 8,5 cm. Berechne die Höhe auf die Basis.;;√(8,5² − 6,5²) = √30 ≈ 5,48 cm;1;krumm;vorwaerts;text;19;
BW-WRS-2023-A2-4;BW ’23;quelle-fremd-ni-bw-bw-wrs-2023.txt · Pflichtteil A2 Nr. 4;quadratische;Lage zweier Parabeln ohne Rechnung begründen;Lage zweier Parabeln ohne Rechnung begründen|Wertetabelle zuordnen;ganz;;Die Parabel p₁ hat die Gleichung y = ½x². Ergänze: „Verdoppelt man die x-Werte, dann werden die y-Werte …“ (halbiert, verdoppelt, verdreifacht, vervierfacht). Verschiebe p₁ um 4 nach oben und spiegle das Ergebnis an der x-Achse. Gib die Gleichung von p₂ an.;;"vervierfacht; p₂: y = −½x² − 4";2;kopf;vorwaerts;text;42;Stufe ersatzweise
BW-WRS-2023-A2-5;BW ’23;quelle-fremd-ni-bw-bw-wrs-2023.txt · Pflichtteil A2 Nr. 5;flaechen;Grundfigur berechnen;Grundfigur berechnen;ganz;;Von einem achsensymmetrischen Trapez ABCD kennt man A(−2 | −3), B(6 | −3) und D(0 | 3). Zeichne die Punkte (1 LE = 1 cm) und bestimme C. Berechne den Flächeninhalt. Sebastian sagt: „Die Gerade y = −x + 3 teilt das Trapez in zwei deckungsgleiche Dreiecke.“ Hat er recht?;"Koordinatensystem: x −3..7; y −4..4; Gitter ja";"C(4 | 3); A = ½ · (8 + 4) · 6 = 36 cm²; nein: AB ≠ CD, die Dreiecke ABD und BCD sind nicht deckungsgleich";3;kopf;pruefen;graph;50;
BW-WRS-2023-A2-6;BW ’23;quelle-fremd-ni-bw-bw-wrs-2023.txt · Pflichtteil A2 Nr. 6;gleichungssysteme;aufstellen;aufstellen|lösen;ganz;;Bei einem Outdoor-Anbieter kostet eine Kanufahrt für 2 Erwachsene und 2 Kinder 130 €, für 1 Erwachsenen und 3 Kinder 105 €. Stelle ein Gleichungssystem auf und berechne die Preise.;;"2x + 2y = 130; x + 3y = 105; Erwachsene 45 €, Kinder 20 €";3;kopf;vorwaerts;text;30;Teil Fahrradtour (Zeit) weggelassen
BW-WRS-2023-A2-7;BW ’23;quelle-fremd-ni-bw-bw-wrs-2023.txt · Pflichtteil A2 Nr. 7;flaechen;rückwärts: Seite aus Fläche;rückwärts: Seite aus Fläche|Nullstellen berechnen|Kathete oder Hypotenuse direkt;ganz;;Ein Rechteck ist 60 cm² groß. Seite a ist 7 cm länger als Seite b. Wie lang ist die Diagonale?;;"(b + 7) · b = 60 ⇒ b = 5 cm, a = 12 cm; Diagonale √169 = 13 cm";3;kopf;rueckwaerts;text;20;
BW-WRS-2023-A2-7-h1;nach BW ’23;quelle-fremd-ni-bw-bw-wrs-2023.txt · Pflichtteil A2 Nr. 7;dreiecke;Kathete oder Hypotenuse direkt;Kathete oder Hypotenuse direkt;herausgeloest;BW-WRS-2023-A2-7;Ein Rechteck ist 12 cm lang und 5 cm breit. Wie lang ist die Diagonale?;;13 cm;1;kopf;vorwaerts;text;15;
BW-WRS-2023-A2-8;BW ’23;quelle-fremd-ni-bw-bw-wrs-2023.txt · Pflichtteil A2 Nr. 8;daten;Winkel berechnen und beschriften;Winkel berechnen und beschriften|Pfadregel;ganz;;Ein Glücksrad: Grün gewinnt mit 30 %, der blaue Sektor hat 45°, Gelb kommt mit der Wahrscheinlichkeit 1/5, der Rest ist rot. Zeichne das Rad mit r = 5 cm. Es wird zweimal gedreht. Berechne P(zuerst gelb, dann grün).;;"Winkel: grün 108°, blau 45°, gelb 72°, rot 135°; P = 0,2 · 0,3 = 0,06 = 6 %";3;kopf;vorwaerts;text;39;
BW-WRS-2023-A2-8-h1;nach BW ’23;quelle-fremd-ni-bw-bw-wrs-2023.txt · Pflichtteil A2 Nr. 8;daten;Winkel berechnen und beschriften;Winkel berechnen und beschriften;herausgeloest;BW-WRS-2023-A2-8;Auf einem Glücksrad hat Grün die Wahrscheinlichkeit 30 %, Gelb 1/5, Blau einen Sektor von 45°, der Rest ist rot. Berechne die Winkel aller Sektoren.;;grün 108°, gelb 72°, blau 45°, rot 135°;2;kopf;vorwaerts;text;25;
BW-WRS-2023-B1a;BW ’23;quelle-fremd-ni-bw-bw-wrs-2023.txt · Wahlteil B1a;wahrscheinlichkeit;Ergebnisse aufzählen;Ergebnisse aufzählen|Wahrscheinlichkeit angeben;ganz;;Ein normaler Würfel (1 bis 6) und ein Vierflächner (1 bis 4) werden zugleich geworfen, die Augen werden addiert. Welche Summen kommen am häufigsten vor? Begründe. Berechne in Prozent die Wahrscheinlichkeit, dass a) die Summe größer als 8 ist, b) genau ein Würfel eine 4 zeigt.;Bild: Netze eines sechsseitigen und eines vierseitigen Würfels;"Summen 5, 6, 7 (je 4 von 24); a) 3/24 = 12,5 %; b) 8/24 ≈ 33,3 %";3;kopf;vorwaerts;bild;46;
BW-WRS-2023-B1b;BW ’23;quelle-fremd-ni-bw-bw-wrs-2023.txt · Wahlteil B1b;dreiecke;Seite berechnen;Seite berechnen|Volumen direkt;ganz;;Ein kegelförmiger Messbecher hat den Durchmesser d = 10 cm und an der Spitze den Öffnungswinkel α = 38,5°. Zeige: h = (d/2) : tan(α/2). 1 cm³ Mehl wiegt 0,6 g. Wie viel Gramm Mehl passen höchstens hinein?;Skizze: Kegel mit Spitze unten, Durchmesser d = 10 cm, Öffnungswinkel α = 38,5° an der Spitze;"h = 5 : tan 19,25° ≈ 14,32 cm; V ≈ 374,9 cm³; ≈ 225 g";3;krumm;vorwaerts;bild;38;Zwölfeck-Teil als eigene Zeile
BW-WRS-2023-B1b-h1;nach BW ’23;quelle-fremd-ni-bw-bw-wrs-2023.txt · Wahlteil B1b;dreiecke;Seite berechnen;Seite berechnen;herausgeloest;BW-WRS-2023-B1b;Ein Kegel hat den Radius 5 cm. Die Mantellinie bildet mit der Höhe einen Winkel von 19,25°. Berechne die Höhe.;;h = 5 : tan 19,25° ≈ 14,32 cm;1;krumm;vorwaerts;text;20;
BW-WRS-2023-B1c;BW ’23;quelle-fremd-ni-bw-bw-wrs-2023.txt · Wahlteil B1b (Zwölfeck);dreiecke;Seite berechnen;Seite berechnen|gleichschenkliges Dreieck;ganz;;Ein regelmäßiges Zwölfeck liegt in einem Kreis mit r = 8 cm. Es besteht aus 12 gleichschenkligen Dreiecken. Zeige, dass der halbe Winkel an der Spitze eines Dreiecks 15° beträgt. Berechne den Umfang des Zwölfecks.;"Skizze: Zwölfeck im Umkreis, ein Dreieck aus zwei Radien und einer Seite mit Winkelhalbierender; markierter Winkel an der Spitze";"360° : 12 = 30°, halbiert 15°; Seite = 2 · 8 · sin 15° ≈ 4,14 cm; U ≈ 49,7 cm";3;krumm;vorwaerts;bild;35;"Serlo rechnet mit tan 15° statt sin 15° (Radius als Kathete) und erhält 51,48 cm; bei Umkreisradius 8 cm ist sin richtig"
BW-WRS-2023-B2a;BW ’23;quelle-fremd-ni-bw-bw-wrs-2023.txt · Wahlteil B2a;koerper;rückwärts: Radius oder Höhe aus Volumen;rückwärts: Radius oder Höhe aus Volumen|Dreieck erst in Figur oder Körper finden|Prozentsatz;ganz;;Eine quadratische Pyramide hat das Volumen 70,58 cm³ und die Höhe 7 cm. Zeige, dass die Grundkante 5,5 cm lang ist. Ihr Netz wird aus einem DIN-A4-Blatt (210 mm × 297 mm) geschnitten. Wie viel Prozent bleiben als Abfall? Was passiert mit dem Volumen, wenn man die Grundkante halbiert und die Höhe verdoppelt?;Schrägbild: quadratische Pyramide mit Höhe h_k = 7 cm;"a² = 3 · 70,58 : 7 = 30,25 ⇒ a = 5,5 cm; h_s ≈ 7,52 cm; Netz ≈ 113,0 cm²; Abfall ≈ 81,9 %; Volumen halbiert sich";4;krumm;rueckwaerts;bild;53;
BW-WRS-2023-B2a-h1;nach BW ’23;quelle-fremd-ni-bw-bw-wrs-2023.txt · Wahlteil B2a;koerper;rückwärts: Radius oder Höhe aus Volumen;rückwärts: Radius oder Höhe aus Volumen;herausgeloest;BW-WRS-2023-B2a;Eine quadratische Pyramide hat das Volumen 70,58 cm³ und die Höhe 7 cm. Berechne die Grundkante.;;a = √30,25 = 5,5 cm;1;krumm;rueckwaerts;text;16;
BW-WRS-2023-B2a-h2;nach BW ’23;quelle-fremd-ni-bw-bw-wrs-2023.txt · Wahlteil B2a;prozent;Prozentsatz;Prozentsatz;herausgeloest;BW-WRS-2023-B2a;Ein DIN-A4-Blatt ist 623,7 cm² groß. Ein Netz daraus ist 113 cm² groß. Wie viel Prozent des Blattes sind Abfall?;;≈ 81,9 %;2;krumm;vorwaerts;text;20;
BW-WRS-2023-B2b;BW ’23;quelle-fremd-ni-bw-bw-wrs-2023.txt · Wahlteil B2b;quadratische;Wertetabelle zuordnen;Wertetabelle zuordnen|Scheitelpunktform angeben;ganz;;"Zu jeder Gleichung gehören eine Wertetabelle und ein Graph. Gleichung A: y = x² − 4; Gleichung B: y = −½x² + 4; Gleichung C fehlt, ihr Graph hat den Scheitel (0 | −4) und geht durch (2 | −3). Ordne zu und ergänze die Tabelle von B für x = −3 bis 3 sowie die Gleichung C.";"Tabellenauswahl: drei Wertetabellen a–c (b unvollständig; c mit (0 | −4), (2 | −3)) // Graphauswahl: drei Parabeln 1–3";"A – a – 3; B – b – 2 (y = −0,5; 2; 3,5; 4; 3,5; 2; −0,5); C – c – 1 mit y = ¼x² − 4";3;kopf;darstellen;graph;58;Inhalte der Tabellen und Graphen aus der Lösung
BW-WRS-2023-B3a;BW ’23;quelle-fremd-ni-bw-bw-wrs-2023.txt · Wahlteil B3a;wahrscheinlichkeit;ohne Zurücklegen;ohne Zurücklegen|aufstellen|rückwärts: Seite aus Fläche;ganz;;"In einem Karton liegen 150 Schleifen: ein Fünftel rot, 12 gelb, der Rest blau. Zwei werden blind ohne Zurücklegen gezogen. Mit welcher Wahrscheinlichkeit sind beide blau? Ein Drachen ist 1,35 m² groß; die Diagonale e ist 20 % länger als f. Berechne e und f.";;"108 blaue: 108/150 · 107/149 ≈ 51,7 %; 1,2 f² : 2 = 1,35 ⇒ f = 1,5 m, e = 1,8 m";3;krumm;vorwaerts;text;45;Teil Anordnungen (4! = 24) weggelassen
BW-WRS-2023-B3a-h1;nach BW ’23;quelle-fremd-ni-bw-bw-wrs-2023.txt · Wahlteil B3a;wahrscheinlichkeit;ohne Zurücklegen;ohne Zurücklegen;herausgeloest;BW-WRS-2023-B3a;In einem Karton liegen 150 Schleifen, 108 davon blau. Du ziehst zwei ohne Zurücklegen. Wie wahrscheinlich sind beide blau?;;108/150 · 107/149 ≈ 51,7 %;1;krumm;vorwaerts;text;19;
BW-WRS-2023-B3a-h2;nach BW ’23;quelle-fremd-ni-bw-bw-wrs-2023.txt · Wahlteil B3a;flaechen;rückwärts: Seite aus Fläche;rückwärts: Seite aus Fläche;herausgeloest;BW-WRS-2023-B3a;Ein Drachenviereck ist 1,35 m² groß. Die Diagonale e ist 1,2-mal so lang wie f. Berechne beide Diagonalen.;;f = 1,5 m, e = 1,8 m;2;glatt;rueckwaerts;text;18;
BW-WRS-2023-B3b;BW ’23;quelle-fremd-ni-bw-bw-wrs-2023.txt · Wahlteil B3b;prozent;Erhöhung und Veränderung in Prozent;Erhöhung und Veränderung in Prozent|Tabelle ergänzen;ganz;;Lisas E-Bike kostete neu 2 500 €. Es verliert im ersten Jahr 25 % an Wert, danach jedes Jahr 10 %. Wie viel ist es nach drei Jahren wert? Bestimme den Wertverlust in jedem Jahr. Erkläre, warum er in Euro jedes Jahr kleiner wird.;;"1. Jahr −625 € → 1 875 €; 2. Jahr −187,50 € → 1 687,50 €; 3. Jahr −168,75 € → 1 518,75 €; der Grundwert wird jedes Jahr kleiner";3;glatt;vorwaerts;text;44;Halbkreis-Teil als eigene Zeile
BW-WRS-2023-B3c;BW ’23;quelle-fremd-ni-bw-bw-wrs-2023.txt · Wahlteil B3b (Halbkreis);dreiecke;Seite berechnen;Seite berechnen|Grundfigur berechnen;ganz;;C liegt auf dem Halbkreis über AB (Mittelpunkt M). Es gilt AC = 10,3 cm und der Winkel bei A ist α = 50°. Berechne den Flächeninhalt des Halbkreises.;"Skizze: Halbkreis über AB, C auf dem Bogen, Dreieck ABC; AC = 10,3 cm, α = 50° bei A";"AB = 10,3 : cos 50° ≈ 16,02 cm; r ≈ 8,01 cm; A ≈ 100,8 cm²";3;krumm;vorwaerts;bild;29;Serlo: 101,04 cm² mit gerundetem r = 8,02
BW-WRS-2023-B3c-h1;nach BW ’23;quelle-fremd-ni-bw-bw-wrs-2023.txt · Wahlteil B3b (Halbkreis);dreiecke;Seite berechnen;Seite berechnen;herausgeloest;BW-WRS-2023-B3c;Im Dreieck ABC ist bei C ein rechter Winkel. AC = 10,3 cm, der Winkel bei A ist 50°. Berechne die Hypotenuse AB.;;AB = 10,3 : cos 50° ≈ 16,02 cm;1;krumm;vorwaerts;text;23;
BW-WRS-2023-B4b;BW ’23;quelle-fremd-ni-bw-bw-wrs-2023.txt · Wahlteil B4b;dreiecke;Dreieck erst in Figur oder Körper finden;Dreieck erst in Figur oder Körper finden|Kathete oder Hypotenuse direkt|Seite berechnen;ganz;;"In einem Quader (5 cm × 5 cm × 8 cm) liegt der geschlossene Streckenzug ACIFA. AC ist eine Diagonale der quadratischen Grundfläche, AF eine Diagonale einer Seitenfläche 5 cm × 8 cm. I liegt auf der Kante CG; der Winkel bei I zwischen IG und IF ist α = 50°. Berechne die Länge des Streckenzugs.";"Schrägbild: Quader ABCDEFGH mit quadratischer Grundfläche 5 cm × 5 cm und Höhe 8 cm; Streckenzug A–C–I–F–A; I auf CG; α = 50° bei I";"AC = √50 ≈ 7,07 cm; GI = 5 : tan 50° ≈ 4,20 cm; CI ≈ 3,80 cm; IF ≈ 6,53 cm; AF = √89 ≈ 9,43 cm; gesamt ≈ 26,8 cm";5;krumm;vorwaerts;bild;56;"Lage der Punkte aus der Lösung; Gleichungsteil als eigene Zeile"
BW-WRS-2023-B4b-h1;nach BW ’23;quelle-fremd-ni-bw-bw-wrs-2023.txt · Wahlteil B4b;dreiecke;Kathete oder Hypotenuse direkt;Kathete oder Hypotenuse direkt;herausgeloest;BW-WRS-2023-B4b;Ein Quader hat eine quadratische Grundfläche mit 5 cm Seitenlänge und ist 8 cm hoch. Berechne die Diagonale der Grundfläche und die Diagonale einer Seitenfläche.;;"√50 ≈ 7,07 cm; √89 ≈ 9,43 cm";2;krumm;vorwaerts;text;25;
BW-WRS-2023-B4c;BW ’23;quelle-fremd-ni-bw-bw-wrs-2023.txt · Wahlteil B4b (Gleichung);quadratische;Nullstellen berechnen;Nullstellen berechnen;ganz;;Löse die Gleichung ¼x² − 4(x + 3) = 24 − 4x.;;"x² = 144; x₁ = 12, x₂ = −12";2;kopf;vorwaerts;text;12;
BW-WRS-2024-A1-1;BW ’24;quelle-fremd-ni-bw-bw-wrs-2024.txt · Pflichtteil A1 Nr. 1;dreiecke;rechten Winkel begründen;rechten Winkel begründen;ganz;;Welches Dreieck hat keinen rechten Winkel? Begründe. (A) 5 cm, 12 cm, 13 cm (B) 15 cm, 12 cm, 9 cm (C) 5 cm, 7 cm, 9 cm;;"C: 5² + 7² = 74 ≠ 81 = 9²; A und B erfüllen den Satz des Pythagoras";2;kopf;pruefen;text;28;
BW-WRS-2024-A1-3;BW ’24;quelle-fremd-ni-bw-bw-wrs-2024.txt · Pflichtteil A1 Nr. 3;flaechen;Formel oder Term zur Figur;Formel oder Term zur Figur;ganz;;Ein Quadrat hat die Seitenlänge r. Ein Halbkreis hat den Radius r. Elisa sagt: „Der Umfang des Quadrats ist größer als der Halbkreisbogen.“ Zeige, dass sie recht hat.;Skizze: Quadrat mit Seite r neben Halbkreis mit Radius r;"U_Quadrat = 4r; Bogen = πr; 4 > π ≈ 3,14";1;kopf;vergleichen;bild;28;
BW-WRS-2024-A1-5;BW ’24;quelle-fremd-ni-bw-bw-wrs-2024.txt · Pflichtteil A1 Nr. 5;wahrscheinlichkeit;Wahrscheinlichkeit angeben;Wahrscheinlichkeit angeben;ganz;;"Ein Glücksrad hat 10 gleiche Felder mit 125, 93, 81, 121, 85, 7 und vier geraden Zahlen; ungerade Zahlen gewinnen. Ein Würfel mit 12 Flächen trägt die Zahlen 1 bis 12; Teiler von 12 gewinnen. Bei welchem Gerät gewinnt man wahrscheinlicher?";Bild: Glücksrad mit 10 gleich großen Feldern (sechs ungerade Zahlen 125, 93, 81, 121, 85, 7 und vier gerade) // Zwölfflächner mit 1 bis 12;"Glücksrad: 6/10 = 60 %; Würfel: 1, 2, 3, 4, 6, 12 → 6/12 = 50 %; Glücksrad";2;kopf;vergleichen;bild;41;Gewinnbedingungen und gerade Zahlen aus der Lösung erschlossen
BW-WRS-2024-A1-6;BW ’24;quelle-fremd-ni-bw-bw-wrs-2024.txt · Pflichtteil A1 Nr. 6;quadratische;Nullstellen berechnen;Nullstellen berechnen;ganz;;Das Sechsfache einer Zahl ist so groß wie die Summe aus ihrem Quadrat und 9. Stelle eine Gleichung auf und löse das Rätsel.;;6x = x² + 9 ⇒ (x − 3)² = 0 ⇒ x = 3;2;kopf;vorwaerts;text;23;
BW-WRS-2024-A1-7;BW ’24;quelle-fremd-ni-bw-bw-wrs-2024.txt · Pflichtteil A1 Nr. 7;prozent;Grundwert;Grundwert;ganz;;Eine Jacke wurde um 60 % billiger und kostet jetzt 90 €. Stelle die gegebenen und die gesuchte Größe an einem Prozentstreifen aus 40 Kästchen dar. Wie viel kostete sie vorher?;Prozentstreifen: 40 Kästchen, 0 % bis 100 %;"90 € ≙ 40 % (16 Kästchen); vorher 225 € ≙ 100 %";2;glatt;darstellen;bild;31;Musteraufgabe von Justus im Original weggelassen
BW-WRS-2024-A1-8;BW ’24;quelle-fremd-ni-bw-bw-wrs-2024.txt · Pflichtteil A1 Nr. 8;koerper;Volumen direkt;Volumen direkt|Formel oder Term zur Figur;ganz;;Ein Trapezprisma besteht aus einem Würfel mit Kante a und einem halben Würfel (Dreiecksprisma mit Katheten a, Höhe a). Welche Terme passen zum Volumen? (1) 2 V_Würfel + V_Dreiecksprisma (2) V_Würfel + V_Dreiecksprisma (3) 2 V_Dreiecksprisma − V_Würfel (4) 2 V_Würfel + ½ V_Würfel;Schrägbild: Trapezprisma aus Würfel (Kante a) und angesetztem Dreiecksprisma mit rechtwinkliger Grundfläche (Katheten a);nur (2): V = a³ + ½a³ = 1,5a³;1;kopf;pruefen;bild;44;
BW-WRS-2024-A1-9;BW ’24;quelle-fremd-ni-bw-bw-wrs-2024.txt · Pflichtteil A1 Nr. 9;wahrscheinlichkeit;Ergebnisse aufzählen;Ergebnisse aufzählen;ganz;;Levi, Svenja, Helena, Maxim und David geben sich zum Abschied jeweils einmal die Hand. Zeichne eine Skizze. Wie oft werden Hände geschüttelt?;;4 + 3 + 2 + 1 = 10;1;kopf;vorwaerts;text;22;
BW-WRS-2024-A1-10;BW ’24;quelle-fremd-ni-bw-bw-wrs-2024.txt · Pflichtteil A1 Nr. 10;quadratische;Lage zweier Parabeln ohne Rechnung begründen;Lage zweier Parabeln ohne Rechnung begründen;ganz;;Eine Parabel p₁ wurde an der x-Achse gespiegelt und dann um 1 nach unten verschoben. Dabei entstand p₂: y = −x² − 2. Gib die Gleichung von p₁ an.;;y = x² + 1;1;kopf;rueckwaerts;text;29;Stufe ersatzweise
BW-WRS-2024-A2-2;BW ’24;quelle-fremd-ni-bw-bw-wrs-2024.txt · Pflichtteil A2 Nr. 2;wahrscheinlichkeit;Wahrscheinlichkeit angeben;Wahrscheinlichkeit angeben|ohne Zurücklegen;ganz;;"In einem Behälter liegen 5 Perlenketten; 3 davon haben graue und weiße Perlen, 2 haben eine bis drei weiße Perlen; eine Kette hat genau eine graue, eine genau zwei graue Perlen. Eine Kette wird blind gezogen. Wie wahrscheinlich hat sie a) graue und weiße Perlen, b) eine bis drei weiße Perlen? Es wird zweimal ohne Zurücklegen gezogen. Wie wahrscheinlich sind zusammen genau 3 graue Perlen dabei?";Bild: 5 Perlenketten mit grauen und weißen Perlen (Verteilung wie im Text);"a) 3/5 = 60 %; b) 2/5 = 40 %; 1/5 · 1/4 + 1/5 · 1/4 = 1/10 = 10 %";3;kopf;vorwaerts;bild;66;"Ketten nur in der Abbildung; Merkmale aus der Lösung zusammengetragen"
BW-WRS-2024-A2-3;BW ’24;quelle-fremd-ni-bw-bw-wrs-2024.txt · Pflichtteil A2 Nr. 3;gleichungssysteme;lösen;lösen;ganz;;"Beim Lösen von (I) −x + 3y = 3 und (II) y = −2x + 1 hat jemand gerechnet: −x + 3 · −2x + 1 = 3; −7x + 1 = 3; −7x = 2; x = −5. Finde die Fehler und beschreibe sie. Löse dann (I) 6x + 2y = 11 und (II) y = 2x − 2 zeichnerisch.";"Tabelle: Lösungsweg | Korrektur | Beschreibung // Koordinatensystem: x −1..4; y −3..6; Gitter ja";"Klammer vergessen: −x + 3(−2x + 1) = 3 ⇒ −7x + 3 = 3 ⇒ x = 0 (y = 1); zweites System: y = −3x + 5,5 und y = 2x − 2 schneiden sich in S(1,5 | 1)";3;glatt;pruefen;tabelle;61;"Serlo gibt als Korrektur x = −2/7 an (aus der fehlerhaften Zeile); richtig ist x = 0"
BW-WRS-2024-A2-3-h1;nach BW ’24;quelle-fremd-ni-bw-bw-wrs-2024.txt · Pflichtteil A2 Nr. 3;gleichungssysteme;lösen;lösen;herausgeloest;BW-WRS-2024-A2-3;Löse zeichnerisch: (I) 6x + 2y = 11 (II) y = 2x − 2.;"Koordinatensystem: x −1..4; y −3..6; Gitter ja";S(1,5 | 1);2;glatt;darstellen;graph;14;
BW-WRS-2024-A2-4;BW ’24;quelle-fremd-ni-bw-bw-wrs-2024.txt · Pflichtteil A2 Nr. 4;quadratische;Punkt auf der Parabel prüfen;Punkt auf der Parabel prüfen|Lage zweier Parabeln ohne Rechnung begründen;ganz;;Eine Normalparabel p₁ hat den Scheitel S(0 | −4). Liegt P(−2,5 | 1,5) auf p₁? Thilo sagt: „Die Parabel y = −1/10 x² − 2 trifft die x-Achse nie.“ Hat er recht? Begründe ohne Rechnung.;;"nein: (−2,5)² − 4 = 2,25 ≠ 1,5; Thilo hat recht: Scheitel (0 | −2) unter der x-Achse, Parabel nach unten offen";2;glatt;pruefen;text;35;
BW-WRS-2024-A2-6;BW ’24;quelle-fremd-ni-bw-bw-wrs-2024.txt · Pflichtteil A2 Nr. 6;daten;Minimum, Maximum, Spannweite;Minimum, Maximum, Spannweite;ganz;;"Das Säulendiagramm zeigt die Höchsttemperaturen einer Woche; der Wert für Mittwoch fehlt. Das Minimum ist 10 °C (Montag), das Maximum 25 °C (Samstag). Welche ganzzahligen Werte sind für Mittwoch möglich, wenn er weder Minimum noch Maximum ist? In den USA gilt °F = °C · 1,8 + 32. In New York sind es 59 °F. Wie viel °C sind das?";"Säulendiagramm (nicht maßstabsgetreu): Höchsttemperaturen Mo bis So, Mittwoch leer; Mo 10 °C, Sa 25 °C";"Mittwoch 11 °C bis 24 °C; 59 °F = 15 °C";2;glatt;rueckwaerts;diagramm;60;
BW-WRS-2024-A2-8;BW ’24;quelle-fremd-ni-bw-bw-wrs-2024.txt · Pflichtteil A2 Nr. 8;dreiecke;Seite berechnen;Seite berechnen|Kathete oder Hypotenuse direkt|Winkelsumme;ganz;;"Im Rechteck ABCD (AB = 50 cm, BC = 30 cm) liegt das Trapez ABEF; E und F liegen auf CD. Es gilt BE = 33,5 cm, CE = 15 cm und der Winkel bei A ist α = 75°. Zeige, dass der Winkel bei F γ = 105° beträgt. Berechne den Umfang des Trapezes.";"Skizze: Rechteck ABCD; Trapez ABEF mit F und E auf DC; α = 75° bei A zwischen AB und AF; γ bei F";"γ = 180° − 75° = 105°; AF = 30 : sin 75° ≈ 31,06 cm; DF ≈ 8,04 cm; EF ≈ 26,96 cm; U ≈ 141,5 cm";4;krumm;vorwaerts;bild;55;
BW-WRS-2024-A2-8-h1;nach BW ’24;quelle-fremd-ni-bw-bw-wrs-2024.txt · Pflichtteil A2 Nr. 8;dreiecke;Seite berechnen;Seite berechnen;herausgeloest;BW-WRS-2024-A2-8;Im rechtwinkligen Dreieck ADF ist AD = 30 cm, der Winkel bei F ist 75° (rechter Winkel bei D). Berechne AF.;;AF = 30 : sin 75° ≈ 31,06 cm;1;krumm;vorwaerts;text;21;
BW-WRS-2024-A2-11a;BW ’24;quelle-fremd-ni-bw-bw-wrs-2024.txt · Pflichtteil A2 Nr. 11a;prozent;Zinseszins und Guthabentabelle;Zinseszins und Guthabentabelle;ganz;;"Kim legt 800 € für 3 Jahre zu 2,5 % an (Zinsen werden mitverzinst). Mit welchen Termen kann man das Endkapital berechnen? 800 · 1,025 · 1,025 · 1,025; 800 · 0,75³; 800 · 2,5 % · 2,5 % · 2,5 %; 800 · 1,025³";;800 · 1,025 · 1,025 · 1,025 und 800 · 1,025³;1;krumm;pruefen;text;45;
BW-WRS-2024-A2-11b;BW ’24;quelle-fremd-ni-bw-bw-wrs-2024.txt · Pflichtteil A2 Nr. 11b;prozent;Zinseszins und Guthabentabelle;Zinseszins und Guthabentabelle;ganz;;Elif legt 600 € für 4 Jahre an. In den ersten beiden Jahren gibt es 1,6 %, in den letzten beiden 2,25 % Zinsen (Zinsen werden mitverzinst). Wie viel Geld bekommt sie am Ende?;Tabelle im Original: Zinssätze je Jahr;600 · 1,016² · 1,0225² ≈ 647,54 €;1;krumm;vorwaerts;text;34;Zinssätze nur aus der Lösung
BW-WRS-2024-B1a;BW ’24;quelle-fremd-ni-bw-bw-wrs-2024.txt · Wahlteil B1a;flaechen;Figur erst zerlegen oder Strecke erst berechnen;Figur erst zerlegen oder Strecke erst berechnen|Kathete oder Hypotenuse direkt|rückwärts: Seite aus Fläche;ganz;;"Eine Figur setzt sich aus zwei Rechtecken und einem rechtwinkligen Dreieck mit den Katheten 6 cm und 8 cm zusammen (Maße in cm). Zeige, dass ihr Umfang 36 cm ist. Ludwig rechnet die Fläche mit 5 · 7 + ½ · 6 · 8 + 3 · 2. Erkläre den Term. Finde einen anderen Weg und gib den Term an. Ein Rechteck ist 108 cm² groß; a ist dreimal so lang wie b. Berechne a und b.";"Skizze (Maße in cm): Figur aus Rechteck 5 × 7, Rechteck 3 × 2 und rechtwinkligem Dreieck (Katheten 6 und 8); Randstücke 9, 2, 2, 7, 5, 1 und Hypotenuse";"Hypotenuse √100 = 10 cm; U = 9 + 2 + 2 + 7 + 5 + 1 + 10 = 36 cm; A = 35 + 24 + 6 = 65 cm², z. B. auch ½ · 6 · 8 + 3 · 9 + 2 · 7; Rechteck: 3b² = 108 ⇒ b = 6 cm, a = 18 cm";4;kopf;pruefen;bild;77;Form der Figur nur aus der Lösung (Randmaße)
BW-WRS-2024-B1a-h1;nach BW ’24;quelle-fremd-ni-bw-bw-wrs-2024.txt · Wahlteil B1a;flaechen;rückwärts: Seite aus Fläche;rückwärts: Seite aus Fläche;herausgeloest;BW-WRS-2024-B1a;Ein Rechteck ist 108 cm² groß. Seite a ist dreimal so lang wie b. Berechne a und b.;;b = 6 cm, a = 18 cm;2;kopf;rueckwaerts;text;18;
BW-WRS-2024-B1b;BW ’24;quelle-fremd-ni-bw-bw-wrs-2024.txt · Wahlteil B1b;lineare;aus Gleichung zeichnen;aus Gleichung zeichnen|durch zwei Punkte, Gleichung ablesen|Ergebnisse aufzählen;ganz;;Die Gerade y = −1,5x + 3 ist gezeichnet. Ergänze ein beschriftetes Koordinatensystem, sodass sie richtig liegt. Eine Wertetabelle einer linearen Funktion enthält (0 | 1) und (1 | 4). Beschreibe, wie man die Gleichung bestimmt. Lucas Fahrradschloss hat 4 Ringe mit den Ziffern 0 bis 9. Wie viele Einstellungen gibt es? Er weiß nur: Die Ziffern werden von links nach rechts um je 1 größer, die letzte ist ungerade. Gib alle Möglichkeiten an. Wie wahrscheinlich sind bei einer zufälligen Einstellung alle vier Ziffern gleich?;Graph: Gerade ohne Achsen // Tabelle: Wertetabelle mit (0 | 1), (1 | 4);"Achsen so, dass die Gerade durch (0 | 3) und (2 | 0) geht; y = 3x + 1; 10 000 Einstellungen; 0123, 2345, 4567, 6789; 10/10 000 = 0,1 %";4;kopf;vorwaerts;graph;85;
BW-WRS-2024-B1b-h1;nach BW ’24;quelle-fremd-ni-bw-bw-wrs-2024.txt · Wahlteil B1b;lineare;durch zwei Punkte, Gleichung ablesen;durch zwei Punkte, Gleichung ablesen;herausgeloest;BW-WRS-2024-B1b;Eine lineare Funktion geht durch (0 | 1) und (1 | 4). Bestimme ihre Gleichung.;;y = 3x + 1;1;kopf;vorwaerts;text;15;
BW-WRS-2024-B2a;BW ’24;quelle-fremd-ni-bw-bw-wrs-2024.txt · Wahlteil B2a;dreiecke;Dreieck erst in Figur oder Körper finden;Dreieck erst in Figur oder Körper finden|Kathete oder Hypotenuse direkt|Seite berechnen;ganz;;"Auf einem quadratischen Prisma mit a = 3 cm und h = 2a liegt ein Streckenzug RSTUV. RS ist Hypotenuse eines Dreiecks mit den Katheten a/2 und ⅔a, ST eines Dreiecks mit den Katheten a/2 und a. TU läuft über eine Seitenfläche und weicht um 20° von der Senkrechten ab; UV ist so lang wie a. Berechne die Länge des Streckenzugs. Emil sagt: „Verdopple ich beide Seiten der Grundfläche, verdoppelt sich das Volumen.“ Stimmt das?";"Schrägbild: quadratisches Prisma a = 3 cm, h = 6 cm, Streckenzug R–S–T–U–V über mehrere Flächen; Winkel 20° bei TU";"RS = 2,5 cm; ST = √11,25 ≈ 3,35 cm; TU = 6 : cos 20° ≈ 6,39 cm; UV = 3 cm; gesamt ≈ 15,24 cm; Emil irrt: das Volumen vervierfacht sich";4;krumm;pruefen;bild;75;"Lage der Punkte nur über die Dreiecke der Lösung beschrieben; Netzteil weggelassen"
BW-WRS-2024-B2a-h1;nach BW ’24;quelle-fremd-ni-bw-bw-wrs-2024.txt · Wahlteil B2a;dreiecke;Seite berechnen;Seite berechnen;herausgeloest;BW-WRS-2024-B2a;Eine Strecke läuft über eine 6 cm hohe Seitenfläche und weicht um 20° von der Senkrechten ab. Wie lang ist sie?;;6 : cos 20° ≈ 6,39 cm;1;krumm;vorwaerts;text;21;
BW-WRS-2024-B2b;BW ’24;quelle-fremd-ni-bw-bw-wrs-2024.txt · Wahlteil B2b;quadratische;Scheitelpunktform angeben;Scheitelpunktform angeben|Wertetabelle zuordnen|Nullstellen berechnen;ganz;;Zu einer nach unten offenen Normalparabel y = −x² + c gehört eine Wertetabelle mit dem Wert (3 | −10). Bestimme die Gleichung und vervollständige die Tabelle für x = −3 bis 3. Till sagt: „Jede Parabel y = −x² + c (c ≠ 0) hat nur negative y-Werte.“ Hat er recht? Löse (3x + 6)(4 − 2x) = 0.;Tabelle: x −3 bis 3, y teilweise leer, darunter (3 | −10);"y = −x² − 1; y = −10, −5, −2, −1, −2, −5, −10; Till irrt (für c > 0 gibt es positive Werte); x₁ = −2, x₂ = 2";4;kopf;pruefen;tabelle;60;
BW-WRS-2024-B2b-h1;nach BW ’24;quelle-fremd-ni-bw-bw-wrs-2024.txt · Wahlteil B2b;quadratische;Nullstellen berechnen;Nullstellen berechnen;herausgeloest;BW-WRS-2024-B2b;Löse die Gleichung (3x + 6)(4 − 2x) = 0.;;x₁ = −2, x₂ = 2;1;kopf;vorwaerts;text;10;
BW-WRS-2024-B3a;BW ’24;quelle-fremd-ni-bw-bw-wrs-2024.txt · Wahlteil B3a;dreiecke;Seite berechnen;Seite berechnen|gleichschenkliges Dreieck|Kathete oder Hypotenuse direkt;ganz;;In einen Kreis mit r = 8 cm ist der Mantel einer quadratischen Pyramide gezeichnet: vier gleiche Dreiecke mit Spitze im Mittelpunkt, die Seitenkanten sind Radien. Zusammen nehmen sie 200° des Kreises ein. Berechne die Oberfläche der Pyramide.;Skizze: Kreis r = 8 cm, darin vier gleichschenklige Dreiecke mit Spitze im Mittelpunkt (je 50°), Rest des Kreises 160° frei;"Spitzenwinkel 50°; a = 2 · 8 · sin 25° ≈ 6,76 cm; h_s = 8 · cos 25° ≈ 7,25 cm; O = a² + 2a · h_s ≈ 143,8 cm²";4;krumm;vorwaerts;bild;38;"Serlo verwechselt sin und cos (a = 16 · cos 25° ≈ 14,5 cm, h_s ≈ 3,38 cm, O ≈ 308 cm²); bei Spitzenwinkel 50° ist a = 16 · sin 25°"
BW-WRS-2024-B3a-h1;nach BW ’24;quelle-fremd-ni-bw-bw-wrs-2024.txt · Wahlteil B3a;dreiecke;Seite berechnen;Seite berechnen;herausgeloest;BW-WRS-2024-B3a;Ein gleichschenkliges Dreieck hat Schenkel von 8 cm und an der Spitze einen Winkel von 50°. Berechne die Basis und die Höhe auf die Basis.;;"Basis = 16 · sin 25° ≈ 6,76 cm; Höhe = 8 · cos 25° ≈ 7,25 cm";2;krumm;vorwaerts;text;25;
BW-WRS-2024-B3c;BW ’24;quelle-fremd-ni-bw-bw-wrs-2024.txt · Wahlteil B3c;prozent;Prozentwert;Prozentwert|Aussagen prüfen|rückwärts: Radius oder Höhe aus Volumen|Winkel berechnen;ganz;;Ein E-Bike kostet 5 200 €. Der Händler gibt 15 % Rabatt und bei Barzahlung 2 % Skonto auf den reduzierten Preis. Frau Steiner rechnet 5 200 € − 15 % − 2 % = 5 200 € · 0,83. Was macht sie falsch? Berechne den richtigen Preis. Eine Kugel hat r = 25 cm. Ein Kegel ist so hoch wie ihr Durchmesser und hat dasselbe Volumen. Berechne den Neigungswinkel α zwischen Mantellinie und Grundfläche.;Bild: Werbeschild „15 % Rabatt, bei Barzahlung zusätzlich 2 % Skonto“ und Frau Steiners Rechnung;"Skonto gilt für den reduzierten Preis: 5 200 · 0,85 · 0,98 = 4 331,60 €; Kegel: r² = 1 250, r ≈ 35,36 cm; tan α = 50/35,36 ⇒ α ≈ 54,7°";4;krumm;pruefen;bild;75;"Frau Steiners Rechnung im Original nur als Bild; aus der Lösung erschlossen (2 % auf den Ursprungspreis)"
BW-WRS-2024-B3c-h1;nach BW ’24;quelle-fremd-ni-bw-bw-wrs-2024.txt · Wahlteil B3c;prozent;Prozentwert;Prozentwert;herausgeloest;BW-WRS-2024-B3c;Ein E-Bike kostet 5 200 €. Es gibt 15 % Rabatt und auf den reduzierten Preis 2 % Skonto. Was kostet es?;;4 331,60 €;2;glatt;vorwaerts;text;22;
BW-WRS-2024-B3c-h2;nach BW ’24;quelle-fremd-ni-bw-bw-wrs-2024.txt · Wahlteil B3c;koerper;rückwärts: Radius oder Höhe aus Volumen;rückwärts: Radius oder Höhe aus Volumen;herausgeloest;BW-WRS-2024-B3c;Ein Kegel ist 50 cm hoch und hat dasselbe Volumen wie eine Kugel mit r = 25 cm. Berechne den Radius des Kegels.;;r² = 4 · 25³ : 50 = 1 250 ⇒ r ≈ 35,36 cm;2;krumm;rueckwaerts;text;23;
