id;marke;quelle;kapitel;stufe;handgriffe;art;eltern_id;wortlaut;abbildung;loesung;schritte;zahlart;fragerichtung;darstellung;woerter;bemerkung
SH-MSA-2022-A3;SH ’22;quelle-fremd-hh-sh-sh-msa-2022.txt · A3;wahrscheinlichkeit;Zufallsgerät entwerfen;Zufallsgerät entwerfen;ganz;;Bei einem Glücksspiel soll man mit der Wahrscheinlichkeit 20 % gewinnen. Beschreibe ein Glücksspiel, für das das gilt.;;z. B. Glücksrad mit 5 gleich großen Feldern, 1 Feld ist Gewinn: P = 1/5 = 20 %;1;kopf;rueckwaerts;text;18;
SH-MSA-2022-A4;SH ’22;quelle-fremd-hh-sh-sh-msa-2022.txt · A4;daten;Mittelwert;Mittelwert|Median;ganz;;"Sieben Freunde vergleichen ihr Taschengeld pro Woche (in Euro): 5; 20; 15; 10; 12; 15; 21. Berechne das arithmetische Mittel und gib den Median an.";;"Mittelwert: 98 € : 7 = 14 €; Median: 15 €";2;kopf;vorwaerts;text;25;
SH-MSA-2022-A4-h1;nach SH ’22;quelle-fremd-hh-sh-sh-msa-2022.txt · A4;daten;Median;Median;herausgeloest;SH-MSA-2022-A4;"Taschengeld von sieben Freunden pro Woche in Euro: 5; 20; 15; 10; 12; 15; 21. Ordne die Werte der Größe nach. Gib den Median an.";;"5; 10; 12; 15; 15; 20; 21 – Median 15 €";1;kopf;vorwaerts;text;25;
SH-MSA-2022-A6;SH ’22;quelle-fremd-hh-sh-sh-msa-2022.txt · A6;wahrscheinlichkeit;ohne Zurücklegen;ohne Zurücklegen|Pfadregel;ganz;;"Julia hat die letzte Ziffer ihrer Handy-PIN vergessen. Sie probiert Ziffern aus, jede höchstens einmal. Wie groß ist die Wahrscheinlichkeit, dass sie zweimal hintereinander falsch rät? Kreuze an: 9/10; 72/90; 81/100.";Ankreuzfeld mit drei Brüchen;9/10 · 8/9 = 72/90 (= 4/5);2;glatt;vorwaerts;text;31;Hinweis „jede Ziffer höchstens einmal“ ergänzt, im Original nur implizit
SH-MSA-2022-A8;SH ’22;quelle-fremd-hh-sh-sh-msa-2022.txt · A8;prozent;Prozent und Anteil umwandeln;Prozent und Anteil umwandeln;ganz;;Entscheide, ob die Aussage wahr oder falsch ist: 2/3 ≈ 60 %.;Ankreuzfeld wahr/falsch;falsch: 2/3 ≈ 66,7 %;1;glatt;pruefen;text;12;"aus A8 nur die Prozent-Aussage; Potenz- und Wurzel-Aussagen ohne P10-Stufe"
SH-MSA-2022-A9;SH ’22;quelle-fremd-hh-sh-sh-msa-2022.txt · A9;quadratische;Scheitelpunktform angeben;Scheitelpunktform angeben;ganz;;"Die Funktion f hat die Gleichung f(x) = x² + 6x + 10. Welche Gleichung beschreibt dieselbe Funktion in Scheitelpunktform? Kreuze an: g(x) = (x + 3)² + 10; h(x) = (x + 3)² + 9; i(x) = (x + 3)² + 1.";Ankreuzfeld mit drei Gleichungen;i(x) = (x + 3)² + 1;2;kopf;vergleichen;text;43;
SH-MSA-2022-A10;SH ’22;quelle-fremd-hh-sh-sh-msa-2022.txt · A10;lineare;ankreuzen;ankreuzen;ganz;;"Ein Platz von 3 500 m² bekommt neues Pflaster. 600 m² sind schon fertig. Jede Stunde kommen 30 m² dazu. Welche Gleichung passt zur Situation? Kreuze an und begründe: f(x) = 600 + 30x; g(x) = 3500 + 30x; h(x) = 600 · 30x.";Ankreuzfeld mit drei Gleichungen;f(x) = 600 + 30x: Startwert 600 m², jede Stunde 30 m² mehr;1;kopf;vergleichen;text;44;
SH-MSA-2022-A11;SH ’22;quelle-fremd-hh-sh-sh-msa-2022.txt · A11;flaechen;rückwärts: Seite aus Fläche;rückwärts: Seite aus Fläche;ganz;;Ein Dreieck hat die Grundseite 5 cm und den Flächeninhalt 30 cm². Gib die Höhe h an.;;h = 2 · 30 cm² : 5 cm = 12 cm;1;kopf;rueckwaerts;text;17;
SH-MSA-2022-A12;SH ’22;quelle-fremd-hh-sh-sh-msa-2022.txt · A12;koerper;Volumen direkt;Volumen direkt;ganz;;Ein Würfel hat die Kantenlänge 4 cm. Du schneidest ihn in zwei gleich große Quader. Gib die Kantenlängen und das Volumen eines Quaders an. Wie groß ist ein Teil, wenn du den Würfel in 64 gleich große Quader teilst?;;"Quader 4 cm × 4 cm × 2 cm; V = 32 cm³; 64 Teile: 64 cm³ : 64 = 1 cm³";3;kopf;vorwaerts;text;39;
SH-MSA-2022-A13;SH ’22;quelle-fremd-hh-sh-sh-msa-2022.txt · A13;prozent;Prozent und Anteil umwandeln;Prozent und Anteil umwandeln;ganz;;"In einem Test kommen auf 4 richtige Antworten 3 falsche. Welcher Anteil der Antworten ist falsch? Kreuze an: 1/3; 3/4; 3/7.";Ankreuzfeld mit drei Brüchen;3/7;1;kopf;vorwaerts;text;21;Verhältnis 4:3 in Worte gefasst
SH-MSA-2022-A17;SH ’22;quelle-fremd-hh-sh-sh-msa-2022.txt · A17;dreiecke;Eigenschaft erkennen;Eigenschaft erkennen;ganz;;"Welche Dreiecke entstehen? Ordne zu. (1) In ein Quadrat zeichnest du eine Diagonale. (2) In ein regelmäßiges Sechseck zeichnest du die drei Diagonalen durch den Mittelpunkt. (3) In ein gleichseitiges Dreieck zeichnest du eine Höhe. Zur Wahl: rechtwinklige, nicht gleichschenklige Dreiecke; rechtwinklige, gleichschenklige Dreiecke; gleichseitige Dreiecke.";Zuordnung: drei Sätze links, drei Dreiecksarten rechts, mit Linien verbinden;"(1) rechtwinklig-gleichschenklig; (2) gleichseitig; (3) rechtwinklig, nicht gleichschenklig";3;kopf;darstellen;text;46;„durch den Mittelpunkt“ ergänzt, damit eindeutig
SH-MSA-2022-A18a;SH ’22;quelle-fremd-hh-sh-sh-msa-2022.txt · A18a;wahrscheinlichkeit;Pfadregel;Pfadregel|Ergebnisse aufzählen;ganz;;"Du würfelst mit zwei normalen Spielwürfeln. Wie groß ist die Wahrscheinlichkeit, dass ein Würfel eine 3 und der andere eine 4 zeigt? Kreuze an: 1/36; 1/18; 1/6.";Ankreuzfeld mit drei Brüchen;"(3; 4) oder (4; 3): 2/36 = 1/18";2;kopf;vorwaerts;text;27;
SH-MSA-2022-A18b;SH ’22;quelle-fremd-hh-sh-sh-msa-2022.txt · A18b;wahrscheinlichkeit;Wahrscheinlichkeit angeben;Wahrscheinlichkeit angeben|Ergebnisse aufzählen;ganz;;"Du würfelst mit zwei normalen Spielwürfeln. Wie groß ist die Wahrscheinlichkeit für zwei gleiche Zahlen? Kreuze an: 1/36; 1/12; 1/6.";Ankreuzfeld mit drei Brüchen;6 Paschs von 36: 6/36 = 1/6;1;kopf;vorwaerts;text;20;
SH-MSA-2022-A19;SH ’22;quelle-fremd-hh-sh-sh-msa-2022.txt · A19;lineare;rechnerisch an Gerade und Parabel;rechnerisch an Gerade und Parabel;ganz;;Gegeben ist die Gleichung 3x − 2y + 7 = 0. Prüfe mit einer Rechnung, ob das Zahlenpaar (−7 | −7) die Gleichung erfüllt.;;3 · (−7) − 2 · (−7) + 7 = −21 + 14 + 7 = 0 – ja, Lösung;1;kopf;pruefen;text;24;
SH-MSA-2022-B1-1a;SH ’22;quelle-fremd-hh-sh-sh-msa-2022.txt · B1 (1)a;dreiecke;Dreieck erst in Figur oder Körper finden;Dreieck erst in Figur oder Körper finden|Kathete oder Hypotenuse direkt;ganz;;Im Viereck ABCD ist die Diagonale AC 9 cm lang. Das Dreieck ACD hat bei D einen rechten Winkel, AD ist 7,1 cm lang. Martha sagt: Die Strecke CD ist etwa 5,53 cm lang. Zeige, dass Martha recht hat.;"Skizze, nicht maßstabsgetreu: Viereck ABCD mit Diagonale AC = 9 cm; rechter Winkel bei D; AD = 7,1 cm; BC = 6 cm; Winkel bei C (zwischen CD und CB) 120°";CD = √(9² − 7,1²) = √30,59 ≈ 5,53 cm;2;krumm;pruefen;bild;39;Maße aus Korrekturanweisung erschlossen (Bild fehlt im Text)
SH-MSA-2022-B1-2a-h1;nach SH ’22;quelle-fremd-hh-sh-sh-msa-2022.txt · B1 (2)a;dreiecke;Winkel berechnen;Winkel berechnen|Dreieck erst in Figur oder Körper finden;herausgeloest;SH-MSA-2022-B1-2a;Im Dreieck ACD liegt bei D ein rechter Winkel. Die Hypotenuse AC ist 9 cm lang, die Kathete AD 7,1 cm. Berechne den Winkel ∢DCA.;Skizze: rechtwinkliges Dreieck ACD, rechter Winkel bei D, AC = 9 cm, AD = 7,1 cm;sin(∢DCA) = 7,1/9 ⇒ ∢DCA ≈ 52,1°;1;krumm;vorwaerts;bild;25;"Eltern (Kosinussatz) ohne P10-Stufe, nur dieser Zwischenschritt; Elternaufgabe ohne eigene Zeile (ganz nicht P10-tauglich)"
SH-MSA-2022-B1-3a;SH ’22;quelle-fremd-hh-sh-sh-msa-2022.txt · B1 (3)a;flaechen;Grundfigur berechnen;Grundfigur berechnen;ganz;;Das Dreieck ACD hat bei D einen rechten Winkel. Die Katheten sind AD = 7,1 cm und CD = 5,53 cm. Bestimme den Flächeninhalt des Dreiecks ACD.;Skizze: rechtwinkliges Dreieck ACD, rechter Winkel bei D, AD = 7,1 cm, CD = 5,53 cm;A = 7,1 · 5,53 : 2 ≈ 19,63 cm²;1;krumm;vorwaerts;bild;27;
SH-MSA-2022-B2-2a;SH ’22;quelle-fremd-hh-sh-sh-msa-2022.txt · B2 (2)a;koerper;Volumen direkt;Volumen direkt;ganz;;Das Dach einer Litfaßsäule ist ein Zylinder mit 1,20 m Durchmesser und 20 cm Höhe. Berechne das Volumen des Daches in m³.;Skizze: Litfaßsäule mit flachem zylindrischem Dach, Dachdurchmesser 1,20 m, Dachhöhe 20 cm;"r = 0,60 m; V = π · 0,60² · 0,20 ≈ 0,23 m³";2;krumm;vorwaerts;bild;22;Maße aus Korrekturanweisung (r = 0,60 m, h = 0,20 m)
SH-MSA-2022-B2-2b;SH ’22;quelle-fremd-hh-sh-sh-msa-2022.txt · B2 (2)b;koerper;vergleichen und urteilen;vergleichen und urteilen|Volumen direkt;ganz;;Das alte Dach einer Litfaßsäule ist ein Zylinder: Radius 0,60 m, Höhe 20 cm. Das neue Dach ist ein Kegel mit derselben Grundfläche und 50 cm Höhe. Begründe, dass das neue Dach ein kleineres Volumen hat.;;"Zylinder: G · 20 cm; Kegel: 1/3 · G · 50 cm ≈ G · 16,7 cm < G · 20 cm (V_Kegel ≈ 0,19 m³ < 0,23 m³)";2;krumm;vergleichen;text;36;
SH-MSA-2022-B2-2c;SH ’22;quelle-fremd-hh-sh-sh-msa-2022.txt · B2 (2)c;dreiecke;Dreieck erst in Figur oder Körper finden;Dreieck erst in Figur oder Körper finden|Winkel berechnen;ganz;;Das neue Kegeldach ist 50 cm hoch, sein Grundkreis hat den Radius 60 cm. Damit keine Tauben landen, soll die Dachneigung mindestens 45° betragen. Begründe, dass das Dach diese Bedingung nicht erfüllt.;Skizze, nicht maßstabsgetreu: Querschnitt des Kegeldachs, Höhe 50 cm, Radius 60 cm, Neigungswinkel α zwischen Grundfläche und Mantellinie;tan α = 50/60 ⇒ α ≈ 39,8° < 45° (oder: bei 45° wäre das Dreieck gleichschenklig, 50 ≠ 60);2;krumm;pruefen;bild;32;„mindestens“ aus der Korrekturanweisung (α ≥ 45°)
SH-MSA-2022-B3-1a;SH ’22;quelle-fremd-hh-sh-sh-msa-2022.txt · B3 (1)a;lineare;erkennen und ablesen;erkennen und ablesen;ganz;;Eine Firma stellt Winterjacken her. Die Kosten in € für x Jacken beschreibt k(x) = 80x + 60 000. Lies am Graphen ab, wie viele Jacken man für 400 000 € herstellen kann.;Graph: k(x) = 80x + 60 000 (Gerade) und e(x) = 0,1x(4000 − x) (Parabel), x 0..4500 Stück, y 0..450 000 €;k(x) = 400 000 ⇒ x = 4 250 Jacken;1;glatt;rueckwaerts;graph;33;
SH-MSA-2022-B3-1b;SH ’22;quelle-fremd-hh-sh-sh-msa-2022.txt · B3 (1)b;quadratische;Scheitelpunkt ablesen;Scheitelpunkt ablesen;ganz;;Der Erlös in € beim Verkauf von x Winterjacken ist e(x) = 0,1x(4000 − x). Gib an, bei welcher Stückzahl der Erlös am größten ist.;Graph aus B3 (1)a: Parabel e(x) = 0,1x(4000 − x), Scheitel bei (2000 | 400 000);x = 2 000 Jacken (Scheitelpunkt S(2000 | 400 000));1;glatt;vorwaerts;graph;25;
SH-MSA-2022-B3-2b;SH ’22;quelle-fremd-hh-sh-sh-msa-2022.txt · B3 (2)b;quadratische;Gerade und Parabel gleichsetzen;Gerade und Parabel gleichsetzen|Nullstellen berechnen;ganz;;Die Kosten für x Winterjacken sind k(x) = 80x + 60 000, der Erlös ist e(x) = 0,1x(4000 − x), jeweils in €. Berechne, bei welchen Stückzahlen Erlös und Kosten gleich sind.;Graph aus B3 (1)a;0,1x(4000 − x) = 80x + 60 000 ⇔ x² − 3200x + 600 000 = 0 ⇒ x₁ = 200, x₂ = 3 000;3;glatt;vorwaerts;graph;32;
SH-MSA-2022-B3-2b-h1;nach SH ’22;quelle-fremd-hh-sh-sh-msa-2022.txt · B3 (2)b;quadratische;Nullstellen berechnen;Nullstellen berechnen;herausgeloest;SH-MSA-2022-B3-2b;Löse die Gleichung x² − 3200x + 600 000 = 0. Sie gibt an, bei wie vielen Winterjacken Kosten und Erlös gleich sind.;;x₁ = 200, x₂ = 3 000;1;glatt;vorwaerts;text;23;
SH-MSA-2022-B3-4b;SH ’22;quelle-fremd-hh-sh-sh-msa-2022.txt · B3 (4)b;quadratische;Scheitelpunktform angeben;Scheitelpunktform angeben|Scheitelpunkt ablesen;ganz;;Der Gewinn in € beim Verkauf von x Winterjacken ist g(x) = −0,1x² + 320x − 60 000. Bestimme den größten Gewinn und die Anzahl der Jacken, bei der er erreicht wird.;;g(x) = −0,1(x − 1600)² + 196 000 ⇒ S(1600 | 196 000): 1 600 Jacken, 196 000 €;2;glatt;vorwaerts;text;32;
SH-MSA-2022-B3-4c;SH ’22;quelle-fremd-hh-sh-sh-msa-2022.txt · B3 (4)c;quadratische;x zu gegebenem y;x zu gegebenem y|Nullstellen berechnen;ganz;;Der Gewinn in € für x verkaufte Winterjacken ist g(x) = −0,1x² + 320x − 60 000. Die Firma will 115 000 € Gewinn machen. Berechne, wie viele Jacken sie dafür verkaufen muss.;;−0,1x² + 320x − 60 000 = 115 000 ⇔ x² − 3200x + 1 750 000 = 0 ⇒ x₁ = 700, x₂ = 2 500;3;glatt;rueckwaerts;text;33;
SH-MSA-2022-B4-1a;SH ’22;quelle-fremd-hh-sh-sh-msa-2022.txt · B4 (1)a;wahrscheinlichkeit;Baum ergänzen;Baum ergänzen|ohne Zurücklegen;ganz;;In einer Schachtel liegen 1 schwarze, 3 graue und 4 weiße Kugeln. Du ziehst zwei Kugeln nacheinander ohne Zurücklegen. Die erste Kugel war grau. Gib im Baumdiagramm die Wahrscheinlichkeiten für die Farbe der zweiten Kugel an.;"Baumdiagramm, 2 Stufen (schwarz, grau, weiß); erste Stufe 1/8, 3/8, 4/8 eingetragen; Äste nach „grau“ leer";schwarz 1/7, grau 2/7, weiß 4/7;2;kopf;vorwaerts;diagramm;36;"Lücken des Originalbaums nicht lesbar; auf einen Teilbaum festgelegt"
SH-MSA-2022-B4-1b;SH ’22;quelle-fremd-hh-sh-sh-msa-2022.txt · B4 (1)b;wahrscheinlichkeit;ohne Zurücklegen;ohne Zurücklegen;ganz;;In einer Schachtel liegen 8 Kugeln. Du ziehst zwei nacheinander ohne Zurücklegen. Im Baumdiagramm haben die Brüche der ersten Stufe den Nenner 8, die der zweiten den Nenner 7. Erkläre, warum.;;Nach dem ersten Zug liegen nur noch 7 Kugeln in der Schachtel.;1;kopf;darstellen;text;31;
SH-MSA-2022-B4-1c;SH ’22;quelle-fremd-hh-sh-sh-msa-2022.txt · B4 (1)c;wahrscheinlichkeit;Pfadregel;Pfadregel|ohne Zurücklegen;ganz;;In einer Schachtel liegen 1 schwarze, 3 graue und 4 weiße Kugeln. Du ziehst zwei nacheinander ohne Zurücklegen. Du gewinnst, wenn beide die gleiche Farbe haben. Berechne die Gewinnwahrscheinlichkeit.;;P = 3/8 · 2/7 + 4/8 · 3/7 = 6/56 + 12/56 = 18/56 = 9/28 ≈ 32 %;3;glatt;vorwaerts;text;29;
SH-MSA-2022-B4-3a;SH ’22;quelle-fremd-hh-sh-sh-msa-2022.txt · B4 (3)a;daten;Mittelwert;Mittelwert;ganz;;In 20 Spielen gab es diese Punktzahlen: 1, 0, 0, 0, 1, 1, 0, 2, 0, 0, 0, 0, 0, 0, 0, 0, 0, 0, 1, 1. Berechne, wie viele Punkte es im Durchschnitt gab.;;7 : 20 = 0,35 Punkte;2;glatt;vorwaerts;text;35;
SH-MSA-2022-B4-3b;SH ’22;quelle-fremd-hh-sh-sh-msa-2022.txt · B4 (3)b;daten;Median;Median;ganz;;In 20 Spielen gab es diese Punktzahlen: 1, 0, 0, 0, 1, 1, 0, 2, 0, 0, 0, 0, 0, 0, 0, 0, 0, 0, 1, 1. Bestimme den Median.;;14 Nullen: 10. und 11. Wert sind 0 – Median 0;2;kopf;vorwaerts;text;30;
SH-MSA-2022-B4-3c;SH ’22;quelle-fremd-hh-sh-sh-msa-2022.txt · B4 (3)c;daten;Aussagen prüfen, Auswirkung erklären;Aussagen prüfen, Auswirkung erklären|Median|Mittelwert;ganz;;Bei einem Punktespiel ergab sich: Durchschnitt 0,5 Punkte, Median 0 Punkte. Begründe, warum der Median hier wenig aussagt.;;"Mehr als die Hälfte der Spiele hat 0 Punkte; der Median zeigt nicht, dass es auch Spiele mit 1 oder 2 Punkten gab.";1;kopf;pruefen;text;18;
SH-MSA-2023-A2a;SH ’23;quelle-fremd-hh-sh-sh-msa-2023.txt · A2a;wahrscheinlichkeit;Wahrscheinlichkeit angeben;Wahrscheinlichkeit angeben;ganz;;"In einem Gefäß liegen 200 Lose, davon sind 20 Gewinne. Du ziehst ohne hinzusehen. Wie groß ist die Wahrscheinlichkeit, dass das erste Los gewinnt? Kreuze an: 1 %; 5 %; 10 %.";Ankreuzfeld;20/200 = 10 %;1;kopf;vorwaerts;text;32;
SH-MSA-2023-A2b;SH ’23;quelle-fremd-hh-sh-sh-msa-2023.txt · A2b;wahrscheinlichkeit;ohne Zurücklegen;ohne Zurücklegen;ganz;;In einem Gefäß liegen 200 Lose, 20 davon sind Gewinne. Gezogene Lose kommen nicht zurück. Bisher wurden 50 Nieten gezogen, kein Gewinn. Ist die Gewinnchance beim nächsten Zug größer, kleiner oder gleich wie beim ersten Zug? Kreuze an.;Ankreuzfeld mit drei Aussagen;größer: 20/150 ≈ 13,3 % > 10 %;2;glatt;vergleichen;text;38;
SH-MSA-2023-A4;SH ’23;quelle-fremd-hh-sh-sh-msa-2023.txt · A4;prozent;Erhöhung und Veränderung in Prozent;Erhöhung und Veränderung in Prozent;ganz;;Johanna hat ein Spiel für 8 € gekauft. Später verkauft sie es für 6 € an einen Freund. Zeige, dass ihr Verlust 25 % beträgt.;;"Verlust 2 €; 2 : 8 = 0,25 = 25 %";2;kopf;pruefen;text;25;
SH-MSA-2023-A8a;SH ’23;quelle-fremd-hh-sh-sh-msa-2023.txt · A8a;wachstum;Tabelle ergänzen;Tabelle ergänzen;ganz;;Im Theater hat Reihe 1 acht Plätze, Reihe 2 zehn und Reihe 3 zwölf. So geht es weiter. Wie viele Plätze hat Reihe 5?;;8, 10, 12, 14, 16 – Reihe 5: 16 Plätze;1;kopf;vorwaerts;text;24;lineares Wachstum, Stufe Tabelle ergänzen
SH-MSA-2023-A8b;SH ’23;quelle-fremd-hh-sh-sh-msa-2023.txt · A8b;lineare;Gleichung aufstellen und rückwärts rechnen;Gleichung aufstellen und rückwärts rechnen;ganz;;"Im Theater hat Reihe 1 acht Plätze, Reihe 2 zehn, Reihe 3 zwölf, und so weiter. Welcher Term gibt die Plätze in Reihe n an? Kreuze an: 8 + 2n; 6 + 2n; 8n + 2.";Ankreuzfeld mit drei Termen;6 + 2n (n = 1: 8 ✓);1;kopf;vergleichen;text;36;
SH-MSA-2023-A14;SH ’23;quelle-fremd-hh-sh-sh-msa-2023.txt · A14;quadratische;Scheitelpunktform angeben;Scheitelpunktform angeben;ganz;;"Die Funktion f hat die Gleichung f(x) = x² + 6x + 8. Welche Gleichung ist ihre Scheitelpunktform? Kreuze an: f(x) = (x + 3)² + 8; f(x) = (x + 3)² + 1; f(x) = (x + 3)² − 1.";Ankreuzfeld mit drei Gleichungen;f(x) = (x + 3)² − 1;2;kopf;vergleichen;text;41;
SH-MSA-2023-A15;SH ’23;quelle-fremd-hh-sh-sh-msa-2023.txt · A15;daten;Minimum, Maximum, Spannweite;Minimum, Maximum, Spannweite|Mittelwert;ganz;;"Ordne jedem Beispiel den passenden Begriff zu. Beispiele: 1 + 2 + 2 + 4 + 5 + 5 + 8; 1; 2; 4; 5; 2; 5; 8; 8 − 1 = 7. Begriffe: Rangliste, arithmetisches Mittel, Maximum, Urliste, Spannweite.";Zuordnung: drei Beispiele links, fünf Begriffe rechts;"Summe → arithmetisches Mittel (Anfang); 1; 2; 4; 5; 2; 5; 8 → Urliste; 8 − 1 = 7 → Spannweite";1;kopf;darstellen;text;40;
SH-MSA-2023-A16;SH ’23;quelle-fremd-hh-sh-sh-msa-2023.txt · A16;quadratische;Lage zweier Parabeln ohne Rechnung begründen;Lage zweier Parabeln ohne Rechnung begründen;ganz;;Wahr oder falsch? Der Graph von f(x) = x² + 3 ist gegenüber der Normalparabel um 3 nach oben verschoben.;Ankreuzfeld wahr/falsch;wahr;1;kopf;pruefen;text;20;"aus A16 nur die Parabel-Aussage zur Verschiebung; die anderen beiden ohne P10-Stufe"
SH-MSA-2023-A17;SH ’23;quelle-fremd-hh-sh-sh-msa-2023.txt · A17;wahrscheinlichkeit;Ergebnisse aufzählen;Ergebnisse aufzählen;ganz;;"Auf einem Würfel stehen die Zahlen −5, −3, −1, 2, 4, 6. Soraya würfelt zweimal und addiert. Welche Summe kann sie nicht erhalten? Kreuze an: 3; 5; 7.";Ankreuzfeld;"7 (3 = −1 + 4, 5 = −1 + 6; 7 geht nicht)";2;kopf;pruefen;text;28;
SH-MSA-2023-A18a;SH ’23;quelle-fremd-hh-sh-sh-msa-2023.txt · A18a;wahrscheinlichkeit;ohne Zurücklegen;ohne Zurücklegen;ganz;;"In einem Beutel liegen 2 grüne und 3 blaue Kugeln. Zwei grüne Kugeln wurden gezogen und nicht zurückgelegt. Wie groß ist die Wahrscheinlichkeit, jetzt eine blaue zu ziehen? Kreuze an: 1/3; 3/5; 1.";Ankreuzfeld;1 (nur noch blaue Kugeln);1;kopf;vorwaerts;text;33;
SH-MSA-2023-A18b;SH ’23;quelle-fremd-hh-sh-sh-msa-2023.txt · A18b;wahrscheinlichkeit;Pfadregel;Pfadregel|ohne Zurücklegen;ganz;;"In einem Beutel liegen 2 grüne und 3 blaue Kugeln. Du ziehst dreimal ohne Zurücklegen. Mit welchem Term berechnest du die Wahrscheinlichkeit, alle drei blauen zu ziehen? Kreuze an: 3/5 · 2/4 · 1/3; 3/5 · 3/5 · 3/5; 1/5 + 1/5 + 1/5.";Ankreuzfeld mit drei Termen;3/5 · 2/4 · 1/3 = 1/10;1;kopf;vergleichen;text;44;
SH-MSA-2023-B1-1b;SH ’23;quelle-fremd-hh-sh-sh-msa-2023.txt · B1 (1)b;dreiecke;Dreieck erst in Figur oder Körper finden;Dreieck erst in Figur oder Körper finden|Kathete oder Hypotenuse direkt;ganz;;A und C liegen auf einem Halbkreis mit Radius 5 cm um M. Die Strecken MA und MC stehen senkrecht aufeinander. Zeige: Der Abstand a von A nach C ist a = √2 · 5 cm.;"Skizze: Halbkreis um M, r = 5 cm, Durchmesser waagerecht; A am linken Ende, C oben auf dem Bogen über M; B weiter rechts auf dem Bogen";Dreieck ACM ist rechtwinklig bei M: a = √(5² + 5²) = √2 · 5 ≈ 7,07 cm;2;kopf;pruefen;bild;36;Lage von A und C aus der Lösung erschlossen (Winkel bei M = 90°)
SH-MSA-2023-B1-2a;SH ’23;quelle-fremd-hh-sh-sh-msa-2023.txt · B1 (2)a;dreiecke;Seite berechnen;Seite berechnen;ganz;;Der Punkt E teilt den Durchmesser eines Halbkreises (r = 5 cm) in die Abschnitte 8 cm und 2 cm. B liegt senkrecht über E auf dem Bogen. Berechne die Länge BE mit dem Höhensatz.;Skizze: Halbkreis, Durchmesser 10 cm, E teilt ihn in 8 cm und 2 cm, BE senkrecht nach oben bis zum Bogen;BE² = 8 · 2 = 16 ⇒ BE = 4 cm;1;kopf;vorwaerts;bild;35;"Höhensatz der Satzgruppe des Pythagoras; Stufe „Seite berechnen“ ersatzweise"
SH-MSA-2023-B1-2a-h1;nach SH ’23;quelle-fremd-hh-sh-sh-msa-2023.txt · B1 (2)a;dreiecke;Dreieck erst in Figur oder Körper finden;Dreieck erst in Figur oder Körper finden|Kathete oder Hypotenuse direkt;herausgeloest;SH-MSA-2023-B1-2a;Ein Halbkreis hat den Radius 5 cm und den Mittelpunkt M. Der Punkt E liegt auf dem Durchmesser, 3 cm von M entfernt. B liegt senkrecht über E auf dem Bogen. Berechne BE mit dem Satz des Pythagoras.;"Skizze: Halbkreis um M, r = 5 cm; E auf dem Durchmesser, ME = 3 cm; B senkrecht über E auf dem Bogen; Dreieck MEB";Dreieck MEB, rechter Winkel bei E: BE = √(5² − 3²) = 4 cm;2;kopf;vorwaerts;bild;38;"Weg von Mila aus B1 (2)b; ME = 5 − 2 = 3 cm"
SH-MSA-2023-B2-2a;SH ’23;quelle-fremd-hh-sh-sh-msa-2023.txt · B2 (2)a;koerper;Volumen direkt;Volumen direkt|Figur erst zerlegen oder Strecke erst berechnen;ganz;;Ein Hammerkopf besteht aus einem Quader (23 mm × 23 mm × 58 mm) und einem angesetzten Dreiecksprisma. Das Prisma ist 23 mm breit, das Dreieck hat die Grundseite 23 mm und die Höhe 47 mm. Der ganze Kopf ist 105 mm lang. Berechne das Volumen ohne die Öffnung für den Stiel.;Schrägbild Hammerkopf, Maße in mm, nicht maßstabsgerecht: Quaderteil 23 × 23 × 58, keilförmiges Ende bis Gesamtlänge 105;V = 23 · 23 · 58 + ½ · 23 · 47 · 23 = 30 682 + 12 431,5 = 43 113,5 mm³ ≈ 43,1 cm³;3;krumm;vorwaerts;bild;52;Maße aus Korrekturanweisung erschlossen
SH-MSA-2023-B2-2a-h1;nach SH ’23;quelle-fremd-hh-sh-sh-msa-2023.txt · B2 (2)a;koerper;Volumen direkt;Volumen direkt;herausgeloest;SH-MSA-2023-B2-2a;Das keilförmige Ende eines Hammerkopfs ist ein Dreiecksprisma. Das Dreieck hat die Grundseite 23 mm und die Höhe 47 mm. Das Prisma ist 23 mm breit. Berechne sein Volumen.;Schrägbild: liegendes Dreiecksprisma, Dreieck g = 23 mm, h = 47 mm, Prismenhöhe 23 mm;V = ½ · 23 · 47 · 23 = 12 431,5 mm³;2;glatt;vorwaerts;bild;29;
SH-MSA-2023-B2-2c;SH ’23;quelle-fremd-hh-sh-sh-msa-2023.txt · B2 (2)c;flaechen;Grundfigur berechnen;Grundfigur berechnen;ganz;;Die Öffnung für den Stiel eines Hammers ist ein Oval, 1,4 cm breit und 2,5 cm lang. Zeige, dass ihr Flächeninhalt zwischen 1,5 cm² und 3,5 cm² liegt.;Skizze, nicht maßstabsgerecht: Oval mit Breite 1,4 cm und Länge 2,5 cm;"innen passt ein Kreis mit r = 0,7 cm: A > π · 0,7² ≈ 1,54 cm²; außen ein Rechteck: A < 1,4 · 2,5 = 3,5 cm²";2;krumm;pruefen;bild;28;
SH-MSA-2023-B2-3a;SH ’23;quelle-fremd-hh-sh-sh-msa-2023.txt · B2 (3)a;koerper;Volumen direkt;Volumen direkt;ganz;;Der Hohlraum im Kopf eines Schonhammers ist ein Zylinder. Er ist etwa 7 cm lang und hat 3 cm Durchmesser. Zeige mit einer Rechnung, dass er mehr als 49 cm³ fasst.;Skizze: liegender Zylinder, Durchmesser 3 cm, Länge 7 cm;V = π · 1,5² · 7 ≈ 49,5 cm³ > 49 cm³;2;krumm;pruefen;bild;31;Länge 7 cm aus Lösung (im Original aus Bild zu entnehmen)
SH-MSA-2023-B2-3b;SH ’23;quelle-fremd-hh-sh-sh-msa-2023.txt · B2 (3)b;koerper;vergleichen und urteilen;vergleichen und urteilen|Prozentwert;ganz;;Der Hohlraum eines Hammerkopfs fasst 49 cm³. Kugeln füllen nur etwa 70 % davon. Jede Kugel hat 14,1 mm³. Prüfe, ob 2 000 Kugeln hineinpassen.;;"0,7 · 49 000 mm³ = 34 300 mm³; 2 000 · 14,1 mm³ = 28 200 mm³ < 34 300 mm³ – passt";3;glatt;pruefen;text;25;
SH-MSA-2023-B2-3b-h1;nach SH ’23;quelle-fremd-hh-sh-sh-msa-2023.txt · B2 (3)b;prozent;Prozentwert;Prozentwert;herausgeloest;SH-MSA-2023-B2-3b;Der Hohlraum in einem Hammerkopf fasst 49 cm³. Kugeln füllen etwa 70 % davon. Berechne, wie viel cm³ die Kugeln einnehmen.;;0,7 · 49 cm³ = 34,3 cm³;1;glatt;vorwaerts;text;21;
SH-MSA-2023-B3-1a;SH ’23;quelle-fremd-hh-sh-sh-msa-2023.txt · B3 (1)a;wachstum;Faktor bestimmen, Gleichung aufstellen;Faktor bestimmen, Gleichung aufstellen;ganz;;Die Temperatur eines Tees nach x Minuten ist t(x) = 90 · 0,7^x (in °C). Gib die Temperatur nach 2 Minuten an.;;t(2) = 90 · 0,49 = 44,1 °C;1;glatt;vorwaerts;text;22;"Einsetzen in Exponentialfunktion; nächste Stufe"
SH-MSA-2023-B3-1b;SH ’23;quelle-fremd-hh-sh-sh-msa-2023.txt · B3 (1)b;wachstum;Faktor bestimmen, Gleichung aufstellen;Faktor bestimmen, Gleichung aufstellen;ganz;;Die Temperatur eines Tees nach x Minuten ist t(x) = 90 · 0,7^x (in °C). Bestimme, nach wie vielen Minuten der Tee 18 °C hätte.;;0,7^x = 0,2 ⇒ x = log₀,₇(0,2) ≈ 4,5 min;2;krumm;rueckwaerts;text;25;"Rückwärtsrechnung mit Logarithmus, schwer für P10; ggf. durch Probieren"
SH-MSA-2023-B3-1d;SH ’23;quelle-fremd-hh-sh-sh-msa-2023.txt · B3 (1)d;wachstum;Punkte darstellen;Punkte darstellen;ganz;;Die Temperatur eines Tees nach x Minuten ist t(x) = 90 · 0,7^x (in °C). Skizziere den Graphen für die ersten 5 Minuten.;"Koordinatensystem: x 0..5; y 0..100; Gitter ja; Achsen Zeit in min | Temperatur in °C";"Punkte (0 | 90), (1 | 63), (2 | 44,1), (3 | 30,9), (4 | 21,6), (5 | 15,1); fallende Kurve";2;krumm;darstellen;graph;23;
SH-MSA-2023-B3-2a;SH ’23;quelle-fremd-hh-sh-sh-msa-2023.txt · B3 (2)a;wachstum;Graph zuordnen und begründen;Graph zuordnen und begründen;ganz;;"Kaffee kühlt ab. Zeit in min: 0; 1; 2; 3. Temperatur in °C: 100,0; 89,0; 79,2; 70,5. Begründe, dass der Zusammenhang nicht linear ist.";"Tabelle: Zeit 0, 1, 2, 3 min; Temperatur 100,0; 89,0; 79,2; 70,5 °C";"Abnahmen 11,0; 9,8; 8,7 – nicht gleich, also nicht linear";2;glatt;pruefen;tabelle;24;Teil „nicht antiproportional“ weggelassen (in BB unüblich)
SH-MSA-2023-B3-2b;SH ’23;quelle-fremd-hh-sh-sh-msa-2023.txt · B3 (2)b;wachstum;Faktor bestimmen, Gleichung aufstellen;Faktor bestimmen, Gleichung aufstellen;ganz;;"Kaffee kühlt ab. Zeit in min: 0; 1; 2; 3. Temperatur in °C: 100,0; 89,0; 79,2; 70,5. Gib eine Exponentialfunktion an, die das Abkühlen beschreibt.";"Tabelle: Zeit 0, 1, 2, 3 min; Temperatur 100,0; 89,0; 79,2; 70,5 °C";"Faktor 89 : 100 = 0,89; f(x) = 100 · 0,89^x";2;glatt;darstellen;tabelle;25;
SH-MSA-2023-B3-3a;SH ’23;quelle-fremd-hh-sh-sh-msa-2023.txt · B3 (3)a;wachstum;Faktor bestimmen, Gleichung aufstellen;Faktor bestimmen, Gleichung aufstellen;ganz;;Das Abkühlen eines Getränks wird mit f(x) = b · a^x beschrieben (x in Minuten, f(x) in °C). Beschreibe, was a und b bedeuten. Gib an, zwischen welchen Zahlen a liegen muss.;;"b: Anfangstemperatur; a: Faktor je Minute (wie schnell es abkühlt); 0 < a < 1";1;kopf;darstellen;text;32;B3 (3)a und b zusammengefasst
SH-MSA-2023-B4-1a;SH ’23;quelle-fremd-hh-sh-sh-msa-2023.txt · B4 (1)a;daten;ergänzen;ergänzen;ganz;;"Jonas würfelt 500-mal mit einem Würfel, dem eine Ecke fehlt. Augenzahl 1 bis 6, absolute Häufigkeit: 55; 58; 88; leer; leer; 110. Relative Häufigkeit: 0,110; leer; 0,176; 0,150; leer; 0,220. Ergänze die fehlenden Werte.";"Tabelle: Spalten 1 bis 6 und Summe; Zeile absolute Häufigkeit 55, 58, 88, leer, leer, 110, 500; Zeile relative Häufigkeit 0,110, leer, 0,176, 0,150, leer, 0,220, 1";"absolut: 4 → 75, 5 → 114; relativ: 2 → 0,116, 5 → 0,228";3;glatt;vorwaerts;tabelle;34;
SH-MSA-2023-B4-2a;SH ’23;quelle-fremd-hh-sh-sh-msa-2023.txt · B4 (2)a;wahrscheinlichkeit;Pfadregel;Pfadregel;ganz;;"Ein veränderter Würfel zeigt die Augenzahlen 1 bis 6 mit den Wahrscheinlichkeiten 0,288; 0,152; 0,196; 0,03; 0,146; 0,188. Du würfelst zweimal. Zeige, dass zweimal dieselbe Zahl mit etwa 20 % Wahrscheinlichkeit kommt.";"Tabelle: Augenzahl 1 bis 6; Wahrscheinlichkeit 0,288; 0,152; 0,196; 0,03; 0,146; 0,188";0,288² + 0,152² + 0,196² + 0,03² + 0,146² + 0,188² ≈ 0,202 ≈ 20 %;3;krumm;pruefen;tabelle;32;
SH-MSA-2023-B4-2b;SH ’23;quelle-fremd-hh-sh-sh-msa-2023.txt · B4 (2)b;wahrscheinlichkeit;Gegenereignis;Gegenereignis;ganz;;Mit einem Würfel kommt zweimal dieselbe Zahl mit etwa 20 % Wahrscheinlichkeit. Merle sagt: Dann kommen zwei verschiedene Zahlen mit etwa 80 %. Prüfe, ob Merle recht hat.;;"Ja: „zwei verschiedene Zahlen“ ist das Gegenereignis; 100 % − 20 % = 80 %";1;kopf;pruefen;text;28;
SH-MSA-2023-B4-3;SH ’23;quelle-fremd-hh-sh-sh-msa-2023.txt · B4 (3);wahrscheinlichkeit;Wahrscheinlichkeit angeben;Wahrscheinlichkeit angeben;ganz;;Lasse zeigt die relativen Häufigkeiten seiner Würfelergebnisse in einem Säulendiagramm. Die Säulen addieren sich zu mehr als 1. Entscheide, ob das Diagramm stimmen kann, und begründe.;"Säulendiagramm: Augenzahl 1 bis 6, relative Häufigkeit; Summe der Säulen größer als 1";Kann nicht stimmen: Die relativen Häufigkeiten müssen zusammen genau 1 ergeben.;1;kopf;pruefen;diagramm;26;"Säulenwerte nicht im Text; Kernaussage in den Wortlaut genommen"
SH-MSA-2023-B4-5a;SH ’23;quelle-fremd-hh-sh-sh-msa-2023.txt · B4 (5)a;wahrscheinlichkeit;Pfadregel;Pfadregel;ganz;;Ein Würfel hat 2 weiße und 4 graue Seiten. Er wird zweimal geworfen. Der Lehrer sagt: Zweimal dieselbe Farbe ist wahrscheinlicher als zwei verschiedene Farben. Prüfe, ob er recht hat.;;"gleich: (1/3)² + (2/3)² = 5/9; verschieden: 2 · 1/3 · 2/3 = 4/9; 5/9 > 4/9 – er hat recht";3;glatt;pruefen;text;30;
SH-MSA-2023-B4-5b;SH ’23;quelle-fremd-hh-sh-sh-msa-2023.txt · B4 (5)b;wahrscheinlichkeit;Gegenereignis;Gegenereignis|Pfadregel;ganz;;Ein Würfel hat 2 weiße und 4 graue Seiten. Er wird zweimal geworfen. Bestimme die Wahrscheinlichkeit, dass mindestens einmal Grau kommt.;;1 − (1/3)² = 8/9;2;glatt;vorwaerts;text;21;
SH-MSA-2024-A15;SH ’24;quelle-fremd-hh-sh-sh-msa-2024.txt · A15;quadratische;Scheitelpunktform angeben;Scheitelpunktform angeben;ganz;;"Gegeben ist f(x) = x² − 6x − 8. Welche Gleichung ist die Scheitelpunktform von f? Kreuze an: f(x) = (x − 3)² − 8; f(x) = (x − 3)² − 1; f(x) = (x − 3)² − 17.";Ankreuzfeld mit drei Gleichungen;f(x) = (x − 3)² − 17;2;kopf;vergleichen;text;39;
SH-MSA-2024-A16b;SH ’24;quelle-fremd-hh-sh-sh-msa-2024.txt · A16b;quadratische;Nullstellen berechnen;Nullstellen berechnen;ganz;;Gib die Lösungen der Gleichung x² − 9 = 0 an.;;x₁ = −3, x₂ = 3;1;kopf;vorwaerts;text;11;"Rechenzeichen im Text verloren; aus Lösung x₁,₂ = ±3 erschlossen"
SH-MSA-2024-A17;SH ’24;quelle-fremd-hh-sh-sh-msa-2024.txt · A17;wachstum;Faktor bestimmen, Gleichung aufstellen;Faktor bestimmen, Gleichung aufstellen;ganz;;"Ein Körper ist zu Beginn 100 °C warm. Nach jeder Stunde hat er nur noch 20 % der Temperatur vom Anfang dieser Stunde. Welche Gleichung beschreibt das? Kreuze an und begründe: f(x) = 100 − 0,2x; g(x) = 100 · 0,2^x; h(x) = 100 · 0,2x.";Ankreuzfeld mit drei Gleichungen;g(x) = 100 · 0,2^x: Startwert 100, jede Stunde mal 0,2;1;kopf;vergleichen;text;46;"Hochstellung im Text verloren; aus Lösung"
SH-MSA-2024-A18a;SH ’24;quelle-fremd-hh-sh-sh-msa-2024.txt · A18a;wahrscheinlichkeit;Gegenereignis;Gegenereignis|Pfadregel;ganz;;Du wirfst eine faire Münze zweimal. Berechne die Wahrscheinlichkeit, dass mindestens einmal Kopf fällt.;;1 − ½ · ½ = 3/4;2;kopf;vorwaerts;text;14;
SH-MSA-2024-A18b;SH ’24;quelle-fremd-hh-sh-sh-msa-2024.txt · A18b;wahrscheinlichkeit;Pfadregel;Pfadregel;ganz;;Du wirfst eine faire Münze zweimal. Berechne die Wahrscheinlichkeit, dass keinmal Kopf fällt.;;½ · ½ = 1/4;1;kopf;vorwaerts;text;13;
SH-MSA-2024-A19a;SH ’24;quelle-fremd-hh-sh-sh-msa-2024.txt · A19a;prozent;Prozentwert;Prozentwert;ganz;;In einer Klasse sind 30 Kinder. 40 % davon sind Mädchen. Wie viele Jungen sind in der Klasse?;;"Mädchen: 40 % von 30 = 12; Jungen: 30 − 12 = 18";2;kopf;vorwaerts;text;18;
SH-MSA-2024-A19b;SH ’24;quelle-fremd-hh-sh-sh-msa-2024.txt · A19b;prozent;Prozentwert;Prozentwert;ganz;;In einer Klasse sind 12 Mädchen. 25 % von ihnen haben in der Klassenarbeit eine Zwei. Wie viele Mädchen sind das?;;25 % von 12 = 3;1;kopf;vorwaerts;text;21;Mädchenzahl 12 aus A19a eingesetzt, damit die Aufgabe für sich steht
SH-MSA-2024-B1-1a;SH ’24;quelle-fremd-hh-sh-sh-msa-2024.txt · B1 (1)a;dreiecke;Winkel berechnen;Winkel berechnen;ganz;;Im Dreieck ABC liegt bei C ein rechter Winkel. Die Katheten sind a = 7,5 cm und b = 5 cm. Zeige mit einer Rechnung, dass der Winkel β etwa 33,7° groß ist.;"Skizze, nicht maßstabsgerecht: rechtwinkliges Dreieck ABC, rechter Winkel bei C, a = BC = 7,5 cm, b = AC = 5 cm, Winkel β bei B; Winkelhalbierende w von B nach D auf AC";tan β = 5/7,5 ⇒ β ≈ 33,7°;1;krumm;pruefen;bild;33;Lage des rechten Winkels aus der Lösung erschlossen
SH-MSA-2024-B1-1b;SH ’24;quelle-fremd-hh-sh-sh-msa-2024.txt · B1 (1)b;dreiecke;Seite berechnen;Seite berechnen|Dreieck erst in Figur oder Körper finden;ganz;;Im Dreieck ABC liegt bei C ein rechter Winkel, a = 7,5 cm und β ≈ 33,7°. Die Winkelhalbierende w von β trifft AC im Punkt D. Berechne die Länge w = BD.;Skizze wie B1 (1)a;"β/2 ≈ 16,85°; cos(16,85°) = 7,5/w ⇒ w ≈ 7,84 cm";2;krumm;vorwaerts;bild;33;
SH-MSA-2024-B1-1c;SH ’24;quelle-fremd-hh-sh-sh-msa-2024.txt · B1 (1)c;dreiecke;Seite berechnen;Seite berechnen;ganz;;Im Dreieck BCD liegt bei C ein rechter Winkel. BC = 7,5 cm, der Winkel bei B beträgt 16,85°. D liegt auf der 5 cm langen Seite AC. Zeige, dass CD kürzer ist als die halbe Seite AC.;Skizze wie B1 (1)a;CD = 7,5 · tan(16,85°) ≈ 2,27 cm < 2,5 cm;2;krumm;pruefen;bild;38;
SH-MSA-2024-B1-3a;SH ’24;quelle-fremd-hh-sh-sh-msa-2024.txt · B1 (3)a;dreiecke;Dreieck erst in Figur oder Körper finden;Dreieck erst in Figur oder Körper finden|Seite berechnen;ganz;;Eine gerade Pyramide hat eine quadratische Grundfläche mit a = 230 m. Die Seitenflächen sind um 50° gegen die Grundfläche geneigt. Zeige, dass die Höhe h einer Seitenfläche etwa 179 m beträgt.;Skizze: quadratische Pyramide, Höhe k, Seitenflächenhöhe h, Neigungswinkel 50° zwischen h und Grundfläche, a = 230 m;cos 50° = 115/h ⇒ h = 115/cos 50° ≈ 178,9 m;2;krumm;pruefen;bild;32;Winkel 50° aus Lösung und Text (3)c
SH-MSA-2024-B1-3b;SH ’24;quelle-fremd-hh-sh-sh-msa-2024.txt · B1 (3)b;flaechen;Grundfigur berechnen;Grundfigur berechnen;ganz;;Eine quadratische Pyramide hat die Grundkante 230 m. Jede Seitenfläche ist ein Dreieck mit der Höhe 179 m. Bestimme die Mantelfläche in m².;;M = 4 · ½ · 230 · 179 = 82 340 m²;2;glatt;vorwaerts;text;23;Stufe Grundfigur (Dreieck), Mantel als 4 Dreiecke
SH-MSA-2024-B1-3c;SH ’24;quelle-fremd-hh-sh-sh-msa-2024.txt · B1 (3)c;dreiecke;Seite berechnen;Seite berechnen;ganz;;Bei einer Pyramide mit Grundkante 230 m sind die Seitenflächen um 50° geneigt. Jemand sagt: Bei 10° statt 50° ist die Höhe k nur ein Fünftel so groß. Prüfe die Aussage.;Skizze: Querschnitt, halbe Grundkante 115 m, Höhe k, Neigungswinkel;"k = 115 · tan 50° ≈ 137 m; bei 10°: k = 115 · tan 10° ≈ 20,3 m; 137 : 5 ≈ 27,4 m ≠ 20,3 m – stimmt nicht";3;krumm;pruefen;bild;31;
SH-MSA-2024-B2-2a;SH ’24;quelle-fremd-hh-sh-sh-msa-2024.txt · B2 (2)a;koerper;Volumen direkt;Volumen direkt;ganz;;Ein Holzquader ist 6 cm lang, 6 cm breit und 4 cm hoch. Zeige, dass sein Volumen 144 cm³ beträgt.;Schrägbild Quader 6 cm × 6 cm × 4 cm;V = 6 · 6 · 4 = 144 cm³;1;kopf;pruefen;bild;20;
SH-MSA-2024-B2-2b;SH ’24;quelle-fremd-hh-sh-sh-msa-2024.txt · B2 (2)b;koerper;vergleichen und urteilen;vergleichen und urteilen|Volumen direkt|Prozentsatz;ganz;;Aus einem Holzquader (6 cm × 6 cm × 4 cm, 144 cm³) wird ein Kegel gedrechselt: Radius 3 cm, Höhe 4 cm. Mark sagt: Der Kegel hat weniger als 25 % des Quadervolumens. Prüfe, ob Mark recht hat.;Schrägbild: Quader mit einbeschriebenem Kegel, Spitze nach unten;"V = ⅓ · π · 3² · 4 ≈ 37,7 cm³; 37,7 : 144 ≈ 26 % – Mark hat nicht recht";3;krumm;pruefen;bild;39;
SH-MSA-2024-B2-2b-h1;nach SH ’24;quelle-fremd-hh-sh-sh-msa-2024.txt · B2 (2)b;koerper;Volumen direkt;Volumen direkt;herausgeloest;SH-MSA-2024-B2-2b;Der untere Teil eines Kreisels ist ein Kegel mit Radius 3 cm und Höhe 4 cm. Berechne sein Volumen.;;V = ⅓ · π · 3² · 4 = 12π ≈ 37,7 cm³;1;krumm;vorwaerts;text;19;
SH-MSA-2024-B2-2b-h2;nach SH ’24;quelle-fremd-hh-sh-sh-msa-2024.txt · B2 (2)b;prozent;Prozentsatz;Prozentsatz;herausgeloest;SH-MSA-2024-B2-2b;Ein Holzquader hat 144 cm³. Der Kegel, der daraus gedrechselt wird, hat 37,7 cm³. Wie viel Prozent des Quadervolumens sind das?;;37,7 : 144 ≈ 0,262 = 26,2 %;1;krumm;vorwaerts;text;21;
SH-MSA-2024-B2-4;SH ’24;quelle-fremd-hh-sh-sh-msa-2024.txt · B2 (4);koerper;vergleichen und urteilen;vergleichen und urteilen;ganz;;Lisa verdoppelt alle Kantenlängen eines Holzquaders. Sie meint: Dann verdoppelt sich auch das Volumen. Entscheide, ob Lisa recht hat, und begründe.;;Nein: 2a · 2b · 2c = 8 · abc – das Volumen wird achtmal so groß;1;kopf;pruefen;text;21;
SH-MSA-2024-B2-5a;SH ’24;quelle-fremd-hh-sh-sh-msa-2024.txt · B2 (5)a;koerper;Mantelfläche mit Kosten;Mantelfläche mit Kosten;ganz;;Der Stiel eines Kreisels ist ein Zylinder: 4 cm hoch, Radius 0,25 cm. Lisa lackiert ihn rundherum grün. Berechne die lackierte Fläche in cm².;;O = 2π · 0,25² + 2π · 0,25 · 4 ≈ 6,68 cm²;2;krumm;vorwaerts;text;24;"Oberfläche; P10-Stufe „Mantelfläche mit Kosten“ ersatzweise (keine Stufe Oberfläche)"
SH-MSA-2024-B2-5b;SH ’24;quelle-fremd-hh-sh-sh-msa-2024.txt · B2 (5)b;dreiecke;Dreieck erst in Figur oder Körper finden;Dreieck erst in Figur oder Körper finden|Kathete oder Hypotenuse direkt;ganz;;Ein Kegel hat den Radius 3 cm und die Höhe 4 cm. Zeige, dass seine Mantellinie s 5 cm lang ist.;Skizze: Kegel mit Radius, Höhe und Mantellinie s;s = √(3² + 4²) = 5 cm;1;kopf;pruefen;bild;21;
SH-MSA-2024-B2-5c;SH ’24;quelle-fremd-hh-sh-sh-msa-2024.txt · B2 (5)c;koerper;Mantelfläche mit Kosten;Mantelfläche mit Kosten;ganz;;Der untere Teil eines Kreisels ist ein Kegel: r = 3 cm, s = 5 cm. Er wird ganz rot lackiert. Berechne die lackierte Fläche in cm².;;O = π · 3 · (3 + 5) = 24π ≈ 75,4 cm²;2;krumm;vorwaerts;text;27;"Oberfläche Kegel; Stufe ersatzweise"
SH-MSA-2024-B3-1b;SH ’24;quelle-fremd-hh-sh-sh-msa-2024.txt · B3 (1)b;quadratische;x zu gegebenem y;x zu gegebenem y;ganz;;Die mittlere Jahrestemperatur der Erde wird mit f(x) = 0,0003x² + 8,5 beschrieben (x: Jahre seit 1950, f(x) in °C). Für 2020 (x = 70) gilt f(70) ≈ 10,0 °C. Berechne, nach wie vielen Jahren ab 2020 die Temperatur um 1 °C höher ist.;;"f(x) = 10,97 ⇒ x² ≈ 8 233 ⇒ x ≈ 90,7; 90,7 − 70 ≈ 21 Jahre";3;krumm;rueckwaerts;text;44;"Original: am Graphen ablesen (R aus Bild); hier rechnerisch mit Gleichung aus (1)c"
SH-MSA-2024-B3-1c;SH ’24;quelle-fremd-hh-sh-sh-msa-2024.txt · B3 (1)c;quadratische;Punkt auf der Parabel prüfen;Punkt auf der Parabel prüfen;ganz;;Die mittlere Jahrestemperatur der Erde wird mit f(x) = 0,0003x² + 8,5 beschrieben (x: Jahre seit 1950, f(x) in °C). Berechne die Temperatur für das Jahr 2050.;;x = 100: f(100) = 0,0003 · 10 000 + 8,5 = 11,5 °C;2;glatt;vorwaerts;text;27;"Funktionswert einsetzen; Stufe ersatzweise"
SH-MSA-2024-B3-2b;SH ’24;quelle-fremd-hh-sh-sh-msa-2024.txt · B3 (2)b;lineare;Gleichung aufstellen und rückwärts rechnen;Gleichung aufstellen und rückwärts rechnen;ganz;;Robert beschreibt die mittlere Temperatur mit g(x) = 0,04x + 7,2 (x in Jahren, g(x) in °C). Berechne, nach wie vielen Jahren die Temperatur um 1 °C gestiegen ist.;;0,04x = 1 ⇒ x = 25 Jahre;1;glatt;rueckwaerts;text;29;"Gleichung g im Text verloren; aus Lösung (0,04x + 7,2)"
SH-MSA-2024-B3-4;SH ’24;quelle-fremd-hh-sh-sh-msa-2024.txt · B3 (4);daten;Mittelwert;Mittelwert|Aussage prüfen;ganz;;"Mittlere Sommertemperaturen in Deutschland: 2016: 17,8 °C; 2017: 17,9 °C; 2018: 19,3 °C; 2019: 19,2 °C; 2020: 18,2 °C. Der heißeste Sommer vor 1990 hatte etwa 18,5 °C. Ein Artikel sagt: So warm wie damals ist heute ein durchschnittlicher Sommer. Prüfe die Aussage.";Tabelle: Jahr 2016 bis 2020, mittlere Sommertemperatur in °C;Mittelwert: 92,4 : 5 = 18,48 ≈ 18,5 °C – Aussage stimmt;2;glatt;pruefen;tabelle;43;18,5 °C im Original aus Diagramm abzulesen
SH-MSA-2024-B4-5c;SH ’24;quelle-fremd-hh-sh-sh-msa-2024.txt · B4 (5)c;prozent;Erhöhung und Veränderung in Prozent;Erhöhung und Veränderung in Prozent;ganz;;Die Erde ist der Sonne im Januar etwa 147,1 Mio. km nah, im Juli etwa 152,1 Mio. km fern. Zeige, dass der Unterschied nur etwa 3,5 % beträgt.;Liniendiagramm: Entfernung Erde–Sonne 2024, y-Achse 142 bis 154 Mio. km (nicht bei 0), x-Achse 01.01. bis 31.12.;152,1 : 147,1 ≈ 1,034 – etwa 3,4 % mehr;2;krumm;pruefen;diagramm;28;Werte im Original abzulesen (Bereich 146,5–147,5 bzw. 152,0–152,5)
SH-MSA-2025-A2;SH ’25;quelle-fremd-hh-sh-sh-msa-2025.txt · A2;dreiecke;Winkelsumme;Winkelsumme;ganz;;"Wie groß ist die Summe der Innenwinkel in einem Sechseck? Kreuze an: 720°; 1080°; 1440°.";"Ankreuzfeld; Sechseck abgebildet";(6 − 2) · 180° = 720°;1;kopf;vorwaerts;text;15;"Vieleck statt Dreieck; Stufe Winkelsumme ersatzweise"
SH-MSA-2025-A4;SH ’25;quelle-fremd-hh-sh-sh-msa-2025.txt · A4;wachstum;Graph zuordnen und begründen;Graph zuordnen und begründen;ganz;;"Welche Art von Zuordnung zeigt jede Wertetabelle: linear, quadratisch oder exponentiell? Tabelle 1: x = 0 bis 6, f(x) = 8; 3; 0; −1; 0; 3; 8. Tabelle 2: x = 0 bis 6, f(x) = 0,8; 3,2; 5,6; 8; 10,4; 12,8; 15,2.";zwei Wertetabellen, je mit Ankreuzfeld linear / quadratisch / exponentiell;"Tabelle 1: quadratisch (symmetrisch um x = 3); Tabelle 2: linear (immer + 2,4)";2;glatt;vergleichen;tabelle;43;Stufe „Graph zuordnen“ ersatzweise (Tabelle statt Graph)
SH-MSA-2025-A9a;SH ’25;quelle-fremd-hh-sh-sh-msa-2025.txt · A9a;quadratische;Nullstellen berechnen;Nullstellen berechnen|Scheitelpunkt ablesen;ganz;;Eine Parabel schneidet die x-Achse bei 2 und bei 4 und ist nach oben geöffnet wie die Normalparabel. Begründe, dass sie die Gleichung f(x) = (x − 2) · (x − 4) hat.;Graph: Normalparabel mit Nullstellen 2 und 4, Scheitel S(3 | −1);"f(2) = 0 und f(4) = 0; die Nullstellen von (x − 2)(x − 4) sind x₁ = 2, x₂ = 4";1;kopf;pruefen;graph;33;
SH-MSA-2025-A9b;SH ’25;quelle-fremd-hh-sh-sh-msa-2025.txt · A9b;quadratische;Scheitelpunktform angeben;Scheitelpunktform angeben;ganz;;"Eine Normalparabel hat den Scheitel S(3 | −1). Welche Gleichung gehört nicht zu ihr? Kreuze an: f(x) = (x − 3)² − 1; f(x) = x² − 6x + 8; f(x) = 3x² − 1.";Graph wie A9a;f(x) = 3x² − 1 (die anderen beiden sind gleich: (x − 3)² − 1 = x² − 6x + 8);2;kopf;vergleichen;graph;35;Vorzeichen aus Lösung A9a (Nullstellen 2 und 4) erschlossen
SH-MSA-2025-A14;SH ’25;quelle-fremd-hh-sh-sh-msa-2025.txt · A14;dreiecke;Seitenverhältnis benennen;Seitenverhältnis benennen;ganz;;Im Dreieck ABC ist ein Winkel 21° groß, eine Seite 6,5 cm lang. Das Dreieck hat keinen rechten Winkel. Anne rechnet a = tan(21°) · 6,5 cm. Erkläre, warum das so nicht geht.;Skizze: Dreieck ABC ohne rechten Winkel, Winkel 21°, Seite 6,5 cm;Den Tangens darf man nur im rechtwinkligen Dreieck verwenden.;1;kopf;pruefen;bild;33;
SH-MSA-2025-A16;SH ’25;quelle-fremd-hh-sh-sh-msa-2025.txt · A16;dreiecke;rechten Winkel begründen;rechten Winkel begründen;ganz;;Ein Dreieck ABC hat die Seiten a = 3 cm, b = 5 cm und c = 4 cm. Zeige, dass es rechtwinklig ist.;;3² + 4² = 9 + 16 = 25 = 5² – nach der Umkehrung des Pythagoras rechtwinklig;1;kopf;pruefen;text;24;
SH-MSA-2025-A20;SH ’25;quelle-fremd-hh-sh-sh-msa-2025.txt · A20;daten;Winkel berechnen und beschriften;Winkel berechnen und beschriften;ganz;;In einem Kreis ist ein Sektor mit dem Mittelpunktswinkel 36° grau gefärbt. Zeige, dass ein Zehntel des Kreises grau ist.;Kreis mit grauem Sektor, Winkel 36°;36° : 360° = 1/10;1;kopf;pruefen;bild;20;
SH-MSA-2025-B1-1b;SH ’25;quelle-fremd-hh-sh-sh-msa-2025.txt · B1 (1)b;dreiecke;Seite berechnen;Seite berechnen;ganz;;Jasper steht auf einem 20 m hohen Turm. Die Sichtlinie zu Ben am Ufer bildet mit dem Turm einen Winkel von 58°. Zeige, dass Ben etwa 32 m vom Turm entfernt steht.;"Skizze, nicht maßstabsgetreu: Turm 20 m, Fußpunkt, Ben am vorderen Ufer, Sichtlinie von der Turmspitze zu Ben; Winkel an der Turmspitze 58° zwischen Turm und Sichtlinie";tan 58° = x/20 ⇒ x = 20 · tan 58° ≈ 32 m;1;krumm;pruefen;bild;32;"Original: Winkel 24° und 8° an der Spitze; 58° = 90° − 24° − 8° aus Lösung"
SH-MSA-2025-B1-1c;SH ’25;quelle-fremd-hh-sh-sh-msa-2025.txt · B1 (1)c;dreiecke;Seite berechnen (Sinussatz);Seite berechnen (Sinussatz)|Kathete oder Hypotenuse direkt|Winkelsumme;ganz;;Jasper steht 20 m hoch auf einem Turm. Ben steht 32 m vom Turm entfernt am vorderen Ufer des Kanals. Der Winkel zwischen Jaspers Sichtlinien zu Ben und zum anderen Ufer beträgt 24°. Die Sichtlinie zum anderen Ufer ist 8° gegen die Waagerechte geneigt. Berechne die Breite des Kanals.;"Skizze, nicht maßstabsgetreu: Turm 20 m; Ben 32 m vom Turmfuß; anderes Ufer weiter hinten; Winkel zwischen den beiden Sichtlinien 24°; Neigung der langen Sichtlinie 8°; Dreieck Turmspitze–Ben–anderes Ufer mit Winkel 148° bei Ben";"Sichtlinie zu Ben: √(20² + 32²) ≈ 37,74 m; Sinussatz: x/sin 24° = 37,74/sin 8° ⇒ x ≈ 110 m";3;krumm;vorwaerts;bild;49;
SH-MSA-2025-B1-1c-h1;nach SH ’25;quelle-fremd-hh-sh-sh-msa-2025.txt · B1 (1)c;dreiecke;Kathete oder Hypotenuse direkt;Kathete oder Hypotenuse direkt;herausgeloest;SH-MSA-2025-B1-1c;Jasper steht auf einem 20 m hohen Turm. Ben steht 32 m vom Fuß des Turms entfernt. Wie lang ist die Sichtlinie von Jasper zu Ben?;Skizze: rechtwinkliges Dreieck Turmspitze–Turmfuß–Ben, Katheten 20 m und 32 m;√(20² + 32²) = √1 424 ≈ 37,74 m;1;krumm;vorwaerts;bild;26;
SH-MSA-2025-B1-1a;SH ’25;quelle-fremd-hh-sh-sh-msa-2025.txt · B1 (1)a;dreiecke;Winkelsumme;Winkelsumme;ganz;;Im Dreieck aus Turmspitze, Ben und dem anderen Ufer ist der Winkel an der Turmspitze 24° und der Winkel am anderen Ufer 8° groß. Gib den Winkel β bei Ben an.;Skizze wie B1 (1)c;β = 180° − 24° − 8° = 148°;1;kopf;vorwaerts;bild;31;
SH-MSA-2025-B1-3a;SH ’25;quelle-fremd-hh-sh-sh-msa-2025.txt · B1 (3)a;dreiecke;Winkelsumme;Winkelsumme|gleichschenkliges Dreieck;ganz;;Ein Segel ist ein gleichschenkliges Dreieck. Der Winkel zwischen den beiden gleich langen Seiten ist 30° groß. Gib die Größe der Basiswinkel α an.;Skizze: gleichschenkliges Dreieck, Schenkel je 3,60 m, Winkel an der Spitze 30°;2α = 180° − 30° ⇒ α = 75°;1;kopf;vorwaerts;bild;24;
SH-MSA-2025-B1-3b;SH ’25;quelle-fremd-hh-sh-sh-msa-2025.txt · B1 (3)b;flaechen;Figur erst zerlegen oder Strecke erst berechnen;Figur erst zerlegen oder Strecke erst berechnen|Seite berechnen;ganz;;Ein Segel ist ein gleichschenkliges Dreieck mit zwei 3,60 m langen Seiten. Sie schließen einen Winkel von 30° ein. Berechne den Flächeninhalt des Segels in m².;Skizze: gleichschenkliges Dreieck, Schenkel je 3,60 m, Winkel an der Spitze 30°;"Höhe auf einen Schenkel: 3,60 · sin 30° = 1,80 m; A = ½ · 3,60 · 1,80 = 3,24 m²";2;glatt;vorwaerts;bild;26;
SH-MSA-2025-B2-1;SH ’25;quelle-fremd-hh-sh-sh-msa-2025.txt · B2 (1);koerper;Volumen direkt;Volumen direkt;ganz;;Ein Stück Knetmasse ist ein Zylinder mit 32 mm Durchmesser und 72 mm Höhe. Berechne sein Volumen in mm³.;Skizze: Zylinder, Durchmesser 32 mm, Höhe 72 mm;"r = 16 mm; V = π · 16² · 72 ≈ 57 906 mm³";2;krumm;vorwaerts;bild;19;Maße aus Lösung (r = 16 mm, k = 72 mm)
SH-MSA-2025-B2-3;SH ’25;quelle-fremd-hh-sh-sh-msa-2025.txt · B2 (3);koerper;vergleichen und urteilen;vergleichen und urteilen|Volumen direkt;ganz;;Eine Schülerin hat 57 906 mm³ Knetmasse. Sie will daraus eine Kugel mit dem Radius 24 mm formen. Zeige, dass das Material reicht.;;V = 4/3 · π · 24³ ≈ 57 906 mm³ – genau so viel, es reicht;2;krumm;pruefen;text;23;Kugelvolumen
SH-MSA-2025-B2-4;SH ’25;quelle-fremd-hh-sh-sh-msa-2025.txt · B2 (4);koerper;vergleichen und urteilen;vergleichen und urteilen;ganz;;Aus gleich großen Knetzylindern soll ein großer Zylinder entstehen. Er hat den dreifachen Radius und dieselbe Höhe. Gib an, wie viele kleine Zylinder man braucht.;;V ~ r²: 3² = 9 Stück;1;kopf;vorwaerts;text;25;
SH-MSA-2025-B2-5b;SH ’25;quelle-fremd-hh-sh-sh-msa-2025.txt · B2 (5)b;prozent;Erhöhung und Veränderung in Prozent;Erhöhung und Veränderung in Prozent;ganz;;Eine Schachtel ohne Deckel braucht 716,8 cm² Material. Mit Deckel sind es 972,8 cm². Berechne, um wie viel Prozent der Materialbedarf steigt.;;(972,8 − 716,8) : 716,8 = 256 : 716,8 ≈ 35,7 %;2;krumm;vorwaerts;text;22;
SH-MSA-2025-B2-5c;SH ’25;quelle-fremd-hh-sh-sh-msa-2025.txt · B2 (5)c;koerper;Mantelfläche mit Kosten;Mantelfläche mit Kosten;ganz;;Ein Knetzylinder (Durchmesser 32 mm, Höhe 72 mm) wird mit einem rechteckigen Stück Folie umwickelt. Die Folie überlappt um 5 mm. Berechne den Flächeninhalt des Folienstücks in mm².;;"Breite: π · 32 + 5 ≈ 105,53 mm; A = 72 · 105,53 ≈ 7 598 mm²";2;krumm;vorwaerts;text;28;"Mantel; Stufe ersatzweise"
SH-MSA-2025-B3-2c;SH ’25;quelle-fremd-hh-sh-sh-msa-2025.txt · B3 (2)c;quadratische;Lösung prüfen;Lösung prüfen;ganz;;Gegeben ist i(x) = −1,5x² + 3x. Zeige, dass i die Nullstellen x₁ = 0 und x₂ = 2 hat.;;"i(0) = 0; i(2) = −1,5 · 4 + 6 = 0";2;glatt;pruefen;text;20;Vorzeichen aus der Lösung
SH-MSA-2025-B3-1b;SH ’25;quelle-fremd-hh-sh-sh-msa-2025.txt · B3 (1)b;quadratische;Scheitelpunkt ablesen;Scheitelpunkt ablesen;ganz;;Zwischen O(0 | 0) und A(2 | 0) soll eine Kurve durch eine nach unten geöffnete Parabel angenähert werden. Der höchste Punkt der Kurve liegt etwa bei y = 1,5. Gib einen passenden Scheitelpunkt an.;"Graph: wellenförmige Kurve, Nullstellen −2, 0, 2; Hochpunkt zwischen 0 und 2 bei etwa 1,5";z. B. S(1 | 1,5) (Mitte zwischen 0 und 2);1;kopf;vorwaerts;graph;35;Höhe 1,5 aus Lösung
SH-MSA-2025-B3-3b;SH ’25;quelle-fremd-hh-sh-sh-msa-2025.txt · B3 (3)b;lineare;durch zwei Punkte, Gleichung ablesen;durch zwei Punkte, Gleichung ablesen;ganz;;Die Punkte B(−0,5 | −1,05) und C(0,5 | 1,05) liegen auf einer Kurve. Bestimme die Gleichung der Geraden k durch B und C.;;"m = (1,05 − (−1,05)) : (0,5 − (−0,5)) = 2,1; Gerade durch den Ursprung: k(x) = 2,1x";2;glatt;vorwaerts;text;23;
SH-MSA-2025-B4-1;SH ’25;quelle-fremd-hh-sh-sh-msa-2025.txt · B4 (1);wahrscheinlichkeit;Pfadregel;Pfadregel;ganz;;Emres Playlist hat 12 Lieder. Das Handy spielt sie zufällig, jedes Lied kann wieder kommen. Bestimme die Wahrscheinlichkeit, dass das Lied „Come on“ als erstes und gleich danach noch einmal gespielt wird.;;1/12 · 1/12 = 1/144 ≈ 0,7 %;2;glatt;vorwaerts;text;32;
SH-MSA-2025-B4-4d;SH ’25;quelle-fremd-hh-sh-sh-msa-2025.txt · B4 (4)d;wahrscheinlichkeit;ohne Zurücklegen;ohne Zurücklegen|Pfadregel;ganz;;Es fehlen noch vier Lieder, eines davon ist „Go“. Sie kommen in zufälliger Reihenfolge, jedes nur einmal. Bestimme die Wahrscheinlichkeit, dass „Go“ als zweites Lied kommt.;;3/4 · 1/3 = 1/4;2;kopf;vorwaerts;text;26;
SH-MSA-2026-A13;SH ’26;quelle-fremd-hh-sh-sh-msa-2026.txt · A13;wahrscheinlichkeit;ohne Zurücklegen;ohne Zurücklegen;ganz;;Auf dem Tisch liegen verdeckt 8 Karten: 4 mit Herz, 4 mit Kreuz. Tom deckt eine Karte auf, sie zeigt Herz, und legt sie weg. Dann sagt er zu Harry: Deckst du jetzt wieder Herz auf, gewinnst du, sonst gewinne ich. Begründe, dass das Spiel nicht fair ist.;;Noch 3 Herz und 4 Kreuz: P(Harry gewinnt) = 3/7 < 4/7;2;kopf;pruefen;text;48;"Vorgeschichte (erste Karte Herz) aus Lösung erschlossen; Name Tom gesetzt"
SH-MSA-2026-A14;SH ’26;quelle-fremd-hh-sh-sh-msa-2026.txt · A14;prozent;Prozentsatz;Prozentsatz;ganz;;"In einem Test sind 15 von 25 Antworten richtig. Welcher Prozentsatz passt? Kreuze an: 15 %; 30 %; 60 %.";Ankreuzfeld;15 : 25 = 0,6 = 60 %;1;kopf;vorwaerts;text;20;
SH-MSA-2026-A20;SH ’26;quelle-fremd-hh-sh-sh-msa-2026.txt · A20;daten;rückwärts: fehlender Wert;rückwärts: fehlender Wert|Mittelwert;ganz;;Vier Personen nennen die Größe ihrer Wohnung: 74 m², 60 m², 80 m² und eine fehlt noch. Im Durchschnitt sind es 70 m². Gib den fehlenden Wert an.;;"4 · 70 = 280; 280 − 74 − 60 − 80 = 66 m²";2;kopf;rueckwaerts;text;28;
SH-MSA-2026-B1-1b;SH ’26;quelle-fremd-hh-sh-sh-msa-2026.txt · B1 (1)b;dreiecke;Winkel berechnen;Winkel berechnen;ganz;;An einem Fahrradrahmen bilden die Strecken s = 550 mm und r = 350 mm einen rechten Winkel. Sie sind die Katheten eines Dreiecks. Bestimme die beiden anderen Winkel des Dreiecks.;Skizze, nicht maßstabsgetreu: Fahrradrahmen mit rechtwinkligem Dreieck, senkrechte Kathete s = 550 mm, waagerechte Kathete r = 350 mm;"tan α = 550/350 ⇒ α ≈ 57,5°; β = 90° − 57,5° ≈ 32,5°";2;krumm;vorwaerts;bild;31;"welcher Winkel α heißt, steht nur im Bild; beide angegeben"
SH-MSA-2026-B3-1a;SH ’26;quelle-fremd-hh-sh-sh-msa-2026.txt · B3 (1)a;lineare;erkennen und ablesen;erkennen und ablesen;ganz;;"Der Punkt P(x | y) liegt auf der Geraden g mit g(x) = −0,4x + 6. Ergänze die Tabelle: x = 0; 3; leer; 10 und y = 6; leer; 4; 2.";"Tabelle mit zwei Lücken: x 0, 3, _, 10; y 6, _, 4, 2";"x = 3: y = 4,8; y = 4: x = 5";2;glatt;vorwaerts;tabelle;32;"Geradengleichung im Text verloren; aus den Tabellenwerten (0 | 6), (10 | 2) erschlossen"
SH-MSA-2026-B3-1b;SH ’26;quelle-fremd-hh-sh-sh-msa-2026.txt · B3 (1)b;lineare;Gleichung aufstellen und rückwärts rechnen;Gleichung aufstellen und rückwärts rechnen;ganz;;Ein Punkt P wandert auf der Geraden g(x) = −0,4x + 6 nach rechts. Berechne, bei welcher x-Koordinate er die x-Achse trifft.;;−0,4x + 6 = 0 ⇒ x = 15;1;glatt;rueckwaerts;text;22;
SH-MSA-2026-B3-3a;SH ’26;quelle-fremd-hh-sh-sh-msa-2026.txt · B3 (3)a;quadratische;Scheitelpunkt ablesen;Scheitelpunkt ablesen;ganz;;"Die Tabelle gehört zu einer quadratischen Funktion a. x: 2; 5; 7; 8; 10; 11. a(x): 5,2; 10; 11,2; 11,2; 10; 8,8. Gib die x-Koordinate des Scheitelpunkts an und schätze die y-Koordinate.";"Tabelle: x 2, 5, 7, 8, 10, 11; a(x) 5,2; 10; 11,2; 11,2; 10; 8,8";"x = 7,5 (Mitte zwischen 7 und 8); y ≈ 11,25";1;glatt;vorwaerts;tabelle;32;
SH-MSA-2026-B3-4c;SH ’26;quelle-fremd-hh-sh-sh-msa-2026.txt · B3 (4)c;lineare;durch zwei Punkte, Gleichung ablesen;durch zwei Punkte, Gleichung ablesen;ganz;;Die Gerade h geht durch den Ursprung B(0 | 0) und durch P(2,1 | 5,2). Bestimme eine Gleichung für h.;;"m = 5,2 : 2,1 ≈ 2,48; h(x) ≈ 2,48x";2;krumm;vorwaerts;text;20;B als Ursprung aus Lösung (y-Achsenabschnitt 0)
SH-MSA-2026-B4-6;SH ’26;quelle-fremd-hh-sh-sh-msa-2026.txt · B4 (6);prozent;Grundwert;Grundwert;ganz;;Ein Zufallsversuch wird oft am Computer simuliert. In 195 Fällen kommen zwei Kugeln gleicher Farbe. Das sind 12,5 % aller Durchgänge. Berechne, wie oft simuliert wurde.;;G = 195 : 0,125 = 1 560;1;glatt;rueckwaerts;text;26;
SH-MSA-2026-B2-3b;SH ’26;quelle-fremd-hh-sh-sh-msa-2026.txt · B2 (3)b;prozent;Aussagen prüfen;Aussagen prüfen;ganz;;Für ein Dach braucht man 960 Dachziegel. Jeder wiegt 3,84 kg. Enrico sagt: Alle Ziegel zusammen wiegen mehr als 3 Tonnen. Zeige, dass Enrico recht hat.;;960 · 3,84 kg = 3 686,4 kg ≈ 3,7 t > 3 t;1;krumm;pruefen;text;26;"keine passende Stufe außer Aussagen prüfen; ersatzweise"
SH-ESA-2022-A4;SH ’22;quelle-fremd-hh-sh-sh-esa-2022.txt · A4;daten;Winkel berechnen und beschriften;Winkel berechnen und beschriften;ganz;;Ein Kreis wird in 5 gleich große Teile geteilt. Gib die Größe des Winkels β eines Teils an.;Kreis, in 5 gleich große Sektoren geteilt, ein Mittelpunktswinkel β markiert;β = 360° : 5 = 72°;1;kopf;vorwaerts;bild;18;
SH-ESA-2022-A6;SH ’22;quelle-fremd-hh-sh-sh-esa-2022.txt · A6;prozent;Prozentwert;Prozentwert;ganz;;Simon rechnet 15 % von 380 im Kopf so: 38 + 19 = 57. Erkläre seinen Rechenweg.;;"38 sind 10 % von 380, 19 sind 5 % (die Hälfte davon); zusammen 15 % = 57";1;kopf;pruefen;text;17;
SH-ESA-2022-B1-1b;SH ’22;quelle-fremd-hh-sh-sh-esa-2022.txt · B1 (1)b;daten;Aussage prüfen;Aussage prüfen|Winkel berechnen und beschriften;ganz;;Ein Kreisdiagramm zeigt, welche Grills Menschen nutzen. Der Sektor für Kohlegrill hat einen Mittelpunktswinkel von mehr als 120°. Herr Schneider sagt: Mehr als ein Drittel nutzt einen Kohlegrill. Zeige, dass er recht hat.;Kreisdiagramm: Gasgrill 25 %, Kohlegrill mit Winkel über 120°, Elektrogrill, Sonstige;"Ein Drittel des Kreises sind 360° : 3 = 120°; der Sektor ist größer, also mehr als ein Drittel";1;kopf;pruefen;diagramm;33;Prozentwerte des Diagramms nicht im Text
SH-ESA-2022-B1-2;SH ’22;quelle-fremd-hh-sh-sh-esa-2022.txt · B1 (2);flaechen;Grundfigur berechnen;Grundfigur berechnen;ganz;;Herr Schneider vergleicht zwei Kohlegrills. Grill A hat eine rechteckige Grillfläche, 55 cm × 40 cm. Grill B hat eine runde Grillfläche mit 48 cm Durchmesser. Welcher hat die größere Grillfläche?;zwei Angebotsbilder: rechteckiger Grill 55 cm × 40 cm, runder Grill Ø 48 cm;"A = 55 · 40 = 2 200 cm²; B = π · 24² ≈ 1 810 cm²; der rechteckige ist größer";3;krumm;vergleichen;bild;31;
SH-ESA-2022-B1-3;SH ’22;quelle-fremd-hh-sh-sh-esa-2022.txt · B1 (3);prozent;Prozentwert;Prozentwert|Erhöhung und Veränderung in Prozent;ganz;;Der Grill „Fireplace“ kostet 249 €. Herr Schneider bekommt 10 % Rabatt. Berechne, wie viel er bezahlen muss.;;249 € · 0,9 = 224,10 €;1;glatt;vorwaerts;text;18;Preis 249 € aus Lösung
SH-ESA-2022-B1-4;SH ’22;quelle-fremd-hh-sh-sh-esa-2022.txt · B1 (4);prozent;Erhöhung und Veränderung in Prozent;Erhöhung und Veränderung in Prozent;ganz;;Eine Grillstange für Marshmallows ist 30,5 cm lang und lässt sich auf 76 cm ausziehen. Die Tochter sagt: Die Stange wird um etwa 250 % länger. Prüfe, ob sie recht hat.;;"76 : 30,5 ≈ 2,49 – auf etwa 250 %, also um etwa 150 % länger; die Tochter hat nicht recht";2;krumm;pruefen;text;31;30,5 cm aus Lösung
SH-ESA-2022-B1-5;SH ’22;quelle-fremd-hh-sh-sh-esa-2022.txt · B1 (5);koerper;vergleichen und urteilen;vergleichen und urteilen|Volumen direkt;ganz;;Eine Gasflasche ist näherungsweise ein Zylinder mit 30 cm Durchmesser und 60 cm Höhe. Der Nachbar meint: Da passen mindestens 50 Liter hinein. Prüfe, ob er recht hat.;Foto einer Gasflasche mit Maßen: Durchmesser 30 cm, Höhe 60 cm;V = π · 15² · 60 ≈ 42 412 cm³ ≈ 42,4 l < 50 l – nicht recht;3;krumm;pruefen;bild;28;Maße aus Lösung
SH-ESA-2022-B1-5-h1;nach SH ’22;quelle-fremd-hh-sh-sh-esa-2022.txt · B1 (5);koerper;Volumen direkt;Volumen direkt;herausgeloest;SH-ESA-2022-B1-5;Eine Gasflasche ist ungefähr ein Zylinder: Radius 15 cm, Höhe 60 cm. Berechne ihr Volumen in Litern.;;V = π · 15² · 60 ≈ 42 412 cm³ ≈ 42,4 l;2;krumm;vorwaerts;text;17;
SH-ESA-2022-B2-2;SH ’22;quelle-fremd-hh-sh-sh-esa-2022.txt · B2 (2);prozent;Prozentsatz;Prozentsatz;ganz;;Ein neues Feuerwehrauto kostet 252 000 €. Es gibt einen Zuschuss von 76 000 €. Zeige, dass der Zuschuss etwa 30 % des Preises ist.;;76 000 : 252 000 ≈ 0,302 ≈ 30 %;1;krumm;pruefen;text;25;
SH-ESA-2022-B2-3b;SH ’22;quelle-fremd-hh-sh-sh-esa-2022.txt · B2 (3)b;dreiecke;Kathete oder Hypotenuse direkt;Kathete oder Hypotenuse direkt;ganz;;Eine 6,50 m lange Leiter lehnt an einer Hauswand. Ihr Fuß steht 4,00 m von der Wand entfernt. Berechne, wie hoch die Leiter reicht.;Skizze: Leiter 6,50 m an Hauswand, Abstand Fuß–Wand 4,00 m, rechter Winkel zwischen Wand und Boden;h = √(6,50² − 4,00²) ≈ 5,12 m;2;krumm;vorwaerts;bild;24;4,00 m aus Lösung
SH-ESA-2022-B2-6;SH ’22;quelle-fremd-hh-sh-sh-esa-2022.txt · B2 (6);koerper;Volumen direkt;Volumen direkt;ganz;;Ein Feuerwehrschlauch ist 20 m lang und hat 7,5 cm Durchmesser. Berechne, wie viel Liter Wasser hineinpassen.;;"r = 0,375 dm, Länge 200 dm; V = π · 0,375² · 200 ≈ 88 l";2;krumm;vorwaerts;text;17;
SH-ESA-2022-B2-7a;SH ’22;quelle-fremd-hh-sh-sh-esa-2022.txt · B2 (7)a;koerper;Volumen direkt;Volumen direkt|Figur erst zerlegen oder Strecke erst berechnen;ganz;;Ein Schwimmbecken ist 2 m tief. Seine Grundfläche ist ein Rechteck von 20 m × 10 m, aus dem ein Rechteck von 15 m × 5 m fehlt. Mary rechnet V = (20 · 10 − 15 · 5) · 2. Berechne das Volumen und erkläre Marys Rechnung.;"Draufsicht: L-förmige Grundfläche, außen 20 m × 10 m, ausgeschnittenes Rechteck 15 m × 5 m; Tiefe 2 m";"(200 − 75) · 2 = 250 m³; erst Grundfläche (großes minus kleines Rechteck), dann mal Höhe";2;kopf;vorwaerts;bild;48;"(7)a und b zusammengefasst; Form aus der Gleichung erschlossen"
SH-ESA-2023-A6;SH ’23;quelle-fremd-hh-sh-sh-esa-2023.txt · A6;prozent;Prozent und Anteil umwandeln;Prozent und Anteil umwandeln;ganz;;"Sahin hat 180 €. Er gibt drei Viertel davon aus. Wie viel Euro hat er noch? Kreuze an: 45 €; 4,50 €; 60 €.";Ankreuzfeld;¼ von 180 € = 45 €;2;kopf;vorwaerts;text;24;"Bruch im Text verloren; aus Lösung 45 € als 3/4 erschlossen"
SH-ESA-2023-A15;SH ’23;quelle-fremd-hh-sh-sh-esa-2023.txt · A15;prozent;Prozent und Anteil umwandeln;Prozent und Anteil umwandeln;ganz;;Ein Kreis ist in 8 gleiche Teile geteilt, 5 davon sind grau. Maja sagt: Mehr als 60 % der Kreisfläche sind grau. Begründe, dass Maja recht hat.;Kreis in 8 gleich große Sektoren, 5 grau;5/8 = 62,5 % > 60 %;1;kopf;pruefen;bild;27;5/8 aus Lösung (62,5 %)
SH-ESA-2023-A16;SH ’23;quelle-fremd-hh-sh-sh-esa-2023.txt · A16;koerper;vergleichen und urteilen;vergleichen und urteilen;ganz;;Bei einer quaderförmigen Schachtel werden Länge und Breite verdoppelt, die Höhe bleibt. Begründe, warum sich das Volumen vervierfacht.;;V_neu = 2a · 2b · c = 4 · a · b · c;1;kopf;pruefen;text;18;
SH-ESA-2023-B1-1b;SH ’23;quelle-fremd-hh-sh-sh-esa-2023.txt · B1 (1)b;prozent;Prozent und Anteil umwandeln;Prozent und Anteil umwandeln;ganz;;Eine Klasse lüftet an jedem Schultag 105 Minuten. Gib an, wie viele Stunden das in einer Woche mit 5 Schultagen sind.;;5 · 105 min = 525 min = 8,75 h;2;glatt;vorwaerts;text;21;"keine passende Stufe; ersatzweise; eher Größen"
SH-ESA-2023-B1-2;SH ’23;quelle-fremd-hh-sh-sh-esa-2023.txt · B1 (2);koerper;Volumen direkt;Volumen direkt;ganz;;Ein Behälter für Desinfektionsmittel ist ein Zylinder mit 4,2 cm Durchmesser und 18 cm Höhe. Pro Benutzung braucht man 5 ml (1 ml = 1 cm³). Berechne, wie oft man den Behälter benutzen kann.;Skizze: Zylinder, Durchmesser 4,2 cm, Höhe 18 cm;"V = π · 2,1² · 18 ≈ 249,4 cm³; 249,4 : 5 ≈ 49 Benutzungen";3;krumm;vorwaerts;bild;34;Maße aus Lösung
SH-ESA-2023-B1-3a;SH ’23;quelle-fremd-hh-sh-sh-esa-2023.txt · B1 (3)a;lineare;Tarife vergleichen;Tarife vergleichen;ganz;;Maik braucht im Online-Unterricht 30 Stunden pro Woche je 0,3 GB. Tarif A: Flatrate, 30,50 € für 4 Wochen. Tarif B: 25 GB für 9,99 € in 4 Wochen, jedes weitere GB 1,50 €. Welcher Tarif ist für 4 Wochen günstiger?;"zwei Angebotskästen: Flatrate 30,50 € / 4 Wochen; Sparfuchs 9,99 € / 4 Wochen, 25 GB inklusive, jedes weitere GB 1,50 €";"30 · 0,3 · 4 = 36 GB; B: 9,99 + 11 · 1,50 = 26,49 € < 30,50 € – Tarif B";3;glatt;vergleichen;bild;41;
SH-ESA-2023-B1-3b;SH ’23;quelle-fremd-hh-sh-sh-esa-2023.txt · B1 (3)b;lineare;Tarife vergleichen;Tarife vergleichen|Gleichung aufstellen und rückwärts rechnen;ganz;;Tarif A: Flatrate für 30,50 €. Tarif B: 25 GB für 9,99 €, jedes weitere GB kostet 1,50 €. Ab welcher Datenmenge lohnt sich die Flatrate?;;"(30,50 − 9,99) : 1,50 ≈ 13,7; ab 25 + 14 = 39 GB";2;krumm;rueckwaerts;text;26;
SH-ESA-2023-B1-4;SH ’23;quelle-fremd-hh-sh-sh-esa-2023.txt · B1 (4);prozent;Prozentwert;Prozentwert;ganz;;An einer Schule testen sich 550 Kinder zweimal pro Woche. In der ersten Woche waren 98 % der Tests negativ. Berechne die Anzahl der positiven Tests.;;"1 100 Tests; 2 % von 1 100 = 22";2;glatt;vorwaerts;text;26;
SH-ESA-2023-B1-5a;SH ’23;quelle-fremd-hh-sh-sh-esa-2023.txt · B1 (5)a;wahrscheinlichkeit;Ergebnisse aufzählen;Ergebnisse aufzählen;ganz;;Maik, Lena, Jule und Ali setzen sich an einen Vierertisch mit vier festen Plätzen. Bestimme, wie viele verschiedene Sitzordnungen es gibt.;Skizze: Tisch mit vier Plätzen, zwei am Fenster;4 · 3 · 2 · 1 = 24;1;kopf;vorwaerts;text;21;
SH-ESA-2023-B2-1a;SH ’23;quelle-fremd-hh-sh-sh-esa-2023.txt · B2 (1)a;flaechen;Grundfigur berechnen;Grundfigur berechnen;ganz;;Für einen Pool steckt ein Vater ein Rechteck ab, 6,50 m lang und 4,50 m breit. Gib die Fläche in m² an.;Rechteck 6,50 m × 4,50 m;A = 6,5 · 4,5 = 29,25 m²;1;glatt;vorwaerts;bild;22;
SH-ESA-2023-B2-1b;SH ’23;quelle-fremd-hh-sh-sh-esa-2023.txt · B2 (1)b;koerper;Volumen direkt;Volumen direkt;ganz;;Unter einem Pool muss auf einer Fläche von 6,50 m × 4,50 m die Erde 30 cm tief ausgetauscht werden. Berechne, wie viel m³ Erde das sind.;;V = 6,5 · 4,5 · 0,3 ≈ 8,8 m³;1;glatt;vorwaerts;text;27;Tiefe 30 cm aus Lösung
SH-ESA-2023-B2-2a;SH ’23;quelle-fremd-hh-sh-sh-esa-2023.txt · B2 (2)a;koerper;Volumen direkt;Volumen direkt|Figur erst zerlegen oder Strecke erst berechnen|Formel oder Term zur Figur;ganz;;Ein Pool ist 6,10 m lang, 3,60 m breit und 1,22 m hoch. Seine Grundfläche ist ein Rechteck (2,50 m × 3,60 m) mit zwei Halbkreisen an den Enden. Esra rechnet V = (2,50 · 3,60 + 1,8² · π) · 1,22 ≈ 23,4 m³. Erkläre ihren Term.;"Draufsicht, nicht maßstabsgerecht: Rechteck 2,50 m × 3,60 m mit je einem Halbkreis (Durchmesser 3,60 m) links und rechts; Gesamtlänge 6,10 m";"Rechteck 2,50 · 3,60 plus zwei Halbkreise = ein Kreis mit r = 1,8 m; Grundfläche mal Höhe 1,22 m";2;krumm;pruefen;bild;48;
SH-ESA-2023-B2-2a-h1;nach SH ’23;quelle-fremd-hh-sh-sh-esa-2023.txt · B2 (2)a;flaechen;Figur erst zerlegen oder Strecke erst berechnen;Figur erst zerlegen oder Strecke erst berechnen;herausgeloest;SH-ESA-2023-B2-2a;Die Grundfläche eines Pools besteht aus einem Rechteck (2,50 m × 3,60 m) und zwei Halbkreisen mit 3,60 m Durchmesser. Berechne die Grundfläche.;Draufsicht wie oben;A = 2,5 · 3,6 + π · 1,8² ≈ 9 + 10,18 = 19,18 m²;2;krumm;vorwaerts;bild;23;
SH-ESA-2023-B2-4;SH ’23;quelle-fremd-hh-sh-sh-esa-2023.txt · B2 (4);prozent;Prozent und Anteil umwandeln;Prozent und Anteil umwandeln;ganz;;In einen Pool passen 23 400 Liter Wasser. Pro Liter gibt man 0,75 mg Desinfektionsmittel dazu. Berechne die Menge in Gramm.;;23 400 · 0,75 mg = 17 550 mg = 17,55 g;2;glatt;vorwaerts;text;21;"keine passende Stufe; ersatzweise"
SH-ESA-2023-B2-5;SH ’23;quelle-fremd-hh-sh-sh-esa-2023.txt · B2 (5);dreiecke;Kathete oder Hypotenuse direkt;Kathete oder Hypotenuse direkt;ganz;;Eine 1,50 m lange Treppe wird schräg an eine 1,30 m hohe Poolwand gestellt. Ihr oberes Ende liegt an der Oberkante der Wand. Berechne den Abstand x ihres Fußes zur Wand.;Skizze: Poolwand 1,30 m senkrecht, Treppe 1,50 m schräg, Abstand x am Boden;x = √(1,50² − 1,30²) ≈ 0,75 m;2;krumm;vorwaerts;bild;31;Maße aus Lösung
SH-ESA-2023-B2-6;SH ’23;quelle-fremd-hh-sh-sh-esa-2023.txt · B2 (6);prozent;Erhöhung und Veränderung in Prozent;Erhöhung und Veränderung in Prozent|Grundwert;ganz;;Ein Pool kostet jetzt 1 125 €. Esra sagt: Das ist 1,5-mal so viel, wie wir bezahlt haben. Tom sagt: Er ist 50 % teurer als unserer. Zeige, dass beide dasselbe meinen.;;"1 125 : 1,5 = 750 €; 750 + 50 % von 750 = 750 + 375 = 1 125 €";2;glatt;pruefen;text;32;
SH-ESA-2024-A8;SH ’24;quelle-fremd-hh-sh-sh-esa-2024.txt · A8;prozent;Grundwert;Grundwert|Prozentwert;ganz;;"60 % der Lehrkräfte einer Schule kommen mit dem Fahrrad. Das sind 45 Lehrkräfte. 12 % kommen mit dem Auto. Wie viele Lehrkräfte kommen mit dem Auto? Kreuze an: 72; 9; 28.";Ankreuzfeld;"G = 45 : 0,6 = 75; 12 % von 75 = 9";2;kopf;rueckwaerts;text;32;
SH-ESA-2024-A8-h1;nach SH ’24;quelle-fremd-hh-sh-sh-esa-2024.txt · A8;prozent;Grundwert;Grundwert;herausgeloest;SH-ESA-2024-A8;60 % der Lehrkräfte einer Schule kommen mit dem Fahrrad. Das sind 45 Lehrkräfte. Wie viele Lehrkräfte hat die Schule?;;G = 45 : 0,6 = 75;1;kopf;rueckwaerts;text;20;
SH-ESA-2024-A8-h2;nach SH ’24;quelle-fremd-hh-sh-sh-esa-2024.txt · A8;prozent;Prozentwert;Prozentwert;herausgeloest;SH-ESA-2024-A8;Eine Schule hat 75 Lehrkräfte. 12 % kommen mit dem Auto. Wie viele sind das?;;12 % von 75 = 9;1;kopf;vorwaerts;text;15;
SH-ESA-2024-A10a;SH ’24;quelle-fremd-hh-sh-sh-esa-2024.txt · A10a;wahrscheinlichkeit;Wahrscheinlichkeit angeben;Wahrscheinlichkeit angeben;ganz;;In einer Dose sind 11 rote, 8 gelbe und 5 grüne Gummibärchen. Karla greift einmal blind hinein. Gib die Wahrscheinlichkeit für ein gelbes an.;;8/24 = 1/3;1;kopf;vorwaerts;text;24;
SH-ESA-2024-A10b;SH ’24;quelle-fremd-hh-sh-sh-esa-2024.txt · A10b;wahrscheinlichkeit;Gegenereignis;Gegenereignis;ganz;;In einer Dose sind 11 rote, 8 gelbe und 5 grüne Gummibärchen. Karla greift einmal blind hinein. Gib die Wahrscheinlichkeit an, dass sie kein rotes bekommt.;;13/24;1;kopf;vorwaerts;text;26;
SH-ESA-2024-A2a;SH ’24;quelle-fremd-hh-sh-sh-esa-2024.txt · A2a;koerper;Volumen direkt;Volumen direkt;ganz;;Ein Quader ist 2 cm lang, 3 cm breit und 4 cm hoch. Gib sein Volumen und seinen Oberflächeninhalt an.;;"V = 2 · 3 · 4 = 24 cm³; O = 2 · (6 + 8 + 12) = 52 cm²";2;kopf;vorwaerts;text;20;Kantenlängen 2, 3, 4 cm aus V = 24 und O = 52 erschlossen
SH-ESA-2024-B1-1b;SH ’24;quelle-fremd-hh-sh-sh-esa-2024.txt · B1 (1)b;prozent;Erhöhung und Veränderung in Prozent;Erhöhung und Veränderung in Prozent;ganz;;2008 gab es 1 500 Packstationen, 2023 waren es 15 000. Berechne, um wie viel Prozent die Zahl gestiegen ist.;"Säulendiagramm: Packstationen 2008 bis 2023 (2008: 1 500; 2021: 7 000; 2023: 15 000)";15 000 : 1 500 = 10 = 1 000 % – Anstieg um 900 %;2;kopf;vorwaerts;diagramm;20;
SH-ESA-2024-B1-2b;SH ’24;quelle-fremd-hh-sh-sh-esa-2024.txt · B1 (2)b;koerper;Volumen direkt;Volumen direkt;ganz;;Ein Paket der Größe XL ist 120 cm lang, 60 cm breit und 60 cm hoch. Berechne sein Volumen in cm³.;"Preistabelle Paketgrößen; XL: 120 × 60 × 60 cm";V = 120 · 60 · 60 = 432 000 cm³;1;glatt;vorwaerts;tabelle;21;Maße aus Lösung
SH-ESA-2024-B1-3b;SH ’24;quelle-fremd-hh-sh-sh-esa-2024.txt · B1 (3)b;prozent;Prozentwert;Prozentwert;ganz;;Ein Versandhaus verschickt 12 000 Pakete. Paketdienst B hat davon einen Anteil von 25 %. Berechne, wie viele Pakete B verschickt hat.;"Kreisdiagramm: drei Paketdienste A, B, C; B als Viertelkreis";25 % von 12 000 = 3 000;1;kopf;vorwaerts;diagramm;22;
SH-ESA-2024-B1-6a;SH ’24;quelle-fremd-hh-sh-sh-esa-2024.txt · B1 (6)a;prozent;Prozent und Anteil umwandeln;Prozent und Anteil umwandeln;ganz;;Ein Paketdienst sagt: Nur 0,03 % der Pakete gehen verloren. Gib die Wahrscheinlichkeit, dass ein Paket verloren geht, als Bruch an.;;0,03 % = 3/10 000;1;glatt;darstellen;text;21;
SH-ESA-2024-B1-6b;SH ’24;quelle-fremd-hh-sh-sh-esa-2024.txt · B1 (6)b;prozent;Prozentwert;Prozentwert;ganz;;Ein Paketdienst hat 928 Mio. Pakete verschickt. 0,03 % davon gingen verloren. Berechne die Anzahl der verlorenen Pakete.;;928 000 000 · 0,0003 = 278 400;1;krumm;vorwaerts;text;18;
SH-ESA-2024-B1-4;SH ’24;quelle-fremd-hh-sh-sh-esa-2024.txt · B1 (4);flaechen;Grundfigur berechnen;Grundfigur berechnen;ganz;;Die Erde hat einen Durchmesser von 12 740 km. Ein Paketdienst wirbt: Unsere Fahrer fahren jedes Jahr 30-mal um die Erde – das sind 1,2 Mio. km. Zeige, dass der Vergleich stimmt.;;"u = π · 12 740 km ≈ 40 024 km; 30 · 40 024 km ≈ 1,2 Mio. km";2;krumm;pruefen;text;32;"Werbetext (30-mal, 1,2 Mio. km) aus Lösung erschlossen; Kreisumfang"
SH-ESA-2024-B2-1b;SH ’24;quelle-fremd-hh-sh-sh-esa-2024.txt · B2 (1)b;prozent;Erhöhung und Veränderung in Prozent;Erhöhung und Veränderung in Prozent;ganz;;2015 kamen 3,8 Mio. Menschen zur Kieler Woche, 2022 waren es 2,9 Mio. Merle sagt: 2022 kamen etwa 25 % weniger. Zeige, dass Merle recht hat.;Säulendiagramm: Besucher 2015, 2018, 2019, 2022;2,9 : 3,8 ≈ 0,76 – etwa 24 % weniger ≈ 25 %;2;krumm;pruefen;diagramm;26;
SH-ESA-2024-B2-2a;SH ’24;quelle-fremd-hh-sh-sh-esa-2024.txt · B2 (2)a;flaechen;Grundfigur berechnen;Grundfigur berechnen;ganz;;Ein Segel ist ein rechtwinkliges Dreieck mit den Katheten 4,93 m und 3,70 m. Für ein Rennen muss es 9,12 m² groß sein. Prüfe, ob das Segel passt.;vereinfachte Darstellung: Boot mit dreieckigem Segel, Katheten 4,93 m (Mast) und 3,70 m (Baum);A = ½ · 4,93 · 3,70 ≈ 9,12 m² – passt;1;krumm;pruefen;bild;28;Maße aus Lösung
SH-ESA-2024-B2-2b;SH ’24;quelle-fremd-hh-sh-sh-esa-2024.txt · B2 (2)b;dreiecke;Kathete oder Hypotenuse direkt;Kathete oder Hypotenuse direkt;ganz;;Ein Segelkurs ist ein rechtwinkliges Dreieck. Die beiden Katheten sind 2,8 km und 2,6 km lang. Bestimme die Länge des ganzen Kurses.;Skizze: Dreieckskurs mit Start/Ziel, Katheten 2,8 km und 2,6 km;"c = √(2,8² + 2,6²) ≈ 3,8 km; s ≈ 2,8 + 2,6 + 3,8 = 9,2 km";2;krumm;vorwaerts;bild;22;Maße aus Lösung
SH-ESA-2024-B2-3;SH ’24;quelle-fremd-hh-sh-sh-esa-2024.txt · B2 (3);flaechen;Figur erst zerlegen oder Strecke erst berechnen;Figur erst zerlegen oder Strecke erst berechnen;ganz;;Ein Parkplatz hat die Form eines Rechtecks von 230 m × 38 m, aus dem an einer Ecke ein Rechteck von 44 m × 20 m fehlt. Bestimme den Flächeninhalt.;Skizze: L-förmige Fläche, außen 230 m × 38 m, an einer Ecke fehlt ein Rechteck 44 m × 20 m;A = 230 · 38 − 44 · 20 = 8 740 − 880 = 7 860 m²;2;glatt;vorwaerts;bild;30;Form aus der Lösung erschlossen
SH-ESA-2024-B2-4a;SH ’24;quelle-fremd-hh-sh-sh-esa-2024.txt · B2 (4)a;wahrscheinlichkeit;Wahrscheinlichkeit angeben;Wahrscheinlichkeit angeben|Prozentsatz;ganz;;In einer Lostrommel liegen 500 Lose, 60 davon sind mittlere Gewinne. Maria sagt: Die Chance auf einen mittleren Gewinn beim ersten Zug ist über 15 %. Zeige, dass sie nicht recht hat.;"Tabelle: Losarten und Anzahl; mittlere Gewinne 60";60 : 500 = 12 % < 15 %;1;kopf;pruefen;tabelle;32;
SH-ESA-2024-B2-4b;SH ’24;quelle-fremd-hh-sh-sh-esa-2024.txt · B2 (4)b;wahrscheinlichkeit;ohne Zurücklegen;ohne Zurücklegen;ganz;;In einer Lostrommel liegen 500 Lose. Die ersten 40 gezogenen Lose waren alle Nieten. Karl sagt: Jetzt ist die Chance auf einen Hauptgewinn größer als am Anfang. Entscheide und begründe.;;Recht: gleich viele Hauptgewinne, aber nur noch 460 Lose;1;kopf;pruefen;text;30;
SH-ESA-2025-A6;SH ’25;quelle-fremd-hh-sh-sh-esa-2025.txt · A6;prozent;Erhöhung und Veränderung in Prozent;Erhöhung und Veränderung in Prozent|Prozentwert;ganz;;Eine Hose kostet 50 €. Der Preis wird um 20 % gesenkt. Wie viel kostet die Hose dann?;;"20 % von 50 € = 10 €; 50 € − 10 € = 40 €";2;kopf;vorwaerts;text;18;
SH-ESA-2025-A6-h1;nach SH ’25;quelle-fremd-hh-sh-sh-esa-2025.txt · A6;prozent;Prozentwert;Prozentwert;herausgeloest;SH-ESA-2025-A6;Eine Hose kostet 50 €. Es gibt 20 % Rabatt. Wie viel Euro spart man?;;20 % von 50 € = 10 €;1;kopf;vorwaerts;text;15;
SH-ESA-2025-A14;SH ’25;quelle-fremd-hh-sh-sh-esa-2025.txt · A14;prozent;Prozent und Anteil umwandeln;Prozent und Anteil umwandeln;ganz;;Bei einer Umfrage nutzen 80 % der Jugendlichen den Messenger HelloThere. Stimmt die Aussage? (1) 4 von 5 nutzen HelloThere. (2) Jeder 8. nutzt HelloThere. (3) Von 100 Jugendlichen nutzen im Schnitt 15 HelloThere nicht.;Ankreuztabelle stimmt / stimmt nicht;"(1) stimmt (4/5 = 80 %); (2) stimmt nicht (1/8 = 12,5 %); (3) stimmt nicht (es sind 20)";3;kopf;pruefen;text;35;
SH-ESA-2025-A16;SH ’25;quelle-fremd-hh-sh-sh-esa-2025.txt · A16;dreiecke;Eigenschaft erkennen;Eigenschaft erkennen|Kathete oder Hypotenuse direkt;ganz;;In einem rechtwinkligen Dreieck ist die Hypotenuse 6,5 cm und eine Kathete 3,5 cm lang. Christian sagt: Die andere Kathete x ist etwa 7,4 cm lang. Begründe, warum das nicht stimmen kann.;Skizze, nicht maßstabsgerecht: rechtwinkliges Dreieck, Hypotenuse 6,5 cm, Kathete 3,5 cm, Kathete x;"Eine Kathete ist immer kürzer als die Hypotenuse (6,5 cm); richtig wäre x = √(6,5² − 3,5²) ≈ 5,5 cm";1;kopf;pruefen;bild;32;
SH-ESA-2025-B1-1c;SH ’25;quelle-fremd-hh-sh-sh-esa-2025.txt · B1 (1)c;dreiecke;Dreieck erst in Figur oder Körper finden;Dreieck erst in Figur oder Körper finden|Kathete oder Hypotenuse direkt;ganz;;Kaya schwimmt einen Kurs in Form eines Trapezes zwischen zwei Stegen. Die Stege sind 400 m voneinander entfernt und stehen senkrecht zum Strand. Ein Steg ist 150 m lang, der andere 20 m. Die vierte Seite x verbindet die beiden Stegenden. Zeige, dass x etwa 420 m lang ist.;"Skizze: Strand unten, zwei Stege senkrecht ins Wasser (150 m und 20 m), Abstand 400 m; Kurs als rechtwinkliges Trapez, schräge Seite x";"Hilfsdreieck: Katheten 400 m und 150 − 20 = 130 m; x = √(400² + 130²) ≈ 420,6 m";2;glatt;pruefen;bild;49;"Maße aus Lösung; Steglängen als Trapezseiten erschlossen"
SH-ESA-2025-B1-1d;SH ’25;quelle-fremd-hh-sh-sh-esa-2025.txt · B1 (1)d;flaechen;Formel oder Term zur Figur;Formel oder Term zur Figur;ganz;;Ein Schwimmkurs ist ein Trapez mit den Seiten 400 m, 150 m, 20 m und 420 m. Kaya sagt: Mein Kurs ist ungefähr 1 km lang. Prüfe ihre Schätzung.;;u = 400 + 150 + 20 + 420 = 990 m ≈ 1 km – stimmt;1;glatt;pruefen;text;29;"Umfang; Stufe ersatzweise"
SH-ESA-2025-B1-2d;SH ’25;quelle-fremd-hh-sh-sh-esa-2025.txt · B1 (2)d;wahrscheinlichkeit;Gegenereignis;Gegenereignis;ganz;;Unter einer von drei Muscheln liegt ein Cent. Kaya tippt auf eine Muschel. Gib die Wahrscheinlichkeit an, dass Kaya nicht die richtige Muschel tippt.;;2/3;1;kopf;vorwaerts;text;24;
SH-ESA-2025-B1-2b;SH ’25;quelle-fremd-hh-sh-sh-esa-2025.txt · B1 (2)b;gleichungssysteme;Variablen deuten;Variablen deuten;ganz;;Numi baut mit 2-Liter-Eimern, Xaver mit 5-Liter-Eimern eine Sandburg. Das Volumen in Litern ist V = 2 · a + 5 · b. Gib an, wofür a und b stehen. Berechne V für 50 kleine und 80 große Eimer.;;"a: Zahl der 2-Liter-Eimer, b: Zahl der 5-Liter-Eimer; V = 2 · 50 + 5 · 80 = 500 l";2;kopf;darstellen;text;39;"(2)a und b zusammengefasst; einzelne Gleichung, Stufe ersatzweise"
SH-ESA-2025-B2-1b;SH ’25;quelle-fremd-hh-sh-sh-esa-2025.txt · B2 (1)b;lineare;Gleichung aufstellen und rückwärts rechnen;Gleichung aufstellen und rückwärts rechnen;ganz;;Eine Influencerin bekommt 1,25 € für 1 000 Aufrufe ihrer Videos. Wie viele Aufrufe braucht sie für 44 100 € im Jahr?;;44 100 : 1,25 · 1 000 = 35 280 000 Aufrufe;2;glatt;rueckwaerts;text;22;"„Views“ als „Aufrufe“; proportional, Stufe ersatzweise"
SH-ESA-2025-B2-3;SH ’25;quelle-fremd-hh-sh-sh-esa-2025.txt · B2 (3);prozent;Grundwert;Grundwert;ganz;;Eine Influencerin verdiente 2023 mit Videoaufrufen 6 000 €. Das sind 4 % ihrer gesamten Einnahmen. Berechne die Gesamteinnahmen.;Kreisdiagramm: Einnahmequellen, Anteil Aufrufe 4 %;G = 6 000 € : 0,04 = 150 000 €;1;glatt;rueckwaerts;diagramm;19;4 % aus G = 150 000 erschlossen
SH-ESA-2025-B2-5;SH ’25;quelle-fremd-hh-sh-sh-esa-2025.txt · B2 (5);prozent;Prozentsatz;Prozentsatz;ganz;;Auf einer Videoplattform gab es 2023 in Deutschland etwa 70 000 Influencer. Nur 2 500 von ihnen konnten davon leben. Berechne, wie viel Prozent nicht davon leben konnten.;;67 500 : 70 000 ≈ 96,4 %;2;krumm;vorwaerts;text;28;
SH-ESA-2025-B2-4b;SH ’25;quelle-fremd-hh-sh-sh-esa-2025.txt · B2 (4)b;daten;Winkel berechnen und beschriften;Winkel berechnen und beschriften;ganz;;Eine Influencerin gibt im Jahr aus: Ausrüstung 800 €, Internet 1 000 €, Software 700 €, Reisen 1 500 €. Berechne die Mittelpunktswinkel für ein Kreisdiagramm.;Tabelle: Ausgaben Ausrüstung 800 €, Internetanschluss 1 000 €, Software 700 €, Reisekosten 1 500 €;"Summe 4 000 €; Ausrüstung 72°, Internet 90°, Software 63°, Reisen 135°";3;glatt;vorwaerts;tabelle;26;"Original: Diagramm prüfen; hier als Winkelberechnung aus den echten Zahlen"
SH-ESA-2026-A11;SH ’26;quelle-fremd-hh-sh-sh-esa-2026.txt · A11;flaechen;rückwärts: Seite aus Fläche;rückwärts: Seite aus Fläche;ganz;;Eine Figur aus fünf gleich großen Quadraten hat den Flächeninhalt 80 cm². Julia sagt: Jedes Quadrat hat die Seitenlänge 4 cm. Entscheide und begründe, ob Julia recht hat.;Figur aus fünf gleich großen Quadraten (Kreuzform), nicht maßstabsgerecht;"80 : 5 = 16 cm² je Quadrat; √16 = 4 cm – Julia hat recht";2;kopf;pruefen;bild;28;
SH-ESA-2026-A15;SH ’26;quelle-fremd-hh-sh-sh-esa-2026.txt · A15;koerper;Netz erkennen;Netz erkennen;ganz;;Aus einem 60 cm langen Draht wird das Kantenmodell eines Würfels gebogen. Gib die Länge einer Würfelkante an.;Foto eines Kantenmodells (Würfel aus Draht);Ein Würfel hat 12 Kanten: 60 : 12 = 5 cm;1;kopf;vorwaerts;bild;18;"keine passende Stufe; „Netz erkennen“ ersatzweise (Kanten zählen)"
SH-ESA-2026-B1-1b;SH ’26;quelle-fremd-hh-sh-sh-esa-2026.txt · B1 (1)b;prozent;Erhöhung und Veränderung in Prozent;Erhöhung und Veränderung in Prozent;ganz;;Am 22.7. kamen etwa 21 000 Besucher zur Travemünder Woche, am 26.7. etwa 85 000. Eray sagt: Am 26.7. waren es etwa 300 % mehr. Zeige, dass Eray recht hat.;Säulendiagramm: Besucher pro Tag, 18. bis 27. Juli 2025;85 000 : 21 000 ≈ 4,05 = 405 % – etwa 305 % mehr;2;krumm;pruefen;diagramm;30;Werte im Original abzulesen
SH-ESA-2026-B1-3a;SH ’26;quelle-fremd-hh-sh-sh-esa-2026.txt · B1 (3)a;wahrscheinlichkeit;Wahrscheinlichkeit angeben;Wahrscheinlichkeit angeben|Ergebnisse aufzählen;ganz;;Ein Automat zeigt zufällig eine dreistellige Zahl. An jeder Stelle kann eine Ziffer von 0 bis 9 stehen. Gib die Wahrscheinlichkeit an, dass er 2 7 4 zeigt.;;1/10 · 1/10 · 1/10 = 1/1 000;1;kopf;vorwaerts;text;28;
SH-ESA-2026-B1-3b;SH ’26;quelle-fremd-hh-sh-sh-esa-2026.txt · B1 (3)b;wahrscheinlichkeit;Wahrscheinlichkeit angeben;Wahrscheinlichkeit angeben;ganz;;Ein Automat zeigt zufällig drei Ziffern von 0 bis 9. Man gewinnt, wenn alle drei gleich sind. Magnus sagt: Man gewinnt oder verliert, also stehen die Chancen 50 : 50. Entscheide und begründe.;;"Nein: nur 10 Gewinnzahlen (000, 111, …, 999) von 1 000; P = 1/100";1;kopf;pruefen;text;33;
SH-ESA-2026-B2-1b;SH ’26;quelle-fremd-hh-sh-sh-esa-2026.txt · B2 (1)b;prozent;Erhöhung und Veränderung in Prozent;Erhöhung und Veränderung in Prozent|Prozentwert;ganz;;Sechs Zaunpfosten kosten im Baumarkt 206,70 €. Im Internet spart Herr Nissen 10 Prozent. Bestimme den Preis im Internet.;;206,70 € · 0,9 = 186,03 €;1;glatt;vorwaerts;text;19;
SH-ESA-2026-B2-1c;SH ’26;quelle-fremd-hh-sh-sh-esa-2026.txt · B2 (1)c;flaechen;Grundfigur berechnen;Grundfigur berechnen;ganz;;Eine rechteckige Terrasse ist 1,80 m + 1,80 m breit und 1,80 m + 0,90 m + 0,90 m lang. Prüfe, ob sie größer als 12 m² ist.;"Skizze: Terrasse mit Zaunelementen; Seiten aus Zaunbreiten 180 cm, 180 cm bzw. 180 cm, 90 cm, 90 cm";3,6 m · 3,6 m = 12,96 m² > 12 m²;2;glatt;pruefen;bild;28;
SH-ESA-2026-B2-2-h1;nach SH ’26;quelle-fremd-hh-sh-sh-esa-2026.txt · B2 (2);koerper;Volumen direkt;Volumen direkt;herausgeloest;SH-ESA-2026-B2-2;Für einen Zaunpfosten hebt Herr Nissen ein quaderförmiges Loch aus: 30 cm × 30 cm × 50 cm. Berechne das Volumen in Litern.;;V = 30 · 30 · 50 = 45 000 cm³ = 45 l;1;kopf;vorwaerts;text;23;"Herstellerangabe zum Beton nur im Bild; Teilschritt Volumen; Elternaufgabe ohne eigene Zeile (ganz nicht P10-tauglich)"
SH-ESA-2026-B2-3-h1;nach SH ’26;quelle-fremd-hh-sh-sh-esa-2026.txt · B2 (3);dreiecke;Kathete oder Hypotenuse direkt;Kathete oder Hypotenuse direkt;herausgeloest;SH-ESA-2026-B2-3;Ein Zaunelement ist 180 cm × 180 cm groß. Herr Nissen will es schräg in seinen Transporter laden. Berechne die Länge der Diagonale des Zaunelements.;;d = √(180² + 180²) ≈ 254,6 cm;1;krumm;vorwaerts;text;25;"Maße des Laderaums nur im Bild; Teilschritt; Elternaufgabe ohne eigene Zeile (ganz nicht P10-tauglich)"
HH-MSA-2026-Z2-2;HH ’26;quelle-fremd-hh-sh-hh-msa-beispiele-2026.txt · 4.1 Zahl Teil 2 Nr. 2;prozent;Prozentsatz;Prozentsatz;ganz;;"9 von 30 Kindern haben kein Handy. Wie viel Prozent sind das? Kreuze an: 3 %; 9 %; 27 %; 30 %.";Ankreuzfeld A–D;9 : 30 = 30 %;1;kopf;vorwaerts;text;22;
HH-MSA-2026-Z2-3;HH ’26;quelle-fremd-hh-sh-hh-msa-beispiele-2026.txt · 4.1 Zahl Teil 2 Nr. 3;prozent;Erhöhung und Veränderung in Prozent;Erhöhung und Veränderung in Prozent;ganz;;"Ein Kleid kostet 18 €. Die Kundin bekommt 20 % Rabatt. Wie viel kostet das Kleid jetzt? Kreuze an: 14,40 €; 16 €; 20 €; 21,60 €.";Ankreuzfeld A–D;18 € · 0,8 = 14,40 €;1;glatt;vorwaerts;text;27;
HH-MSA-2026-Z2-4;HH ’26;quelle-fremd-hh-sh-hh-msa-beispiele-2026.txt · 4.1 Zahl Teil 2 Nr. 4;prozent;Grundwert;Grundwert;ganz;;"In einer 10. Klasse sind 3 Schüler 18 Jahre alt. Das sind 12 % der Klasse. Wie viele Schüler hat die Klasse? Kreuze an: 12; 18; 24; 25.";Ankreuzfeld A–D;G = 3 : 0,12 = 25;1;kopf;rueckwaerts;text;28;
HH-MSA-2026-Z2-5;HH ’26;quelle-fremd-hh-sh-hh-msa-beispiele-2026.txt · 4.1 Zahl Teil 2 Nr. 5;prozent;Zinsen und Zinssatz;Zinsen und Zinssatz|Prozentwert;ganz;;"Lena hat 480 € auf dem Konto. Der Zinssatz ist 1,5 %. Wie hoch ist ihr Guthaben nach einem Jahr? Kreuze an: 472,80 €; 487,20 €; 552 €; 720 €.";Ankreuzfeld A–D;"Zinsen 7,20 €; Guthaben 487,20 €";2;glatt;vorwaerts;text;30;
HH-MSA-2026-Z2-6;HH ’26;quelle-fremd-hh-sh-hh-msa-beispiele-2026.txt · 4.1 Zahl Teil 2 Nr. 6;prozent;Zinseszins und Guthabentabelle;Zinseszins und Guthabentabelle;ganz;;"1 000 € werden zwei Jahre lang mit 2 % pro Jahr verzinst, die Zinsen bleiben auf dem Konto. Wie groß ist das Guthaben dann? Kreuze an: 1 002,20 €; 1 020 €; 1 040,40 €; 1 400 €.";Ankreuzfeld A–D;1 000 · 1,02² = 1 040,40 €;2;glatt;vorwaerts;text;39;
HH-MSA-2026-Z2-7;HH ’26;quelle-fremd-hh-sh-hh-msa-beispiele-2026.txt · 4.1 Zahl Teil 2 Nr. 7;prozent;Zinsen und Zinssatz;Zinsen und Zinssatz;ganz;;"Joy überzieht ihr Konto 3 Monate lang um 500 €. Der Zinssatz ist 10 % pro Jahr. Wie viel muss sie zurückzahlen? Kreuze an: 500 €; 512,50 €; 550 €; 650 €.";Ankreuzfeld A–D;"Zinsen: 500 · 0,1 · 3/12 = 12,50 €; 512,50 €";2;glatt;vorwaerts;text;32;
HH-MSA-2026-M-3;HH ’26;quelle-fremd-hh-sh-hh-msa-beispiele-2026.txt · 4.1 Messen Nr. 3;dreiecke;Winkelsumme;Winkelsumme;ganz;;"Wie groß ist die Summe der Innenwinkel eines Drachenvierecks? Kreuze an: 90°; 180°; 360°; 540°.";Ankreuzfeld A–D;360°;1;kopf;vorwaerts;text;15;"Viereck; Stufe ersatzweise"
HH-MSA-2026-M-6;HH ’26;quelle-fremd-hh-sh-hh-msa-beispiele-2026.txt · 4.1 Messen Nr. 6;flaechen;Grundfigur berechnen;Grundfigur berechnen;ganz;;"Ein Dreieck hat die Höhe 6 cm und die Grundseite 8 cm. Welches Rechteck hat denselben Flächeninhalt? Kreuze an: 3 cm × 16 cm; 6 cm × 16 cm; 6 cm × 8 cm; 3 cm × 8 cm.";Ankreuzfeld A–D;A = ½ · 8 · 6 = 24 cm² = 3 cm · 8 cm;2;kopf;vergleichen;text;39;
HH-MSA-2026-M-8;HH ’26;quelle-fremd-hh-sh-hh-msa-beispiele-2026.txt · 4.1 Messen Nr. 8;koerper;Volumen direkt;Volumen direkt;ganz;;"Ein Prisma hat die Grundfläche 7 cm² und die Höhe 4 cm. Wie groß ist sein Volumen? Kreuze an: 28 cm³; 28 cm²; 14 cm³; 14 cm².";Ankreuzfeld A–D;V = 7 · 4 = 28 cm³;1;kopf;vorwaerts;text;27;
HH-MSA-2026-M-9;HH ’26;quelle-fremd-hh-sh-hh-msa-beispiele-2026.txt · 4.1 Messen Nr. 9;koerper;vergleichen und urteilen;vergleichen und urteilen;ganz;;"Ein Quader hat die Oberfläche 40 cm². Welche Kantenlängen hat er? Kreuze an: 4, 3, 1 cm; 4, 3, 2 cm; 4, 2, 2 cm; 4, 3, 3 cm.";Ankreuzfeld A–D;4 cm, 2 cm, 2 cm: O = 2 · (8 + 8 + 4) = 40 cm²;3;kopf;pruefen;text;29;"Oberfläche; Stufe ersatzweise"
HH-MSA-2026-M-10;HH ’26;quelle-fremd-hh-sh-hh-msa-beispiele-2026.txt · 4.1 Messen Nr. 10;flaechen;rückwärts: Seite aus Fläche;rückwärts: Seite aus Fläche;ganz;;"Ein Rechteck mit ganzzahligen Seitenlängen hat den Umfang 24 cm. Welchen Flächeninhalt kann es nie haben? Kreuze an: 14 cm²; 20 cm²; 32 cm²; 35 cm².";Ankreuzfeld A–D;a + b = 12: möglich 11, 20, 27, 32, 35, 36 – nie 14 cm²;2;kopf;pruefen;text;26;
HH-MSA-2026-M-13;HH ’26;quelle-fremd-hh-sh-hh-msa-beispiele-2026.txt · 4.1 Messen Nr. 13;dreiecke;Seitenverhältnis benennen;Seitenverhältnis benennen;ganz;;"Im Dreieck ABC ist γ = 90°. Welche Aussage gilt nicht? Kreuze an: c ist die Hypotenuse; a ist die Ankathete zu β; b ist die Hypotenuse zu γ; b ist die Ankathete zu α.";Ankreuzfeld A–D;„b ist die Hypotenuse“ gilt nicht (die Hypotenuse ist c);1;kopf;pruefen;text;35;
HH-MSA-2026-RF-l;HH ’26;quelle-fremd-hh-sh-hh-msa-beispiele-2026.txt · 4.1 Raum und Form l;dreiecke;Symmetrieachsen zählen;Symmetrieachsen zählen;ganz;;"Wie viele Symmetrieachsen hat ein gleichseitiges Dreieck? Kreuze an: 1; 2; 3; 4.";Ankreuzfeld A–D;3;1;kopf;vorwaerts;text;13;
HH-MSA-2026-RF-n;HH ’26;quelle-fremd-hh-sh-hh-msa-beispiele-2026.txt · 4.1 Raum und Form n;flaechen;Formel oder Term zur Figur;Formel oder Term zur Figur;ganz;;"Bei einem Dreieck werden Grundseite und Höhe verdoppelt. Wie ändert sich der Flächeninhalt? Kreuze an: gleich groß; doppelt so groß; dreimal so groß; viermal so groß.";Ankreuzfeld A–D;½ · 2g · 2h = 4 · ½gh – viermal so groß;1;kopf;vergleichen;text;26;
HH-MSA-2026-FZ1-1;HH ’26;quelle-fremd-hh-sh-hh-msa-beispiele-2026.txt · 4.1 Funktionaler Zusammenhang Teil 1 Nr. 1;lineare;erkennen und ablesen;erkennen und ablesen;ganz;;"Welche Gleichung beschreibt eine proportionale Zuordnung? Kreuze an: f(x) = 1; f(x) = −x + 1; f(x) = 2x; f(x) = 3x + 1.";Ankreuzfeld A–D;f(x) = 2x (Gerade durch den Ursprung);1;kopf;vergleichen;text;24;
HH-MSA-2026-FZ1-4;HH ’26;quelle-fremd-hh-sh-hh-msa-beispiele-2026.txt · 4.1 Funktionaler Zusammenhang Teil 1 Nr. 4;lineare;rechnerisch an Gerade und Parabel;rechnerisch an Gerade und Parabel;ganz;;"Welcher Punkt liegt auf der Geraden g(x) = 2x − 3? Kreuze an: P(2 | −1); P(1 | −1); P(−1 | 1); P(−1 | −1).";Ankreuzfeld A–D;P(1 | −1): 2 · 1 − 3 = −1;1;kopf;pruefen;text;25;
HH-MSA-2026-FZ1-8;HH ’26;quelle-fremd-hh-sh-hh-msa-beispiele-2026.txt · 4.1 Funktionaler Zusammenhang Teil 1 Nr. 8;lineare;erkennen und ablesen;erkennen und ablesen;ganz;;"Welche Gerade hat die größte Steigung? Kreuze an: f(x) = 12/13 x − 16; f(x) = 7/16 x + 3; f(x) = 3/5 x + 6; f(x) = 2/5 x + 9.";Ankreuzfeld A–D;12/13 x − 16 (12/13 ≈ 0,92 ist am größten);1;kopf;vergleichen;text;32;
HH-MSA-2026-FZ1-12;HH ’26;quelle-fremd-hh-sh-hh-msa-beispiele-2026.txt · 4.1 Funktionaler Zusammenhang Teil 1 Nr. 12;lineare;rechnerisch an Gerade und Parabel;rechnerisch an Gerade und Parabel;ganz;;"Welche Gerade schneidet f(x) = 3x − 4 bei x = 2? Kreuze an: g₁(x) = 2x + 2; g₂(x) = 2x − 2; g₃(x) = x + 2; g₄(x) = x − 2.";Ankreuzfeld A–D;"f(2) = 2; g₂(2) = 2 – g₂";2;kopf;pruefen;text;34;
HH-MSA-2026-FZ2-2;HH ’26;quelle-fremd-hh-sh-hh-msa-beispiele-2026.txt · 4.1 Funktionaler Zusammenhang Teil 2 Nr. 2;quadratische;Punkt auf der Parabel prüfen;Punkt auf der Parabel prüfen;ganz;;"Welcher Punkt liegt auf der Parabel f(x) = x² + 2? Kreuze an: P(2 | 3); P(2 | 4); P(2 | 6); P(2 | 10).";Ankreuzfeld A–D;f(2) = 6 – P(2 | 6);1;kopf;pruefen;text;25;
HH-MSA-2026-FZ2-3;HH ’26;quelle-fremd-hh-sh-hh-msa-beispiele-2026.txt · 4.1 Funktionaler Zusammenhang Teil 2 Nr. 3;quadratische;Nullstellen berechnen;Nullstellen berechnen;ganz;;"Welche Aussage passt zur Parabel f(x) = x² − 1? Kreuze an: Scheitelpunkt (0 | 1); Nullstelle im Ursprung; schneidet die y-Achse bei y = 1; Nullstellen bei +1 und −1.";Ankreuzfeld A–D;Nullstellen x₁ = −1, x₂ = 1;1;kopf;vergleichen;text;31;
HH-MSA-2026-FZ2-4;HH ’26;quelle-fremd-hh-sh-hh-msa-beispiele-2026.txt · 4.1 Funktionaler Zusammenhang Teil 2 Nr. 4;quadratische;Scheitelpunkt ablesen;Scheitelpunkt ablesen;ganz;;"Welche Aussage passt zur Parabel f(x) = x² − 2? Kreuze an: eine Nullstelle bei x = 2; Scheitelpunkt S(0 | −2); Scheitelpunkt S(0 | 2); keine Nullstellen.";Ankreuzfeld A–D;S(0 | −2);1;kopf;vergleichen;text;28;
HH-MSA-2026-FZ2-5;HH ’26;quelle-fremd-hh-sh-hh-msa-beispiele-2026.txt · 4.1 Funktionaler Zusammenhang Teil 2 Nr. 5;quadratische;Nullstellen berechnen;Nullstellen berechnen;ganz;;"Welche Nullstellen hat f(x) = (x − 3)²? Kreuze an: x₁ = 3 und x₂ = −3; nur x = 3; nur x = −3; keine.";Ankreuzfeld A–D;nur x = 3;1;kopf;vergleichen;text;26;
HH-MSA-2026-FZ2-6;HH ’26;quelle-fremd-hh-sh-hh-msa-beispiele-2026.txt · 4.1 Funktionaler Zusammenhang Teil 2 Nr. 6;gleichungssysteme;lösen;lösen;ganz;;"Wie viele Lösungen hat das Gleichungssystem I: 2x + 6y = 8, II: x + 3y = 4? Kreuze an: keine; genau eine; genau zwei; unendlich viele.";Ankreuzfeld A–D;I ist das Doppelte von II – unendlich viele;1;kopf;vergleichen;text;27;
HH-MSA-2026-FZ2-7;HH ’26;quelle-fremd-hh-sh-hh-msa-beispiele-2026.txt · 4.1 Funktionaler Zusammenhang Teil 2 Nr. 7;gleichungssysteme;lösen;lösen;ganz;;"Löse das Gleichungssystem I: 3x + 4y = 12, II: 2x + 4y = 4. Kreuze an: x = 16, y = −7; x = 8, y = −3; x = 4, y = −1; x = 8, y = 3.";Ankreuzfeld A–D;"I − II: x = 8; y = −3";2;kopf;vorwaerts;text;41;
HH-MSA-2026-FZ2-9;HH ’26;quelle-fremd-hh-sh-hh-msa-beispiele-2026.txt · 4.1 Funktionaler Zusammenhang Teil 2 Nr. 9;quadratische;Nullstellen berechnen;Nullstellen berechnen;ganz;;"Welche Funktion hat keine Nullstellen? Kreuze an: x² − 1; x² + 1; −x² + 1; −x² + 2.";Ankreuzfeld A–D;x² + 1 (immer mindestens 1);1;kopf;vergleichen;text;19;
HH-MSA-2026-FZ2-11;HH ’26;quelle-fremd-hh-sh-hh-msa-beispiele-2026.txt · 4.1 Funktionaler Zusammenhang Teil 2 Nr. 11;quadratische;Scheitelpunktform angeben;Scheitelpunktform angeben;ganz;;"Die Normalparabel f(x) = x² wird um 3 nach rechts verschoben. Wie lautet die neue Gleichung? Kreuze an: x² − 3; x² + 3; (x + 3)²; (x − 3)².";Ankreuzfeld A–D;(x − 3)²;1;kopf;vergleichen;text;30;
HH-MSA-2026-FZ2-12;HH ’26;quelle-fremd-hh-sh-hh-msa-beispiele-2026.txt · 4.1 Funktionaler Zusammenhang Teil 2 Nr. 12;quadratische;Nullstellen berechnen;Nullstellen berechnen;ganz;;"x₁ = −4 und x₂ = 4 sind die Lösungen welcher Gleichung? Kreuze an: 0 = (x − 4)² + 4; 0 = (x + 4)² − 4; 0 = x² − 16; 0 = x² − 8.";Ankreuzfeld A–D;0 = x² − 16;1;kopf;pruefen;text;38;
HH-MSA-2026-FZ2-14;HH ’26;quelle-fremd-hh-sh-hh-msa-beispiele-2026.txt · 4.1 Funktionaler Zusammenhang Teil 2 Nr. 14;wachstum;Faktor bestimmen, Gleichung aufstellen;Faktor bestimmen, Gleichung aufstellen;ganz;;"Etwas wächst jedes Jahr um 5 %. Wie groß ist der Wachstumsfaktor? Kreuze an: 0,05; 0,5; 1,05; 1,5.";Ankreuzfeld A–D;1,05;1;kopf;vorwaerts;text;18;"Original „Wachstumsrate a“; in BB heißt das Wachstumsfaktor"
HH-MSA-2026-FZ2-15;HH ’26;quelle-fremd-hh-sh-hh-msa-beispiele-2026.txt · 4.1 Funktionaler Zusammenhang Teil 2 Nr. 15;wachstum;Tabelle ergänzen;Tabelle ergänzen;ganz;;"Eine Bakterie wird auf eine Nährlösung gegeben. Die Anzahl verdoppelt sich jede Stunde. Nach wie vielen vollen Stunden sind es mehr als 100? Kreuze an: 4; 5; 6; 7.";Ankreuzfeld A–D;1, 2, 4, 8, 16, 32, 64, 128 – nach 7 Stunden;2;kopf;rueckwaerts;text;29;
HH-MSA-2026-DZ1-7;HH ’26;quelle-fremd-hh-sh-hh-msa-beispiele-2026.txt · 4.1 Daten und Zufall Teil 1 Nr. 7;prozent;Prozent und Anteil umwandeln;Prozent und Anteil umwandeln;ganz;;"17 von 51 Kindern trinken gerne Kakao. Welche relative Häufigkeit ist das? Kreuze an: 1/3; 17; 17 %; 30 %.";Ankreuzfeld A–D;17/51 = 1/3;1;kopf;vorwaerts;text;20;
HH-MSA-2026-DZ1-11;HH ’26;quelle-fremd-hh-sh-hh-msa-beispiele-2026.txt · 4.1 Daten und Zufall Teil 1 Nr. 11;daten;Median;Median;ganz;;"Familie Gür hat die Schuhgrößen 23, 36, 38, 39, 41 und 45. Wie groß ist der Median? Kreuze an: 37; 38; 38,5; 39.";Ankreuzfeld A–D;(38 + 39) : 2 = 38,5;1;kopf;vorwaerts;text;23;
HH-MSA-2026-DZ1-13;HH ’26;quelle-fremd-hh-sh-hh-msa-beispiele-2026.txt · 4.1 Daten und Zufall Teil 1 Nr. 13;daten;Mittelwert;Mittelwert;ganz;;Zu welcher Notenverteilung passt der Durchschnitt 3? A: Note 1 einmal, 2 zweimal, 3 dreimal, 4 zweimal, 5 einmal. B: 1, 2, 3, 4, 5 jeweils so oft wie die Note. C: 2 zweimal, 3 dreimal, 4 zweimal, 5 einmal. D: 1 einmal, 2 zweimal, 3 dreimal, 4 zweimal.;Ankreuzfeld A–D mit vier Notenverteilungen;A: (1 + 4 + 9 + 8 + 5) : 9 = 3;2;kopf;vergleichen;text;49;
HH-MSA-2026-DZ1-14;HH ’26;quelle-fremd-hh-sh-hh-msa-beispiele-2026.txt · 4.1 Daten und Zufall Teil 1 Nr. 14;daten;Mittelwert;Mittelwert;ganz;;"30 Schüler geben ihre Hausaufgabenzeit pro Woche an: 1 Stunde: 5 Schüler; 2 Stunden: 10; 3 Stunden: 10; 4 Stunden: 5. Wie viele Stunden sind es im Durchschnitt? Kreuze an: 3; 2,5; 2; 1,5.";"Tabelle Stunden | Schüler; Ankreuzfeld A–D";(5 + 20 + 30 + 20) : 30 = 2,5;2;kopf;vorwaerts;tabelle;34;
HH-MSA-2026-DZ2-2;HH ’26;quelle-fremd-hh-sh-hh-msa-beispiele-2026.txt · 4.1 Daten und Zufall Teil 2 Nr. 2;wahrscheinlichkeit;Pfadregel;Pfadregel;ganz;;"Wie groß ist die Wahrscheinlichkeit, mit einem Spielwürfel zweimal hintereinander eine 3 zu würfeln? Kreuze an: 6/36; 3/36; 2/36; 1/36.";Ankreuzfeld A–D;1/6 · 1/6 = 1/36;1;kopf;vorwaerts;text;20;
HH-MSA-2026-DZ2-4;HH ’26;quelle-fremd-hh-sh-hh-msa-beispiele-2026.txt · 4.1 Daten und Zufall Teil 2 Nr. 4;wahrscheinlichkeit;Pfadregel;Pfadregel;ganz;;"Du wirfst zwei Spielwürfel. Mit welchem Term berechnest du die Wahrscheinlichkeit für genau eine 6? Kreuze an: 1/6 + 1/6; 2 · 1/6 · 1/6; 2 · 1/6 · 5/6; 1/6 · 5/6.";Ankreuzfeld A–D;2 · 1/6 · 5/6 = 10/36;2;kopf;vergleichen;text;33;Termliste aus dem Text rekonstruiert, unsicher
HH-MSA-2026-DZ2-6;HH ’26;quelle-fremd-hh-sh-hh-msa-beispiele-2026.txt · 4.1 Daten und Zufall Teil 2 Nr. 6;wahrscheinlichkeit;Pfadregel;Pfadregel;ganz;;"Du wirfst eine Münze zweimal. Wie groß ist die Wahrscheinlichkeit für zweimal dasselbe Ergebnis? Kreuze an: 25 %; 33,3 %; 50 %; 75 %.";Ankreuzfeld A–D;½ · ½ + ½ · ½ = 50 %;2;kopf;vorwaerts;text;24;
HH-MSA-2026-DZ2-9;HH ’26;quelle-fremd-hh-sh-hh-msa-beispiele-2026.txt · 4.1 Daten und Zufall Teil 2 Nr. 9;wahrscheinlichkeit;ohne Zurücklegen;ohne Zurücklegen|Pfadregel;ganz;;"In einem Beutel liegen vier Plättchen mit A, M, M und A. Du ziehst alle ohne Zurücklegen. Wie groß ist die Wahrscheinlichkeit, in dieser Reihenfolge MAMA zu ziehen? Kreuze an: 1/8; 1/6; 1/12; 3/16.";Ankreuzfeld A–D;2/4 · 2/3 · 1/2 · 1 = 1/6;2;kopf;vorwaerts;text;34;
HH-MSA-2026-DZ2-10;HH ’26;quelle-fremd-hh-sh-hh-msa-beispiele-2026.txt · 4.1 Daten und Zufall Teil 2 Nr. 10;wahrscheinlichkeit;Pfadregel;Pfadregel;ganz;;"Hendrik wirft eine Münze und einen Spielwürfel. Wie groß ist die Wahrscheinlichkeit für Kopf und eine gerade Zahl? Kreuze an: 1/4; 1/12; 1/6; 8/12.";Ankreuzfeld A–D;½ · ½ = 1/4;1;kopf;vorwaerts;text;24;
HH-MSA-2026-DZ2-12;HH ’26;quelle-fremd-hh-sh-hh-msa-beispiele-2026.txt · 4.1 Daten und Zufall Teil 2 Nr. 12;wahrscheinlichkeit;Gegenereignis;Gegenereignis;ganz;;"Du würfelst einmal. Wie groß ist die Wahrscheinlichkeit, keine Augenzahl kleiner als 5 zu bekommen? Kreuze an: 1/6; 1/4; 1/3; 1/2.";Ankreuzfeld A–D;5 oder 6: 2/6 = 1/3;1;kopf;vorwaerts;text;21;
HH-MSA-2026-DZ2-13;HH ’26;quelle-fremd-hh-sh-hh-msa-beispiele-2026.txt · 4.1 Daten und Zufall Teil 2 Nr. 13;wahrscheinlichkeit;Wahrscheinlichkeit angeben;Wahrscheinlichkeit angeben;ganz;;"19-mal wurde keine 6 gewürfelt. Wie groß ist die Wahrscheinlichkeit für eine 6 beim 20. Wurf? Kreuze an: 0; 1/6; 5/6; 1.";Ankreuzfeld A–D;1/6 – der Würfel hat kein Gedächtnis;1;kopf;pruefen;text;22;
HH-MSA-2026-DZ2-14;HH ’26;quelle-fremd-hh-sh-hh-msa-beispiele-2026.txt · 4.1 Daten und Zufall Teil 2 Nr. 14;wahrscheinlichkeit;ohne Zurücklegen;ohne Zurücklegen|Pfadregel;ganz;;"In einem Beutel liegen 3 grüne und 4 blaue Kugeln. Du ziehst zwei Kugeln mit einem Griff. Mit welchem Term berechnest du die Wahrscheinlichkeit für eine grüne und eine blaue? Kreuze an: (3/7 · 4/6) · 2; (3/7 · 4/7) · 2; (3/7 + 4/6) · 2; 3/7 · 4/6.";Ankreuzfeld A–D;(3/7 · 4/6) · 2 = 4/7;2;kopf;vergleichen;text;50;
HH-MSA-2026-B1-1m;HH ’26;quelle-fremd-hh-sh-hh-msa-beispiele-2026.txt · 4.2 Beispiel 1, 1m;wahrscheinlichkeit;Wahrscheinlichkeit angeben;Wahrscheinlichkeit angeben;ganz;;"Ein Beutel enthält 4 rote, 3 gelbe und 2 blaue Kugeln. Wie groß ist die Wahrscheinlichkeit, eine gelbe oder eine blaue Kugel zu ziehen? Kreuze an: 4/5; 5/9; 4/9; 3/5.";Ankreuzfeld A–D;5/9;1;kopf;vorwaerts;text;30;
HH-MSA-2026-B1-1n;HH ’26;quelle-fremd-hh-sh-hh-msa-beispiele-2026.txt · 4.2 Beispiel 1, 1n;dreiecke;Winkelsumme;Winkelsumme;ganz;;"Ein Dreieck soll die Winkel α = 26°, β = 44° und γ = 90° haben. Was stimmt? Kreuze an: spitzwinklig; rechtwinklig; gleichschenklig; kann nicht konstruiert werden.";Ankreuzfeld A–D;26° + 44° + 90° = 160° ≠ 180° – nicht konstruierbar;1;kopf;pruefen;text;27;
HH-MSA-2026-B1-1o;HH ’26;quelle-fremd-hh-sh-hh-msa-beispiele-2026.txt · 4.2 Beispiel 1, 1o;koerper;rückwärts: Radius oder Höhe aus Volumen;rückwärts: Radius oder Höhe aus Volumen;ganz;;"Ein Würfel hat die Oberfläche 6 cm². Wie groß ist sein Volumen? Kreuze an: 1 cm³; 6 cm³; 36 cm³; 216 cm³.";Ankreuzfeld A–D;eine Fläche 1 cm², Kante 1 cm, V = 1 cm³;2;kopf;rueckwaerts;text;22;"Kante aus Oberfläche; Stufe ersatzweise"
HH-MSA-2026-B1-1s;HH ’26;quelle-fremd-hh-sh-hh-msa-beispiele-2026.txt · 4.2 Beispiel 1, 1s;flaechen;Grundfigur berechnen;Grundfigur berechnen;ganz;;"Ein Dreieck hat die Grundseite 10 m und die Höhe 4 m. Was stimmt? Kreuze an: kleiner als ein Quadrat mit 4 m Seite; so groß wie ein Rechteck 8 m × 3 m; kleiner als ein Rechteck 8 m × 3 m; größer als ein Rechteck 8 m × 3 m.";Ankreuzfeld A–D;A = 20 m² < 24 m² – kleiner als das Rechteck 8 m × 3 m;2;kopf;vergleichen;text;52;
HH-MSA-2026-B1-2b;HH ’26;quelle-fremd-hh-sh-hh-msa-beispiele-2026.txt · 4.2 Beispiel 1, 2b;wahrscheinlichkeit;ohne Zurücklegen;ohne Zurücklegen|Pfadregel;ganz;;In einem Beutel liegen 4 blaue Kugeln und 1 gelbe. Du ziehst 2 Kugeln ohne Zurücklegen. Bestimme die Wahrscheinlichkeit, keine gelbe zu ziehen.;;4/5 · 3/4 = 3/5;2;kopf;vorwaerts;text;23;
HH-MSA-2026-B2-1f;HH ’26;quelle-fremd-hh-sh-hh-msa-beispiele-2026.txt · 4.2 Beispiel 2, 1f;prozent;Grundwert;Grundwert|Erhöhung und Veränderung in Prozent;ganz;;"Ein Pullover wurde um 40 % reduziert und kostet jetzt 42 €. Wie teuer war er vorher? Kreuze an: 25,20 €; 58,80 €; 70 €; 105 €.";Ankreuzfeld A–D;42 € : 0,6 = 70 €;2;kopf;rueckwaerts;text;27;
HH-MSA-2026-B2-1g;HH ’26;quelle-fremd-hh-sh-hh-msa-beispiele-2026.txt · 4.2 Beispiel 2, 1g;prozent;Prozent und Anteil umwandeln;Prozent und Anteil umwandeln;ganz;;"Welche Zahl ist gleich 9/25? Kreuze an: 25 %; 0,36; 22/50; 0,925.";Ankreuzfeld A–D;9/25 = 36/100 = 0,36;1;kopf;vergleichen;text;12;
HH-MSA-2026-B2-2;HH ’26;quelle-fremd-hh-sh-hh-msa-beispiele-2026.txt · 4.2 Beispiel 2, 2;gleichungssysteme;lösen;lösen;ganz;;Bestimme die Lösung des Gleichungssystems I: 2y − 4x = 6, II: 2y − 2x = 9.;;"II − I: 2x = 3 ⇒ x = 1,5; y = 6";2;glatt;vorwaerts;text;17;
HH-MSA-2026-B2-3a;HH ’26;quelle-fremd-hh-sh-hh-msa-beispiele-2026.txt · 4.2 Beispiel 2, 3a;wahrscheinlichkeit;Pfadregel;Pfadregel|Gegenereignis;ganz;;Eine Fußgängerampel zeigt mit der Wahrscheinlichkeit 0,8 Rot. Frank geht zweimal am Tag über die Straße. Bestimme die Wahrscheinlichkeit, dass sie beide Male Grün zeigt.;;0,2 · 0,2 = 0,04 = 4 %;2;kopf;vorwaerts;text;25;
HH-MSA-2026-B2-3b;HH ’26;quelle-fremd-hh-sh-hh-msa-beispiele-2026.txt · 4.2 Beispiel 2, 3b;wahrscheinlichkeit;Gegenereignis;Gegenereignis|Pfadregel;ganz;;Eine Ampel zeigt mit der Wahrscheinlichkeit 0,8 Rot. Frank kommt dreimal an ihr vorbei. Bestimme die Wahrscheinlichkeit, dass sie mindestens einmal Grün zeigt.;;1 − 0,8³ = 1 − 0,512 = 0,488 = 48,8 %;2;glatt;vorwaerts;text;23;
HH-MSA-2026-B3-1i;HH ’26;quelle-fremd-hh-sh-hh-msa-beispiele-2026.txt · 4.2 Beispiel 3, 1i;prozent;Grundwert;Grundwert|Erhöhung und Veränderung in Prozent;ganz;;"Mit 20 % Rabatt kostet eine Ledertasche 40 €. Wie hoch war der Originalpreis? Kreuze an: 48 €; 50 €; 54 €; 60 €.";Ankreuzfeld A–D;40 € : 0,8 = 50 €;2;kopf;rueckwaerts;text;24;
HH-MSA-2026-B3-1k;HH ’26;quelle-fremd-hh-sh-hh-msa-beispiele-2026.txt · 4.2 Beispiel 3, 1k;daten;Winkel berechnen und beschriften;Winkel berechnen und beschriften|Prozent und Anteil umwandeln;ganz;;"Ein Kreissektor hat den Mittelpunktswinkel 45°. Welchen Anteil am ganzen Kreis hat er? Kreuze an: 50 %; 45 %; 25 %; 12,5 %.";Ankreuzfeld A–D;45° : 360° = 1/8 = 12,5 %;1;kopf;vorwaerts;text;23;
HH-MSA-2026-B3-1m;HH ’26;quelle-fremd-hh-sh-hh-msa-beispiele-2026.txt · 4.2 Beispiel 3, 1m;wahrscheinlichkeit;Pfadregel;Pfadregel;ganz;;"Wie groß ist die Wahrscheinlichkeit, mit einem Spielwürfel zweimal hintereinander dieselbe Zahl zu würfeln? Kreuze an: 3/36; 1/36; 1/12; 1/6.";Ankreuzfeld A–D;6 · 1/36 = 1/6;2;kopf;vorwaerts;text;20;
HH-MSA-2026-B3-1p;HH ’26;quelle-fremd-hh-sh-hh-msa-beispiele-2026.txt · 4.2 Beispiel 3, 1p;flaechen;Grundfigur berechnen;Grundfigur berechnen;ganz;;"Ein Kreis hat den Radius 3 cm. Wie groß ist seine Fläche ungefähr? Kreuze an: 100 cm²; 50 cm²; 30 cm²; 20 cm².";Ankreuzfeld A–D;π · 9 ≈ 28 cm² ≈ 30 cm²;1;kopf;vorwaerts;text;23;
HH-MSA-2026-B3-2;HH ’26;quelle-fremd-hh-sh-hh-msa-beispiele-2026.txt · 4.2 Beispiel 3, 2;quadratische;Nullstellen berechnen;Nullstellen berechnen;ganz;;Gib die Lösungen der Gleichung x · (x − 7) = 0 an.;;x₁ = 0, x₂ = 7;1;kopf;vorwaerts;text;13;
HH-MSA-2026-B3-4;HH ’26;quelle-fremd-hh-sh-hh-msa-beispiele-2026.txt · 4.2 Beispiel 3, 4;wahrscheinlichkeit;Pfadregel;Pfadregel;ganz;;Lea steht auf einem Startfeld. Würfelt sie eine 1, springt sie ein Feld nach links, sonst ein Feld nach rechts. Sie sagt: Nach zwei Sprüngen stehe ich mit 50 % wieder auf dem Start. Zeige, dass das falsch ist.;Reihe von Feldern mit Startfeld S in der Mitte;links-rechts oder rechts-links: 1/6 · 5/6 + 5/6 · 1/6 = 10/36 ≈ 28 % < 50 %;3;kopf;pruefen;bild;39;
HH-MSA-2026-B4-1d;HH ’26;quelle-fremd-hh-sh-hh-msa-beispiele-2026.txt · 4.2 Beispiel 4, 1d;prozent;Prozent und Anteil umwandeln;Prozent und Anteil umwandeln;ganz;;"Welche Prozentangabe ist gleich 0,202? Kreuze an: 20,2 %; 202 %; 2,2 %; 2,02 %.";Ankreuzfeld A–D;0,202 = 20,2 %;1;kopf;vorwaerts;text;15;
HH-MSA-2026-B4-1g;HH ’26;quelle-fremd-hh-sh-hh-msa-beispiele-2026.txt · 4.2 Beispiel 4, 1g;prozent;Prozentwert;Prozentwert;ganz;;"Wie viel sind 40 % von 40 €? Kreuze an: 4 €; 10 €; 16 €; 18 €.";Ankreuzfeld A–D;16 €;1;kopf;vorwaerts;text;18;
HH-MSA-2026-B4-1m;HH ’26;quelle-fremd-hh-sh-hh-msa-beispiele-2026.txt · 4.2 Beispiel 4, 1m;lineare;erkennen und ablesen;erkennen und ablesen;ganz;;"Was gilt für die Geraden f(x) = 2x − 2 und g(x) = 2x + 2? Kreuze an: Schnittpunkt (1 | 0); Schnittpunkt (0 | 2); gleicher y-Achsenabschnitt; sie sind parallel.";Ankreuzfeld A–D;parallel (gleiche Steigung 2);1;kopf;vergleichen;text;31;
HH-MSA-2026-B4-1p;HH ’26;quelle-fremd-hh-sh-hh-msa-beispiele-2026.txt · 4.2 Beispiel 4, 1p;lineare;rechnerisch an Gerade und Parabel;rechnerisch an Gerade und Parabel;ganz;;"Was gilt für die Gerade g(x) = −2x + 1? Kreuze an: Nullstelle bei x = 0,5; enthält P(3 | −7); schneidet die y-Achse bei y = −2; steigt.";Ankreuzfeld A–D;Nullstelle bei x = 0,5;1;kopf;pruefen;text;29;
HH-MSA-2026-B4-1q;HH ’26;quelle-fremd-hh-sh-hh-msa-beispiele-2026.txt · 4.2 Beispiel 4, 1q;wahrscheinlichkeit;ohne Zurücklegen;ohne Zurücklegen|Pfadregel;ganz;;"In einem Beutel sind 5 Kugeln, genau 3 davon rot. Du ziehst dreimal ohne Zurücklegen. Mit welchem Term berechnest du die Wahrscheinlichkeit, alle drei roten zu ziehen? Kreuze an: 3/5 · 2/4 · 1/3; 3/5 · 3/5 · 3/5; 3/5 · 1/2; 1/5 + 1/5 + 1/5.";Ankreuzfeld A–D;3/5 · 2/4 · 1/3 = 1/10;1;kopf;vergleichen;text;47;fast gleich SH-MSA-2023-A18b
HH-MSA-2026-B4-1t;HH ’26;quelle-fremd-hh-sh-hh-msa-beispiele-2026.txt · 4.2 Beispiel 4, 1t;wahrscheinlichkeit;Gegenereignis;Gegenereignis|Pfadregel;ganz;;"Ein Spielwürfel wird dreimal geworfen. Mit welchem Term berechnest du die Wahrscheinlichkeit für mindestens eine 6? Kreuze an: (1/6)³; 3 · 1/6; 1 − (5/6)³; (1 − 5/6) · 3.";Ankreuzfeld A–D;1 − (5/6)³ ≈ 42 %;1;kopf;vergleichen;text;30;
HH-MSA-2026-B4-4;HH ’26;quelle-fremd-hh-sh-hh-msa-beispiele-2026.txt · 4.2 Beispiel 4, 4;wahrscheinlichkeit;ohne Zurücklegen;ohne Zurücklegen|Pfadregel;ganz;;In einer Kiste liegen fünf Bälle: zweimal A, dreimal N. Du ziehst 4 Bälle ohne Zurücklegen und legst sie in dieser Reihenfolge hin. Bestätige, dass ANNA mit der Wahrscheinlichkeit 12/120 entsteht.;fünf Bälle mit den Buchstaben A, A, N, N, N;2/5 · 3/4 · 2/3 · 1/2 = 12/120 = 1/10;2;kopf;pruefen;bild;31;Ballbeschriftung aus Lösung erschlossen
HH-MSA-2026-B5-1m;HH ’26;quelle-fremd-hh-sh-hh-msa-beispiele-2026.txt · 4.2 Beispiel 5, 1m;wahrscheinlichkeit;Pfadregel;Pfadregel;ganz;;"Du würfelst zweimal mit einem Spielwürfel. Wie groß ist die Wahrscheinlichkeit, eine 3 und eine 4 zu werfen? Kreuze an: 1/2; 1/6; 1/18; 1/36.";Ankreuzfeld A–D;"(3; 4) oder (4; 3): 2/36 = 1/18";2;kopf;vorwaerts;text;24;wortgleich mit SH-MSA-2022-A18a
HH-MSA-2026-B5-2b;HH ’26;quelle-fremd-hh-sh-hh-msa-beispiele-2026.txt · 4.2 Beispiel 5, 2b;koerper;Volumen direkt;Volumen direkt;ganz;;Ein Dreiecksprisma hat als Grundfläche ein rechtwinkliges Dreieck mit den Katheten 4 cm und 3 cm. Das Prisma ist 5 cm hoch. Berechne das Volumen.;Netz des Prismas, nicht maßstabsgerecht, Katheten 4 cm und 3 cm, Rechtecklänge 5 cm;"G = ½ · 4 · 3 = 6 cm²; V = 6 · 5 = 30 cm³";2;kopf;vorwaerts;bild;25;Maße aus Lösung
HH-MSA-2026-B5-3;HH ’26;quelle-fremd-hh-sh-hh-msa-beispiele-2026.txt · 4.2 Beispiel 5, 3;quadratische;Nullstellen berechnen;Nullstellen berechnen;ganz;;Bestimme die Lösungen der Gleichung x² − 6x − 7 = 0.;;(x − 3)² = 16 ⇒ x₁ = −1, x₂ = 7;2;kopf;vorwaerts;text;12;
HH-MSA-2026-B5-4;HH ’26;quelle-fremd-hh-sh-hh-msa-beispiele-2026.txt · 4.2 Beispiel 5, 4;lineare;durch zwei Punkte, Gleichung ablesen;durch zwei Punkte, Gleichung ablesen;ganz;;Die Gerade g geht durch A(3 | 4) und B(2 | 1). Ermittle ihre Steigung.;;m = (4 − 1) : (3 − 2) = 3;1;kopf;vorwaerts;text;15;
HH-MSA-2026-B6-1i;HH ’26;quelle-fremd-hh-sh-hh-msa-beispiele-2026.txt · 4.2 Beispiel 6, 1i;lineare;rechnerisch an Gerade und Parabel;rechnerisch an Gerade und Parabel;ganz;;"Auf welcher Geraden liegt P(3 | 5)? Kreuze an: g(x) = 2x − 1; g(x) = 3x + 5; g(x) = 2x − 7; g(x) = 2x + 1.";Ankreuzfeld A–D;2 · 3 − 1 = 5 – g(x) = 2x − 1;1;kopf;pruefen;text;29;
HH-MSA-2026-B6-1j;HH ’26;quelle-fremd-hh-sh-hh-msa-beispiele-2026.txt · 4.2 Beispiel 6, 1j;prozent;Erhöhung und Veränderung in Prozent;Erhöhung und Veränderung in Prozent|Prozentwert;ganz;;"Auf eine Rechnung über 1 200 € gibt es 3 % Rabatt. Wie viel bezahlt der Kunde? Kreuze an: 840 €; 1 164 €; 1 188 €; 1 236 €.";Ankreuzfeld A–D;"3 % von 1 200 € = 36 €; 1 164 €";2;kopf;vorwaerts;text;30;
HH-MSA-2026-B6-1k;HH ’26;quelle-fremd-hh-sh-hh-msa-beispiele-2026.txt · 4.2 Beispiel 6, 1k;quadratische;Nullstellen berechnen;Nullstellen berechnen;ganz;;"Welche Lösungen hat 9 = (2x − 5)²? Kreuze an: x₁ = 8, x₂ = 2; x₁ = −1, x₂ = −4; x₁ = 7, x₂ = −2; x₁ = 4, x₂ = 1.";Ankreuzfeld A–D;2x − 5 = ±3 ⇒ x₁ = 4, x₂ = 1;2;kopf;vorwaerts;text;34;
HH-MSA-2026-B6-1m;HH ’26;quelle-fremd-hh-sh-hh-msa-beispiele-2026.txt · 4.2 Beispiel 6, 1m;lineare;Gleichung aufstellen und rückwärts rechnen;Gleichung aufstellen und rückwärts rechnen;ganz;;"Wo schneidet die Gerade f(x) = 4x + 8 die x-Achse? Kreuze an: N(0 | −4); N(−2 | 0); N(2 | 0); N(0 | −2).";Ankreuzfeld A–D;4x + 8 = 0 ⇒ N(−2 | 0);1;kopf;rueckwaerts;text;25;
HH-MSA-2026-B6-1s;HH ’26;quelle-fremd-hh-sh-hh-msa-beispiele-2026.txt · 4.2 Beispiel 6, 1s;wahrscheinlichkeit;ohne Zurücklegen;ohne Zurücklegen|Pfadregel;ganz;;"In einem Beutel sind 10 Kugeln mit den Zahlen 1 bis 10. Du ziehst ohne Zurücklegen erst eine gerade Zahl, dann die 5 oder die 7. Welcher Term passt? Kreuze an: 1/10 · 2/10; 5/10 · 2/9; 5/10 · 7/9; 5/10 · 2/10.";Ankreuzfeld A–D;5/10 · 2/9 = 1/9;2;kopf;vergleichen;text;43;
HH-MSA-2026-B6-2;HH ’26;quelle-fremd-hh-sh-hh-msa-beispiele-2026.txt · 4.2 Beispiel 6, 2;lineare;Gleichung aufstellen und rückwärts rechnen;Gleichung aufstellen und rückwärts rechnen;ganz;;Die Gerade g(x) = m · x + 3 geht durch P(2 | 7). Berechne die Steigung m.;;7 = 2m + 3 ⇒ m = 2;1;kopf;rueckwaerts;text;18;
HH-MSA-2026-B6-3;HH ’26;quelle-fremd-hh-sh-hh-msa-beispiele-2026.txt · 4.2 Beispiel 6, 3;koerper;rückwärts: Radius oder Höhe aus Volumen;rückwärts: Radius oder Höhe aus Volumen;ganz;;Eine Kugel hat das Volumen 36π cm³. Bestimme ihren Radius (V = 4/3 · π · r³).;;r³ = 36 · 3/4 = 27 ⇒ r = 3 cm;2;kopf;rueckwaerts;text;17;
HH-MSA-2026-B6-4;HH ’26;quelle-fremd-hh-sh-hh-msa-beispiele-2026.txt · 4.2 Beispiel 6, 4;quadratische;Nullstellen berechnen;Nullstellen berechnen;ganz;;Bestimme die Lösungen der Gleichung 0 = (x − 3) · (x² − 8x + 16).;;"x − 3 = 0 ⇒ x₁ = 3; x² − 8x + 16 = (x − 4)² = 0 ⇒ x₂ = 4";2;kopf;vorwaerts;text;16;
HH-MSA-2026-Wassertank-b;HH ’26;quelle-fremd-hh-sh-hh-msa-beispiele-2026.txt · 5.1 Wassertank b;koerper;Mantelfläche mit Kosten;Mantelfläche mit Kosten;ganz;;Der obere Teil eines Wassertanks ist ein Zylinder: Radius 1 m, Höhe 4,5 m, oben geschlossen, unten offen. Er wird außen gestrichen. 1 Liter Farbe reicht für 8 m². Zeige, dass etwa 31,4 m² zu streichen sind, und berechne die Farbmenge.;Skizze, nicht maßstabsgerecht: Tank aus Zylinder (r = 1 m, h = 4,5 m) mit Kegel darunter (h = 1,5 m), auf vier Standbeinen;"O = π · 1² + 2π · 1 · 4,5 ≈ 31,4 m²; 31,4 : 8 ≈ 3,9 l – etwa 4 Liter";3;krumm;vorwaerts;bild;41;Maße aus Lösung
HH-MSA-2026-Wassertank-c;HH ’26;quelle-fremd-hh-sh-hh-msa-beispiele-2026.txt · 5.1 Wassertank c;koerper;Volumen direkt;Volumen direkt;ganz;;Ein Wassertank besteht aus einem Zylinder (r = 1 m, h = 4,5 m) und einem Kegel darunter (r = 1 m, h = 1,5 m). Zeige mit einer Rechnung, dass er zusammen 15,7 m³ fasst.;Skizze wie Wassertank b;"Zylinder: π · 1² · 4,5 ≈ 14,1 m³; Kegel: ⅓ · π · 1² · 1,5 ≈ 1,6 m³; zusammen ≈ 15,7 m³";3;krumm;pruefen;bild;36;
HH-MSA-2026-Wassertank-d;HH ’26;quelle-fremd-hh-sh-hh-msa-beispiele-2026.txt · 5.1 Wassertank d;koerper;rückwärts: Radius oder Höhe aus Volumen;rückwärts: Radius oder Höhe aus Volumen;ganz;;Ein kugelförmiger Wassertank fasst 15,7 m³. Berechne seinen Radius.;;r = ∛(3 · 15,7 : (4π)) ≈ 1,55 m;2;krumm;rueckwaerts;text;9;
HH-MSA-2026-Wassertank-e;HH ’26;quelle-fremd-hh-sh-hh-msa-beispiele-2026.txt · 5.1 Wassertank e;dreiecke;Dreieck erst in Figur oder Körper finden;Dreieck erst in Figur oder Körper finden|Kathete oder Hypotenuse direkt;ganz;;Der untere Teil eines Wassertanks ist ein Kegel mit Radius 1 m und Höhe 1,5 m. Zeige, dass seine Seitenlinie a etwa 1,80 m lang ist.;Skizze, nicht maßstabsgerecht: Querschnitt des Kegels, Radius 1 m, Höhe 1,5 m, Seitenlinie a;a = √(1² + 1,5²) = √3,25 ≈ 1,80 m;1;krumm;pruefen;bild;26;"nur Seite a; Seite c braucht Maße aus dem Bild"
HH-MSA-2026-Wassertank-f;HH ’26;quelle-fremd-hh-sh-hh-msa-beispiele-2026.txt · 5.1 Wassertank f;dreiecke;Seite berechnen (Sinussatz);Seite berechnen (Sinussatz)|Winkelsumme;ganz;;Im Dreieck aus Tankwand, Standbein b und Hilfsstrecke c ist c = 3,38 m. Der Winkel gegenüber von c ist γ = 70°, ein weiterer Winkel ist α = 30°. Ermittle die Länge b des Standbeins.;Skizze, nicht maßstabsgerecht: Dreieck mit Seite c = 3,38 m, Winkeln α = 30° und γ = 70°, Standbein b gegenüber dem dritten Winkel β;"β = 180° − 30° − 70° = 80°; b = 3,38 · sin 80° : sin 70° ≈ 3,54 m";2;krumm;vorwaerts;bild;36;
HH-MSA-2026-Kartenhaus-a;HH ’26;quelle-fremd-hh-sh-hh-msa-beispiele-2026.txt · 5.1 Kartenhaus a;flaechen;Grundfigur berechnen;Grundfigur berechnen;ganz;;Eine Spielkarte ist 9 cm lang und 6 cm breit. Das größte Kartenhaus bestand aus 91 800 Karten. Jan sagt: Alle Karten zusammen sind so groß wie ein Fußballfeld von 7 140 m². Zeige, dass Jan nicht recht hat.;;91 800 · 54 cm² = 4 957 200 cm² ≈ 496 m² < 7 140 m²;2;glatt;pruefen;text;39;
HH-MSA-2026-Kartenhaus-c;HH ’26;quelle-fremd-hh-sh-hh-msa-beispiele-2026.txt · 5.1 Kartenhaus c;dreiecke;gleichschenkliges Dreieck;gleichschenkliges Dreieck|Kathete oder Hypotenuse direkt|Winkel berechnen|Winkelsumme;ganz;;Zwei 9 cm lange Spielkarten lehnen aneinander und bilden mit dem Boden ein gleichschenkliges Dreieck. Unten stehen sie 5 cm auseinander. Berechne die Höhe h und die drei Winkel des Dreiecks.;Skizze, nicht maßstabsgerecht: gleichschenkliges Dreieck, Schenkel 9 cm, Grundseite 5 cm, Höhe h, Basiswinkel α und β, Spitzenwinkel γ;"h = √(9² − 2,5²) ≈ 8,6 cm; cos α = 2,5/9 ⇒ α = β ≈ 73,9°; γ ≈ 32,3°";3;krumm;vorwaerts;bild;31;
HH-MSA-2026-Kartenhaus-c-h1;nach HH ’26;quelle-fremd-hh-sh-hh-msa-beispiele-2026.txt · 5.1 Kartenhaus c;dreiecke;Kathete oder Hypotenuse direkt;Kathete oder Hypotenuse direkt;herausgeloest;HH-MSA-2026-Kartenhaus-c;Zwei 9 cm lange Spielkarten bilden ein gleichschenkliges Dreieck. Die halbe Grundseite ist 2,5 cm lang. Berechne die Höhe h.;;h = √(9² − 2,5²) ≈ 8,6 cm;1;krumm;vorwaerts;text;20;
HH-MSA-2026-Kartenhaus-c-h2;nach HH ’26;quelle-fremd-hh-sh-hh-msa-beispiele-2026.txt · 5.1 Kartenhaus c;dreiecke;Winkel berechnen;Winkel berechnen;herausgeloest;HH-MSA-2026-Kartenhaus-c;Eine 9 cm lange Spielkarte lehnt schräg. Ihr Fuß steht 2,5 cm von der Mitte unter der Spitze entfernt. Berechne den Winkel zwischen Karte und Boden.;Skizze: rechtwinkliges Dreieck, Hypotenuse 9 cm, Ankathete 2,5 cm, Winkel α am Boden;cos α = 2,5/9 ⇒ α ≈ 73,9°;1;krumm;vorwaerts;bild;26;
HH-MSA-2026-Kartenhaus-f;HH ’26;quelle-fremd-hh-sh-hh-msa-beispiele-2026.txt · 5.1 Kartenhaus f;dreiecke;Seite berechnen (Sinussatz);Seite berechnen (Sinussatz)|gleichschenkliges Dreieck|Winkelsumme;ganz;;Sonja baut ein Kartenhaus aus Visitenkarten. Zwei Karten bilden ein gleichschenkliges Dreieck mit 4 cm Grundseite. Der Winkel an der Spitze ist 28° groß. Bestimme die Länge einer Visitenkarte.;Skizze: gleichschenkliges Dreieck, Grundseite 4 cm, Spitzenwinkel 28°;"Basiswinkel (180° − 28°) : 2 = 76°; a = 4 · sin 76° : sin 28° ≈ 8,3 cm";2;krumm;vorwaerts;bild;29;
HH-MSA-2026-Windpark-b;HH ’26;quelle-fremd-hh-sh-hh-msa-beispiele-2026.txt · 5.1 Windpark b;flaechen;Grundfigur berechnen;Grundfigur berechnen;ganz;;Die Rotorblätter eines Windrads sind 75 m lang. Beim Drehen überstreichen sie eine Kreisfläche. Berechne ihre Größe.;;A = π · 75² ≈ 17 671 m²;1;krumm;vorwaerts;text;17;
HH-MSA-2026-Windpark-c;HH ’26;quelle-fremd-hh-sh-hh-msa-beispiele-2026.txt · 5.1 Windpark c;flaechen;Grundfigur berechnen;Grundfigur berechnen;ganz;;Ein Rotorblatt ist 75 m lang und dreht sich in 10 Sekunden einmal herum. Zeige, dass die Spitze bei einer Umdrehung etwa 470 m zurücklegt. Wie schnell ist die Spitze in km/h?;;"u = 2π · 75 ≈ 471 m; 471 m in 10 s = 47,1 m/s ≈ 170 km/h";3;krumm;vorwaerts;text;32;"Kreisumfang; Stufe ersatzweise"
HH-MSA-2026-Windpark-d;HH ’26;quelle-fremd-hh-sh-hh-msa-beispiele-2026.txt · 5.1 Windpark d;dreiecke;Seite berechnen;Seite berechnen;ganz;;Ein Spaziergänger steht 400 m von einem Windrad entfernt. Er sieht die Spitze unter einem Höhenwinkel von 18°. Seine Augen sind 1,69 m über dem Boden. Bestimme die Höhe des Windrads.;Skizze, nicht maßstabsgerecht: Person mit Augenhöhe 1,69 m, waagerechter Abstand 400 m, Sichtlinie zur Spitze unter 18°;"h = 400 · tan 18° ≈ 130,0 m; h* = 130,0 + 1,69 ≈ 131,7 m";2;krumm;vorwaerts;bild;31;
HH-MSA-2026-Windpark-e;HH ’26;quelle-fremd-hh-sh-hh-msa-beispiele-2026.txt · 5.1 Windpark e;dreiecke;Seite berechnen (Sinussatz);Seite berechnen (Sinussatz);ganz;;Drei Windräder stehen an den Punkten A, B und C. A und C sind 273 m voneinander entfernt. Im Dreieck ABC ist der Winkel bei A 51° und der Winkel bei B 62°. Windräder müssen mindestens 240 m auseinanderstehen. Prüfe, ob B und C weit genug voneinander entfernt sind.;Skizze, nicht maßstabsgerecht: Dreieck ABC, AC = 273 m, α = 51° bei A, β = 62° bei B;BC = 273 · sin 51° : sin 62° ≈ 240,3 m ≥ 240 m – eingehalten;2;krumm;pruefen;bild;49;
HH-MSA-2026-Windpark-f;HH ’26;quelle-fremd-hh-sh-hh-msa-beispiele-2026.txt · 5.1 Windpark f;flaechen;Grundfigur berechnen;Grundfigur berechnen;ganz;;Rastende Vögel meiden ein Windrad im Umkreis von 500 m. Berechne die Größe dieser Fläche in km².;;A = π · 500² ≈ 785 398 m² ≈ 0,785 km²;2;krumm;vorwaerts;text;17;
HH-MSA-2026-Pisa-c;HH ’26;quelle-fremd-hh-sh-hh-msa-beispiele-2026.txt · 5.1 Pisa c;flaechen;rückwärts: Seite aus Fläche;rückwärts: Seite aus Fläche;ganz;;Ein Stahlring um den schiefen Turm von Pisa hatte einen Umfang von 48,6 m. Bestimme seinen Durchmesser.;;d = 48,6 : π ≈ 15,5 m;1;krumm;rueckwaerts;text;17;"Durchmesser aus Umfang; Stufe ersatzweise"
HH-MSA-2026-Pisa-d;HH ’26;quelle-fremd-hh-sh-hh-msa-beispiele-2026.txt · 5.1 Pisa d;dreiecke;Kathete oder Hypotenuse direkt;Kathete oder Hypotenuse direkt;ganz;;Der schiefe Turm von Pisa ist heute 55 m hoch. Seine Spitze ist 3,9 m zur Seite geneigt. Berechne, wie hoch der Turm ohne Schieflage wäre, und gib den Unterschied in cm an.;Skizze: geneigter Turm, senkrechte Höhe 55 m, seitliche Abweichung 3,9 m;"l = √(55² + 3,9²) ≈ 55,14 m; etwa 14 cm höher";2;krumm;vorwaerts;bild;33;
HH-MSA-2026-Pisa-e;HH ’26;quelle-fremd-hh-sh-hh-msa-beispiele-2026.txt · 5.1 Pisa e;dreiecke;Winkel berechnen;Winkel berechnen;ganz;;Der schiefe Turm von Pisa ist 55 m hoch. Seine Spitze ragt 3,9 m zur Seite. Berechne den heutigen Neigungswinkel. Vorher waren es 5,5°. Vergleiche.;Skizze wie Pisa d, Neigungswinkel α zwischen Turmachse und Senkrechter;"tan α = 3,9/55 ⇒ α ≈ 4,1°; etwa 1,4° weniger als vorher";2;krumm;vergleichen;bild;25;zweiter Teil (Abstand Turmmitte) weggelassen
HH-MSA-2026-Billard-a;HH ’26;quelle-fremd-hh-sh-hh-msa-beispiele-2026.txt · 5.1 Billard a;flaechen;Grundfigur berechnen;Grundfigur berechnen;ganz;;Die Spielfläche eines Billardtischs ist 2,84 m lang und 1,42 m breit. Zeige, dass sie etwa 4 m² groß ist.;;A = 2,84 · 1,42 ≈ 4,03 m²;1;krumm;pruefen;text;20;
HH-MSA-2026-Billard-b;HH ’26;quelle-fremd-hh-sh-hh-msa-beispiele-2026.txt · 5.1 Billard b;prozent;Erhöhung und Veränderung in Prozent;Erhöhung und Veränderung in Prozent|Grundfigur berechnen;ganz;;Ein Billardtisch hat 4,03 m² Spielfläche. Für den Bezug braucht man 15 % mehr Stoff. Ein Quadratmeter kostet 47,59 €. Berechne die Kosten für den Bezug.;;"4,03 · 1,15 ≈ 4,64 m²; 4,64 · 47,59 € ≈ 220,71 €";2;krumm;vorwaerts;text;26;
HH-MSA-2026-Billard-d;HH ’26;quelle-fremd-hh-sh-hh-msa-beispiele-2026.txt · 5.1 Billard d;dreiecke;Kathete oder Hypotenuse direkt;Kathete oder Hypotenuse direkt|Winkel berechnen|Winkelsumme;ganz;;Eine Markierungslinie auf einem Billardtisch ist die Hypotenuse eines rechtwinkligen Dreiecks mit den Katheten 71 cm und 35,5 cm. Berechne ihre Länge und die beiden spitzen Winkel.;Skizze, nicht maßstabsgerecht: rechtwinkliges Dreieck, Katheten 71 cm und 35,5 cm, Winkel α an der langen Kathete, β an der kurzen;"l = √(71² + 35,5²) ≈ 79,4 cm; tan α = 35,5/71 ⇒ α ≈ 26,6°; β ≈ 63,4°";3;krumm;vorwaerts;bild;27;
HH-MSA-2026-Billard-e;HH ’26;quelle-fremd-hh-sh-hh-msa-beispiele-2026.txt · 5.1 Billard e;koerper;Volumen direkt;Volumen direkt;ganz;;Eine Billardkugel hat 5,4 cm Durchmesser. Berechne ihr Volumen.;;"r = 2,7 cm; V = 4/3 · π · 2,7³ ≈ 82,4 cm³";2;krumm;vorwaerts;text;9;
HH-MSA-2026-Billard-f;HH ’26;quelle-fremd-hh-sh-hh-msa-beispiele-2026.txt · 5.1 Billard f;dreiecke;Seite berechnen (Sinussatz);Seite berechnen (Sinussatz)|Winkelsumme;ganz;;Drei Billardkugeln bilden ein Dreieck. Kugel 1 ist 72 cm von Kugel 2 und 122 cm von Kugel 3 entfernt. Der Winkel bei Kugel 2 beträgt 93°. Kugel 1 rollt erst zu Kugel 2, dann weiter zu Kugel 3. Bestimme die Länge des Weges.;"Skizze, nicht maßstabsgerecht: Dreieck aus Kugel 1, 2, 3; Seiten 72 cm (1–2) und 122 cm (1–3), Winkel 93° bei Kugel 2";"sin α = 72 · sin 93° : 122 ⇒ α ≈ 36,1° (bei Kugel 3); Winkel bei 1: ≈ 50,9°; Strecke 2–3 = 122 · sin 50,9° : sin 93° ≈ 94,8 cm; Weg ≈ 72 + 94,8 ≈ 167 cm";4;krumm;vorwaerts;bild;44;Lage des 93°-Winkels aus Lösung
HH-MSA-2026-Ballschachtel-c;HH ’26;quelle-fremd-hh-sh-hh-msa-beispiele-2026.txt · 5.1 Ballschachtel c;koerper;Volumen direkt;Volumen direkt;ganz;;Ein Ball hat den Radius 7,8 cm. Berechne das Volumen von drei solchen Bällen.;;V = 3 · 4/3 · π · 7,8³ ≈ 5 963 cm³;2;krumm;vorwaerts;text;14;
HH-MSA-2026-Ballschachtel-c-h1;nach HH ’26;quelle-fremd-hh-sh-hh-msa-beispiele-2026.txt · 5.1 Ballschachtel c;dreiecke;Dreieck erst in Figur oder Körper finden;Dreieck erst in Figur oder Körper finden|Kathete oder Hypotenuse direkt;herausgeloest;HH-MSA-2026-Ballschachtel-c;Die Grundfläche einer Ballschachtel ist ein regelmäßiges Sechseck mit 9 cm Seitenlänge. Der Ball berührt alle Seiten. Sein Radius ist die Höhe eines der sechs gleichseitigen Dreiecke. Zeige, dass der Radius etwa 7,8 cm ist.;"Skizze, nicht maßstabsgerecht: regelmäßiges Sechseck, Seite 9 cm, darin Kreis; ein gleichseitiges Dreieck mit Höhe r grau";r = √(9² − 4,5²) = √60,75 ≈ 7,8 cm;1;krumm;pruefen;bild;35;
HH-MSA-2026-Ballschachtel-d;HH ’26;quelle-fremd-hh-sh-hh-msa-beispiele-2026.txt · 5.1 Ballschachtel d;koerper;Volumen direkt;Volumen direkt|Figur erst zerlegen oder Strecke erst berechnen;ganz;;Eine Ballschachtel ist ein Prisma mit regelmäßig sechseckiger Grundfläche (Seite 9 cm, 210 cm²) und 54 cm Höhe. Berechne ihr Volumen und den Materialbedarf (Oberfläche).;;"V = 210 · 54 = 11 340 cm³; O = 6 · 54 · 9 + 2 · 210,4 ≈ 3 337 cm²";3;krumm;vorwaerts;text;25;
HH-MSA-2026-Ballschachtel-d-h1;nach HH ’26;quelle-fremd-hh-sh-hh-msa-beispiele-2026.txt · 5.1 Ballschachtel d;flaechen;Figur erst zerlegen oder Strecke erst berechnen;Figur erst zerlegen oder Strecke erst berechnen;herausgeloest;HH-MSA-2026-Ballschachtel-d;Ein regelmäßiges Sechseck besteht aus sechs gleichseitigen Dreiecken mit 9 cm Seitenlänge und 7,8 cm Höhe. Bestätige, dass seine Fläche etwa 210 cm² beträgt.;Skizze: Sechseck, in sechs Dreiecke zerlegt;A = 6 · ½ · 9 · 7,79 ≈ 210 cm²;1;krumm;pruefen;bild;24;
HH-MSA-2026-Ballschachtel-e;HH ’26;quelle-fremd-hh-sh-hh-msa-beispiele-2026.txt · 5.1 Ballschachtel e;dreiecke;Seite berechnen (Sinussatz);Seite berechnen (Sinussatz)|Winkelsumme;ganz;;Ein Tennisball fliegt von Spieler A zu B und zurück. Im Dreieck der Flugbahnen ist z = 15 m, α = 25° und β = 18°. x liegt gegenüber von β, z gegenüber vom dritten Winkel. Bestimme x.;Skizze, nicht maßstabsgerecht: Dreieck mit Seite z = 15 m, Winkeln 25° und 18°, gesuchte Seite x;"γ = 180° − 25° − 18° = 137°; x = 15 · sin 18° : sin 137° ≈ 6,8 m";2;krumm;vorwaerts;bild;38;
HH-MSA-2026-WaterBall-c;HH ’26;quelle-fremd-hh-sh-hh-msa-beispiele-2026.txt · 5.1 Water Walking Ball c;prozent;Prozent aus einer berechneten Fläche;Prozent aus einer berechneten Fläche|Grundfigur berechnen|Prozentsatz;ganz;;Ein Sicherheitsbereich auf einem See ist ein Rechteck von 64 m × 32 m. Mit Seilen erreichen die Bälle einen Halbkreis mit dem Radius 27 m. Berechne, wie viel Prozent des Bereichs erreichbar sind.;Skizze, nicht maßstabsgerecht: Rechteck 64 m × 32 m, Halbkreis mit Mittelpunkt an der langen Seite (Steg), r = 27 m;"Halbkreis: π · 27² : 2 ≈ 1 145,1 m²; 1 145,1 : 2 048 ≈ 56 %";3;krumm;vorwaerts;bild;34;zweiter Teil (Seil verlängert) weggelassen
HH-MSA-2026-WaterBall-d;HH ’26;quelle-fremd-hh-sh-hh-msa-beispiele-2026.txt · 5.1 Water Walking Ball d;koerper;Volumen direkt;Volumen direkt;ganz;;Ein Wasserlaufball hat 2,0 m Durchmesser. Ein Gebläse pumpt 520 m³ Luft pro Stunde. Berechne, wie viele Sekunden das Füllen eines Balls dauert.;;"V = 4/3 · π · 1³ ≈ 4,19 m³; 4,19 : 520 · 3 600 s ≈ 29 s";3;krumm;vorwaerts;text;23;
HH-MSA-2026-WaterBall-e;HH ’26;quelle-fremd-hh-sh-hh-msa-beispiele-2026.txt · 5.1 Water Walking Ball e;dreiecke;Seite berechnen;Seite berechnen;ganz;;Ein 25 m langes Seil ist straff gespannt und bildet mit der Wasseroberfläche einen Winkel von 2°. Bestimme, wie hoch das obere Ende über dem Wasser liegt.;Skizze, nicht maßstabsgerecht: Seil 25 m schräg, Winkel 2° zur Wasseroberfläche, Höhe des Befestigungspunkts F;x = 25 · sin 2° ≈ 0,87 m;1;krumm;vorwaerts;bild;27;
HH-MSA-2026-Europa-a;HH ’26;quelle-fremd-hh-sh-hh-msa-beispiele-2026.txt · 5.2 Europa Passage a;prozent;Prozentwert;Prozentwert;ganz;;Ein Parkhaus hat 700 Stellplätze. 24 % davon sind fest vermietet, je 65 € im Monat. Die übrigen Plätze bringen im Schnitt 4,50 € pro Tag. Berechne die Einnahmen in einem Monat mit 30 Tagen.;;"24 % von 700 = 168; 168 · 65 € = 10 920 €; 532 · 4,50 € · 30 = 71 820 €; zusammen 82 740 €";4;glatt;vorwaerts;text;35;
HH-MSA-2026-Europa-a-h1;nach HH ’26;quelle-fremd-hh-sh-hh-msa-beispiele-2026.txt · 5.2 Europa Passage a;prozent;Prozentwert;Prozentwert;herausgeloest;HH-MSA-2026-Europa-a;Ein Parkhaus hat 700 Stellplätze. 24 % davon sind fest vermietet. Wie viele Plätze sind das?;;24 % von 700 = 168;1;glatt;vorwaerts;text;16;
HH-MSA-2026-Europa-c;HH ’26;quelle-fremd-hh-sh-hh-msa-beispiele-2026.txt · 5.2 Europa Passage c;quadratische;Lage zweier Parabeln ohne Rechnung begründen;Lage zweier Parabeln ohne Rechnung begründen;ganz;;Ein Torbogen hat die Form einer nach unten geöffneten Parabel. Ihr Scheitel liegt 18,5 m über dem Boden auf der y-Achse. Begründe, dass nur f₃(x) = −1,2x² + 18,5 passt, nicht f₁(x) = −1,2x² − 18,5 oder f₂(x) = 1,2x² + 18,5.;Graph: Parabelbogen, Scheitel auf der y-Achse oberhalb der x-Achse, Fußpunkte A und B;"Minus vor x²: nach unten geöffnet (f₂ fällt weg); +18,5: Scheitel über der x-Achse (f₁ fällt weg)";1;kopf;pruefen;graph;42;
HH-MSA-2026-Europa-d;HH ’26;quelle-fremd-hh-sh-hh-msa-beispiele-2026.txt · 5.2 Europa Passage d;quadratische;Nullstellen berechnen;Nullstellen berechnen|Scheitelpunkt ablesen;ganz;;Ein Torbogen wird durch f(x) = −1,2x² + 18,5 beschrieben (in Metern). Gib die Höhe des Bogens an und bestimme den Abstand der beiden Fußpunkte A und B.;Graph wie Europa Passage c;"Höhe 18,5 m; −1,2x² + 18,5 = 0 ⇒ x₁,₂ = ±√(18,5/1,2) ≈ ±3,93; Abstand ≈ 7,85 m";3;krumm;vorwaerts;graph;28;
HH-MSA-2026-Europa-e;HH ’26;quelle-fremd-hh-sh-hh-msa-beispiele-2026.txt · 5.2 Europa Passage e;quadratische;Scheitelpunktform angeben;Scheitelpunktform angeben;ganz;;Die Parabel f(x) = −1,2x² + 18,5 wird erst an der x-Achse gespiegelt und dann um 2 nach rechts verschoben. Gib die neue Funktionsgleichung an.;;"gespiegelt: 1,2x² − 18,5; verschoben: f(x) = 1,2(x − 2)² − 18,5";2;glatt;darstellen;text;25;
HH-MSA-2026-Raketen-c;HH ’26;quelle-fremd-hh-sh-hh-msa-beispiele-2026.txt · 5.2 Raketen c;quadratische;Nullstellen berechnen;Nullstellen berechnen|Scheitelpunkt ablesen|Scheitelpunktform angeben;ganz;;Die Flugbahn einer Wasserrakete ist f(x) = −0,4x² + 12,2x (x: Entfernung in m, f(x): Höhe in m). Berechne, wie weit die Rakete fliegt und wie hoch sie höchstens kommt.;;"−0,4x(x − 30,5) = 0 ⇒ x₁ = 0, x₂ = 30,5 m; Scheitel bei x = 15,25: f(15,25) ≈ 93,0 m";3;krumm;vorwaerts;text;30;
HH-MSA-2026-Raketen-d;HH ’26;quelle-fremd-hh-sh-hh-msa-beispiele-2026.txt · 5.2 Raketen d;quadratische;Punkt auf der Parabel prüfen;Punkt auf der Parabel prüfen;ganz;;Die Flugbahn einer Wasserrakete ist f(x) = −0,4x² + 12,2x (in Metern). 4 m vom Start steht ein 40 m hohes Gebäude. Entscheide mit einer Rechnung, ob die Rakete darüber fliegt.;Skizze: Parabelbahn, Gebäude 40 m hoch in 4 m Entfernung;f(4) = −6,4 + 48,8 = 42,4 m > 40 m – sie fliegt darüber;1;glatt;pruefen;bild;31;
HH-MSA-2026-Tierpark-a;HH ’26;quelle-fremd-hh-sh-hh-msa-beispiele-2026.txt · 5.2 Tierpark a;prozent;Prozentwert;Prozentwert;ganz;;Eine Klasse besucht einen Tierpark: 29 Schüler und 2 Lehrer. Die Gruppenkarte kostet für Schüler 4,50 €, für Erwachsene 6,50 €. Berechne die Kosten.;Preistabelle Tierpark: Einzel- und Gruppenkarten für Erwachsene, Kinder, Schüler;29 · 4,50 € + 2 · 6,50 € = 130,50 € + 13 € = 143,50 €;2;glatt;vorwaerts;tabelle;24;"keine passende Stufe; ersatzweise (Kosten)"
HH-MSA-2026-Tierpark-b;HH ’26;quelle-fremd-hh-sh-hh-msa-beispiele-2026.txt · 5.2 Tierpark b;prozent;Erhöhung und Veränderung in Prozent;Erhöhung und Veränderung in Prozent;ganz;;Eine Schülerkarte kostet einzeln 6,00 €, mit Gruppenkarte 4,50 €. Lucie sagt: Einzeln zahlt man etwa 33 % mehr. Bestätige das mit einer Rechnung.;;6,00 : 4,50 ≈ 1,333 – etwa 33 % mehr;1;glatt;pruefen;text;24;
HH-MSA-2026-Tierpark-c;HH ’26;quelle-fremd-hh-sh-hh-msa-beispiele-2026.txt · 5.2 Tierpark c;flaechen;Grundfigur berechnen;Grundfigur berechnen|rückwärts: Seite aus Fläche;ganz;;Um ein kreisförmiges Robbengehege führt ein 280 m langer Weg. Bestimme den Durchmesser des Geheges und berechne seine Fläche.;;"d = 280 : π ≈ 89,1 m; A = π · 44,56² ≈ 6 239 m²";2;krumm;rueckwaerts;text;19;
HH-MSA-2026-Tierpark-d;HH ’26;quelle-fremd-hh-sh-hh-msa-beispiele-2026.txt · 5.2 Tierpark d;quadratische;Punkt auf der Parabel prüfen;Punkt auf der Parabel prüfen;ganz;;Die Flugbahn eines Herings ist f(x) = −0,18x² + 0,9x + 1,8 (in Metern). Berechne die Höhe bei x = 3 m.;;f(3) = −1,62 + 2,7 + 1,8 = 2,88 m;1;glatt;vorwaerts;text;22;"Funktionswert; Stufe ersatzweise"
HH-MSA-2026-Tierpark-e;HH ’26;quelle-fremd-hh-sh-hh-msa-beispiele-2026.txt · 5.2 Tierpark e;quadratische;Nullstellen berechnen;Nullstellen berechnen|Scheitelpunktform angeben;ganz;;Ein Tierpfleger wirft einen Hering. Die Flugbahn ist f(x) = −0,18x² + 0,9x + 1,8 (x: Weite in m, f(x): Höhe in m). Bestimme, wie weit die Robbe entfernt ist, die ihn am Boden fängt, und die größte Flughöhe.;Skizze: Wurfparabel vom Pfleger zur Robbe;"x² − 5x − 10 = 0 ⇒ x ≈ 6,5 m (x₂ ≈ −1,5 entfällt); f(x) = −0,18(x − 2,5)² + 2,925: S(2,5 | 2,925), etwa 2,9 m";3;krumm;vorwaerts;bild;39;"Original: Robbe fängt in der Luft; hier am Boden (Nullstelle) wie Lösung"
HH-MSA-2026-Autofahrten-b;HH ’26;quelle-fremd-hh-sh-hh-msa-beispiele-2026.txt · 5.2 Autofahrten b;quadratische;x zu gegebenem y;x zu gegebenem y|Nullstellen berechnen;ganz;;Der Benzinverbrauch eines Autos ist f(x) = 0,0004x² − 0,032x + 3,5144 (x: Geschwindigkeit in km/h, f(x): Liter pro 100 km). Bestimme, bei welcher Geschwindigkeit das Auto 6 Liter pro 100 km verbraucht.;;x² − 80x − 6 214 = 0 ⇒ x₁ ≈ 128,4 km/h (x₂ ≈ −48,4 entfällt);3;krumm;rueckwaerts;text;33;
HH-MSA-2026-Autofahrten-c;HH ’26;quelle-fremd-hh-sh-hh-msa-beispiele-2026.txt · 5.2 Autofahrten c;quadratische;Nullstellen berechnen;Nullstellen berechnen;ganz;;Begründe mit einer Rechnung, dass f(x) = 0,0004x² − 0,032x + 3,5144 keine Nullstellen hat.;;"x² − 80x + 8 786 = 0; Radikand 1 600 − 8 786 = −7 186 < 0 – keine Nullstellen";2;glatt;pruefen;text;15;
HH-MSA-2026-Autofahrten-d;HH ’26;quelle-fremd-hh-sh-hh-msa-beispiele-2026.txt · 5.2 Autofahrten d;gleichungssysteme;lösen;lösen|aufstellen;ganz;;Ein Autovermieter berechnet eine Grundgebühr pro Tag (x) und einen Preis pro Kilometer (y). Matthias zahlt für 2 Tage und 160 km 134,80 €. Arslan zahlt für 5 Tage und 615 km 414 €. Bestimme x und y.;;"2x + 160y = 134,80; 5x + 615y = 414 ⇒ y ≈ 0,36 €/km, x ≈ 38,75 €/Tag";3;krumm;rueckwaerts;text;38;
HH-MSA-2026-Parabelflug-b;HH ’26;quelle-fremd-hh-sh-hh-msa-beispiele-2026.txt · 5.2 Parabelflug b;lineare;Gleichung aufstellen und rückwärts rechnen;Gleichung aufstellen und rückwärts rechnen;ganz;;"Ein Flugzeug steigt gleichmäßig und ist nach 100 Sekunden 6 250 m hoch. Welche Gleichung beschreibt den Steigflug? Kreuze an und begründe: f(x) = 6 250x; f(x) = 625x; f(x) = 62,5x.";Graph: Gerade durch den Ursprung bis (100 | 6 250);f(x) = 62,5x, denn 6 250 m : 100 s = 62,5 m pro Sekunde;1;glatt;vergleichen;graph;32;Punkt (100 | 6 250) aus Lösung
HH-MSA-2026-Parabelflug-c;HH ’26;quelle-fremd-hh-sh-hh-msa-beispiele-2026.txt · 5.2 Parabelflug c;quadratische;Nullstellen berechnen;Nullstellen berechnen;ganz;;Die Bahn beim Parabelflug ist f(x) = −8,26x² + 181,72x (x in Sekunden, f(x) Höhe in m über dem Start). Bestätige, dass der Flug genau 22 Sekunden dauert.;;−8,26x(x − 22) = 0 ⇒ x₁ = 0, x₂ = 22;2;glatt;pruefen;text;28;
HH-MSA-2026-Parabelflug-d;HH ’26;quelle-fremd-hh-sh-hh-msa-beispiele-2026.txt · 5.2 Parabelflug d;quadratische;Scheitelpunkt ablesen;Scheitelpunkt ablesen;ganz;;Die Bahn beim Parabelflug ist f(x) = −8,26x² + 181,72x mit den Nullstellen 0 und 22. Der Flug beginnt in 7 500 m Höhe. Berechne die größte Flughöhe insgesamt.;;"Scheitel bei x = 11: f(11) = 999,46 m; 7 500 + 999,46 ≈ 8 500 m";2;krumm;vorwaerts;text;29;
HH-MSA-2026-Parabelflug-e;HH ’26;quelle-fremd-hh-sh-hh-msa-beispiele-2026.txt · 5.2 Parabelflug e;quadratische;Scheitelpunktform angeben;Scheitelpunktform angeben;ganz;;Ein Parabelflug soll 22 Sekunden dauern und höchstens 1 210 m über dem Startpunkt erreichen. Bestimme eine Funktionsgleichung in Scheitelpunktform.;;"S(11 | 1 210): f(x) = a(x − 11)² + 1 210; f(0) = 0 ⇒ a = −10; f(x) = −10(x − 11)² + 1 210";3;glatt;rueckwaerts;text;20;
HH-MSA-2026-Fontaene-b;HH ’26;quelle-fremd-hh-sh-hh-msa-beispiele-2026.txt · 5.2 Wasserfontäne b;prozent;Erhöhung und Veränderung in Prozent;Erhöhung und Veränderung in Prozent;ganz;;Früher kamen im Schnitt 1 140 Besucher am Tag in einen Park, nach dem Bau einer Fontäne 2 964. Berechne, um wie viel Prozent die Besucherzahl gestiegen ist.;;2 964 : 1 140 = 2,6 – um 160 % gestiegen;2;glatt;vorwaerts;text;28;
HH-MSA-2026-Fontaene-d;HH ’26;quelle-fremd-hh-sh-hh-msa-beispiele-2026.txt · 5.2 Wasserfontäne d;quadratische;Nullstellen berechnen;Nullstellen berechnen|Scheitelpunkt ablesen;ganz;;Eine Wasserfontäne hat die Form f(x) = −x² + 4x (in Metern, Öffnung im Ursprung). Bestimme, wie weit von der Öffnung das Wasser auftrifft, und die größte Höhe.;;"−x(x − 4) = 0 ⇒ x₁ = 0, x₂ = 4 m; Scheitel S(2 | 4): 4 m hoch";2;kopf;vorwaerts;text;28;d) und e) zusammengefasst
HH-MSA-2026-Fontaene-f;HH ’26;quelle-fremd-hh-sh-hh-msa-beispiele-2026.txt · 5.2 Wasserfontäne f;quadratische;Nullstellen berechnen;Nullstellen berechnen;ganz;;Eine Fontäne f(x) = −x² + 4x wird um 84 cm angehoben: g(x) = −x² + 4x + 0,84. Das Wasser darf höchstens 4,5 m von der Mitte auftreffen. Prüfe, ob das eingehalten wird.;Skizze: Fontäne mit erhöhter Öffnung, Auftreffpunkt a;−x² + 4x + 0,84 = 0 ⇒ x = 2 + √4,84 = 4,2 m ≤ 4,5 m – erlaubt;2;glatt;pruefen;bild;34;
HH-MSA-2026-Floehe-a;HH ’26;quelle-fremd-hh-sh-hh-msa-beispiele-2026.txt · 5.2 Flöhe a;prozent;Grundwert;Grundwert;ganz;;Nur 5 % der Flöhe in einem Fell sind erwachsen, der Rest sind Eier, Larven und Puppen. Ein Hund hat 20 erwachsene Flöhe. Berechne die Anzahl der Eier, Larven und Puppen.;;"G = 20 : 0,05 = 400; 400 − 20 = 380";2;kopf;rueckwaerts;text;31;
HH-MSA-2026-Floehe-b;HH ’26;quelle-fremd-hh-sh-hh-msa-beispiele-2026.txt · 5.2 Flöhe b;lineare;Gleichung aufstellen und rückwärts rechnen;Gleichung aufstellen und rückwärts rechnen;ganz;;"Ein Floh hat schon 278 Eier gelegt. Er legt jeden Tag 40 weitere. Welche Gleichung passt: y = 40x − 278; y = 40x² + 278; y = 40x + 278? Begründe. Berechne, nach wie vielen Tagen es 2 318 Eier sind.";;"y = 40x + 278 (Start 278, je Tag + 40); 40x + 278 = 2 318 ⇒ x = 51 Tage";3;glatt;rueckwaerts;text;42;
HH-MSA-2026-Floehe-c;HH ’26;quelle-fremd-hh-sh-hh-msa-beispiele-2026.txt · 5.2 Flöhe c;quadratische;Nullstellen berechnen;Nullstellen berechnen|Scheitelpunkt ablesen;ganz;;Ein Flohsprung wird durch f(x) = −0,05x² + 30 beschrieben (in cm). Bestimme Höhe und Weite des Sprungs.;;"Höhe 30 cm; x² = 600 ⇒ x ≈ ±24,5; Weite ≈ 49 cm";2;krumm;vorwaerts;text;18;Einheit: Lösung rechnet in cm (Text: Meter)
HH-MSA-2026-Schuetzenfisch-a;HH ’26;quelle-fremd-hh-sh-hh-msa-beispiele-2026.txt · 5.2 Schützenfisch a;prozent;Prozentwert;Prozentwert;ganz;;Von 230 000 bekannten Tierarten im Meer sind 12 % Fische. Berechne die Anzahl der Fischarten.;;12 % von 230 000 = 27 600;1;glatt;vorwaerts;text;16;
HH-MSA-2026-Schuetzenfisch-d;HH ’26;quelle-fremd-hh-sh-hh-msa-beispiele-2026.txt · 5.2 Schützenfisch d;quadratische;Nullstellen berechnen;Nullstellen berechnen|Scheitelpunkt ablesen;ganz;;Der Wasserstrahl eines Schützenfisches ist f(x) = −½(x − 2)² + 2 (in Metern). Gib die größte Höhe an und bestimme, wo der Strahl wieder aufs Wasser trifft.;;"S(2 | 2): 2 m hoch; (x − 2)² = 4 ⇒ x₁ = 0, x₂ = 4 m";2;kopf;vorwaerts;text;28;
HH-MSA-2026-Schuetzenfisch-e;HH ’26;quelle-fremd-hh-sh-hh-msa-beispiele-2026.txt · 5.2 Schützenfisch e;quadratische;x zu gegebenem y;x zu gegebenem y;ganz;;Ein Wasserstrahl folgt g(x) = −¼x² + 1,05x (in Metern). Eine Mücke sitzt 1 m über dem Wasser. Bestimme, in welcher Entfernung der Strahl die Höhe 1 m hat.;;x² − 4,2x + 4 = 0 ⇒ x₁ ≈ 1,46 m, x₂ ≈ 2,74 m;3;krumm;rueckwaerts;text;29;Bruch ¼ aus Lösung
HH-MSA-2026-Schweinerei-a;HH ’26;quelle-fremd-hh-sh-hh-msa-beispiele-2026.txt · 5.3 Schweinerei a;daten;ergänzen;ergänzen;ganz;;Ein Plastikschwein wird 2 000-mal geworfen. Lage „Sau“: absolut fehlt, relativ fehlt. „Suhle“: 498, relativ fehlt. „Haxe“: absolut fehlt, relativ 0,0645. „Schnauze“: 71, relativ fehlt. Ergänze die Tabelle.;"Tabelle: Lage Sau, Suhle, Haxe, Schnauze, Summe; Zeile absolute Häufigkeit _, 498, _, 71, 2 000; Zeile relative Häufigkeit _, _, 0,0645, _, 1";"Haxe: 0,0645 · 2 000 = 129; Sau: 2 000 − 498 − 129 − 71 = 1 302; relativ: 0,651; 0,249; 0,0355";4;krumm;vorwaerts;tabelle;28;
HH-MSA-2026-Schweinerei-c;HH ’26;quelle-fremd-hh-sh-hh-msa-beispiele-2026.txt · 5.3 Schweinerei c;wahrscheinlichkeit;Pfadregel;Pfadregel|Gegenereignis;ganz;;Ein Plastikschwein landet mit 65 % auf der Seite („Sau“) und mit 6 % auf allen vier Beinen („Haxe“). Es wird zweimal geworfen. Berechne P(zweimal Sau) und P(erst Haxe, dann nicht Haxe).;;"0,65 · 0,65 ≈ 42 %; 0,06 · 0,94 ≈ 5,6 %";2;krumm;vorwaerts;text;32;"Lösungsheft rundet 0,0564 auf „etwa 3 %“ – vermutlich Druckfehler; hier 5,6 %"
HH-MSA-2026-Schweinerei-d;HH ’26;quelle-fremd-hh-sh-hh-msa-beispiele-2026.txt · 5.3 Schweinerei d;wahrscheinlichkeit;Gegenereignis;Gegenereignis|Pfadregel;ganz;;Ein Plastikschwein landet mit 3 % auf der Schnauze. Es wird dreimal geworfen. Bestätige, dass es mit etwa 8,7 % mindestens einmal auf der Schnauze landet.;;1 − 0,97³ ≈ 0,0873 ≈ 8,7 %;2;krumm;pruefen;text;26;
HH-MSA-2026-Stadtbus-a;HH ’26;quelle-fremd-hh-sh-hh-msa-beispiele-2026.txt · 5.3 Stadtbus a;daten;Mittelwert;Mittelwert;ganz;;Drei Buslinien hatten 75, 57 und 18 Verspätungen. Berechne den Durchschnitt.;;150 : 3 = 50;1;kopf;vorwaerts;text;11;
HH-MSA-2026-Stadtbus-b;HH ’26;quelle-fremd-hh-sh-hh-msa-beispiele-2026.txt · 5.3 Stadtbus b;daten;Winkel berechnen und beschriften;Winkel berechnen und beschriften|Prozentsatz;ganz;;Drei Buslinien hatten 75, 57 und 18 Verspätungen. Berechne die Anteile in Prozent und die Mittelpunktswinkel für ein Kreisdiagramm.;;"50 %, 38 %, 12 %; 180°, 136,8°, 43,2°";3;glatt;vorwaerts;text;19;Original: Kreisdiagramm auswählen
HH-MSA-2026-Stadtbus-c;HH ’26;quelle-fremd-hh-sh-hh-msa-beispiele-2026.txt · 5.3 Stadtbus c;wahrscheinlichkeit;Pfadregel;Pfadregel|Baum ergänzen;ganz;;Auf einer Buslinie sind 87 % der Busse pünktlich. Ist ein Bus zu spät, meldet der Fahrer das in 65 % der Fälle in einer App. Bestimme die Wahrscheinlichkeit, dass ein Bus zu spät ist und das gemeldet wird.;"Baumdiagramm: 1. Stufe pünktlich / verspätet, 2. Stufe nach „verspätet“: gemeldet / nicht gemeldet; Lücken";0,13 · 0,65 = 0,0845 ≈ 8,5 %;2;glatt;vorwaerts;diagramm;39;
HH-MSA-2026-Stadtbus-d;HH ’26;quelle-fremd-hh-sh-hh-msa-beispiele-2026.txt · 5.3 Stadtbus d;wahrscheinlichkeit;Gegenereignis;Gegenereignis|Pfadregel;ganz;;87 % der Busse sind pünktlich. Fiona: Drei Busse hintereinander sind mit mehr als 50 % pünktlich. Kubilay: Mindestens einer von fünf Bussen ist mit 90 % verspätet. Beurteile beide Aussagen.;;"0,87³ ≈ 0,659 > 0,5 – Fiona hat recht; 1 − 0,87⁵ ≈ 0,50 ≠ 0,9 – Kubilay nicht";3;krumm;pruefen;text;31;
HH-MSA-2026-Muenzen-a;HH ’26;quelle-fremd-hh-sh-hh-msa-beispiele-2026.txt · 5.3 Münzen a;daten;ergänzen;ergänzen|Prozent und Anteil umwandeln;ganz;;Peter wirft eine Münze 25-mal: 12-mal Kopf, 13-mal Zahl. Gib die relativen Häufigkeiten als Bruch und in Prozent an.;"Tabelle: Ergebnis Kopf/Zahl/Summe; Spalten absolute Häufigkeit, relative Häufigkeit als Bruch, in Prozent";Kopf 12/25 = 48 %, Zahl 13/25 = 52 %;2;kopf;vorwaerts;tabelle;19;Zählen aus der Wurfliste vorab erledigt (12 K, 13 Z)
HH-MSA-2026-Muenzen-d;HH ’26;quelle-fremd-hh-sh-hh-msa-beispiele-2026.txt · 5.3 Münzen d;wahrscheinlichkeit;Pfadregel;Pfadregel;ganz;;Eine gezinkte Münze zeigt mit 55 % Kopf. Sie wird dreimal geworfen. Peter gewinnt, wenn mindestens zweimal Kopf fällt. Berechne seine Gewinnwahrscheinlichkeit.;;3 · 0,55² · 0,45 + 0,55³ ≈ 0,575 = 57,5 %;3;krumm;vorwaerts;text;22;
HH-MSA-2026-Klassendienste-c;HH ’26;quelle-fremd-hh-sh-hh-msa-beispiele-2026.txt · 5.3 Klassendienste c;wahrscheinlichkeit;Pfadregel;Pfadregel;ganz;;Jede Woche werden aus 25 Namensschildern 8 für Klassendienste gezogen. Danach kommen alle zurück. Berechne die Wahrscheinlichkeit, dreimal hintereinander dranzukommen.;;(8/25)³ ≈ 0,0328 ≈ 3,3 %;2;krumm;vorwaerts;text;20;
HH-MSA-2026-Klassendienste-d;HH ’26;quelle-fremd-hh-sh-hh-msa-beispiele-2026.txt · 5.3 Klassendienste d;wahrscheinlichkeit;ohne Zurücklegen;ohne Zurücklegen|Pfadregel;ganz;;In einer Klasse mit 25 Kindern werden jede Woche 8 für Dienste gezogen. Gezogene Schilder bleiben draußen, drei Wochen lang. Bestimme die Wahrscheinlichkeit, in drei Wochen nie dranzukommen.;Baumdiagramm mit drei Stufen dran / nicht dran, Lücken;17/25 · 9/17 · 1/9 = 1/25 = 4 %;3;glatt;vorwaerts;diagramm;28;
HH-MSA-2026-Eiskunstlauf-c;HH ’26;quelle-fremd-hh-sh-hh-msa-beispiele-2026.txt · 5.3 Eiskunstlauf c;wahrscheinlichkeit;Pfadregel;Pfadregel|Baum ergänzen;ganz;;Nala gelingt der erste Sprung mit 95 %, der zweite mit 80 %. Zeichne ein Baumdiagramm und bestimme die Wahrscheinlichkeit, dass beide gelingen.;;0,95 · 0,8 = 0,76 = 76 %;2;glatt;vorwaerts;text;23;
HH-MSA-2026-Eiskunstlauf-d;HH ’26;quelle-fremd-hh-sh-hh-msa-beispiele-2026.txt · 5.3 Eiskunstlauf d;wahrscheinlichkeit;Ergebnisse aufzählen;Ergebnisse aufzählen;ganz;;Nala zeigt 5 verschiedene Sprünge nacheinander, die Reihenfolge wählt sie selbst. Sie meint: Es gibt mehr als 100 Reihenfolgen. Entscheide.;;5 · 4 · 3 · 2 · 1 = 120 > 100 – stimmt;1;kopf;pruefen;text;20;
HH-MSA-2026-Fremdsprachen-a;HH ’26;quelle-fremd-hh-sh-hh-msa-beispiele-2026.txt · 5.3 Fremdsprachen a;daten;Mittelwert;Mittelwert;ganz;;Bei einer Umfrage gaben an: 0 Fremdsprachen 9 Personen, 1 → 54, 2 → 279, 3 → 90, 4 → 18. Berechne die durchschnittliche Anzahl Fremdsprachen.;"Tabelle: Anzahl Fremdsprachen 0 bis 4; absolute Häufigkeit 9, 54, 279, 90, 18";(0 + 54 + 558 + 270 + 72) : 450 = 954 : 450 = 2,12;3;glatt;vorwaerts;tabelle;26;
HH-MSA-2026-Fremdsprachen-b;HH ’26;quelle-fremd-hh-sh-hh-msa-beispiele-2026.txt · 5.3 Fremdsprachen b;prozent;Prozentsatz;Prozentsatz;ganz;;Von 450 Befragten sprechen 90 drei Fremdsprachen. Berechne den Anteil in Prozent.;;90 : 450 = 20 %;1;kopf;vorwaerts;text;12;
HH-MSA-2026-Fremdsprachen-d;HH ’26;quelle-fremd-hh-sh-hh-msa-beispiele-2026.txt · 5.3 Fremdsprachen d;wahrscheinlichkeit;Pfadregel;Pfadregel;ganz;;Ein Übersetzungsprogramm übersetzt einen Satz mit 60 % richtig. Es übersetzt zwei Sätze. Ermittle die Wahrscheinlichkeit, dass genau einer richtig ist.;;0,6 · 0,4 + 0,4 · 0,6 = 0,48 = 48 %;2;glatt;vorwaerts;text;21;
HH-MSA-2026-Fremdsprachen-e;HH ’26;quelle-fremd-hh-sh-hh-msa-beispiele-2026.txt · 5.3 Fremdsprachen e;prozent;Aussagen prüfen;Aussagen prüfen;ganz;;Ein Programm übersetzte 60 % der Sätze richtig. Nach einem Update wirbt der Hersteller: Die Zahl falscher Sätze wurde halbiert, jetzt sind 90 % richtig. Beurteile die Aussage.;;Vorher 40 % falsch, halbiert 20 % falsch – also 80 % richtig, nicht 90 %;2;kopf;pruefen;text;28;
HH-MSA-2026-Blutgruppen-a;HH ’26;quelle-fremd-hh-sh-hh-msa-beispiele-2026.txt · 5.3 Blutgruppen a;prozent;Prozent und Anteil umwandeln;Prozent und Anteil umwandeln;ganz;;In Deutschland haben 43 % Blutgruppe A, 11 % B und 5 % AB. Der Rest hat 0. Bestätige, dass 41 % die Blutgruppe 0 haben.;;100 % − 43 % − 11 % − 5 % = 41 %;1;kopf;pruefen;text;26;
HH-MSA-2026-Blutgruppen-b;HH ’26;quelle-fremd-hh-sh-hh-msa-beispiele-2026.txt · 5.3 Blutgruppen b;prozent;Prozentsatz;Prozentsatz;ganz;;Deutschland hat etwa 81,89 Mio. Einwohner. Etwa 9 Mio. haben dieselbe Blutgruppe. Welche ist es: A (43 %), B (11 %), AB (5 %) oder 0 (41 %)?;;9 : 81,89 ≈ 0,11 = 11 % – Blutgruppe B;1;krumm;vergleichen;text;28;
HH-MSA-2026-Blutgruppen-e;HH ’26;quelle-fremd-hh-sh-hh-msa-beispiele-2026.txt · 5.3 Blutgruppen e;wahrscheinlichkeit;Pfadregel;Pfadregel;ganz;;Blutgruppen in Deutschland: A 43 %, B 11 %, AB 5 %, 0 41 %. Zwei Spender werden zufällig ausgewählt. Berechne die Wahrscheinlichkeit, dass beide B haben, und die, dass beide dieselbe Blutgruppe haben.;;"P(B, B) = 0,11² ≈ 1,2 %; P(gleich) = 0,43² + 0,11² + 0,05² + 0,41² = 0,3676 ≈ 36,8 %";3;krumm;vorwaerts;text;34;
HH-MSA-2026-Blutgruppen-f;HH ’26;quelle-fremd-hh-sh-hh-msa-beispiele-2026.txt · 5.3 Blutgruppen f;wahrscheinlichkeit;Gegenereignis;Gegenereignis|Pfadregel;ganz;;5 % der Menschen haben Blutgruppe AB. In einer Klasse sind 21 Kinder. Bestimme die Wahrscheinlichkeit, dass mindestens eines AB hat.;;1 − 0,95²¹ ≈ 0,659 ≈ 65,9 %;2;krumm;vorwaerts;text;21;
HH-MSA-2026-Marathon-c;HH ’26;quelle-fremd-hh-sh-hh-msa-beispiele-2026.txt · 5.3 Hamburg-Marathon c;prozent;Prozentsatz;Prozentsatz|Winkel berechnen und beschriften;ganz;;2015 erreichten 14 753 Läufer das Ziel des Hamburg-Marathons, davon 3 359 Frauen. Bestätige, dass der Frauenanteil etwa 23 % betrug, und berechne den Winkel im Kreisdiagramm.;Kreisdiagramm (leer) zum Einzeichnen;"3 359 : 14 753 ≈ 22,8 % ≈ 23 %; Winkel ≈ 82°";2;krumm;pruefen;diagramm;27;
HH-MSA-2026-Marathon-d;HH ’26;quelle-fremd-hh-sh-hh-msa-beispiele-2026.txt · 5.3 Hamburg-Marathon d;prozent;Prozentsatz;Prozentsatz;ganz;;Frauen im Ziel: 1986 waren es 633 von 6 957, 2015 waren es 3 359 von 14 753. Georg sagt: 2015 kamen etwa fünfmal so viele Frauen an. Vera sagt: Der Anteil ist zweieinhalbmal so groß. Begründe, dass beide recht haben.;"Tabelle: Jahr, Läufer gesamt, davon weiblich (2015: 14 753 / 3 359; 1986: 6 957 / 633)";"3 359 : 633 ≈ 5,3; Anteile 9,1 % und 22,8 %, 22,8 : 9,1 ≈ 2,5";4;krumm;pruefen;tabelle;41;
HH-ESA-2026-Z2-11;HH ’26;quelle-fremd-hh-sh-hh-esa-beispiele-2026.txt · 4.1 Zahl Teil 2 Nr. 11;prozent;Prozentwert;Prozentwert;ganz;;"Wie viel sind 30 % von 450 g? Kreuze an: 30 g; 90 g; 135 g; 150 g.";Ankreuzfeld A–D;135 g;1;kopf;vorwaerts;text;18;
HH-ESA-2026-Z2-12;HH ’26;quelle-fremd-hh-sh-hh-esa-beispiele-2026.txt · 4.1 Zahl Teil 2 Nr. 12;prozent;Erhöhung und Veränderung in Prozent;Erhöhung und Veränderung in Prozent;ganz;;"„Doppelt so teuer!“ Um wie viel Prozent ist der Preis gestiegen? Kreuze an: 20 %; 50 %; 100 %; 200 %.";Ankreuzfeld A–D;um 100 %;1;kopf;vorwaerts;text;21;
HH-ESA-2026-Z2-13;HH ’26;quelle-fremd-hh-sh-hh-esa-beispiele-2026.txt · 4.1 Zahl Teil 2 Nr. 13;prozent;Prozentsatz;Prozentsatz;ganz;;"4 von 20 Kindern haben kein Handy. Wie viel Prozent sind das? Kreuze an: 4 %; 16 %; 20 %; 24 %.";Ankreuzfeld A–D;4 : 20 = 20 %;1;kopf;vorwaerts;text;22;
HH-ESA-2026-Z2-14;HH ’26;quelle-fremd-hh-sh-hh-esa-beispiele-2026.txt · 4.1 Zahl Teil 2 Nr. 14;prozent;Erhöhung und Veränderung in Prozent;Erhöhung und Veränderung in Prozent|Prozentwert;ganz;;"Ein Kleid kostet 50 €. Die Kundin bekommt 20 % Rabatt. Wie viel kostet das Kleid jetzt? Kreuze an: 60 €; 48,40 €; 40 €; 42 €.";Ankreuzfeld A–D;50 € − 10 € = 40 €;2;kopf;vorwaerts;text;27;
HH-ESA-2026-Z2-15;HH ’26;quelle-fremd-hh-sh-hh-esa-beispiele-2026.txt · 4.1 Zahl Teil 2 Nr. 15;prozent;Grundwert;Grundwert;ganz;;"In einer 9. Klasse sind 18 Schüler 16 Jahre alt. Das sind 60 % der Klasse. Wie viele Schüler hat die Klasse? Kreuze an: 36; 34; 32; 30.";Ankreuzfeld A–D;18 : 0,6 = 30;1;kopf;rueckwaerts;text;28;
HH-ESA-2026-M-9;HH ’26;quelle-fremd-hh-sh-hh-esa-beispiele-2026.txt · 4.1 Messen Nr. 9;flaechen;Formel oder Term zur Figur;Formel oder Term zur Figur;ganz;;"Ein Rechteck hat die Seiten a = 9 cm und b = 12 cm. Wie groß ist sein Umfang? Kreuze an: 21 cm; 30 cm; 39 cm; 42 cm.";Ankreuzfeld A–D;u = 2 · (9 + 12) = 42 cm;1;kopf;vorwaerts;text;29;"Umfang; Stufe ersatzweise"
HH-ESA-2026-M-10;HH ’26;quelle-fremd-hh-sh-hh-esa-beispiele-2026.txt · 4.1 Messen Nr. 10;flaechen;Grundfigur berechnen;Grundfigur berechnen;ganz;;"Ein Dreieck hat die Grundseite 12 m und die Höhe 5 m. Welches Dreieck ist gleich groß? Kreuze an: g = 11 m, h = 6 m; g = 10 m, h = 7 m; g = 9 m, h = 8 m; g = 15 m, h = 4 m.";Ankreuzfeld A–D;12 · 5 = 60 = 15 · 4 – g = 15 m, h = 4 m;2;kopf;vergleichen;text;51;
HH-ESA-2026-M-11;HH ’26;quelle-fremd-hh-sh-hh-esa-beispiele-2026.txt · 4.1 Messen Nr. 11;dreiecke;Winkelsumme;Winkelsumme;ganz;;"Ein Dreieck hat α = 40° und γ = 50°. Wie groß ist β? Kreuze an: 90°; 80°; 40°; 10°.";Ankreuzfeld A–D;β = 180° − 40° − 50° = 90°;1;kopf;vorwaerts;text;20;
HH-ESA-2026-M-12;HH ’26;quelle-fremd-hh-sh-hh-esa-beispiele-2026.txt · 4.1 Messen Nr. 12;dreiecke;Winkelsumme;Winkelsumme;ganz;;"In einem Parallelogramm ist α = 44°. Wie groß ist β? Kreuze an: 46°; 134°; 136°; 180°.";Ankreuzfeld A–D;β = 180° − 44° = 136°;1;kopf;vorwaerts;text;17;"Viereck; Stufe ersatzweise"
HH-ESA-2026-M-13;HH ’26;quelle-fremd-hh-sh-hh-esa-beispiele-2026.txt · 4.1 Messen Nr. 13;dreiecke;Kathete oder Hypotenuse direkt;Kathete oder Hypotenuse direkt;ganz;;"In einem rechtwinkligen Dreieck sind die Katheten a = 6 cm und b = 8 cm lang. Wie lang ist die Hypotenuse c? Kreuze an: 9 cm; 10 cm; 12 cm; 15 cm.";"Skizze rechtwinkliges Dreieck; Ankreuzfeld A–D";c = √(36 + 64) = 10 cm;1;kopf;vorwaerts;bild;33;
HH-ESA-2026-M-15;HH ’26;quelle-fremd-hh-sh-hh-esa-beispiele-2026.txt · 4.1 Messen Nr. 15;koerper;rückwärts: Radius oder Höhe aus Volumen;rückwärts: Radius oder Höhe aus Volumen;ganz;;"Ein Würfel hat das Volumen 64 cm³. Wie lang ist eine Kante? Kreuze an: 12 cm; 9 cm; 6 cm; 4 cm.";Ankreuzfeld A–D;4 · 4 · 4 = 64 – 4 cm;1;kopf;rueckwaerts;text;22;"Kante statt Radius/Höhe; Stufe ersatzweise"
HH-ESA-2026-RF-6;HH ’26;quelle-fremd-hh-sh-hh-esa-beispiele-2026.txt · 4.1 Raum und Form Nr. 6;dreiecke;Symmetrieachsen zählen;Symmetrieachsen zählen;ganz;;"Wie viele Symmetrieachsen hat ein Quadrat? Kreuze an: 0; 1; 2; 4.";Ankreuzfeld A–D;4;1;kopf;vorwaerts;text;12;
HH-ESA-2026-FZ-12;HH ’26;quelle-fremd-hh-sh-hh-esa-beispiele-2026.txt · 4.1 Funktionaler Zusammenhang Nr. 12;lineare;erkennen und ablesen;erkennen und ablesen;ganz;;"Zu welcher Aussage passt y = 3x? Kreuze an: Es ist 3 °C kälter als gestern; das Brot kostet 3 € mehr; Jan wiegt 3 kg weniger als Lia; Lena ist dreimal so alt wie Tim.";Ankreuzfeld A–D;Lena ist dreimal so alt wie Tim;1;kopf;vergleichen;text;36;
HH-ESA-2026-DZ-5;HH ’26;quelle-fremd-hh-sh-hh-esa-beispiele-2026.txt · 4.1 Daten und Zufall Nr. 5;prozent;Prozent und Anteil umwandeln;Prozent und Anteil umwandeln;ganz;;"15 von 25 Schülern haben Ebru gewählt. Welche relative Häufigkeit ist das? Kreuze an: 0,4; 0,55; 0,6; 0,65.";Ankreuzfeld A–D;15 : 25 = 0,6;1;kopf;vorwaerts;text;18;
HH-ESA-2026-DZ-6;HH ’26;quelle-fremd-hh-sh-hh-esa-beispiele-2026.txt · 4.1 Daten und Zufall Nr. 6;daten;Mittelwert;Mittelwert;ganz;;"Wie groß ist der Mittelwert von 6 und 10? Kreuze an: 6; 7; 8; 9.";Ankreuzfeld A–D;(6 + 10) : 2 = 8;1;kopf;vorwaerts;text;15;
HH-ESA-2026-DZ-7;HH ’26;quelle-fremd-hh-sh-hh-esa-beispiele-2026.txt · 4.1 Daten und Zufall Nr. 7;daten;Minimum, Maximum, Spannweite;Minimum, Maximum, Spannweite;ganz;;"Theo ist 7, Max 14 und Kai 18 Jahre alt. Wie groß ist die Spannweite? Kreuze an: 7 Jahre; 11 Jahre; 13 Jahre; 39 Jahre.";Ankreuzfeld A–D;18 − 7 = 11 Jahre;1;kopf;vorwaerts;text;25;
HH-ESA-2026-DZ-8;HH ’26;quelle-fremd-hh-sh-hh-esa-beispiele-2026.txt · 4.1 Daten und Zufall Nr. 8;daten;Median;Median;ganz;;"Die Schuhgrößen der Familie Alaj sind 27, 32, 39 und 42. Wie groß ist der Median? Kreuze an: 29; 35; 35,5; 37.";Ankreuzfeld A–D;(32 + 39) : 2 = 35,5;1;kopf;vorwaerts;text;22;
HH-ESA-2026-DZ-9;HH ’26;quelle-fremd-hh-sh-hh-esa-beispiele-2026.txt · 4.1 Daten und Zufall Nr. 9;wahrscheinlichkeit;Wahrscheinlichkeit angeben;Wahrscheinlichkeit angeben;ganz;;"Ein Kartenspiel hat 32 Karten, darunter 4 Buben. Wie groß ist die Wahrscheinlichkeit, einen Buben zu ziehen? Kreuze an: 4 %; 8 %; 12,5 %; 32 %.";Ankreuzfeld A–D;4/32 = 12,5 %;1;kopf;vorwaerts;text;27;
HH-ESA-2026-DZ-11;HH ’26;quelle-fremd-hh-sh-hh-esa-beispiele-2026.txt · 4.1 Daten und Zufall Nr. 11;wahrscheinlichkeit;Wahrscheinlichkeit angeben;Wahrscheinlichkeit angeben;ganz;;"Wie groß ist die Wahrscheinlichkeit, mit einem Spielwürfel eine gerade Zahl zu würfeln? Kreuze an: 1/6; 2/6; 3/6; 4/6.";Ankreuzfeld A–D;3/6;1;kopf;vorwaerts;text;19;
HH-ESA-2026-DZ-13;HH ’26;quelle-fremd-hh-sh-hh-esa-beispiele-2026.txt · 4.1 Daten und Zufall Nr. 13;wahrscheinlichkeit;Ergebnisse aufzählen;Ergebnisse aufzählen;ganz;;"Aus den Zahlen 1 bis 49 wird eine gezogen. Wie groß ist die Wahrscheinlichkeit für eine durch 5 teilbare Zahl? Kreuze an: 3/49; 5/49; 9/49; 12/49.";Ankreuzfeld A–D;5, 10, …, 45: 9/49;1;kopf;vorwaerts;text;26;
HH-ESA-2026-DZ-14;HH ’26;quelle-fremd-hh-sh-hh-esa-beispiele-2026.txt · 4.1 Daten und Zufall Nr. 14;wahrscheinlichkeit;Gegenereignis;Gegenereignis;ganz;;"Wie groß ist die Wahrscheinlichkeit, mit einem Spielwürfel keine 4 zu würfeln? Kreuze an: 4/1; 1/4; 6/5; 5/6.";Ankreuzfeld A–D;5/6;1;kopf;vorwaerts;text;18;
HH-ESA-2026-B1-15;HH ’26;quelle-fremd-hh-sh-hh-esa-beispiele-2026.txt · 4.2 Beispiel 1 Nr. 15;wahrscheinlichkeit;ohne Zurücklegen;ohne Zurücklegen;ganz;;"In einem Säckchen sind eine gelbe und drei rote Kugeln. Die gelbe wird gezogen und nicht zurückgelegt. Wie groß ist die Wahrscheinlichkeit, als Nächstes eine rote zu ziehen? Kreuze an: 0; 1/4; 1/3; 1.";Ankreuzfeld A–D;1 (nur noch rote);1;kopf;vorwaerts;text;34;ähnlich SH-MSA-2023-A18a
HH-ESA-2026-B1-17;HH ’26;quelle-fremd-hh-sh-hh-esa-beispiele-2026.txt · 4.2 Beispiel 1 Nr. 17;flaechen;Grundfigur berechnen;Grundfigur berechnen;ganz;;"Ein Kreis hat den Radius 2 m. Wie groß ist seine Fläche etwa? Kreuze an: 3 m²; 6 m²; 12,5 m²; 25 m².";Ankreuzfeld A–D;π · 4 ≈ 12,6 m²;1;kopf;vorwaerts;text;23;
HH-ESA-2026-B1-24;HH ’26;quelle-fremd-hh-sh-hh-esa-beispiele-2026.txt · 4.2 Beispiel 1 Nr. 24;prozent;Prozentsatz;Prozentsatz;ganz;;"Von 400 Äpfeln sind 20 verfault. Wie viel Prozent sind das? Kreuze an: 5 %; 10 %; 20 %; 40 %.";Ankreuzfeld A–D;20 : 400 = 5 %;1;kopf;vorwaerts;text;21;
HH-ESA-2026-B1-13;HH ’26;quelle-fremd-hh-sh-hh-esa-beispiele-2026.txt · 4.2 Beispiel 1 Nr. 13;dreiecke;Kathete oder Hypotenuse direkt;Kathete oder Hypotenuse direkt;ganz;;"Ein rechtwinkliges Dreieck hat die Katheten a = 3 m und b = 4 m. Wie lang ist die Seite c? Kreuze an: 4 m; 5 m; 6 m; 7 m.";"Skizze rechtwinkliges Dreieck; Ankreuzfeld A–D";c = √(9 + 16) = 5 m;1;kopf;vorwaerts;bild;31;
HH-ESA-2026-B2-14;HH ’26;quelle-fremd-hh-sh-hh-esa-beispiele-2026.txt · 4.2 Beispiel 2 Nr. 14;dreiecke;Winkelsumme;Winkelsumme;ganz;;"Ein Dreieck hat α = 60° und γ = 50°. Wie groß ist β? Kreuze an: 90°; 70°; 40°; 10°.";Ankreuzfeld A–D;180° − 60° − 50° = 70°;1;kopf;vorwaerts;text;20;
HH-ESA-2026-B2-15;HH ’26;quelle-fremd-hh-sh-hh-esa-beispiele-2026.txt · 4.2 Beispiel 2 Nr. 15;flaechen;Grundfigur berechnen;Grundfigur berechnen;ganz;;"Ein Rechteck hat die Seiten 2,5 cm und 6 cm. Wie groß ist sein Flächeninhalt? Kreuze an: 123 cm³; 90 cm²; 17 cm; 15 cm².";Ankreuzfeld A–D;2,5 · 6 = 15 cm²;1;kopf;vorwaerts;text;25;
HH-ESA-2026-B2-16;HH ’26;quelle-fremd-hh-sh-hh-esa-beispiele-2026.txt · 4.2 Beispiel 2 Nr. 16;prozent;Erhöhung und Veränderung in Prozent;Erhöhung und Veränderung in Prozent|Prozentwert;ganz;;"Eine Jeans kostete 120 €. Der Preis wird um 10 % gesenkt. Wie viel kostet sie jetzt? Kreuze an: 12 €; 98 €; 108 €; 112 €.";Ankreuzfeld A–D;120 € − 12 € = 108 €;2;kopf;vorwaerts;text;27;
HH-ESA-2026-B2-17;HH ’26;quelle-fremd-hh-sh-hh-esa-beispiele-2026.txt · 4.2 Beispiel 2 Nr. 17;prozent;Prozentsatz;Prozentsatz;ganz;;"4 von 400 Sportlern bekommen eine Medaille. Wie viel Prozent sind das? Kreuze an: 1 %; 4 %; 10 %; 40 %.";Ankreuzfeld A–D;4 : 400 = 1 %;1;kopf;vorwaerts;text;22;
HH-ESA-2026-B2-9;HH ’26;quelle-fremd-hh-sh-hh-esa-beispiele-2026.txt · 4.2 Beispiel 2 Nr. 9;wahrscheinlichkeit;Gegenereignis;Gegenereignis;ganz;;"Von 4 Streichhölzern ist eines kurz. Wie groß ist die Wahrscheinlichkeit, nicht das kurze zu ziehen? Kreuze an: 4 %; 20 %; 25 %; 75 %.";Ankreuzfeld A–D;3/4 = 75 %;1;kopf;vorwaerts;text;26;
HH-ESA-2026-B3-15;HH ’26;quelle-fremd-hh-sh-hh-esa-beispiele-2026.txt · 4.2 Beispiel 3 Nr. 15;prozent;Erhöhung und Veränderung in Prozent;Erhöhung und Veränderung in Prozent|Prozentwert;ganz;;"Mehmets altes Handy kostete 150 €. Das neue ist 10 % teurer. Wie viel kostet es? Kreuze an: 135 €; 140 €; 160 €; 165 €.";Ankreuzfeld A–D;150 € + 15 € = 165 €;2;kopf;vorwaerts;text;26;
HH-ESA-2026-B3-21;HH ’26;quelle-fremd-hh-sh-hh-esa-beispiele-2026.txt · 4.2 Beispiel 3 Nr. 21;koerper;rückwärts: Radius oder Höhe aus Volumen;rückwärts: Radius oder Höhe aus Volumen;ganz;;"Ein Würfel hat die Oberfläche 24 cm². Wie lang ist eine Kante? Kreuze an: 2 cm; 4 cm; 6 cm; 12 cm.";Ankreuzfeld A–D;eine Fläche 4 cm² – Kante 2 cm;2;kopf;rueckwaerts;text;22;"Kante aus Oberfläche; Stufe ersatzweise"
HH-ESA-2026-B3-23;HH ’26;quelle-fremd-hh-sh-hh-esa-beispiele-2026.txt · 4.2 Beispiel 3 Nr. 23;wahrscheinlichkeit;Wahrscheinlichkeit angeben;Wahrscheinlichkeit angeben;ganz;;"In einem Säckchen liegen Kugeln mit den Buchstaben M-A-T-H-E-M-A-T-I-K. Eine wird gezogen. Wie groß ist die Wahrscheinlichkeit für ein A? Kreuze an: 2/10; 1/10; 1/8; 2/8.";Ankreuzfeld A–D;2/10;1;kopf;vorwaerts;text;26;
HH-ESA-2026-B4-5;HH ’26;quelle-fremd-hh-sh-hh-esa-beispiele-2026.txt · 4.2 Beispiel 4 Nr. 5;wahrscheinlichkeit;Wahrscheinlichkeit angeben;Wahrscheinlichkeit angeben;ganz;;"In einem Säckchen sind 8 Kugeln mit den Zahlen 1 bis 8. Wie groß ist die Wahrscheinlichkeit, die 1 oder die 8 zu ziehen? Kreuze an: 1/8; 1/6; 1/4; 1/3.";Ankreuzfeld A–D;2/8 = 1/4;1;kopf;vorwaerts;text;30;
HH-ESA-2026-B4-15;HH ’26;quelle-fremd-hh-sh-hh-esa-beispiele-2026.txt · 4.2 Beispiel 4 Nr. 15;prozent;Erhöhung und Veränderung in Prozent;Erhöhung und Veränderung in Prozent|Prozentwert;ganz;;"Ein Auto soll 6 200 € kosten. Der Käufer bekommt 5 % Rabatt. Wie viel kostet es nun? Kreuze an: 5 580 €; 5 890 €; 6 138 €; 6 169 €.";Ankreuzfeld A–D;6 200 € − 310 € = 5 890 €;2;glatt;vorwaerts;text;32;
HH-ESA-2026-B4-16;HH ’26;quelle-fremd-hh-sh-hh-esa-beispiele-2026.txt · 4.2 Beispiel 4 Nr. 16;wahrscheinlichkeit;Wahrscheinlichkeit angeben;Wahrscheinlichkeit angeben;ganz;;"In einem Sack sind 12 Kugeln: 3 rote und 9 blaue. Welches Ereignis hat die Wahrscheinlichkeit 25 %? Kreuze an: rote ziehen; blaue ziehen; rote oder blaue ziehen; keines davon.";Ankreuzfeld A–D;rote ziehen: 3/12 = 25 %;1;kopf;vergleichen;text;30;
HH-ESA-2026-B4-21;HH ’26;quelle-fremd-hh-sh-hh-esa-beispiele-2026.txt · 4.2 Beispiel 4 Nr. 21;lineare;rechnerisch an Gerade und Parabel;rechnerisch an Gerade und Parabel;ganz;;"Welcher Punkt liegt auf der Geraden y = 3x + 5? Kreuze an: P(1 | 8); P(2 | 10); P(4 | 7); P(8 | 1).";Ankreuzfeld A–D;3 · 1 + 5 = 8 – P(1 | 8);1;kopf;pruefen;text;25;
HH-ESA-2026-B4-24;HH ’26;quelle-fremd-hh-sh-hh-esa-beispiele-2026.txt · 4.2 Beispiel 4 Nr. 24;koerper;Volumen direkt;Volumen direkt;ganz;;"Ein Quader hat das Volumen 600 cm³. Welche Kantenlängen passen? Kreuze an: 20 cm, 1 dm, 3 cm; 2 cm, 10 cm, 3 cm; 20 cm, 10 cm, 3 m; 20 cm, 10 dm, 3 cm.";Ankreuzfeld A–D;20 cm · 10 cm · 3 cm = 600 cm³;2;kopf;pruefen;text;36;
HH-ESA-2026-B5-15;HH ’26;quelle-fremd-hh-sh-hh-esa-beispiele-2026.txt · 4.2 Beispiel 5 Nr. 15;prozent;Prozentwert;Prozentwert;ganz;;"Wie viel sind zwei Fünftel von 80 kg? Kreuze an: 16 kg; 22,5 kg; 32 kg; 40 kg.";Ankreuzfeld A–D;80 : 5 · 2 = 32 kg;1;kopf;vorwaerts;text;18;"Bruch 2/5 aus Antwort 32 kg erschlossen; Anteil statt Prozent"
HH-ESA-2026-B5-24;HH ’26;quelle-fremd-hh-sh-hh-esa-beispiele-2026.txt · 4.2 Beispiel 5 Nr. 24;prozent;Prozentwert;Prozentwert;ganz;;"Ein Auto kostet 24 000 €. Dazu kommen 19 % Mehrwertsteuer. Wie viel ist das ungefähr? Kreuze an: 2 000 €; 4 500 €; 7 000 €; 9 500 €.";Ankreuzfeld A–D;19 % von 24 000 € = 4 560 € ≈ 4 500 €;1;glatt;vorwaerts;text;30;
HH-ESA-2026-B5-25;HH ’26;quelle-fremd-hh-sh-hh-esa-beispiele-2026.txt · 4.2 Beispiel 5 Nr. 25;dreiecke;rechten Winkel begründen;rechten Winkel begründen;ganz;;"Welches Dreieck ist rechtwinklig? Kreuze an: a = 2 cm, b = 4 cm, c = 6 cm; α = 30°, β = 70°, γ = 80°; α = 40°, β = 70°, c = 6 cm; a = 3 cm, b = 4 cm, c = 5 cm.";Ankreuzfeld A–D;a = 3, b = 4, c = 5: 9 + 16 = 25;2;kopf;pruefen;text;49;
HH-ESA-2026-B5-21;HH ’26;quelle-fremd-hh-sh-hh-esa-beispiele-2026.txt · 4.2 Beispiel 5 Nr. 21;wachstum;Tabelle ergänzen;Tabelle ergänzen;ganz;;"Eine Bakterienart verdoppelt sich alle 6 Stunden. Aus 20 Bakterien werden in einem Tag wie viele? Kreuze an: 40; 80; 160; 320.";Ankreuzfeld A–D;4 Verdopplungen: 20 · 2⁴ = 320;2;kopf;vorwaerts;text;22;
HH-ESA-2026-B6-16;HH ’26;quelle-fremd-hh-sh-hh-esa-beispiele-2026.txt · 4.2 Beispiel 6 Nr. 16;prozent;Prozentwert;Prozentwert;ganz;;"An einem Langlauf nehmen 900 Menschen teil. 15 % erreichen das Ziel nicht. Wie viele kommen ins Ziel? Kreuze an: 150; 500; 765; 850.";Ankreuzfeld A–D;85 % von 900 = 765;2;kopf;vorwaerts;text;24;
HH-ESA-2026-B6-17;HH ’26;quelle-fremd-hh-sh-hh-esa-beispiele-2026.txt · 4.2 Beispiel 6 Nr. 17;prozent;Erhöhung und Veränderung in Prozent;Erhöhung und Veränderung in Prozent|Prozentwert;ganz;;"Sonderangebot: 40 % Rabatt auf Hosen zu je 90 €. Wie viel kostet eine Hose jetzt? Kreuze an: 50 €; 52 €; 54 €; 60 €.";Ankreuzfeld A–D;90 € · 0,6 = 54 €;2;kopf;vorwaerts;text;26;
HH-ESA-2026-B6-21;HH ’26;quelle-fremd-hh-sh-hh-esa-beispiele-2026.txt · 4.2 Beispiel 6 Nr. 21;wahrscheinlichkeit;Wahrscheinlichkeit angeben;Wahrscheinlichkeit angeben;ganz;;"In einem Säckchen sind 9 Kugeln mit den Zahlen 1 bis 9. Wie groß ist die Wahrscheinlichkeit, eine gerade Zahl zu ziehen? Kreuze an: 1/2; 2/9; 4/9; 7/9.";Ankreuzfeld A–D;2, 4, 6, 8: 4/9;1;kopf;vorwaerts;text;28;
HH-ESA-2026-B6-22;HH ’26;quelle-fremd-hh-sh-hh-esa-beispiele-2026.txt · 4.2 Beispiel 6 Nr. 22;wahrscheinlichkeit;Ergebnisse aufzählen;Ergebnisse aufzählen;ganz;;"Wie viele verschiedene dreistellige Zahlen kann man mit drei verschiedenen Ziffern bilden, jede genau einmal? Kreuze an: 10; 8; 6; 2.";Ankreuzfeld A–D;3 · 2 · 1 = 6;1;kopf;vorwaerts;text;21;„jede genau einmal“ ergänzt
HH-ESA-2026-B6-24;HH ’26;quelle-fremd-hh-sh-hh-esa-beispiele-2026.txt · 4.2 Beispiel 6 Nr. 24;prozent;Prozentsatz;Prozentsatz;ganz;;"100 Autos werden kontrolliert. Jedes zwanzigste hat einen Mangel. Wie viel Prozent sind das? Kreuze an: 5 %; 20 %; 25 %; 50 %.";Ankreuzfeld A–D;1/20 = 5 %;1;kopf;vorwaerts;text;24;
HH-ESA-2026-5.1-1;HH ’26;quelle-fremd-hh-sh-hh-esa-beispiele-2026.txt · 5.1 Aufgabe 1;prozent;Prozentwert;Prozentwert;ganz;;In Deutschland gibt es 10 340 000 Jugendliche von 13 bis 24 Jahren. 12 % von ihnen haben Schulden, im Schnitt 1 800 €. Bestätige, dass etwa 1 240 800 Jugendliche Schulden haben. Berechne die Summe aller Schulden in Milliarden.;;"12 % von 10 340 000 = 1 240 800; 1 240 800 · 1 800 € ≈ 2,2 Mrd. €";2;krumm;vorwaerts;text;40;
HH-ESA-2026-5.1-2;HH ’26;quelle-fremd-hh-sh-hh-esa-beispiele-2026.txt · 5.1 Aufgabe 2;prozent;Zinsen und Zinssatz;Zinsen und Zinssatz;ganz;;Petra nimmt einen Kredit über 2 200 € für ein Jahr auf. Angebot A: 5 % Zinsen und 25 € Gebühr. Angebot B: 6 % Zinsen, keine Gebühr. Angebot C: 12 Raten zu 195 €. Vergleiche die Gesamtkosten und gib das günstigste Angebot an.;Tabelle: drei Kreditangebote A, B, C;"A: 2 200 · 1,05 + 25 = 2 335 €; B: 2 200 · 1,06 = 2 332 €; C: 12 · 195 = 2 340 € – B ist am günstigsten";4;glatt;vergleichen;tabelle;44;
HH-ESA-2026-5.1-3;HH ’26;quelle-fremd-hh-sh-hh-esa-beispiele-2026.txt · 5.1 Aufgabe 3;daten;rückwärts: fehlender Wert;rückwärts: fehlender Wert|Mittelwert;ganz;;Asya hat 2 200 € Schulden, Can 1 000 €. Zusammen mit Henri haben sie im Schnitt 1 700 € Schulden. Bestimme Henris Schulden.;;"3 · 1 700 = 5 100; 5 100 − 2 200 − 1 000 = 1 900 €";2;glatt;rueckwaerts;text;24;
HH-ESA-2026-5.1-4;HH ’26;quelle-fremd-hh-sh-hh-esa-beispiele-2026.txt · 5.1 Aufgabe 4;prozent;Erhöhung und Veränderung in Prozent;Erhöhung und Veränderung in Prozent|Prozentsatz;ganz;;Eine Person braucht am Tag im Schnitt 35 Liter Wasser für die Toilettenspülung. Familie Kaya (4 Personen) braucht dafür 98 Liter am Tag. Berechne, um wie viel Prozent sie unter dem Durchschnitt liegt.;Bild: Wasserverbrauch pro Person und Tag (Toilettenspülung 35 l);"Durchschnitt 4 · 35 = 140 l; 98 : 140 = 70 % – 30 % weniger";3;glatt;vorwaerts;bild;33;35 l aus Lösung
HH-ESA-2026-5.1-11a;HH ’26;quelle-fremd-hh-sh-hh-esa-beispiele-2026.txt · 5.1 Aufgabe 11a;koerper;Mantelfläche mit Kosten;Mantelfläche mit Kosten;ganz;;Eine Chipsdose ist ein Zylinder: 23 cm hoch, 7,5 cm Durchmesser, mit Boden, oben offen. Berechne den Oberflächeninhalt der Dose.;Skizze, nicht maßstabsgerecht: Zylinderdose h = 23 cm, d = 7,5 cm;"M = 2π · 3,75 · 23 ≈ 541,9 cm²; Boden π · 3,75² ≈ 44,2 cm²; zusammen ≈ 586,1 cm²";3;krumm;vorwaerts;bild;20;"Lösung zählt nur einen Boden (Deckel separat); übernommen; Stufe ersatzweise"
HH-ESA-2026-5.1-11b;HH ’26;quelle-fremd-hh-sh-hh-esa-beispiele-2026.txt · 5.1 Aufgabe 11b;koerper;rückwärts: Radius oder Höhe aus Volumen;rückwärts: Radius oder Höhe aus Volumen;ganz;;In eine zylindrische Dose (23 cm hoch, 7,5 cm Durchmesser) gießt Kaja 0,5 Liter Wasser. Zeige, dass die Dose damit etwa halb voll ist.;;h = 500 : (π · 3,75²) ≈ 11,3 cm ≈ halbe Höhe (11,5 cm);2;krumm;pruefen;text;24;
HH-ESA-2026-5.1-14;HH ’26;quelle-fremd-hh-sh-hh-esa-beispiele-2026.txt · 5.1 Aufgabe 14;prozent;Prozentwert;Prozentwert|Grundfigur berechnen;ganz;;Der Boden eines U-Bahn-Wagens ist 38,90 m lang und 2,4 m breit. 95 % davon sind für Fahrgäste. Es gibt 96 Sitzplätze mit je 0,6 m² und 128 Stehplätze. Bestimme die Fläche für einen Stehplatz.;;"93,36 m² · 0,95 ≈ 88,69 m²; Sitze 57,6 m²; (88,69 − 57,6) : 128 ≈ 0,24 m²";4;krumm;vorwaerts;text;35;
HH-ESA-2026-5.1-17;HH ’26;quelle-fremd-hh-sh-hh-esa-beispiele-2026.txt · 5.1 Aufgabe 17;flaechen;Grundfigur berechnen;Grundfigur berechnen;ganz;;Eine Party-Pizza hat 2,4 m Durchmesser, eine Riesenpizza 4 m (12,57 m²). Eine Kundin sagt: Die Riesenpizza ist etwa dreimal so groß. Berechne die Fläche der Party-Pizza und entscheide.;Tabelle: Durchmesser und Flächeninhalt der beiden Pizzen;"A = π · 1,2² ≈ 4,52 m²; 12,57 : 4,52 ≈ 2,8 ≈ 3 – ungefähr richtig";3;krumm;pruefen;tabelle;29;
HH-ESA-2026-5.1-18;HH ’26;quelle-fremd-hh-sh-hh-esa-beispiele-2026.txt · 5.1 Aufgabe 18;flaechen;Figur erst zerlegen oder Strecke erst berechnen;Figur erst zerlegen oder Strecke erst berechnen|Kathete oder Hypotenuse direkt;ganz;;Aus einem Viertel einer runden Pizza (r = 2 m) wird ein Quadrat geschnitten. Eine Ecke liegt im Mittelpunkt, die gegenüberliegende auf dem Rand. Zeige, dass das Quadrat 2 m² groß ist.;Skizze, nicht maßstabsgerecht: Viertelkreis r = 2 m, darin Quadrat mit Diagonale = Radius;Diagonale 2 m: x² + x² = 2² ⇒ x² = 2 m²;2;kopf;pruefen;bild;32;Lage des Quadrats aus Lösung erschlossen
HH-ESA-2026-5.1-19c;HH ’26;quelle-fremd-hh-sh-hh-esa-beispiele-2026.txt · 5.1 Aufgabe 19c;prozent;Erhöhung und Veränderung in Prozent;Erhöhung und Veränderung in Prozent;ganz;;Shila schafft beim Seilspringen 180 Sprünge in 2 Minuten. Aron schafft 20 % mehr. Berechne Arons Sprünge in 2 Minuten.;;180 · 1,2 = 216;1;kopf;vorwaerts;text;20;
HH-ESA-2026-5.1-21a;HH ’26;quelle-fremd-hh-sh-hh-esa-beispiele-2026.txt · 5.1 Aufgabe 21a;koerper;rückwärts: Radius oder Höhe aus Volumen;rückwärts: Radius oder Höhe aus Volumen;ganz;;Eine runde Medaille ist 0,3 cm dick und hat das Volumen 15 cm³. Zeige, dass ihr Durchmesser etwa 8 cm beträgt.;Skizze: flacher Zylinder, Dicke 0,3 cm;"r = √(15 : (π · 0,3)) ≈ 3,99 cm; d ≈ 7,98 cm ≈ 8 cm";2;krumm;pruefen;bild;21;
HH-ESA-2026-5.1-21b;HH ’26;quelle-fremd-hh-sh-hh-esa-beispiele-2026.txt · 5.1 Aufgabe 21b;flaechen;Grundfigur berechnen;Grundfigur berechnen;ganz;;Am Rand einer runden Medaille (Durchmesser 8 cm) sitzen 5 Schmucksteine in gleichen Abständen. Bestimme die Länge des Bogens zwischen zwei Steinen.;;"u = π · 8 ≈ 25,1 cm; 25,1 : 5 ≈ 5 cm";2;krumm;vorwaerts;text;22;"Kreisumfang; Stufe ersatzweise"
HH-ESA-2026-5.2-2b;HH ’26;quelle-fremd-hh-sh-hh-esa-beispiele-2026.txt · 5.2 Aufgabe 2b;dreiecke;Kathete oder Hypotenuse direkt;Kathete oder Hypotenuse direkt;ganz;;Bestimme mit dem Satz des Pythagoras die Entfernung der Punkte A(1 | 2) und B(5 | 5).;Koordinatensystem mit A und B;AB = √(4² + 3²) = 5;2;kopf;vorwaerts;graph;17;
HH-ESA-2026-5.2-4;HH ’26;quelle-fremd-hh-sh-hh-esa-beispiele-2026.txt · 5.2 Aufgabe 4;dreiecke;Dreieck erst in Figur oder Körper finden;Dreieck erst in Figur oder Körper finden|Kathete oder Hypotenuse direkt;ganz;;Der Laderaum eines Umzugswagens ist 1,80 m hoch und 1,45 m breit. Eine Holzplatte ist 2,55 m × 2,20 m groß und 2 cm dick. Entscheide mit einer Rechnung, ob sie schräg in den Laderaum passt.;Skizze, nicht maßstabsgerecht: Querschnitt Laderaum 1,80 m × 1,45 m mit Diagonale;Diagonale √(1,80² + 1,45²) ≈ 2,31 m ≥ 2,20 m – sie passt (mit der 2,20-m-Seite quer);3;krumm;pruefen;bild;36;
HH-ESA-2026-5.2-6;HH ’26;quelle-fremd-hh-sh-hh-esa-beispiele-2026.txt · 5.2 Aufgabe 6;koerper;Volumen direkt;Volumen direkt;ganz;;Ein quaderförmiger Blumenkasten ist 80 cm lang, 30 cm breit und 27 cm hoch. Er wird bis 1 cm unter den Rand mit Erde gefüllt. Bestätige, dass man 62 400 cm³ Erde braucht. Reicht ein 50-Liter-Sack?;;V = 80 · 30 · 26 = 62 400 cm³ = 62,4 l > 50 l – reicht nicht;2;glatt;pruefen;text;36;
HH-ESA-2026-5.2-7;HH ’26;quelle-fremd-hh-sh-hh-esa-beispiele-2026.txt · 5.2 Aufgabe 7;dreiecke;Kathete oder Hypotenuse direkt;Kathete oder Hypotenuse direkt|gleichschenkliges Dreieck;ganz;;Ein Dreieck aus einem Tangram-Spiel ist rechtwinklig und hat zwei gleich lange Katheten. Die Hypotenuse ist 8 cm lang. Bestimme die Länge einer Kathete auf eine Nachkommastelle.;Skizze, nicht maßstabsgerecht: Tangram, Dreieck g mit Hypotenuse 8 cm;x² + x² = 8² ⇒ x = √32 ≈ 5,7 cm;2;krumm;rueckwaerts;bild;27;Hypotenuse 8 cm aus Lösung
HH-ESA-2026-5.2-9b;HH ’26;quelle-fremd-hh-sh-hh-esa-beispiele-2026.txt · 5.2 Aufgabe 9b;koerper;Netz mit Maßen skizzieren;Netz mit Maßen skizzieren;ganz;;Ein Pappkarton ist ein Quader mit 20 cm, 15 cm und 10 cm Kantenlänge. Zeichne ein Netz im Maßstab 1 : 5 und bestätige, dass es 1 300 cm² groß ist.;leeres Karoraster ohne Achsen;"O = 2 · (15 · 20 + 10 · 20 + 10 · 15) = 1 300 cm²; Netz mit Rechtecken 4 × 3, 4 × 2, 3 × 2 cm";2;kopf;darstellen;bild;31;Maße aus Lösung
HH-ESA-2026-5.2-11-h1;nach HH ’26;quelle-fremd-hh-sh-hh-esa-beispiele-2026.txt · 5.2 Aufgabe 11;prozent;Erhöhung und Veränderung in Prozent;Erhöhung und Veränderung in Prozent;herausgeloest;HH-ESA-2026-5.2-11;Für eine Fläche auf einer Verkehrsinsel braucht man rechnerisch 15 Steinplatten. Wegen des Zuschnitts braucht man 20 % mehr. Bestimme die Anzahl der Platten.;;15 · 1,2 = 18 Platten;1;kopf;vorwaerts;text;24;"15 Platten aus Lösung (Fläche nur im Bild); herausgelöster Kern; Elternaufgabe ohne eigene Zeile (ganz nicht P10-tauglich)"
HH-ESA-2026-5.2-12;HH ’26;quelle-fremd-hh-sh-hh-esa-beispiele-2026.txt · 5.2 Aufgabe 12;koerper;Volumen direkt;Volumen direkt|Grundfigur berechnen;ganz;;Zwei halbkreisförmige Beete einer Verkehrsinsel haben die Radien 0,75 m und 1,5 m. Sie werden 11 cm hoch mit Erde gefüllt. Ermittle, ob 1 m³ Erde reicht.;Skizze, nicht maßstabsgerecht: Verkehrsinsel mit zwei Halbkreisflächen (r = 0,75 m und r = 1,5 m);V = (π · 0,75² : 2 + π · 1,5² : 2) · 0,11 ≈ 0,097 + 0,389 ≈ 0,49 m³ < 1 m³ – reicht;3;krumm;pruefen;bild;27;Radien aus Lösung
HH-ESA-2026-5.3-3;HH ’26;quelle-fremd-hh-sh-hh-esa-beispiele-2026.txt · 5.3 Aufgabe 3;lineare;Tarife vergleichen;Tarife vergleichen|Gleichung aufstellen und rückwärts rechnen;ganz;;Tarif „Flat“: 25 € im Monat. Tarif „Easy“: 3 € Grundgebühr und 2 Cent pro Megabyte. Ermittle, ab wie viel MB „Flat“ günstiger ist.;;"3 + 0,02x = 25 ⇒ x = 1 100 MB; ab mehr als 1 100 MB";2;glatt;rueckwaerts;text;24;
HH-ESA-2026-5.3-5;HH ’26;quelle-fremd-hh-sh-hh-esa-beispiele-2026.txt · 5.3 Aufgabe 5;lineare;Endwert berechnen;Endwert berechnen;ganz;;Für eine Kerze braucht man 200 g Wachs und 15 cm Docht. Es gibt 15 kg Wachs. Bestätige, dass das für 75 Kerzen reicht, und berechne die Dochtlänge in Metern.;;"15 000 : 200 = 75; 75 · 15 cm = 1 125 cm = 11,25 m";2;kopf;vorwaerts;text;30;"proportional; Stufe ersatzweise"
HH-ESA-2026-5.3-6;HH ’26;quelle-fremd-hh-sh-hh-esa-beispiele-2026.txt · 5.3 Aufgabe 6;lineare;Gleichung aufstellen und rückwärts rechnen;Gleichung aufstellen und rückwärts rechnen|erkennen und ablesen;ganz;;"Eine Kerze ist 13,5 cm hoch und brennt jede Stunde 1,5 cm herunter. Welche Gleichung passt: y = 1,5x + 13,5; y = −1,5x − 13,5; y = −1,5x + 13,5? Begründe. Nach wie vielen Stunden ist sie noch 3 cm hoch?";;"y = −1,5x + 13,5 (Start 13,5, je Stunde −1,5); −1,5x + 13,5 = 3 ⇒ x = 7 h";3;glatt;rueckwaerts;text;42;(6)a und b zusammengefasst
HH-ESA-2026-5.3-8a;HH ’26;quelle-fremd-hh-sh-hh-esa-beispiele-2026.txt · 5.3 Aufgabe 8a;lineare;Endwert berechnen;Endwert berechnen;ganz;;Familie Behn verbrauchte im ersten Halbjahr 33 m³ Wasser zu 1,61 € pro m³, im zweiten Halbjahr 37 m³ zu 1,65 €. Dazu kommen 26,76 € Grundgebühr im Jahr. Berechne den Gesamtbetrag.;Tabelle: Verbrauchszeiträume, Tage, Verbrauch in m³, Preis in €/m³;33 · 1,61 + 37 · 1,65 + 26,76 = 53,13 + 61,05 + 26,76 = 140,94 €;3;glatt;vorwaerts;tabelle;32;
HH-ESA-2026-5.3-8b;HH ’26;quelle-fremd-hh-sh-hh-esa-beispiele-2026.txt · 5.3 Aufgabe 8b;lineare;aus Gleichung zeichnen;aus Gleichung zeichnen;ganz;;Wasser kostet 1,65 € pro m³, dazu 26,76 € Grundgebühr im Jahr. Ergänze die Tabelle für 0, 20 und 35 m³ und zeichne den Graphen.;"Tabelle: Verbrauch in m³ 0, 20, 35; Preis in € 26,76, leer, leer // Koordinatensystem";"0 → 26,76 €; 20 → 59,76 €; 35 → 84,51 €";2;glatt;darstellen;tabelle;25;
HH-ESA-2026-5.3-9a;HH ’26;quelle-fremd-hh-sh-hh-esa-beispiele-2026.txt · 5.3 Aufgabe 9a;lineare;erkennen und ablesen;erkennen und ablesen;ganz;;"Fotos kosten im Geschäft y = 0,25 · x Euro (x: Anzahl Fotos). Ergänze die Tabelle: x = 0; 10; 23; leer; 100 und y = 0; leer; leer; 8,25; 25.";Tabelle mit Lücken;"x = 10: 2,50 €; x = 23: 5,75 €; y = 8,25: x = 33";3;glatt;vorwaerts;tabelle;31;
HH-ESA-2026-5.3-10a;HH ’26;quelle-fremd-hh-sh-hh-esa-beispiele-2026.txt · 5.3 Aufgabe 10a;lineare;Gleichung aufstellen und rückwärts rechnen;Gleichung aufstellen und rückwärts rechnen;ganz;;Bestimme x durch Umformen: 4x − 10 = −2x + 5.;;6x = 15 ⇒ x = 2,5;2;glatt;vorwaerts;text;11;"Gleichung lösen; Stufe ersatzweise"
HH-ESA-2026-5.4-2a;HH ’26;quelle-fremd-hh-sh-hh-esa-beispiele-2026.txt · 5.4 Aufgabe 2a;daten;Winkel berechnen und beschriften;Winkel berechnen und beschriften;ganz;;Ein Glücksrad hat die Felder A bis E mit den Wahrscheinlichkeiten 1/16, 1/2, 1/8, 1/4, 1/16. Berechne die Mittelpunktswinkel und zeichne das Glücksrad.;leerer Kreis mit Mittelpunkt;"A 22,5°; B 180°; C 45°; D 90°; E 22,5°";2;glatt;darstellen;bild;23;
HH-ESA-2026-5.4-2b;HH ’26;quelle-fremd-hh-sh-hh-esa-beispiele-2026.txt · 5.4 Aufgabe 2b;wahrscheinlichkeit;Wahrscheinlichkeit angeben;Wahrscheinlichkeit angeben;ganz;;Auf einem Glücksrad hat Feld B die Wahrscheinlichkeit 1/2, Feld C 1/8 und Feld D 1/4. Begründe, dass man mit einem Einsatz nur auf B besser gewinnt als verteilt auf C und D.;;"B: 50 %; C oder D: 1/8 + 1/4 = 3/8 = 37,5 % < 50 %";2;kopf;vergleichen;text;33;
HH-ESA-2026-5.4-5;HH ’26;quelle-fremd-hh-sh-hh-esa-beispiele-2026.txt · 5.4 Aufgabe 5;wahrscheinlichkeit;Gegenereignis;Gegenereignis;ganz;;Im September regnet es im Schnitt an 11 von 30 Tagen. Bestimme die Wahrscheinlichkeit, dass es am 5. September nicht regnet.;;1 − 11/30 = 19/30 ≈ 63 %;1;kopf;vorwaerts;text;21;
HH-ESA-2026-5.4-6a;HH ’26;quelle-fremd-hh-sh-hh-esa-beispiele-2026.txt · 5.4 Aufgabe 6a;daten;rückwärts: fehlender Wert;rückwärts: fehlender Wert;ganz;;Alle 93 Jugendlichen eines Jahrgangs wählen einen Kurs: Comics 10, Fußball 22, Spiele 16, Angeln 12, Ballspiele 20, Hörbücher fehlt. Bestätige, dass 13 „Hörbücher“ gewählt haben.;Tabelle: Kurs | Anzahl, Hörbücher leer;93 − 10 − 22 − 16 − 12 − 20 = 13;1;kopf;pruefen;tabelle;26;"Summe statt Mittelwert; Stufe ersatzweise"
HH-ESA-2026-5.4-6c;HH ’26;quelle-fremd-hh-sh-hh-esa-beispiele-2026.txt · 5.4 Aufgabe 6c;daten;Minimum, Maximum, Spannweite;Minimum, Maximum, Spannweite|Mittelwert;ganz;;Kurswahl von 93 Jugendlichen: Hörbücher 13, Comics 10, Fußball 22, Spiele 16, Angeln 12, Ballspiele 20. Gib den beliebtesten Kurs an, berechne die Spannweite und den Durchschnitt pro Kurs.;Tabelle: Kurs | Anzahl;"Fußball; Spannweite 22 − 10 = 12; Mittelwert 93 : 6 = 15,5";3;glatt;vorwaerts;tabelle;29;
HH-ESA-2026-5.4-6d;HH ’26;quelle-fremd-hh-sh-hh-esa-beispiele-2026.txt · 5.4 Aufgabe 6d;prozent;Prozentsatz;Prozentsatz;ganz;;Von 93 Jugendlichen haben 16 den Kurs „Gesellschaftsspiele“ gewählt. Ermittle den Anteil in Prozent.;;16 : 93 ≈ 17,2 %;1;krumm;vorwaerts;text;14;
HH-ESA-2026-5.4-8;HH ’26;quelle-fremd-hh-sh-hh-esa-beispiele-2026.txt · 5.4 Aufgabe 8;wahrscheinlichkeit;Wahrscheinlichkeit angeben;Wahrscheinlichkeit angeben|rückwärts: fehlender Wert;ganz;;25 Jugendliche nennen ihre tägliche Handyzeit: 0 Stunden 1, 1 Stunde 4, 2 Stunden 5, 3 Stunden fehlt, 4 Stunden 7. Ermittle die fehlende Anzahl. Einer wird zufällig ausgewählt: Mit welcher Wahrscheinlichkeit nutzt er das Handy weniger als 3 Stunden?;Tabelle: Zeit in Stunden 0 bis 4, Anzahl 1, 4, 5, leer, 7;"25 − 1 − 4 − 5 − 7 = 8; (1 + 4 + 5) : 25 = 40 %";2;kopf;vorwaerts;tabelle;40;
HH-ESA-2026-5.4-9;HH ’26;quelle-fremd-hh-sh-hh-esa-beispiele-2026.txt · 5.4 Aufgabe 9;daten;rückwärts: fehlender Wert;rückwärts: fehlender Wert;ganz;;In einer Stadt fallen im Jahr 768 mm Niederschlag. Die Monate außer März: 61, 41, 51, 57, 74, 82, 70, 70, 63, 71, 72 mm. Bestätige, dass im März 56 mm fallen.;Säulendiagramm: Niederschlag pro Monat, Säule März fehlt;768 − (61 + 41 + 51 + 57 + 74 + 82 + 70 + 70 + 63 + 71 + 72) = 768 − 712 = 56 mm;2;glatt;pruefen;diagramm;32;
