"id";"jahr";"papier";"block";"aufgabe";"titel";"teilaufgabe";"seite";"punkte";"stern";"hilfsmittel";"afb_amtlich";"leitidee";"thema";"typ";"typ_neben";"stichwoerter";"voraussetzungen";"format";"operator";"antwort";"material";"skizze";"kontext";"textumfang";"gegeben";"gesucht";"verfahren";"schritte";"zahlenraum";"einheiten";"abhaengig_von";"ergebnis";"zwischenergebnis";"niveau_geschaetzt";"fehlerquelle";"bemerkung"
"2018-bb-ea-A1.2a";"2018";"2018-bb-ea";"A";"1.2";"Analytische Geometrie";"a";"2";"2";"";"nein";"";"Analytische Geometrie";"Ebenen";"Lage einer Figur in einer Koordinatenebene aus Eckpunkt und orthogonaler Geraden begründen";"";"Quadrat|Normalenvektor|y-z-Ebene|Trägerebene";"Richtungsvektor einer Geraden ablesen|Koordinatenebenen durch ihre Gleichung kennen";"Begründung";"Begründen Sie";"Text";"keins";"keine";"ohne";"kurz";"Der Punkt P(0 | 1 | 5) ist Eckpunkt eines Quadrates. Orthogonal zu der Ebene, in der dieses Quadrat liegt, verläuft die Gerade g mit x = (5 | 4 | 1) + t · (1 | 0 | 0), t ∈ IR.";"Begründung, dass das Quadrat in der y-z-Ebene liegt";"Der Richtungsvektor von g ist Normalenvektor der Trägerebene. Da er der Einheitsvektor in x-Richtung ist, hat die Ebene eine Gleichung der Form x = c; aus der x-Koordinate 0 von P folgt c = 0, also die y-z-Ebene.";"2";"ganz";"";"";"Der Richtungsvektor (1 | 0 | 0) von g ist Normalenvektor der Trägerebene; diese ist damit orthogonal zur x-Achse und hat die Gleichung x = c. Wegen P(0 | 1 | 5) ist c = 0, das ist die y-z-Ebene.";"";"II";"den Richtungsvektor von g als Richtungsvektor der Ebene statt als Normalenvektor deuten";"Dublette von: 2018MerhoehtAAGLAA22-a. BE aus der gesammelten Tabelle am Ende von Teil 1 (Teilgebiet Geometrie, a) 2 BE); an der Aufgabe selbst steht keine Punktangabe. Eigene Rechnung."
"2018-bb-ea-A1.2b";"2018";"2018-bb-ea";"A";"1.2";"Analytische Geometrie";"b";"2";"3";"";"nein";"";"Analytische Geometrie";"Punkte und Strecken im Koordinatensystem";"Ebene Figur: Benachbarte Ecke eines Quadrats über den Diagonalenschnittpunkt als Spurpunkt nachweisen";"Schnittpunkt von Gerade und Ebene berechnen|Streckenlänge im Raum berechnen";"Quadrat|Diagonalenschnittpunkt|Halbdiagonalen|Skalarprodukt";"Vektorlänge berechnen|Skalarprodukt bilden|Eigenschaften der Quadratdiagonalen kennen";"Begründung";"Zeigen Sie";"Text";"keins";"keine";"ohne";"kurz";"Quadrat mit Eckpunkt P(0 | 1 | 5) in der y-z-Ebene; die Gerade g mit x = (5 | 4 | 1) + t · (1 | 0 | 0) verläuft orthogonal zur Trägerebene. Der Schnittpunkt der beiden Diagonalen des Quadrates liegt auf g. Der Punkt Q(0 | 8 | 4) liegt in der y-z-Ebene.";"Nachweis, dass Q einer der beiden zu P benachbarten Eckpunkte des Quadrates ist";"Diagonalenschnittpunkt M als Schnittpunkt von g mit der y-z-Ebene bestimmen (x-Koordinate 0 setzen). Dann die Halbdiagonalen MP und MQ vergleichen: gleiche Länge zeigt, dass Q Eckpunkt ist, Skalarprodukt 0 zeigt, dass Q nicht der zu P gegenüberliegende, sondern ein benachbarter Eckpunkt ist.";"4";"ganz";"";"2018-bb-ea-A1.2a";"M(0 | 4 | 1). Mit MP = (0 | −3 | 4) und MQ = (0 | 4 | 3) ist |MP| = |MQ| = 5 und MP · MQ = −12 + 12 = 0. Im Quadrat sind die vier Halbdiagonalen gleich lang und die Diagonalen orthogonal, also ist Q ein zu P benachbarter Eckpunkt.";"M(0 | 4 | 1)|MP = (0 | −3 | 4)|MQ = (0 | 4 | 3)|Seitenlänge |PQ| = 5·√2";"II";"gleiche Länge der Halbdiagonalen allein als Nachweis nehmen und den gegenüberliegenden Eckpunkt nicht ausschließen";"Dublette von: 2018MerhoehtAAGLAA22-b. BE aus der gesammelten Tabelle am Ende von Teil 1 (Teilgebiet Geometrie, b) 3 BE). Eigene Rechnung."
"2018-bb-ea-B2.1a";"2018";"2018-bb-ea";"B";"2.1";"Vase";"a";"5";"8";"";"ja";"";"Analysis";"Funktionsscharen und Ortskurven";"Nullstellen einer Funktionenschar mit Fallunterscheidung ermitteln";"Nullstelle und Grenzverhalten eines Produkts aus Polynom und e-Funktion angeben";"Funktionenschar|Nullstellen|Fallunterscheidung|Grenzwert";"Satz vom Nullprodukt|quadratische Gleichung lösen|Vorzeichen der Exponentialfunktion kennen";"Rechnung|Begründung";"Ermitteln Sie|Untersuchen Sie";"Term|Text";"keins";"keine";"ohne";"kurz";"Funktionenschar f_a mit f_a(x) = (x² + a) · e^(0,5 − x), a ∈ IR; die Graphen der Schar sind G_a.";"Anzahl der Nullstellen von f_a in Abhängigkeit von a; Verhalten der Funktionswerte für x → ∞ und für x → −∞";"Der Faktor e^(0,5 − x) ist stets positiv, also nur x² + a = 0 lösen: x² = −a mit Fallunterscheidung a < 0, a = 0, a > 0. Für x → ∞ dominiert der fallende Exponentialfaktor, für x → −∞ wachsen beide Faktoren unbeschränkt.";"5";"ganz|Wurzel|Potenz";"";"";"a < 0: zwei Nullstellen x = ±√(−a); a = 0: eine Nullstelle x = 0; a > 0: keine Nullstelle. Für x → ∞ gilt f_a(x) → 0, für x → −∞ gilt f_a(x) → +∞.";"";"II";"den Exponentialfaktor als möglichen Nullfaktor behandeln oder die Fallunterscheidung auf a < 0 und a > 0 verkürzen";"Zwei Themen in einer Einheit: Nullstellen der Schar und Grenzverhalten. Das Feld thema ist einwertig, das zweite Thema (Grenzwerte und Verhalten im Unendlichen) erscheint nur über typ_neben. Eigene Rechnung."
"2018-bb-ea-B2.1b";"2018";"2018-bb-ea";"B";"2.1";"Vase";"b";"5|6";"3";"";"ja";"";"Analysis";"Funktionsklassen und Eigenschaften";"Nullstellen und Werte: Schnittpunkt mit der y-Achse und Steigung des Graphen dort angeben";"Scharparameter aus einem Punkt des Graphen angeben|Graphen einer Schar beschriften";"y-Achsenschnittpunkt|Parameterwert|Graphenzuordnung|Hochpunkt";"Funktionswert an der Stelle 0 berechnen|Graphen einer Schar an Merkmalen unterscheiden";"Kurzantwort|Rechnung|Eintragen";"Geben Sie an|Ermitteln Sie|Beschriften Sie";"Term|Grafik";"Koordinatensystem";"Abbildung 1 (Anlage, PDF-Seite 6): Koordinatensystem mit feinem Gitter, x-Achse von etwa −0,5 bis 7,5 mit Teilstrichen 0 bis 7, y-Achse mit Teilstrichen 1, 2, 3 und darüber hinausreichend. Zwei unbeschriftete Graphen der Schar. Der erste kommt von links oben steil fallend, schneidet die y-Achse bei etwa 3,3 und fällt monoton gegen 0. Der zweite beginnt im Ursprung, steigt bis zu einem Hochpunkt bei x = 2 mit y ≈ 0,89 und fällt dann ebenfalls gegen 0. Beide nähern sich rechts der x-Achse. Die Beschriftung der Graphen ist Teil der Aufgabe.";"ohne";"mittel";"Funktionenschar f_a mit f_a(x) = (x² + a) · e^(0,5 − x), a ∈ IR; die Graphen der Schar sind G_a. In Abbildung 1 sind für ganzzahlige Parameterwerte a zwei Graphen der Schar dargestellt.";"Schnittpunkt von G_a mit der y-Achse; die beiden Parameterwerte der dargestellten Graphen; Beschriftung der Graphen";"f_a(0) einsetzen ergibt den y-Achsenschnittpunkt in Abhängigkeit von a. Für die Zuordnung den y-Achsenschnittpunkt des ersten Graphen mit a · √e vergleichen und den zweiten Graphen am Ursprung als Nullstelle erkennen.";"3";"ganz|dezimal|Potenz";"";"";"S(0 | a · √e). Dargestellt sind die Graphen zu a = 2 (y-Achsenschnitt 2 · √e ≈ 3,30) und a = 0 (Graph durch den Ursprung mit Hochpunkt bei x = 2, f_0(2) = 4 · e^(−1,5) ≈ 0,89).";"f_a(0) = a · e^0,5|f_2(0) ≈ 3,297|f_0(2) ≈ 0,893";"II";"die Parameterwerte aus der Höhe der Hochpunkte statt aus dem y-Achsenschnitt ablesen";"Drei Leistungen in einer Einheit mit nur 3 BE. Abbildung 1 steht in der Anlage auf PDF-Seite 6, die Aufgabenstellung auf Seite 5. Eigene Rechnung."
"2018-bb-ea-B2.1c";"2018";"2018-bb-ea";"B";"2.1";"Vase";"c";"5";"4";"";"ja";"";"Analysis";"Flächeninhalt durch Integration";"Fläche: Fläche zwischen zwei Graphen als Integral der Differenz berechnen";"";"Flächeninhalt|Differenzfunktion|Integral|Randgeraden";"Stammfunktion der Exponentialfunktion bilden|bestimmtes Integral auswerten";"Rechnung";"Berechnen Sie";"Zahl";"keins";"keine";"ohne";"kurz";"Funktionenschar f_a mit f_a(x) = (x² + a) · e^(0,5 − x), a ∈ IR; die Graphen der Schar sind G_a. Die Graphen G_2 und G_0, die y-Achse und die Gerade mit der Gleichung x = 3 schließen eine Fläche ein.";"Inhalt A der eingeschlossenen Fläche";"Differenzfunktion f_2 − f_0 = 2 · e^(0,5 − x) bilden und über dem Intervall [0; 3] integrieren; da G_2 dort vollständig oberhalb von G_0 liegt, ist kein Vorzeichenwechsel zu beachten.";"3";"dezimal|Potenz";"";"";"A = 2 · (e^0,5 − e^(−2,5)) ≈ 3,13 (FE)";"f_2(x) − f_0(x) = 2 · e^(0,5 − x)|Stammfunktion −2 · e^(0,5 − x)";"II";"beide Funktionen einzeln integrieren und die Differenz der Beträge bilden, oder das Vorzeichen der inneren Ableitung bei der Stammfunktion vergessen";"Eigene Rechnung, sympy-Kontrolle 3,1332725."
"2018-bb-ea-B2.1d";"2018";"2018-bb-ea";"B";"2.1";"Vase";"d";"5";"5";"";"ja";"";"Analysis";"Funktionsscharen und Ortskurven";"Parameterwerte nach der Anzahl der Extrempunkte über die Lösbarkeit der Extremstellengleichung begründen";"Ableitung eines Produkts aus x und einer e-Funktion mit Produkt- und Kettenregel bilden";"Extrempunkt|Funktionenschar|Diskriminante|notwendige Bedingung";"Produkt- und Kettenregel anwenden|quadratische Gleichung mit Parameter diskutieren";"Rechnung|Begründung";"Weisen Sie nach";"Text";"keins";"keine";"ohne";"kurz";"Funktionenschar f_a mit f_a(x) = (x² + a) · e^(0,5 − x), a ∈ IR; die Graphen der Schar sind G_a. Betrachtet wird der Fall a > 1. Zur Kontrolle ist angegeben: f_a′(x) = (−x² + 2x − a) · e^(0,5 − x).";"Nachweis, dass die Graphen G_a für a > 1 keine Extrempunkte besitzen";"f_a′(x) = 0 setzen; wegen e^(0,5 − x) > 0 bleibt x² − 2x + a = 0 mit x = 1 ± √(1 − a). Für a > 1 ist der Radikand negativ, es gibt keine reelle Lösung, also keine Stelle mit waagerechter Tangente und damit keinen Extrempunkt.";"4";"ganz|Wurzel|Potenz";"";"";"Aus f_a′(x) = 0 folgt x² − 2x + a = 0, also x = 1 ± √(1 − a). Für a > 1 ist 1 − a < 0; die Gleichung hat keine reelle Lösung. Da die notwendige Bedingung nirgends erfüllt ist, besitzt G_a keine Extrempunkte.";"";"II";"die Existenz der Nullstellen der Ableitung nicht über das Vorzeichen des Radikanden begründen, sondern nur Beispiele einsetzen";"Die Kontrollangabe des Hefts steht in gegeben und ist durch eigene Rechnung bestätigt (f_a′ = (−x² + 2x − a) · e^(0,5 − x)). Eigene Rechnung."
"2018-bb-ea-B2.1e";"2018";"2018-bb-ea";"B";"2.1";"Vase";"e";"5";"8";"";"ja";"";"Analysis";"Ableitungsregeln";"Ableitung eines Produkts mit e-Funktion in vorgegebener Form nachweisen";"Krümmungsverhalten aus der zweiten Ableitung deuten";"zweite Ableitung|Produktregel|Krümmung|Flachpunkt";"Produkt- und Kettenregel zweimal anwenden|Terme zusammenfassen|Vorzeichen eines Produkts beurteilen";"Rechnung|Begründung";"Weisen Sie nach|Erläutern Sie";"Term|Text";"keins";"keine";"ohne";"kurz";"Die Funktion f_2 mit f_2(x) = (x² + 2) · e^(0,5 − x) aus der Schar f_a; ihre erste Ableitung ist f_2′(x) = (−x² + 2x − 2) · e^(0,5 − x).";"Nachweis von f_2″(x) = (x − 2)² · e^(0,5 − x); Schlussfolgerungen über den Verlauf von G_2";"f_2′ nochmals mit Produkt- und Kettenregel ableiten und den Term als vollständiges Quadrat zusammenfassen. Dann das Vorzeichen beurteilen: Quadrat und Exponentialfaktor sind nicht negativ, die Nullstelle bei x = 2 ist doppelt, also ohne Vorzeichenwechsel.";"4";"ganz|Potenz";"";"2018-bb-ea-B2.1d";"f_2″(x) = (x − 2)² · e^(0,5 − x). Da (x − 2)² ≥ 0 und e^(0,5 − x) > 0 ist, gilt f_2″(x) ≥ 0 für alle x, mit Gleichheit nur bei x = 2 und ohne Vorzeichenwechsel. G_2 ist also auf ganz IR linksgekrümmt, besitzt keinen Wendepunkt und hat bei x = 2 einen Flachpunkt.";"";"III";"die Nullstelle von f_2″ bei x = 2 als Wendestelle deuten, ohne den Vorzeichenwechsel zu prüfen";"Zweite Leistung ist eine Deutung ohne Rechnung; die 8 BE liegen überwiegend dort. Eigene Rechnung, sympy-Kontrolle bestätigt den Term."
"2018-bb-ea-B2.1f";"2018";"2018-bb-ea";"B";"2.1";"Vase";"f";"5";"6";"";"ja";"";"Analysis";"Tangente, Normale, Schnittwinkel";"Tangentengleichung in einem Punkt des Graphen aufstellen";"Näherung durch die Tangente mit dem Funktionswert im Sachzusammenhang vergleichen";"Tangente|Linearisierung|relative Abweichung|Prozent";"Ableitung als Steigung nutzen|Punkt-Steigungs-Form|relativen Anteil berechnen";"Rechnung";"Ermitteln Sie|Zeigen Sie";"Term|Zahl";"keins";"keine";"ohne";"mittel";"Die Funktion f_2 mit f_2(x) = (x² + 2) · e^(0,5 − x); G_2 verläuft im Intervall [1; 3] annähernd geradlinig und wird vereinfacht durch die Tangente t in x = 2 dargestellt. Zur Kontrolle ist angegeben: t(x) = −2 · e^(−1,5) · x + 10 · e^(−1,5).";"Gleichung der Tangente t; Nachweis, dass t(1) um weniger als 2 % von f_2(1) abweicht";"f_2(2) und f_2′(2) berechnen und in die Punkt-Steigungs-Form einsetzen. Dann t(1) und f_2(1) bestimmen und die Differenz auf f_2(1) beziehen.";"5";"dezimal|Prozent|Potenz";"";"2018-bb-ea-B2.1d";"t(x) = −2 · e^(−1,5) · x + 10 · e^(−1,5). Mit t(1) = 8 · e^(−1,5) ≈ 1,785 und f_2(1) = 3 · e^(−0,5) ≈ 1,820 beträgt die relative Abweichung rund 1,90 % und liegt damit unter 2 %.";"f_2(2) = 6 · e^(−1,5)|f_2′(2) = −2 · e^(−1,5)|Differenz ≈ 0,0346";"II";"die Abweichung auf den Tangentenwert statt auf den Funktionswert beziehen oder absolut statt relativ vergleichen";"Die Kontrollangabe des Hefts steht in gegeben und ist durch eigene Rechnung bestätigt. sympy-Kontrolle: 1,89882 %. Der Nebentyp gehört thematisch zur Prozentrechnung; die Themenliste des Profils führt dafür kein Analysis-Thema."
"2018-bb-ea-B2.1g";"2018";"2018-bb-ea";"B";"2.1";"Vase";"g";"5|6";"7";"";"ja";"";"Analysis";"Kurvenuntersuchung";"Stellen mit maximalem Funktionswert einschließlich Rand bestimmen";"";"Randextremum|lokales Maximum|Rotationskörper|Radius";"notwendige und hinreichende Bedingung anwenden|Randwerte eines Intervalls prüfen|Funktionswert als Größe im Sachkontext deuten";"Rechnung";"Bestimmen Sie";"Zahl";"Koordinatensystem";"Abbildung 2 (Anlage, PDF-Seite 6): Koordinatensystem, x-Achse mit Teilstrichen 1, 2, 3, y-Achse mit Teilstrich 1. Der mit G_0,65 beschriftete Graph beginnt auf der y-Achse bei etwa 1,07, fällt leicht bis etwa x = 0,4, steigt zu einem flachen Hochpunkt bei etwa x = 1,6 und fällt dann bis x = 3 auf etwa 0,79. Die Fläche zwischen Graph und x-Achse über [0; 3] ist grau ausgefüllt und rechts durch eine senkrechte Strecke bei x = 3 begrenzt.";"Vase / Rotationskörper";"mittel";"Die Funktion f_0,65 mit f_0,65(x) = (x² + 0,65) · e^(0,5 − x) aus der Schar; ihr Graph schließt über [0; 3] mit der x-Achse eine Fläche ein (Abbildung 2). Durch Rotation dieser Fläche um die x-Achse entsteht ein Körper, der modellhaft einer liegenden, nach links geöffneten Vase entspricht; 1 LE = 1 dm. Die Vase nimmt an zwei verschiedenen Stellen einen maximalen Radius von ca. 1,07 dm an.";"die beiden Stellen, an denen der Radius maximal ist";"Der Radius an der Stelle x ist f_0,65(x). Nullstellen der Ableitung bestimmen: x² − 2x + 0,65 = 0 liefert x = 1 ± √0,35, davon ist x ≈ 0,41 ein lokales Minimum und x ≈ 1,59 ein lokales Maximum. Zusätzlich die Randwerte bei x = 0 und x = 3 vergleichen; der linke Rand liefert denselben Radius wie das lokale Maximum.";"5";"dezimal|Wurzel|Potenz";"dm";"2018-bb-ea-B2.1d";"Die beiden Stellen sind x₁ = 0 mit f_0,65(0) = 0,65 · √e ≈ 1,072 dm (Randstelle) und x₂ = 1 + √0,35 ≈ 1,592 mit f_0,65(x₂) ≈ 1,069 dm (lokales Maximum).";"x = 1 ± √0,35, also 0,408 und 1,592|f_0,65(0,408) ≈ 0,895 (lokales Minimum)|f_0,65(3) ≈ 0,792";"III";"nur die Nullstellen der Ableitung untersuchen und die Randstelle x = 0 übersehen";"Die Formulierung „ca. 1,07“ verdeckt, dass die beiden Radien nicht gleich sind (1,0717 gegen 1,0685); ohne den Randwertvergleich ist die Aufgabe nicht lösbar. Eigene Rechnung, sympy-Kontrolle."
"2018-bb-ea-B2.1h";"2018";"2018-bb-ea";"B";"2.1";"Vase";"h";"5";"2";"";"ja";"";"Analysis";"Rotationsvolumen";"Integralfunktion im Sachzusammenhang deuten";"";"Rotationsvolumen|variable Integrationsgrenze|Füllhöhe|Sachbezug";"Formel für das Rotationsvolumen kennen|variable Grenze als Parameter deuten";"Kurzantwort";"Interpretieren Sie";"Text";"keins";"keine";"Vase / Rotationskörper";"kurz";"Die Vase entsteht durch Rotation der Fläche unter G_0,65 über [0; 3] um die x-Achse, 1 LE = 1 dm; die Öffnung liegt bei x = 0, der Boden bei x = 3. Gegeben ist die Funktion b(t) = π · ∫ von 3 − t bis 3 über (f_0,65(x))² dx.";"Deutung von b(t) im Sachzusammenhang";"Die Integralformel als Rotationsvolumen erkennen; die untere Grenze 3 − t zeigt, dass vom Boden aus ein Stück der Länge t erfasst wird.";"0";"dezimal";"dm|dm³";"2018-bb-ea-B2.1g";"b(t) ist das Volumen des Vasenteils in dm³ (Liter), das vom Boden bei x = 3 aus bis zur Höhe t reicht, also die Füllmenge der stehenden Vase bei einer Füllhöhe von t dm (0 ≤ t ≤ 3); b(3) ≈ 8,98 dm³ ist der gesamte Rauminhalt.";"";"III";"t als Stelle auf der x-Achse statt als Füllhöhe ab dem Boden deuten und die Integrationsrichtung umkehren";"schritte = 0, weil nichts zu rechnen ist; das Feld trägt bei reinen Deutungsaufgaben keine Information. Eigene Rechnung für b(3)."
"2018-bb-ea-B2.1i";"2018";"2018-bb-ea";"B";"2.1";"Vase";"i";"6";"7";"";"ja";"";"Analysis";"Rotationsvolumen";"Umbeschriebenes Prisma zu einem Rotationskörper bestimmen";"Flächeninhalt eines regelmäßigen Sechsecks aus dem Inkreisradius berechnen|Sachzusammenhang durch Skizze und Gleichung darstellen";"regelmäßiges Sechseck|Inkreisradius|Prisma|Mindestvolumen";"regelmäßiges Sechseck in Dreiecke zerlegen|Inkreisradius und Seitenlänge umrechnen|Einheiten dm³ in cm³ umrechnen";"Zeichnen|Rechnung";"Stellen Sie dar|Ermitteln Sie";"Grafik|Zahl";"keins";"Im Heft ist keine Abbildung vorgegeben; die Skizze ist Teil der Lösung. Gefordert ist eine Draufsicht auf das regelmäßige Sechseck der Grundfläche mit eingezeichnetem Inkreis vom Radius r (maximaler Vasenradius), dem Inkreisradius als Abstand vom Mittelpunkt zur Seitenmitte und der Seitenlänge s.";"Verpackung / Vase";"mittel";"Die Vase hat die Länge 3 dm und einen maximalen Radius von ca. 1,07 dm. Sie soll stehend in einem Karton verpackt werden, der die Form eines regelmäßigen sechsseitigen Prismas besitzt.";"Zusammenhang zwischen dem maximalen Radius der Vase und der Grundfläche des Kartons als Skizze und Gleichung; Mindestvolumen des Kartons in cm³";"Der maximale Radius ist der Inkreisradius r des regelmäßigen Sechsecks. Aus s = 2r / √3 folgt für die Grundfläche A = 6 · (s · r / 2) = 2√3 · r². Die Prismenhöhe ist die Vasenlänge 3 dm, also V = 2√3 · r² · 3; Ergebnis in cm³ umrechnen.";"5";"dezimal|Wurzel";"dm|cm³";"2018-bb-ea-B2.1g";"A = 2√3 · r² ≈ 3,98 dm² und V = 6√3 · r² ≈ 11,9 dm³, also muss der Karton mindestens etwa 11 900 cm³ Volumen haben.";"s = 2r / √3 ≈ 1,237 dm|A ≈ 3,98 dm²|V ≈ 11,94 dm³";"III";"den Umkreisradius statt des Inkreisradius mit dem Vasenradius gleichsetzen, oder dm³ nicht in cm³ umrechnen";"Mit r = 0,65 · √e ≈ 1,0717 dm ergibt sich V ≈ 11 935 cm³, mit dem gerundeten r = 1,07 dm ≈ 11 898 cm³; beides rundet auf 11 900 cm³. Das Feld skizze beschreibt hier eine vom Prüfling zu erstellende Skizze, nicht vorhandenes Aufgabenmaterial. Die Teilaufgabe ist elementargeometrisch; die Themenliste Analysis führt dafür kein passendes Thema, ersatzweise Rotationsvolumen. Eigene Rechnung."
"2018-bb-ea-A1.1a";"2018";"2018-bb-ea";"A";"1.1";"Analysis";"a";"2";"2";"";"nein";"";"Analysis";"Funktionsklassen und Eigenschaften";"Symmetrie: Höhe einer waagerechten Sekante aus dem Abstand ihrer Schnittpunkte über die Symmetrie bestimmen";"";"Potenzfunktion|Parallele zur x-Achse|Schnittpunkte|Achsensymmetrie|Abstand";"Potenzgleichung mit negativem Exponenten lösen|Abstand zweier Punkte auf einer Parallelen zur x-Achse als Differenz der x-Werte erkennen";"Rechnung";"Berechnen Sie";"Zahl";"Koordinatensystem";"Kartesisches Koordinatensystem, x-Achse von −5 bis 5 mit den ganzen Zahlen beschriftet, y-Achse von 0 bis 5 mit den ganzen Zahlen beschriftet, Achsen mit x und y benannt. Dargestellt ist der Graph von f(x) = 4 · x^(−2): zwei zur y-Achse spiegelbildliche Äste, beide vollständig oberhalb der x-Achse. Der rechte Ast fällt von der y-Achse aus steil ab, verläuft durch (1 | 4) und (2 | 1) und nähert sich der x-Achse; der linke Ast entsprechend durch (−1 | 4) und (−2 | 1). Beide Äste schmiegen sich an die y-Achse an und sind nach oben offen. Keine weiteren Beschriftungen.";"ohne";"mittel";"Die in IR ohne {0} definierte Funktion f mit f(x) = 4 · x^(−2); ihr Graph heißt Gf und ist symmetrisch bezüglich der y-Achse. Eine Abbildung zeigt Gf im Bereich von −5 bis 5. Die Gerade, die parallel zur x-Achse durch den Punkt P(0 | p) verläuft, schneidet Gf in zwei Punkten. Der Abstand dieser beiden Schnittpunkte hat die Länge 1.";"Wert von p";"Die Parallele hat die Gleichung y = p. Aus 4 · x^(−2) = p folgen die Schnittstellen x = ±2/√p. Wegen der Symmetrie zur y-Achse ist der Abstand der Schnittpunkte 4/√p; aus 4/√p = 1 folgt √p = 4 und damit p.";"4";"Bruch|dezimal|ganz|negativ|Potenz|Wurzel";"";"";"p = 16; die Schnittpunkte sind (−0,5 | 16) und (0,5 | 16).";"Schnittstellen x = ±2/√p|Abstand der Schnittpunkte 4/√p|√p = 4";"II";"den Abstand der beiden Schnittpunkte mit der x-Koordinate eines Schnittpunkts verwechseln und 2/√p = 1 ansetzen, was p = 4 liefert";"Dublette von: 2018MerhoehtAAnalysis2-a. BE aus der gesammelten Tabelle am Ende von Teil 1 (Teilgebiet Analysis, a) 2 BE). Eigene Rechnung, mit sympy bestätigt."
"2018-bb-ea-A1.1b";"2018";"2018-bb-ea";"A";"1.1";"Analysis";"b";"2";"3";"";"nein";"";"Analysis";"Tangente, Normale, Schnittwinkel";"Berührpunkt der Tangente mit gleichschenkligem Achsendreieck über die Steigung −1 berechnen";"";"Tangente|Achsenabschnitte|gleichschenkliges Dreieck|Berührstelle|Potenzfunktion";"Ableitung einer Potenzfunktion mit negativem Exponenten bilden|Tangentengleichung aufstellen|Achsenabschnitte einer Geraden berechnen|Gleichung dritten Grades der Form u³ = 8 lösen";"Rechnung";"Berechnen Sie";"Zahl";"Koordinatensystem";"Kartesisches Koordinatensystem, x-Achse von −5 bis 5 mit den ganzen Zahlen beschriftet, y-Achse von 0 bis 5 mit den ganzen Zahlen beschriftet, Achsen mit x und y benannt. Dargestellt ist der Graph von f(x) = 4 · x^(−2): zwei zur y-Achse spiegelbildliche Äste, beide vollständig oberhalb der x-Achse. Der rechte Ast fällt von der y-Achse aus steil ab, verläuft durch (1 | 4) und (2 | 1) und nähert sich der x-Achse; der linke Ast entsprechend durch (−1 | 4) und (−2 | 1). Beide Äste schmiegen sich an die y-Achse an und sind nach oben offen. Keine weiteren Beschriftungen.";"ohne";"mittel";"Die in IR ohne {0} definierte Funktion f mit f(x) = 4 · x^(−2); ihr Graph heißt Gf und ist symmetrisch bezüglich der y-Achse. Eine Abbildung zeigt Gf im Bereich von −5 bis 5. Die Koordinatenachsen schließen mit der Tangente an Gf in einem Punkt Q(u | f(u)) mit u > 0 ein gleichschenkliges Dreieck ein.";"Koordinaten von Q";"f′(x) = −8 · x^(−3) bilden und die Tangente in Q aufstellen. Ihre Achsenabschnitte sind 3u/2 auf der x-Achse und 12/u² auf der y-Achse. Das Dreieck ist rechtwinklig, gleichschenklig kann es deshalb nur mit gleich langen Katheten sein: 3u/2 = 12/u² liefert u³ = 8, also u = 2; damit f(2) berechnen.";"6";"Bruch|ganz|negativ|Potenz";"";"";"Q(2 | 1); die zugehörige Tangente ist t(x) = 3 − x und schneidet beide Achsen im Abstand 3 vom Ursprung.";"f′(x) = −8 · x^(−3)|Achsenabschnitt auf der x-Achse 3u/2|Achsenabschnitt auf der y-Achse 12/u²|u³ = 8";"III";"gleichschenklig als Gleichheit von Kathete und Hypotenuse deuten, statt die beiden auf den Achsen liegenden Katheten gleichzusetzen";"Dublette von: 2018MerhoehtAAnalysis2-b. BE aus der gesammelten Tabelle am Ende von Teil 1 (Teilgebiet Analysis, b) 3 BE). Dass nur die Katheten gleich sein können, muss der Prüfling selbst erkennen; das hebt die Teilaufgabe auf Niveau III. Eigene Rechnung, mit sympy bestätigt."
"2018-bb-ea-A1.3a";"2018";"2018-bb-ea";"A";"1.3";"Stochastik";"a";"3";"3";"";"nein";"";"Stochastik";"Zufallsexperimente und Urnenmodelle";"Laplace-Experiment: Sektorenzahlen eines Glücksrads aus Wahrscheinlichkeiten ermitteln";"";"Glücksrad|Laplace-Experiment|Sektoren zu 6 Grad|Anteil einer Gesamtzahl|Restbestimmung";"Vollwinkel in gleich große Sektoren teilen|Prozentsatz und Bruchteil einer Anzahl berechnen";"Rechnung";"Ermitteln Sie";"Zahl";"keins";"keine";"Glücksrad auf einem Hoffest";"lang";"Ein Landwirt plant für sein Hoffest ein Glücksrad aus blauen, gelben und roten Sektoren von je 6°. Ein Dreh kostet einen Euro. Gelb bringt einen Gutschein für eine Packung Bio-Eier, blau als Hauptgewinn einen Ökokorb, bei rot geht man leer aus. Eine Packung Bio-Eier kostet den Landwirt 1,50 €, ein Ökokorb 15 €. Die Wahrscheinlichkeit für den Hauptgewinn soll 5 % betragen, die Chance auf einen Gutschein ein Drittel. ";"Anzahl der blauen, der gelben und der roten Sektoren";"Aus 360° geteilt durch 6° folgen 60 gleich große Sektoren; das Rad ist damit ein Laplace-Experiment und jede Wahrscheinlichkeit ist der Anteil an diesen 60. Blau: 5 % von 60; gelb: ein Drittel von 60; rot als Rest zu 60.";"4";"Bruch|ganz|Prozent";"°";"";"3 blaue, 20 gelbe und 37 rote Sektoren";"360° : 6° = 60 Sektoren insgesamt";"II";"die Gesamtzahl der Sektoren nicht bestimmen und die Anteile auf 360 Sektoren oder auf 100 beziehen";"BE aus der gesammelten Tabelle am Ende von Teil 1 (Teilgebiet Stochastik, a) 3 BE). Die Seite trägt die Kopfzeile 2016; die Aufgabe ist unbereinigt aus dem Heft 2016 übernommen. Eigene Rechnung, mit sympy bestätigt."
"2018-bb-ea-A1.3b";"2018";"2018-bb-ea";"A";"1.3";"Stochastik";"b";"3";"2";"";"nein";"";"Stochastik";"Kenngrößen von Verteilungen";"Erwartungswert einer Zufallsgröße im Sachzusammenhang berechnen";"";"Erwartungswert|auf lange Sicht|Kosten je Dreh|Zufallsgröße|Glücksrad";"Werte einer Zufallsgröße aus dem Sachtext ablesen|mit Prozentsatz und Bruchteil multiplizieren";"Rechnung";"Bestimmen Sie";"Zahl";"keins";"keine";"Glücksrad auf einem Hoffest";"lang";"Ein Landwirt plant für sein Hoffest ein Glücksrad aus blauen, gelben und roten Sektoren von je 6°. Ein Dreh kostet einen Euro. Gelb bringt einen Gutschein für eine Packung Bio-Eier, blau als Hauptgewinn einen Ökokorb, bei rot geht man leer aus. Eine Packung Bio-Eier kostet den Landwirt 1,50 €, ein Ökokorb 15 €. Die Wahrscheinlichkeit für den Hauptgewinn soll 5 % betragen, die Chance auf einen Gutschein ein Drittel. ";"Kosten, die dem Landwirt pro Dreh auf lange Sicht entstehen";"Die Kosten je Dreh als Zufallsgröße auffassen: 15 € bei blau, 1,50 € bei gelb, 0 € bei rot. Den Erwartungswert als Summe der mit den Wahrscheinlichkeiten gewichteten Werte bilden: 15 · 0,05 + 1,50 · 1/3 + 0.";"3";"Bruch|dezimal|Prozent";"€";"";"1,25 € Kosten pro Dreh auf lange Sicht";"15 € · 0,05 = 0,75 €|1,50 € · 1/3 = 0,50 €";"II";"die Einnahme von einem Euro gegenrechnen und 0,25 € angeben, obwohl nach den Kosten und nicht nach dem Saldo gefragt ist";"BE aus der gesammelten Tabelle am Ende von Teil 1 (Teilgebiet Stochastik, b) 2 BE). Gefragt ist nach den Kosten; mit der Einnahme von einem Euro verrechnet bliebe ein Verlust von 0,25 € je Dreh. Ohne amtliche Lösung ist nicht auszuschließen, dass der Erwartungshorizont den Saldo verlangt. Die Seite trägt die Kopfzeile 2016. Eigene Rechnung, mit sympy bestätigt."
"2018-bb-ea-B2.2a";"2018";"2018-bb-ea";"B";"2.2";"Gartenteich";"a";"7";"6";"";"ja";"";"Analysis";"Funktionsklassen und Eigenschaften";"Symmetrie: Symmetrieart am Term über die Exponenten begründen";"Grenzverhalten einer Potenzfunktion untersuchen|Ausschluss eines Parameterwerts über das Grenzverhalten begründen";"Punktsymmetrie|ungerader Exponent|Grenzwert null|ganzrationale Funktion dritten Grades|Nichtexistenz eines Parameters";"h(−x) bilden und mit −h(x) vergleichen|Grenzwert einer Potenz mit negativem Exponenten kennen|Grenzverhalten einer ganzrationalen Funktion am Grad und am Leitkoeffizienten ablesen";"Kurzantwort|Begründung";"Geben Sie an|Begründen Sie|Bestimmen Sie";"Text";"keins";"keine";"ohne";"mittel";"Funktionenschar f_a mit f_a(x) = (1/a)·x³ + 3x² + 5x + 2a; x ∈ IR, a ∈ IR, a ≠ 0, und die Funktion h mit h(x) = −(1/2)·x^(−3); x ∈ IR, x ≠ 0. Die zugehörigen Graphen sind G_a und K. ";"vorliegende Symmetrie des Graphen K mit Begründung|Verhalten der Funktionswerte von h für x → +∞|Begründung, dass es keine reelle Zahl a gibt, für die die Grenzwerte von h und von f_a für x → +∞ übereinstimmen";"Aus h(−x) = (1/2)·x^(−3) = −h(x) folgt Punktsymmetrie zum Ursprung; gleichwertig ist der Hinweis auf den ungeraden Exponenten. Für x → +∞ geht x^(−3) gegen null, also h(x) gegen null. f_a ist ganzrational vom Grad 3 mit dem Leitkoeffizienten 1/a ≠ 0; ihre Werte streben für x → +∞ deshalb gegen +∞ oder gegen −∞, niemals gegen null.";"4";"Bruch|ganz|negativ|Potenz";"";"";"K ist punktsymmetrisch zum Ursprung, weil h(−x) = −h(x) gilt|für x → +∞ geht h(x) gegen 0, und zwar von unten|es gibt kein solches a, weil der Grenzwert von h null ist, der von f_a wegen 1/a ≠ 0 aber immer +∞ oder −∞";"h(−x) = (1/2)·x^(−3)|Leitkoeffizient von f_a ist 1/a";"II";"die Punktsymmetrie nur behaupten statt über h(−x) = −h(x) oder den ungeraden Exponenten zu begründen";"Drei Leistungen in einer Einheit; thema folgt dem ersten Typ, der Schwerpunkt liegt jedoch bei den Grenzwerten. Die dritte Leistung allein wäre Niveau III, für die Einheit insgesamt ist II geschätzt. Eigene Rechnung, mit sympy bestätigt."
"2018-bb-ea-B2.2b";"2018";"2018-bb-ea";"B";"2.2";"Gartenteich";"b";"7";"7";"";"ja";"";"Analysis";"Tangente, Normale, Schnittwinkel";"Flächeninhalt oder Umfang des Dreiecks aus Tangente und Koordinatenachsen berechnen";"Tangentengleichung in einem Punkt des Graphen aufstellen";"Tangente|Berührpunkt|Achsenabschnitte|rechtwinkliges Dreieck|Flächeninhalt";"Ableitung einer Potenzfunktion mit negativem Exponenten bilden|Nullstelle einer linearen Funktion berechnen|Flächeninhalt eines rechtwinkligen Dreiecks aus den Katheten bilden";"Rechnung";"Ermitteln Sie";"Zahl";"keins";"keine";"ohne";"mittel";"Funktionenschar f_a mit f_a(x) = (1/a)·x³ + 3x² + 5x + 2a; x ∈ IR, a ∈ IR, a ≠ 0, und die Funktion h mit h(x) = −(1/2)·x^(−3); x ∈ IR, x ≠ 0. Die zugehörigen Graphen sind G_a und K. Die Tangente an K im Punkt P(−1 | h(−1)) und die beiden Koordinatenachsen begrenzen ein Dreieck.";"Flächeninhalt dieses Dreiecks";"h(−1) = 0,5 berechnen, h′(x) = (3/2)·x^(−4) bilden und h′(−1) = 1,5 als Anstieg nehmen. Die Tangente t(x) = 1,5x + 2 schneidet die y-Achse bei 2 und die x-Achse bei −4/3. Diese beiden Abschnitte sind die Katheten des rechtwinkligen Dreiecks; der Flächeninhalt ist ihr halbes Produkt, mit Beträgen gerechnet.";"5";"Bruch|dezimal|ganz|negativ|Potenz";"";"";"A = 4/3 ≈ 1,33 Flächeneinheiten";"P(−1 | 0,5)|h′(x) = (3/2)·x^(−4)|t(x) = 1,5x + 2|Achsenabschnitte −4/3 und 2";"II";"den negativen x-Achsenabschnitt ohne Betrag in die Flächenformel einsetzen und einen negativen Flächeninhalt erhalten";"Eigene Rechnung, mit sympy bestätigt."
"2018-bb-ea-B2.2c";"2018";"2018-bb-ea";"B";"2.2";"Gartenteich";"c";"7";"2";"";"ja";"";"Analysis";"Kurvenuntersuchung";"Fehlende Extrempunkte über eine positive Ableitung begründen";"";"lokale Extrempunkte|notwendige Bedingung|gerader Exponent|stets positiv|strenge Monotonie";"Ableitung einer Potenzfunktion mit negativem Exponenten bilden|Vorzeichen einer Potenz mit geradem Exponenten beurteilen";"Begründung";"Begründen Sie";"Text";"keins";"keine";"ohne";"mittel";"Funktionenschar f_a mit f_a(x) = (1/a)·x³ + 3x² + 5x + 2a; x ∈ IR, a ∈ IR, a ≠ 0, und die Funktion h mit h(x) = −(1/2)·x^(−3); x ∈ IR, x ≠ 0. Die zugehörigen Graphen sind G_a und K. ";"Begründung, dass der Graph K keine lokalen Extrempunkte besitzt";"h′(x) = (3/2)·x^(−4) bilden. Wegen des geraden Exponenten ist x^(−4) für jedes x ≠ 0 positiv, also h′(x) > 0. Die notwendige Bedingung h′(x) = 0 ist damit nirgends erfüllt.";"2";"Bruch|ganz|negativ|Potenz";"";"";"K hat keine lokalen Extrempunkte, weil h′(x) = (3/2)·x^(−4) für alle x ≠ 0 größer als null ist; h steigt auf beiden Definitionsintervallen streng monoton.";"h′(x) = (3/2)·x^(−4)";"II";"aus h′(x) ≠ 0 auf globale Monotonie über die Definitionslücke hinweg schließen";"Typ getrennt von „Fehlen von Extrempunkten einer Schar über die Diskriminante nachweisen“ (2.1 d): dort wird über die Diskriminante argumentiert, hier über das Vorzeichen einer Potenz. Vorschlag zur Typenliste steht im Bericht. Eigene Rechnung, mit sympy bestätigt."
"2018-bb-ea-B2.2d";"2018";"2018-bb-ea";"B";"2.2";"Gartenteich";"d";"7";"6";"";"ja";"";"Analysis";"Tangente, Normale, Schnittwinkel";"Stellen mit vorgegebenem Tangentenanstieg nachweisen";"";"Tangentenanstieg|Ableitung gleich 1,5|quadratische Gleichung|Diskriminante|genau zwei Lösungen";"Parameterwert in den Scharterm einsetzen|ganzrationale Funktion ableiten|quadratische Gleichung lösen und die Lösungsanzahl an der Diskriminante ablesen";"Rechnung|Begründung";"Zeigen Sie";"Zahl|Text";"keins";"keine";"ohne";"mittel";"Funktionenschar f_a mit f_a(x) = (1/a)·x³ + 3x² + 5x + 2a; x ∈ IR, a ∈ IR, a ≠ 0, und die Funktion h mit h(x) = −(1/2)·x^(−3); x ∈ IR, x ≠ 0. Die zugehörigen Graphen sind G_a und K. Betrachtet wird der Graph G_2, also der Graph von f_2.";"Nachweis, dass es auf G_2 genau zwei Punkte mit dem Tangentenanstieg m = 1,5 gibt";"a = 2 einsetzen, also f_2(x) = 0,5x³ + 3x² + 5x + 4, und ableiten zu f_2′(x) = 1,5x² + 6x + 5. Dann f_2′(x) = 1,5 setzen; die quadratische Gleichung 1,5x² + 6x + 3,5 = 0 hat die Diskriminante 15 > 0 und damit genau zwei Lösungen. Das begründet die Anzahl der Punkte.";"4";"dezimal|ganz|negativ|Wurzel";"";"";"genau zwei Stellen, x = −2 ± √15/3, also x1 ≈ −3,29 und x2 ≈ −0,71; die Punkte sind rund (−3,29 | 2,22) und (−0,71 | 1,78).";"f_2(x) = 0,5x³ + 3x² + 5x + 4|f_2′(x) = 1,5x² + 6x + 5|1,5x² + 6x + 3,5 = 0|Diskriminante 36 − 21 = 15";"II";"f_2′(x) = 0 statt f_2′(x) = 1,5 setzen und damit die Extremstellen statt der gesuchten Stellen berechnen";"Eigene Rechnung, mit sympy bestätigt."
"2018-bb-ea-B2.2e";"2018";"2018-bb-ea";"B";"2.2";"Gartenteich";"e";"7";"9";"";"ja";"";"Analysis";"Funktionsscharen und Ortskurven";"Parameterwert für genau eine waagerechte Tangente bestimmen";"Nachweisverfahren für einen Sattelpunkt erläutern";"waagerechte Tangente|genau eine Lösung|Diskriminante null|Sattelpunkt|Nachweisverfahren beschreiben";"Scharterm nach x ableiten|Diskriminante einer quadratischen Gleichung aufstellen|hinreichende Bedingung für einen Sattelpunkt kennen";"Rechnung|Begründung";"Bestimmen Sie|Erläutern Sie";"Zahl|Text";"keins";"keine";"ohne";"lang";"Funktionenschar f_a mit f_a(x) = (1/a)·x³ + 3x² + 5x + 2a; x ∈ IR, a ∈ IR, a ≠ 0, und die Funktion h mit h(x) = −(1/2)·x^(−3); x ∈ IR, x ≠ 0. Die zugehörigen Graphen sind G_a und K. Es gibt einen Wert des Parameters a, für den der Graph G_a genau einen Punkt mit waagerechter Tangente besitzt.";"dieser Parameterwert a|Erläuterung, wie sich nachweisen ließe, dass G_a für diesen Parameterwert dort einen Sattelpunkt besitzt";"f_a′(x) = (3/a)·x² + 6x + 5 ist quadratisch; genau eine Nullstelle bedeutet Diskriminante null, also 36 − 60/a = 0 und damit a = 5/3. Für den zweiten Teil genügt die Beschreibung des Verfahrens: zweite Ableitung an der Stelle null und dritte Ableitung dort ungleich null, gleichwertig ein Vorzeichenwechsel der zweiten Ableitung; die Rechnung ist nicht verlangt.";"4";"Bruch|dezimal|ganz|negativ";"";"";"a = 5/3; die waagerechte Tangente liegt bei x = −5/3. Nachweis des Sattelpunkts über f′′(−5/3) = 0 zusammen mit f′′′(−5/3) = 3,6 ≠ 0 oder über den Vorzeichenwechsel von f′′ an dieser Stelle.";"f_a′(x) = (3/a)·x² + 6x + 5|Diskriminante 36 − 60/a|f′(x) = 1,8x² + 6x + 5|f′′(x) = 3,6x + 6";"III";"„genau ein Punkt mit waagerechter Tangente“ mit „genau ein Extrempunkt“ verwechseln, oder den Fall a < 0 nicht prüfen, in dem die Diskriminante stets positiv ist";"Die zweite Leistung verlangt ausdrücklich nur die Erläuterung des Verfahrens, nicht die Durchführung; das Ergebnisfeld nennt sie trotzdem, damit die Zeile für ein Blatt reicht. Eigene Rechnung, mit sympy bestätigt."
"2018-bb-ea-B2.2f";"2018";"2018-bb-ea";"B";"2.2";"Gartenteich";"f";"7";"9";"";"ja";"";"Analysis";"Funktionsklassen und Eigenschaften";"Nullstellen und Werte: Punkt, Nullstelle oder Schnittstelle durch Einsetzen nachweisen";"Umschließendes achsenparalleles Rechteck zu einer krummlinig begrenzten Fläche bestimmen";"Punktprobe|Rundung der y-Koordinaten|Schnittpunkte der Randkurven|achsenparalleles Rechteck|lokaler Hochpunkt";"Funktionswerte einsetzen und runden|Extremstellen über die erste Ableitung bestimmen|waagerechte und senkrechte Ausdehnung einer Fläche unterscheiden";"Rechnung|Begründung";"Zeigen Sie|Berechnen Sie";"Text|Zahl";"Koordinatensystem";"Kartesisches Koordinatensystem, x-Achse von −4 bis 0 mit den ganzen Zahlen beschriftet, y-Achse von −1 bis 3 mit den ganzen Zahlen beschriftet. Zwei Kurvenstücke umranden gemeinsam eine geschlossene, längliche Fläche: der mit G_2 beschriftete Bogen läuft von (−4 | 0) steil aufwärts zu einem Hochpunkt bei etwa (−2,8 | 2,5), fällt zu einem flachen Tiefpunkt bei etwa (−1,2 | 1,5) und steigt wieder bis etwa (−0,64 | 1,9); das mit K beschriftete Kurvenstück läuft von (−4 | 0) flach knapp oberhalb der x-Achse nach rechts und biegt ab etwa x = −1 steil nach oben bis (−0,64 | 1,9). Über dem senkrechten Streifen zwischen x = −3 und x = −2 liegt ein blassrot hinterlegtes Rechteck, das die Brücke darstellt; es reicht oben und unten über die Fläche hinaus.";"Gartenteich";"lang";"Funktionenschar f_a mit f_a(x) = (1/a)·x³ + 3x² + 5x + 2a; x ∈ IR, a ∈ IR, a ≠ 0, und die Funktion h mit h(x) = −(1/2)·x^(−3); x ∈ IR, x ≠ 0. Die zugehörigen Graphen sind G_a und K. Ein Gartenbesitzer hat in einer Ecke seines Gartens einen Teich angelegt. Der Rand des Teiches an der Wasseroberfläche wird durch Teile der Graphen G_2 und K modelliert. Im Intervall von −3 bis −2 verläuft eine Brücke über den Teich; 1 LE = 1 m. Eine Darstellung zeigt Teichoberfläche und Brücke senkrecht von oben betrachtet. Gegeben sind die Punkte P1(−4 | 0) und P2(−0,64 | 1,9). Der Teich wird kurzzeitig durch eine rechteckige Plane abgedeckt, deren Seiten parallel zu den Koordinatenachsen liegen.";"Nachweis, dass P1 und P2 bei entsprechender Rundung der y-Koordinaten auf beiden zur Modellierung verwendeten Graphen liegen|Seitenlängen, die die Plane mindestens haben muss";"Für die Punktprobe beide x-Werte sowohl in f_2 als auch in h einsetzen und die Funktionswerte auf eine Nachkommastelle runden. Für die Plane die waagerechte Seite als Differenz der beiden x-Werte nehmen und die senkrechte als Abstand zwischen dem tiefsten Randpunkt (y = 0 bei P1) und dem lokalen Hochpunkt von G_2; dazu f_2′(x) = 0 lösen und den Funktionswert berechnen.";"7";"Bruch|dezimal|ganz|negativ|Wurzel";"m";"";"f_2(−4) = 0 und h(−4) = 1/128 ≈ 0,0; f_2(−0,64) ≈ 1,898 und h(−0,64) ≈ 1,907, beide gerundet 1,9 – beide Punkte liegen damit auf beiden Graphen. Der Hochpunkt von G_2 liegt bei x = −2 − √6/3 ≈ −2,816 mit y ≈ 2,544. Die Plane muss mindestens 3,36 m lang und rund 2,55 m breit sein.";"f_2(−4) = 0|h(−4) ≈ 0,0078|f_2(−0,64) ≈ 1,8977|h(−0,64) ≈ 1,9073|Extremstellen von f_2 bei x = −2 ± √6/3|Hochpunkt (−2,816 | 2,544)";"III";"für die senkrechte Seite nur die y-Werte der beiden gegebenen Punkte vergleichen und den dazwischenliegenden Hochpunkt von G_2 übersehen";"P1 und P2 sind die beiden Stellen, an denen die Randkurven G_2 und K zusammentreffen; die Punktprobe gilt deshalb für beide Graphen. Eigene Rechnung, mit sympy bestätigt."
"2018-bb-ea-B2.2g";"2018";"2018-bb-ea";"B";"2.2";"Gartenteich";"g";"8|7";"5";"";"ja";"";"Analysis";"Flächeninhalt durch Integration";"Fläche: Fläche zwischen zwei Graphen als Integral der Differenz berechnen";"";"senkrechter Lichteinfall|Schattenstreifen|Fläche zwischen zwei Graphen|Integrationsgrenzen aus dem Sachtext|Stammfunktion";"Sachsituation in Integrationsgrenzen übersetzen|Stammfunktion einer Potenz mit negativem Exponenten bilden|bestimmtes Integral auswerten";"Rechnung";"Berechnen Sie";"Zahl";"Koordinatensystem";"Kartesisches Koordinatensystem, x-Achse von −4 bis 0 mit den ganzen Zahlen beschriftet, y-Achse von −1 bis 3 mit den ganzen Zahlen beschriftet. Zwei Kurvenstücke umranden gemeinsam eine geschlossene, längliche Fläche: der mit G_2 beschriftete Bogen läuft von (−4 | 0) steil aufwärts zu einem Hochpunkt bei etwa (−2,8 | 2,5), fällt zu einem flachen Tiefpunkt bei etwa (−1,2 | 1,5) und steigt wieder bis etwa (−0,64 | 1,9); das mit K beschriftete Kurvenstück läuft von (−4 | 0) flach knapp oberhalb der x-Achse nach rechts und biegt ab etwa x = −1 steil nach oben bis (−0,64 | 1,9). Über dem senkrechten Streifen zwischen x = −3 und x = −2 liegt ein blassrot hinterlegtes Rechteck, das die Brücke darstellt; es reicht oben und unten über die Fläche hinaus.";"Gartenteich";"lang";"Funktionenschar f_a mit f_a(x) = (1/a)·x³ + 3x² + 5x + 2a; x ∈ IR, a ∈ IR, a ≠ 0, und die Funktion h mit h(x) = −(1/2)·x^(−3); x ∈ IR, x ≠ 0. Die zugehörigen Graphen sind G_a und K. Ein Gartenbesitzer hat in einer Ecke seines Gartens einen Teich angelegt. Der Rand des Teiches an der Wasseroberfläche wird durch Teile der Graphen G_2 und K modelliert. Im Intervall von −3 bis −2 verläuft eine Brücke über den Teich; 1 LE = 1 m. Eine Darstellung zeigt Teichoberfläche und Brücke senkrecht von oben betrachtet. Senkrecht zur Teichoberfläche einfallendes Licht erzeugt durch die Brücke einen Schatten, der zum Teil auf der Wasseroberfläche liegt.";"Größe der Wasseroberfläche, die in diesem Fall im Schatten liegt";"Bei senkrechtem Lichteinfall deckt sich der Schatten mit dem Grundriss der Brücke; auf dem Wasser ist das genau der Teil der Teichfläche über dem Intervall von −3 bis −2. Diese Fläche liegt zwischen dem oberen Rand G_2 und dem unteren Rand K, also das Integral von −3 bis −2 über f_2(x) − h(x) bilden.";"4";"Bruch|dezimal|ganz|negativ|Potenz";"m²";"";"A = 337/144 ≈ 2,34 m²";"Integrand f_2(x) − h(x) = 0,5x³ + 3x² + 5x + 4 + (1/2)·x^(−3)|Stammfunktion 0,125x⁴ + x³ + 2,5x² + 4x − (1/4)·x^(−2)";"II";"nur das Integral über f_2 bilden und die untere Randkurve K weglassen";"Aufgabenseite 8, die zugehörige Abbildung steht auf Seite 7. Der Typ ist der vorhandene aus 2.1 c; der Lösungsweg ist derselbe. Eigene Rechnung, mit sympy bestätigt."
"2018-bb-ea-B2.2h";"2018";"2018-bb-ea";"B";"2.2";"Gartenteich";"h";"8";"6";"";"ja";"";"Analysis";"Rekonstruktion von Funktionsgleichungen";"Ganzrationale Funktion aus Symmetrie und Randbedingungen rekonstruieren";"Steigungswinkel in einen Anstieg umrechnen";"ganzrationale Funktion vierten Grades|Achsensymmetrie|nur gerade Exponenten|Steigungswinkel 45 Grad|lineares Gleichungssystem";"Ansatz aus der Symmetrie aufstellen|Sachangaben in Funktionswerte und Ableitungswerte übersetzen|lineares Gleichungssystem mit zwei Unbekannten lösen";"Rechnung";"Ermitteln Sie";"Term";"keins";"keine";"Gartenteich";"mittel";"Über den Gartenteich führt eine Brücke. Sie soll in einem neuen x-y-Koordinatensystem durch eine ganzrationale Funktion 4. Grades modelliert werden, die symmetrisch zur y-Achse verläuft. Die Brücke hat eine Spannweite von 4 Metern, ist in der Mitte 0,5 Meter hoch über der x-Achse und hat an den beiden Enden einen Steigungswinkel von 45° bzw. −45°.";"Gleichung dieser Funktion vierten Grades";"Die Achsensymmetrie lässt nur gerade Exponenten zu: Ansatz p(x) = ax⁴ + bx² + c. Die Mitte liegt bei x = 0, also c = 0,5. Die Spannweite 4 legt die Enden auf x = ±2 mit p(2) = 0. Der Steigungswinkel −45° am rechten Ende bedeutet p′(2) = tan(−45°) = −1. Aus 16a + 4b = −0,5 und 32a + 4b = −1 folgen a und b.";"5";"Bruch|dezimal|ganz|negativ|Potenz";"m";"";"p(x) = −(1/32)·x⁴ + 0,5";"Ansatz p(x) = ax⁴ + bx² + c|c = 0,5|p(2) = 0 liefert 16a + 4b = −0,5|p′(2) = −1 liefert 32a + 4b = −1|a = −1/32 und b = 0";"II";"den Steigungswinkel unmittelbar als Anstieg einsetzen, statt über den Tangens zu gehen, oder am rechten Ende mit +1 statt −1 rechnen";"Das Heft nennt das Ergebnis „Parabel“, gemeint ist die ganzrationale Funktion vierten Grades. Eigene Rechnung, mit sympy bestätigt."
"2018-bb-ea-B3.1a";"2018";"2018-bb-ea";"B";"3.1";"Museum";"a";"9";"4";"";"ja";"";"Analytische Geometrie";"Schnittmengen";"Gegebene Rechnung zum Geradenschnittpunkt erläutern";"";"vorgegebene Rechnung deuten|Geraden DA und EB|Gleichsetzen|Gleichungssystem|Einsetzen des Parameters";"Parameterform einer Geraden aus zwei Punkten erkennen|Gleichsetzungsverfahren kennen|Ortsvektor als Punkt lesen";"Begründung";"Erläutern Sie";"Text";"Körper";"Schrägbild eines Körpers ohne Koordinatensystem. Oben liegt die Spitze G; von ihr führen Kanten zu den Ecken eines waagerecht liegenden, grau getönten Dreiecks DEF mit F links, E rechts und D vorn in der Mitte. Darunter liegt ein kleineres, ebenfalls grau getöntes Dreieck ABC mit C links, B rechts und A vorn. Die Seitenkanten FC, DA und EB verbinden die beiden Dreiecke zum Körper. Von C, A und B laufen gestrichelte Linien nach unten aufeinander zu und treffen sich in einem mit S bezeichneten Punkt unterhalb des Körpers. Die Abbildung trägt keine Maßangaben.";"Museumsgebäude";"lang";"Das Gebäude eines Museums wird modellhaft durch den abgebildeten Körper ABCDEFG dargestellt. Die obere Etage entspricht der Pyramide DEFG, die untere Etage dem Körper ABCDEF, der Teil der Pyramide DEFS ist. Das Dreieck ABC liegt in der x-y-Ebene, das Dreieck DEF parallel dazu. Im kartesischen Koordinatensystem gilt A(−5 | 5 | 0), B(−5 | 25 | 0), D(0 | 0 | 15), E(0 | 30 | 15), F(−25 | 5 | 15) und G(−10 | 10 | 35). Eine Längeneinheit entspricht 1 m in der Realität. Abgedruckt ist eine Rechnung: zuerst wird (0 | 0 | 15) + r · (−5 | 5 | −15) gleich (0 | 30 | 15) + s · (−5 | −5 | −15) gesetzt, woraus r = s = 3 folgt; danach wird r = 3 eingesetzt und S(−15 | 15 | −30) abgelesen.";"Erläuterung des dargestellten Vorgehens zur Ermittlung der Koordinaten von S";"Erkennen, dass die beiden Terme die Geraden durch D und A sowie durch E und B in Parameterform sind, denn A − D = (−5 | 5 | −15) und B − E = (−5 | −5 | −15). Das Gleichsetzen sucht den gemeinsamen Punkt der beiden Seitenkanten, das Gleichungssystem liefert r = s = 3, und das Einsetzen in eine der beiden Geraden liefert den Ortsvektor der Pyramidenspitze S.";"3";"ganz|negativ";"m";"";"Die beiden Zeilen sind die Geraden DA und EB; ihr Schnittpunkt ist die Spitze S der Pyramide DEFS. Das Gleichsetzen der Parameterformen liefert r = s = 3, das Einsetzen von r = 3 in die erste Gerade den Punkt S(−15 | 15 | −30).";"Richtungsvektor DA = (−5 | 5 | −15)|Richtungsvektor EB = (−5 | −5 | −15)|r = s = 3";"II";"die Rechnung nachvollziehen, ohne die beiden Terme als die Seitenkanten DA und EB des Körpers zu benennen";"Erste Zeile des Katalogs, in der eine fertige Rechnung gedeutet statt durchgeführt wird; die Leistung sitzt vollständig im Erläutern. Eigene Rechnung, mit sympy bestätigt."
"2018-bb-ea-B3.1b";"2018";"2018-bb-ea";"B";"3.1";"Museum";"b";"9";"3";"";"ja";"";"Analytische Geometrie";"Orthogonalität";"Dreieck: Nichtrechtwinkligkeit in einem Eckpunkt über das Skalarprodukt nachweisen";"";"Bodenfläche der oberen Etage|Dreieck DEF|Skalarprodukt|kein rechter Winkel|drei Innenwinkel prüfen";"Verbindungsvektoren aus Punktkoordinaten bilden|Skalarprodukt berechnen|wissen, dass ein Skalarprodukt null genau bei Orthogonalität auftritt";"Begründung";"Weisen Sie nach";"Text";"Körper";"Schrägbild eines Körpers ohne Koordinatensystem. Oben liegt die Spitze G; von ihr führen Kanten zu den Ecken eines waagerecht liegenden, grau getönten Dreiecks DEF mit F links, E rechts und D vorn in der Mitte. Darunter liegt ein kleineres, ebenfalls grau getöntes Dreieck ABC mit C links, B rechts und A vorn. Die Seitenkanten FC, DA und EB verbinden die beiden Dreiecke zum Körper. Von C, A und B laufen gestrichelte Linien nach unten aufeinander zu und treffen sich in einem mit S bezeichneten Punkt unterhalb des Körpers. Die Abbildung trägt keine Maßangaben.";"Museumsgebäude";"lang";"Das Gebäude eines Museums wird modellhaft durch den abgebildeten Körper ABCDEFG dargestellt. Die obere Etage entspricht der Pyramide DEFG, die untere Etage dem Körper ABCDEF, der Teil der Pyramide DEFS ist. Das Dreieck ABC liegt in der x-y-Ebene, das Dreieck DEF parallel dazu. Im kartesischen Koordinatensystem gilt A(−5 | 5 | 0), B(−5 | 25 | 0), D(0 | 0 | 15), E(0 | 30 | 15), F(−25 | 5 | 15) und G(−10 | 10 | 35). Eine Längeneinheit entspricht 1 m in der Realität. Die Bodenfläche der oberen Etage ist das Dreieck DEF.";"Nachweis, dass das Dreieck DEF nicht rechtwinklig ist";"Die sechs Verbindungsvektoren bilden und für jede der drei Ecken das Skalarprodukt der beiden anliegenden Seitenvektoren berechnen. Ist keines davon null, gibt es keinen rechten Winkel.";"4";"ganz|negativ";"m";"";"Bei D ist DE · DF = 150, bei E ist ED · EF = 750, bei F ist FD · FE = 500; kein Skalarprodukt ist null, also ist das Dreieck DEF nicht rechtwinklig.";"DE = (0 | 30 | 0)|DF = (−25 | 5 | 0)|EF = (−25 | −25 | 0)";"II";"nur ein Skalarprodukt prüfen und aus dem einen Wert ungleich null auf das ganze Dreieck schließen";"Eigene Rechnung, mit sympy bestätigt."
"2018-bb-ea-B3.1c";"2018";"2018-bb-ea";"B";"3.1";"Museum";"c";"9";"5";"";"ja";"";"Analytische Geometrie";"Skalarprodukt und Winkel";"Winkel zwischen zwei Kanten über das Skalarprodukt berechnen";"Ebene Figur: Höhe eines Dreiecks im Raum über den Flächeninhalt berechnen";"Innenwinkel bei E|Skalarprodukt und Beträge|Höhe auf EF|Flächeninhalt über das Kreuzprodukt|Kontrollangabe";"Betrag eines Vektors berechnen|Kosinusformel für den Winkel zwischen zwei Vektoren anwenden|Flächeninhalt eines Dreiecks im Raum bestimmen";"Rechnung";"Berechnen Sie";"Zahl";"Körper";"Schrägbild eines Körpers ohne Koordinatensystem. Oben liegt die Spitze G; von ihr führen Kanten zu den Ecken eines waagerecht liegenden, grau getönten Dreiecks DEF mit F links, E rechts und D vorn in der Mitte. Darunter liegt ein kleineres, ebenfalls grau getöntes Dreieck ABC mit C links, B rechts und A vorn. Die Seitenkanten FC, DA und EB verbinden die beiden Dreiecke zum Körper. Von C, A und B laufen gestrichelte Linien nach unten aufeinander zu und treffen sich in einem mit S bezeichneten Punkt unterhalb des Körpers. Die Abbildung trägt keine Maßangaben.";"Museumsgebäude";"lang";"Das Gebäude eines Museums wird modellhaft durch den abgebildeten Körper ABCDEFG dargestellt. Die obere Etage entspricht der Pyramide DEFG, die untere Etage dem Körper ABCDEF, der Teil der Pyramide DEFS ist. Das Dreieck ABC liegt in der x-y-Ebene, das Dreieck DEF parallel dazu. Im kartesischen Koordinatensystem gilt A(−5 | 5 | 0), B(−5 | 25 | 0), D(0 | 0 | 15), E(0 | 30 | 15), F(−25 | 5 | 15) und G(−10 | 10 | 35). Eine Längeneinheit entspricht 1 m in der Realität. Betrachtet wird das Dreieck DEF. Zur Kontrolle ist angegeben: die Höhe auf der Seite EF beträgt etwa 21,21 m.";"Größe des Innenwinkels des Dreiecks DEF bei E|Länge der Höhe auf der Seite EF";"Für den Winkel bei E die Vektoren ED und EF bilden und den Kosinus als Quotient aus Skalarprodukt und Produkt der Beträge berechnen. Für die Höhe den Flächeninhalt des Dreiecks bestimmen, etwa als halber Betrag des Kreuzprodukts von DE und DF, und dann die Höhe als doppelten Flächeninhalt geteilt durch die Länge von EF.";"6";"dezimal|ganz|negativ|Wurzel";"m";"";"Der Innenwinkel bei E beträgt genau 45°. Die Höhe auf EF ist 15 · √2 ≈ 21,21 m, in Übereinstimmung mit der Kontrollangabe des Hefts.";"ED = (0 | −30 | 0)|EF = (−25 | −25 | 0)|cos = 1/√2|Flächeninhalt DEF = 375 m²|Länge EF = 25 · √2 ≈ 35,36 m";"II";"die Höhe mit einer Seitenlänge verwechseln und 25 · √2 statt 15 · √2 angeben";"Die Kontrollangabe des Hefts ist durch eigene Rechnung bestätigt: 15 · √2 = 21,2132. Eigene Rechnung, mit sympy bestätigt."
"2018-bb-ea-B3.1d";"2018";"2018-bb-ea";"B";"3.1";"Museum";"d";"9";"4";"";"ja";"";"Analytische Geometrie";"Flächeninhalt und Volumen im Raum";"Körper: Pyramidenvolumen aus Grundfläche und Höhe berechnen";"Körper: Bedarfsgröße aus einem Volumen im Sachzusammenhang nachweisen";"Pyramide DEFG|Grundfläche DEF|Höhe 20 Meter|Rauminhalt 2500 Kubikmeter|elektrische Leistung";"Volumenformel der Pyramide anwenden|Höhe als Abstand zweier paralleler Ebenen ablesen|Dreisatz mit einer Leistungsangabe rechnen";"Rechnung|Begründung";"Weisen Sie nach";"Zahl|Text";"Körper";"Schrägbild eines Körpers ohne Koordinatensystem. Oben liegt die Spitze G; von ihr führen Kanten zu den Ecken eines waagerecht liegenden, grau getönten Dreiecks DEF mit F links, E rechts und D vorn in der Mitte. Darunter liegt ein kleineres, ebenfalls grau getöntes Dreieck ABC mit C links, B rechts und A vorn. Die Seitenkanten FC, DA und EB verbinden die beiden Dreiecke zum Körper. Von C, A und B laufen gestrichelte Linien nach unten aufeinander zu und treffen sich in einem mit S bezeichneten Punkt unterhalb des Körpers. Die Abbildung trägt keine Maßangaben.";"Museumsgebäude";"lang";"Das Gebäude eines Museums wird modellhaft durch den abgebildeten Körper ABCDEFG dargestellt. Die obere Etage entspricht der Pyramide DEFG, die untere Etage dem Körper ABCDEF, der Teil der Pyramide DEFS ist. Das Dreieck ABC liegt in der x-y-Ebene, das Dreieck DEF parallel dazu. Im kartesischen Koordinatensystem gilt A(−5 | 5 | 0), B(−5 | 25 | 0), D(0 | 0 | 15), E(0 | 30 | 15), F(−25 | 5 | 15) und G(−10 | 10 | 35). Eine Längeneinheit entspricht 1 m in der Realität. Für die obere Etage, also die Pyramide DEFG, wird eine Anlage zur Entfeuchtung der Luft installiert, die für 100 m³ Rauminhalt eine elektrische Leistung von 0,8 Kilowatt benötigt.";"Nachweis, dass für den Betrieb der Anlage eine Leistung von 25 Kilowatt ausreicht";"Die Grundfläche DEF beträgt 375 m². Die Höhe der Pyramide ist der Abstand von G zur Ebene des Dreiecks DEF; beide Dreiecke liegen waagerecht, also ist die Höhe die Differenz der z-Werte 35 und 15, also 20 m. Aus V = (1/3) · Grundfläche · Höhe folgt der Rauminhalt, daraus über den Dreisatz die benötigte Leistung, die mit 25 Kilowatt zu vergleichen ist.";"4";"dezimal|ganz";"m|m³|kW";"2018-bb-ea-B3.1c";"V = (1/3) · 375 m² · 20 m = 2500 m³; benötigt werden 25 · 0,8 kW = 20 kW. Da 20 kW kleiner als 25 kW ist, reicht die Leistung aus.";"Grundfläche DEF = 375 m²|Höhe der Pyramide 20 m|V = 2500 m³|Bedarf 20 kW";"II";"das Volumen des gesamten Körpers statt der oberen Etage berechnen oder den Faktor ein Drittel der Pyramidenformel vergessen";"Die Grundfläche 375 m² fällt bereits in Teilaufgabe c an; die Abhängigkeit ist eingetragen. Eigene Rechnung, mit sympy bestätigt."
"2018-bb-ea-B3.1e";"2018";"2018-bb-ea";"B";"3.1";"Museum";"e";"9";"3";"";"ja";"";"Analytische Geometrie";"Schnittmengen";"Schnittpunkt von Gerade und Ebene berechnen";"";"Gerade durch A und G|Ebene des Dreiecks DEF|waagerechte Ebene z gleich 15|Parameter bestimmen|Punkt R";"Gerade durch zwei Punkte in Parameterform aufstellen|erkennen, dass die Ebene des Dreiecks DEF die Gleichung z = 15 hat|Parameter aus einer Koordinatengleichung bestimmen";"Rechnung|Begründung";"Weisen Sie nach";"Zahl|Text";"Körper";"Schrägbild eines Körpers ohne Koordinatensystem. Oben liegt die Spitze G; von ihr führen Kanten zu den Ecken eines waagerecht liegenden, grau getönten Dreiecks DEF mit F links, E rechts und D vorn in der Mitte. Darunter liegt ein kleineres, ebenfalls grau getöntes Dreieck ABC mit C links, B rechts und A vorn. Die Seitenkanten FC, DA und EB verbinden die beiden Dreiecke zum Körper. Von C, A und B laufen gestrichelte Linien nach unten aufeinander zu und treffen sich in einem mit S bezeichneten Punkt unterhalb des Körpers. Die Abbildung trägt keine Maßangaben.";"Museumsgebäude";"lang";"Das Gebäude eines Museums wird modellhaft durch den abgebildeten Körper ABCDEFG dargestellt. Die obere Etage entspricht der Pyramide DEFG, die untere Etage dem Körper ABCDEF, der Teil der Pyramide DEFS ist. Das Dreieck ABC liegt in der x-y-Ebene, das Dreieck DEF parallel dazu. Im kartesischen Koordinatensystem gilt A(−5 | 5 | 0), B(−5 | 25 | 0), D(0 | 0 | 15), E(0 | 30 | 15), F(−25 | 5 | 15) und G(−10 | 10 | 35). Eine Längeneinheit entspricht 1 m in der Realität. Behauptet wird, dass sich die Gerade durch A und G und die Ebene, in der das Dreieck DEF liegt, im Punkt R(−50/7 | 50/7 | 15) schneiden.";"Nachweis dieses Schnittpunkts";"Die Gerade durch A und G aufstellen: Stützvektor A, Richtungsvektor G − A = (−5 | 5 | 35). Da D, E und F alle den z-Wert 15 haben, ist ihre Ebene z = 15. Die z-Koordinate der Geraden gleich 15 setzen, den Parameter bestimmen und einsetzen.";"4";"Bruch|ganz|negativ";"m";"";"Aus 35t = 15 folgt t = 3/7; Einsetzen liefert R(−50/7 | 50/7 | 15), also rund (−7,14 | 7,14 | 15). Damit ist der behauptete Schnittpunkt bestätigt.";"Richtungsvektor AG = (−5 | 5 | 35)|Ebenengleichung z = 15|t = 3/7";"II";"die Ebene des Dreiecks DEF aufwendig aus drei Punkten bestimmen, statt am gemeinsamen z-Wert 15 abzulesen";"Hier ist die Ebene keine Koordinatenebene, sondern parallel dazu; der Lösungsweg ist derselbe, deshalb ein Typ mit A1.2b. Eine Ebene in Parameterform verlangt ein Gleichungssystem und wäre ein eigener Typ. Eigene Rechnung, mit sympy bestätigt."
"2018-bb-ea-B3.1f";"2018";"2018-bb-ea";"B";"3.1";"Museum";"f";"9";"6";"";"ja";"";"Analytische Geometrie";"Abstände";"Punkt auf einer Strecke mit vorgegebenem Abstand zu einer Ebene bestimmen";"";"Scheinwerfer auf der Strecke RG|Abstand 5 Meter zur Ebene|Hessesche Normalform|Parameter der Strecke|Wand EFG";"Strecke als Gerade mit Parameterbereich schreiben|Abstand Punkt Ebene über die Hessesche Normalform berechnen|Betragsgleichung lösen";"Rechnung";"Berechnen Sie";"Zahl";"Körper";"Schrägbild eines Körpers ohne Koordinatensystem. Oben liegt die Spitze G; von ihr führen Kanten zu den Ecken eines waagerecht liegenden, grau getönten Dreiecks DEF mit F links, E rechts und D vorn in der Mitte. Darunter liegt ein kleineres, ebenfalls grau getöntes Dreieck ABC mit C links, B rechts und A vorn. Die Seitenkanten FC, DA und EB verbinden die beiden Dreiecke zum Körper. Von C, A und B laufen gestrichelte Linien nach unten aufeinander zu und treffen sich in einem mit S bezeichneten Punkt unterhalb des Körpers. Die Abbildung trägt keine Maßangaben.";"Museumsgebäude";"lang";"Das Gebäude eines Museums wird modellhaft durch den abgebildeten Körper ABCDEFG dargestellt. Die obere Etage entspricht der Pyramide DEFG, die untere Etage dem Körper ABCDEF, der Teil der Pyramide DEFS ist. Das Dreieck ABC liegt in der x-y-Ebene, das Dreieck DEF parallel dazu. Im kartesischen Koordinatensystem gilt A(−5 | 5 | 0), B(−5 | 25 | 0), D(0 | 0 | 15), E(0 | 30 | 15), F(−25 | 5 | 15) und G(−10 | 10 | 35). Eine Längeneinheit entspricht 1 m in der Realität. An einer Metallstange, die durch die Strecke RG mit R(−50/7 | 50/7 | 15) dargestellt wird, lässt sich ein punktförmig gedachter Scheinwerfer verschieben. Er soll aus einer Entfernung von 5 m die Wand beleuchten, die im Modell durch das Dreieck EFG dargestellt wird. Dieses Dreieck liegt in der Ebene mit der Gleichung 2x − 2y − z = −75.";"Koordinaten des Punktes, der die Position des Scheinwerfers im Modell beschreibt";"Die Strecke RG als Gerade mit einem Parameter zwischen 0 und 1 schreiben. Den Abstand eines Strecken-Punktes zur Ebene über die Hessesche Normalform ansetzen: der Normalenvektor (2 | −2 | −1) hat die Länge 3, also ist der Abstand der Betrag von (2x − 2y − z + 75) geteilt durch 3. Diesen Abstand gleich 5 setzen und nach dem Parameter auflösen; G selbst liegt in der Ebene, der Abstand nimmt entlang der Strecke von rund 10,48 m auf 0 ab.";"5";"Bruch|dezimal|ganz|negativ";"m";"2018-bb-ea-B3.1e";"Der Parameter ist 23/44; der Scheinwerfer sitzt im Punkt (−95/11 | 95/11 | 280/11), also rund (−8,64 | 8,64 | 25,45).";"Richtungsvektor RG = (−20/7 | 20/7 | 20)|Betrag des Normalenvektors 3|Abstand bei R rund 10,48 m|Parameter 23/44";"III";"den Abstand ohne Normierung des Normalenvektors ansetzen, also nicht durch 3 teilen";"Die zweite Lösung der Betragsgleichung liegt außerhalb der Strecke und entfällt. Eigene Rechnung, mit sympy bestätigt."
"2018-bb-ea-B3.2a";"2018";"2018-bb-ea";"B";"3.2";"Quadrat";"a";"10";"2";"";"ja";"";"Analytische Geometrie";"Ebenen";"Parametergleichung einer Ebene aus Punkten angeben";"";"Parametergleichung|Stützvektor|zwei Spannvektoren|Eckpunkte eines Quadrates";"Verbindungsvektoren aus Punktkoordinaten bilden|Aufbau einer Parameterform kennen";"Kurzantwort";"Geben Sie an";"Term";"keins";"keine";"ohne";"mittel";"Die Punkte A(−2 | 2 | −1), B(1 | 2 | 2), C(2 | −2 | 1) und D(−1 | −2 | −2) sind in dieser Reihenfolge Eckpunkte eines Quadrates, das in der Ebene E liegt. ";"eine Parametergleichung der Ebene E";"Einen der vier Punkte als Stützvektor nehmen und zwei nicht parallele Verbindungsvektoren als Spannvektoren, hier AB und AD.";"2";"ganz|negativ";"";"";"E: x = (−2 | 2 | −1) + r · (3 | 0 | 3) + s · (1 | −4 | −1) mit r und s aus IR; andere Stütz- und Spannvektoren sind gleichwertig.";"AB = (3 | 0 | 3)|AD = (1 | −4 | −1)";"I";"zwei parallele Vektoren als Spannvektoren wählen, etwa AB und DC";"Eigene Rechnung, mit sympy bestätigt."
"2018-bb-ea-B3.2b";"2018";"2018-bb-ea";"B";"3.2";"Quadrat";"b";"10";"6";"";"ja";"";"Analytische Geometrie";"Scharen von Geraden und Ebenen";"Parameter einer Geradenschar aus einem vorgegebenen Durchstoßpunkt bestimmen";"Punkt: Mittelpunkt einer Strecke im Raum bestimmen|Schnittwinkel zweier Geraden über das Skalarprodukt berechnen";"Laserstrahl|Punkteschar|Mittelpunkt des Quadrates|Parameter a|Winkel zur Diagonale AC";"Mittelpunkt einer Strecke als halbe Summe der Ortsvektoren berechnen|Gerade in Parameterform mit einem Punkt gleichsetzen|Winkel zwischen zwei Geraden über den Betrag des Skalarprodukts bestimmen";"Rechnung";"Ermitteln Sie|Bestimmen Sie";"Zahl";"keins";"keine";"Laserstrahl";"lang";"Die Punkte A(−2 | 2 | −1), B(1 | 2 | 2), C(2 | −2 | 1) und D(−1 | −2 | −2) sind in dieser Reihenfolge Eckpunkte eines Quadrates, das in der Ebene E liegt. Ein vom Punkt R_a(−6 | 2a − 4 | 6) in Richtung des Vektors v = (1 | 3 | −1) verlaufender geradliniger Laserstrahl trifft genau im Mittelpunkt M des Quadrates ABCD auf die Ebene E.";"Wert von a|Größe des Winkels zwischen dem Laserstrahl und der Diagonale AC";"M als Mittelpunkt der Diagonale AC berechnen; hier ergibt sich der Ursprung. Dann R_a plus Parameter mal v gleich M setzen: aus der ersten und dritten Koordinate folgt der Parameter 6, aus der zweiten dann a. Für den Winkel den Richtungsvektor v und den Diagonalenvektor AC nehmen und den Kosinus als Betrag des Skalarprodukts geteilt durch das Produkt der Beträge bilden.";"6";"dezimal|ganz|negativ|Wurzel";"";"";"M(0 | 0 | 0) und a = −7. Der Winkel zwischen Laserstrahl und Diagonale AC beträgt rund 59,8°.";"M = (0 | 0 | 0)|Parameter 6|AC = (4 | −4 | 2)|cos = 5 · √11 / 33 ≈ 0,5025";"II";"den Winkel ohne Betrag des Skalarprodukts berechnen und den stumpfen Nebenwinkel angeben";"Dass der Mittelpunkt des Quadrates der Koordinatenursprung ist, vereinfacht die Rechnung erheblich; das ist eine Besonderheit der Zahlenwahl, nicht des Typs. Eigene Rechnung, mit sympy bestätigt."
"2018-bb-ea-B3.2c";"2018";"2018-bb-ea";"B";"3.2";"Quadrat";"c";"10";"2";"";"ja";"";"Analytische Geometrie";"Vektoren und Rechenoperationen";"Lage eines Punktes zu einem Vektorterm im Quader beschreiben";"";"Linearkombination|auf Länge gebrachter Vektor|Seitenlänge drei mal Wurzel zwei|Punkt auf der Seite DC|Abstand 3 von D";"Betrag eines Vektors berechnen|einen Vektor auf eine vorgegebene Länge bringen|Summe von Vektoren geometrisch deuten";"Begründung";"Beschreiben Sie";"Text";"keins";"keine";"ohne";"mittel";"Die Punkte A(−2 | 2 | −1), B(1 | 2 | 2), C(2 | −2 | 1) und D(−1 | −2 | −2) sind in dieser Reihenfolge Eckpunkte eines Quadrates, das in der Ebene E liegt. Der Ortsvektor eines Punktes P wird durch OP = OA + (3 geteilt durch den Betrag von AB) · AB + AD dargestellt.";"Beschreibung der Lagebeziehung des Punktes P zum Quadrat ABCD";"Der Faktor 3 geteilt durch den Betrag von AB macht aus AB einen Vektor der Länge 3 in Richtung AB. Von A aus führt AD zum Eckpunkt D; der Rest ist ein Stück der Länge 3 in Richtung AB, also parallel zur Seite DC. Die Seitenlänge des Quadrates ist 3 · √2 ≈ 4,24, also liegt P noch innerhalb der Seite.";"3";"dezimal|ganz|negativ|Wurzel";"";"";"P liegt auf der Quadratseite DC, und zwar im Abstand 3 von D; bis C bleiben rund 1,24. In Koordinaten ist P rund (1,12 | −2 | 0,12).";"Betrag von AB = 3 · √2 ≈ 4,24|Faktor 3 / (3 · √2) = 1 / √2|A plus AD = D";"III";"den Faktor als Streckung mit 3 lesen und P weit außerhalb des Quadrates verorten";"Eigene Rechnung, mit sympy bestätigt."
"2018-bb-ea-B4.1a";"2018";"2018-bb-ea";"B";"4.1";"Medinet";"a";"11";"3";"";"ja";"";"Stochastik";"Baumdiagramm und Pfadregeln";"Baumdiagramm zu einer zweistufigen Situation erstellen";"";"zweistufiges Baumdiagramm|bedingte Wahrscheinlichkeit als zweite Stufe|Gegenwahrscheinlichkeit|nur im Internet verfügbar";"Gegenwahrscheinlichkeit bilden|einen Prozentsatz als bedingte Wahrscheinlichkeit lesen|Pfadregel anwenden";"Zeichnen";"Stellen Sie dar";"Grafik";"keins";"Im Heft ist keine Abbildung vorgegeben; das Baumdiagramm ist Teil der Lösung. Erwartet wird ein zweistufiger Baum: erste Stufe mit den Ästen Internetnutzung ja (0,73) und nein (0,27); an den Ast ja schließt die zweite Stufe mit Medinet ja (0,55) und Medinet nein (0,45) an; an den Ast nein schließt Medinet ja (0) und Medinet nein (1) an, weil der Ratgeber nur im Internet verfügbar ist. Die Pfadenden können mit den Pfadwahrscheinlichkeiten 0,4015, 0,3285, 0 und 0,27 beschriftet werden.";"Internetnutzung bei medizinischen Fragen";"mittel";"Eine Umfrage ergab, dass zu medizinischen Fragen 73 % der Bevölkerung das Internet nutzen. 55 % der Internetnutzer nutzen Medinet, einen Ratgeber bei medizinischen Fragen, der nur im Internet verfügbar ist. ";"Darstellung des Sachverhalts in einem soweit wie möglich beschrifteten Baumdiagramm";"Die erste Stufe trägt die Internetnutzung mit 0,73 und der Gegenwahrscheinlichkeit 0,27. Die 55 % sind ein Anteil innerhalb der Internetnutzer, also eine bedingte Wahrscheinlichkeit, und gehören an die zweite Stufe unter den Ast Internetnutzung. Da Medinet nur im Internet verfügbar ist, trägt der andere Zweig die Werte 0 und 1. Die Pfadwahrscheinlichkeiten entstehen durch Multiplikation entlang der Pfade.";"3";"dezimal|Prozent";"";"";"Zweistufiger Baum mit erster Stufe 0,73 und 0,27, zweiter Stufe 0,55 und 0,45 unter dem Ast Internet sowie 0 und 1 unter dem Ast kein Internet. Der Pfad Internet und Medinet hat die Wahrscheinlichkeit 0,73 · 0,55 = 0,4015.";"P(Internet und Medinet) = 0,4015|P(Internet und nicht Medinet) = 0,3285";"II";"die 55 % als unbedingte Wahrscheinlichkeit an die erste Stufe setzen oder den Zweig ohne Internetnutzung unbeschriftet lassen";"Zweiter Fall im Katalog, in dem skizze ausnahmsweise die vom Prüfling zu erstellende Darstellung beschreibt und nicht vorhandenes Material. Eigene Rechnung, mit sympy bestätigt."
"2018-bb-ea-B4.1b";"2018";"2018-bb-ea";"B";"4.1";"Medinet";"b";"11";"2";"";"ja";"";"Stochastik";"Binomialverteilung";"Einzelwahrscheinlichkeit der Binomialverteilung mit dem Rechner ermitteln";"";"Binomialverteilung|zwölf Personen|genau zehn Treffer|Trefferwahrscheinlichkeit 0,73|Binomialkoeffizient";"Bernoulli-Kette erkennen|Binomialkoeffizient berechnen|Formel der Binomialverteilung anwenden";"Rechnung";"Berechnen Sie";"Zahl";"keins";"keine";"Internetnutzung bei medizinischen Fragen";"mittel";"Eine Umfrage ergab, dass zu medizinischen Fragen 73 % der Bevölkerung das Internet nutzen. 55 % der Internetnutzer nutzen Medinet, einen Ratgeber bei medizinischen Fragen, der nur im Internet verfügbar ist. Zwölf Personen werden zufällig ausgewählt.";"Wahrscheinlichkeit dafür, dass sich unter den zwölf Personen genau zehn befinden, die das Internet nutzen";"Die Auswahl als Bernoulli-Kette der Länge 12 mit der Trefferwahrscheinlichkeit 0,73 auffassen und die Binomialformel für zehn Treffer anwenden.";"2";"dezimal|ganz|Potenz|Prozent";"";"";"P ≈ 0,2068, also rund 20,7 %";"Binomialkoeffizient 12 über 10 = 66";"II";"den Binomialkoeffizienten weglassen und nur das Produkt der Einzelwahrscheinlichkeiten angeben";"Eigene Rechnung, mit sympy bestätigt."
"2018-bb-ea-B4.1c";"2018";"2018-bb-ea";"B";"4.1";"Medinet";"c";"11";"2";"";"ja";"";"Stochastik";"Zufallsexperimente und Urnenmodelle";"Term und Ereignis: Ereignis zu einem gegebenen Wahrscheinlichkeitsterm beschreiben";"";"Term deuten|Gegenereignis|höchstens zehn Treffer|zwölf Personen|Binomialverteilung";"Aufbau der Binomialformel lesen|Gegenereignis erkennen|Summanden als Einzelwahrscheinlichkeiten deuten";"Kurzantwort";"Beschreiben Sie";"Text";"keins";"keine";"Internetnutzung bei medizinischen Fragen";"lang";"Eine Umfrage ergab, dass zu medizinischen Fragen 73 % der Bevölkerung das Internet nutzen. 55 % der Internetnutzer nutzen Medinet, einen Ratgeber bei medizinischen Fragen, der nur im Internet verfügbar ist. Wieder werden zwölf Personen zufällig ausgewählt. Für ein Ereignis B ist der Term angegeben: P(B) = 1 − (12 über 12) · 0,73^12 · (1 − 0,73)^0 − (12 über 11) · 0,73^11 · (1 − 0,73)^1.";"Beschreibung des Ereignisses B, dessen Wahrscheinlichkeit sich mit diesem Term berechnen lässt";"Die beiden abgezogenen Summanden als die Wahrscheinlichkeiten für genau zwölf und genau elf Internetnutzer erkennen. Wird beides von 1 abgezogen, bleibt die Wahrscheinlichkeit für alle übrigen Trefferzahlen, also für höchstens zehn.";"2";"dezimal|ganz|Potenz";"";"";"B ist das Ereignis, dass von den zwölf ausgewählten Personen höchstens zehn das Internet nutzen; gleichwertig, dass mindestens zwei es nicht nutzen. Der Wert ist rund 0,8755.";"P(genau zwölf) ≈ 0,0230|P(genau elf) ≈ 0,1015";"III";"das Gegenereignis nur teilweise bilden und B als genau zehn Nutzer oder als mindestens zehn Nutzer beschreiben";"Reine Deutungsaufgabe ohne eigene Rechnung. Der Term steht im Heft als Bild und ist nur über die Seitenansicht sicher lesbar. Eigene Rechnung, mit sympy bestätigt."
"2018-bb-ea-B4.1d";"2018";"2018-bb-ea";"B";"4.1";"Medinet";"d";"11";"3";"";"ja";"";"Stochastik";"Hypergeometrische Verteilung";"Wahrscheinlichkeit beim Ziehen ohne Zurücklegen über das Gegenereignis berechnen";"";"Ziehen ohne Zurücklegen|zwölf Personen davon sieben|drei Aufrufe|höchstens zwei|Gegenereignis";"hypergeometrische Situation von der Binomialverteilung unterscheiden|Binomialkoeffizienten berechnen|Gegenereignis bilden";"Rechnung";"Berechnen Sie";"Zahl";"keins";"keine";"Internetnutzung bei medizinischen Fragen";"lang";"Eine Umfrage ergab, dass zu medizinischen Fragen 73 % der Bevölkerung das Internet nutzen. 55 % der Internetnutzer nutzen Medinet, einen Ratgeber bei medizinischen Fragen, der nur im Internet verfügbar ist. In einer Arztpraxis sitzen 12 Personen, die das Internet zu medizinischen Fragen nutzen. Von diesen recherchieren 7 bei Medinet. 3 Personen werden aufgerufen.";"Wahrscheinlichkeit dafür, dass unter den aufgerufenen Personen höchstens zwei sind, die bei Medinet recherchieren";"Aus einer festen Gruppe wird ohne Zurücklegen gezogen, die Verteilung ist also hypergeometrisch. Statt drei Fälle zu addieren, das Gegenereignis nehmen: alle drei Aufgerufenen recherchieren bei Medinet, mit der Wahrscheinlichkeit (7 über 3) geteilt durch (12 über 3).";"3";"Bruch|dezimal|ganz";"";"";"P = 1 − 35/220 = 37/44 ≈ 0,8409, also rund 84,1 %";"(7 über 3) = 35|(12 über 3) = 220|P(genau drei) = 7/44";"II";"binomial mit der festen Wahrscheinlichkeit 7/12 rechnen und das Ziehen ohne Zurücklegen übersehen";"Eigene Rechnung, mit sympy bestätigt."
"2018-bb-ea-B4.2a";"2018";"2018-bb-ea";"B";"4.2";"Brillenträger";"a";"12";"5";"";"ja";"";"Stochastik";"Vierfeldertafel";"Vierfeldertafel aus Anteilen vervollständigen";"Bedingte Wahrscheinlichkeit aus Anteil und Schnittanteil berechnen";"Vierfeldertafel|Randwahrscheinlichkeiten|gemeinsame Wahrscheinlichkeit|bedingte Wahrscheinlichkeit|Mann mit Brille";"Prozentangaben als Wahrscheinlichkeiten lesen|einen Anteil innerhalb einer Teilgruppe als bedingte Wahrscheinlichkeit erkennen|Quotientenformel der bedingten Wahrscheinlichkeit anwenden";"Tabelle|Rechnung";"Stellen Sie dar|Berechnen Sie";"Tabelle|Zahl";"keins";"keine";"Brillenträger in einer Gemeinde";"mittel";"In einer großen Gemeinde tragen 62,5 % der Bevölkerung eine Brille. Bei den Frauen beträgt der Anteil 64,8 %. Bekannt ist außerdem, dass 52,1 % der Bevölkerung Frauen sind. Eine aus der Bevölkerung zufällig ausgewählte Person ist ein Mann.";"Darstellung des Sachverhalts in einer Vierfeldertafel|Wahrscheinlichkeit dafür, dass dieser Mann eine Brille trägt";"Die Randwerte 0,625 für Brille und 0,521 für Frauen eintragen. Die 64,8 % sind ein Anteil innerhalb der Frauen, also eine bedingte Wahrscheinlichkeit; daraus folgt das Feld Frau und Brille als 0,521 · 0,648. Die übrigen Felder über die Randsummen ergänzen. Die gesuchte Wahrscheinlichkeit ist das Feld Mann und Brille geteilt durch den Randwert der Männer.";"5";"dezimal|Prozent";"";"";"Tafel: Frau mit Brille 0,3376, Frau ohne Brille 0,1834, Mann mit Brille 0,2874, Mann ohne Brille 0,1916; Randwerte 0,521 Frauen, 0,479 Männer, 0,625 Brille, 0,375 keine Brille. Die Wahrscheinlichkeit, dass der Mann eine Brille trägt, beträgt rund 0,600, also 60 %.";"P(Frau und Brille) = 0,521 · 0,648 = 0,337608|P(Mann und Brille) = 0,625 − 0,337608 = 0,287392|P(Mann) = 0,479";"II";"die 64,8 % unmittelbar als Feld der Tafel eintragen, also ohne Multiplikation mit 0,521";"Der Wert 0,59998 liegt so nah an 0,6, dass die Zahlen des Hefts offenbar darauf hin gewählt wurden. Eigene Rechnung, mit sympy bestätigt."
"2018-bb-ea-B4.2b";"2018";"2018-bb-ea";"B";"4.2";"Brillenträger";"b";"12";"4";"";"ja";"";"Stochastik";"Binomialverteilung";"Einzelwahrscheinlichkeit der Binomialverteilung mit dem Rechner ermitteln";"Trefferwahrscheinlichkeit beim Wechsel der Trefferdefinition anpassen";"acht Personen alle Brillenträger|20 Personen genau drei ohne Brille|Bernoulli-Kette|Trefferdefinition wechseln|Binomialkoeffizient";"Bernoulli-Kette erkennen|Gegenwahrscheinlichkeit 0,375 bilden|Binomialformel anwenden";"Rechnung";"Berechnen Sie";"Zahl";"keins";"keine";"Brillenträger in einer Gemeinde";"mittel";"In einer großen Gemeinde tragen 62,5 % der Bevölkerung eine Brille. Bei den Frauen beträgt der Anteil 64,8 %. Bekannt ist außerdem, dass 52,1 % der Bevölkerung Frauen sind. Ereignis A: von acht zufällig ausgewählten Personen sind alle Brillenträger. Ereignis B: von 20 zufällig ausgewählten Personen sind genau drei keine Brillenträger.";"Wahrscheinlichkeiten der Ereignisse A und B";"Für A ist die Trefferzahl gleich der Kettenlänge, also einfach 0,625 hoch 8. Für B die Trefferdefinition wechseln: Treffer ist jetzt kein Brillenträger mit der Wahrscheinlichkeit 0,375, gesucht sind genau drei Treffer bei 20 Versuchen. Gleichwertig lässt sich mit genau 17 Brillenträgern rechnen.";"4";"dezimal|ganz|Potenz|Prozent";"";"";"P(A) ≈ 0,0233, also rund 2,3 %|P(B) ≈ 0,0204, also rund 2,0 %";"0,625 hoch 8 ≈ 0,023283|(20 über 3) = 1140|Gegenwahrscheinlichkeit 0,375";"II";"bei B mit der Trefferwahrscheinlichkeit 0,625 und drei Treffern rechnen, also die Trefferdefinition nicht mitwechseln";"Eigene Rechnung, mit sympy bestätigt."
"2018-bb-ea-B4.2c";"2018";"2018-bb-ea";"B";"4.2";"Brillenträger";"c";"12";"5";"";"ja";"";"Stochastik";"Binomialverteilung";"Einzelwahrscheinlichkeit der Binomialverteilung mit dem Rechner ermitteln";"Wahrscheinlichkeiten über den Erwartungswert vergleichen";"genau neun Brillenträger|genau zwölf Brillenträger|Erwartungswert 12,5|Abstand vom Erwartungswert|Vergleich ohne Rechnung";"Binomialformel anwenden|Erwartungswert als Produkt aus Kettenlänge und Trefferwahrscheinlichkeit bilden|Gestalt der Binomialverteilung kennen";"Rechnung|Begründung";"Berechnen Sie|Begründen Sie";"Zahl|Text";"keins";"keine";"Brillenträger in einer Gemeinde";"lang";"In einer großen Gemeinde tragen 62,5 % der Bevölkerung eine Brille. Bei den Frauen beträgt der Anteil 64,8 %. Bekannt ist außerdem, dass 52,1 % der Bevölkerung Frauen sind. Ereignis C: von 20 zufällig ausgewählten Personen sind genau neun Brillenträger. Ereignis D: von 20 zufällig ausgewählten Personen sind genau zwölf Brillenträger.";"Wahrscheinlichkeit des Ereignisses C|Begründung mit Hilfe des Erwartungswertes, ob die Wahrscheinlichkeit von D größer oder kleiner ist als die von C";"P(C) mit der Binomialformel für 20 Versuche, die Trefferwahrscheinlichkeit 0,625 und neun Treffer berechnen. Für den Vergleich den Erwartungswert 20 · 0,625 = 12,5 bilden. Die Binomialverteilung hat ihr Maximum beim Erwartungswert und fällt zu beiden Seiten ab; zwölf liegt mit Abstand 0,5 viel näher daran als neun mit Abstand 3,5, also ist P(D) größer als P(C).";"4";"dezimal|ganz|Potenz|Prozent";"";"";"P(C) ≈ 0,0504, also rund 5,0 %. P(D) ist größer als P(C), weil zwölf näher am Erwartungswert 12,5 liegt als neun; zur Kontrolle P(D) ≈ 0,1750.";"(20 über 9) = 167 960|Erwartungswert 12,5|Abstand von C zum Erwartungswert 3,5|Abstand von D zum Erwartungswert 0,5";"III";"P(D) ausrechnen und vergleichen, obwohl die Begründung ausdrücklich über den Erwartungswert verlangt ist";"Das Argument trägt nur, weil die Binomialverteilung zum Erwartungswert hin ansteigt; bei stark schiefen Verteilungen wäre es nicht zulässig. Eigene Rechnung, mit sympy bestätigt."
"2018-bb-ea-B4.2d";"2018";"2018-bb-ea";"B";"4.2";"Brillenträger";"d";"12|13";"5";"";"ja";"";"Stochastik";"Hypothesentests";"Entscheidungsregel eines einseitigen Signifikanztests bestimmen";"";"Nullhypothese höchstens 30 Prozent|Stichprobe 100|Signifikanzniveau 5 Prozent|rechtsseitiger Test|Ablehnungsbereich";"Nullhypothese und Alternative unterscheiden|einseitigen Test als rechtsseitig erkennen|summierte Binomialverteilung aus der Anlage ablesen";"Rechnung|Begründung";"Bestimmen Sie";"Zahl|Text";"Tabelle";"Anlage auf einer eigenen Seite: Tafel der summierten Binomialverteilungen, auf vier Nachkommastellen gerundet, wobei die führende Null und das Komma weggelassen sind. Zeilen nach der Trefferzahl, Spalten nach der Trefferwahrscheinlichkeit; freie Plätze links unten stehen für 1,0000, rechts oben für 0,0000. Wird die Tafel von unten gelesen, also für Trefferwahrscheinlichkeiten über 0,5, ist der richtige Wert 1 minus dem abgelesenen Wert.";"Optiker und Werbeaktion";"lang";"In einer großen Gemeinde tragen 62,5 % der Bevölkerung eine Brille. Bei den Frauen beträgt der Anteil 64,8 %. Bekannt ist außerdem, dass 52,1 % der Bevölkerung Frauen sind. Ein Optiker vermutet, dass mehr als 30 % der jungen Erwachsenen aus dem Landkreis Kunden in seinem Geschäft sind. Sollte das nicht der Fall sein, erwägt er eine Werbeaktion mit Flyern. Um unnötige Kosten zu vermeiden, soll die Nullhypothese, dass höchstens 30 % der jungen Erwachsenen Kunden bei diesem Optiker sind, mit einer Stichprobe von 100 jungen Erwachsenen auf einem Signifikanzniveau von 5 % getestet werden.";"die zugehörige Entscheidungsregel";"Unter der Nullhypothese ist die Trefferzahl binomialverteilt mit 100 Versuchen und der Trefferwahrscheinlichkeit 0,3. Der Test ist rechtsseitig, weil die Alternative mehr als 30 % lautet. Gesucht ist die kleinste Trefferzahl, ab der die Wahrscheinlichkeit für mindestens so viele Treffer höchstens 5 % beträgt; gleichwertig die kleinste Zahl, bis zu deren Vorgänger die summierte Wahrscheinlichkeit mindestens 0,95 erreicht.";"4";"dezimal|ganz|Prozent";"";"";"Ablehnungsbereich von 39 bis 100, Annahmebereich von 0 bis 38. Die Nullhypothese wird also verworfen, wenn in der Stichprobe mindestens 39 der 100 jungen Erwachsenen Kunden sind; andernfalls wird sie beibehalten und die Werbeaktion erwogen.";"P bis 37 ≈ 0,9470|P bis 38 ≈ 0,9660|P ab 38 ≈ 0,0531 und damit zu groß|P ab 39 ≈ 0,0340";"III";"die Grenze bei 38 ziehen, weil die summierte Wahrscheinlichkeit bis 37 schon nahe bei 0,95 liegt, und damit ein Niveau von 5,3 % in Kauf nehmen";"Aufgabenseite 12, die Tafel der summierten Binomialverteilungen steht als Anlage auf Seite 13. Eigene Rechnung, mit sympy bestätigt."
"2018-bb-ea-B4.2e";"2018";"2018-bb-ea";"B";"4.2";"Brillenträger";"e";"12";"6";"";"ja";"";"Stochastik";"Zufallsexperimente und Urnenmodelle";"Ziehen ohne Zurücklegen: Mindestanzahl beim Ziehen ohne Zurücklegen über das Gegenereignis bestimmen";"";"20 Brillenträger|genau eine Designerbrille|ohne Zurücklegen|mindestens 75 Prozent|Gegenereignis";"Gegenereignis bilden|Wahrscheinlichkeit beim Ziehen ohne Zurücklegen bestimmen|Ungleichung nach der Anzahl auflösen";"Rechnung|Begründung";"Berechnen Sie|Begründen Sie";"Zahl|Text";"keins";"keine";"Brillenmesse";"lang";"In einer großen Gemeinde tragen 62,5 % der Bevölkerung eine Brille. Bei den Frauen beträgt der Anteil 64,8 %. Bekannt ist außerdem, dass 52,1 % der Bevölkerung Frauen sind. Auf einer Brillenmesse befindet sich in einer Gruppe von 20 Brillenträgern genau eine Person, die eine Designerbrille trägt. Es wird zufällig und nacheinander ohne Zurücklegen ausgewählt.";"Mindestanzahl auszuwählender Personen, damit die Wahrscheinlichkeit, dass der Träger der Designerbrille dabei ist, mindestens 75 % beträgt|Begründung des Lösungsansatzes";"Da nur eine einzige Person die Designerbrille trägt, hat jede der 20 Personen dieselbe Chance, unter den Ausgewählten zu sein; die Wahrscheinlichkeit ist deshalb die Anzahl der Ausgewählten geteilt durch 20. Gleichwertig über das Gegenereignis: die Wahrscheinlichkeit, dass die Person nicht dabei ist, ist (20 minus Anzahl) geteilt durch 20. Die Ungleichung nach der Anzahl auflösen.";"3";"Bruch|dezimal|ganz|Prozent";"";"";"Es sind mindestens 15 Personen auszuwählen. Bei 15 Personen beträgt die Wahrscheinlichkeit genau 0,75, bei 14 nur 0,70.";"Wahrscheinlichkeit bei k Ausgewählten ist k geteilt durch 20|Ungleichung k geteilt durch 20 ist mindestens 0,75";"III";"binomial mit der Einzelwahrscheinlichkeit 1/20 rechnen und das Ziehen ohne Zurücklegen übersehen";"Der Lösungsansatz ist ausdrücklich zu begründen; die Begründung sitzt darin, dass bei genau einem besonderen Element die Wahrscheinlichkeit linear mit der Anzahl der Ausgewählten wächst. Eigene Rechnung, mit sympy bestätigt."
"2017-bb-ea-A1.1a";"2017";"2017-bb-ea";"A";"1.1";"Analysis";"a";"2";"2";"";"nein";"";"Analysis";"Gleichungen lösen";"Nullstelle einer Exponentialfunktion durch Logarithmieren bestimmen";"";"Exponentialfunktion|Nullstelle|Logarithmieren|hilfsmittelfrei";"Exponentialgleichung nach dem Exponenten auflösen|Logarithmus als Umkehrung der Exponentialfunktion kennen";"Rechnung";"Ermitteln Sie";"Zahl";"keins";"keine";"ohne";"kurz";"Funktion f mit f(x) = 2 · e^(0,5 · x) − 1; x ∈ IR.";"Nullstelle der Funktion f";"f(x) = 0 setzen, nach der Exponentialfunktion auflösen und logarithmieren: e^(0,5 · x) = 0,5, also 0,5 · x = ln 0,5.";"3";"dezimal";"";"";"x = 2 · ln 0,5 = −2 · ln 2 ≈ −1,39";"e^(0,5 · x) = 0,5";"I";"den Faktor 2 vor der Exponentialfunktion beim Logarithmieren mitziehen oder den Faktor 0,5 im Exponenten vergessen";"Dublette von: 2017MerhoehtAAnalysis11-a. BE aus der gesammelten Tabelle am Ende von Teil 1 (Teilgebiet Analysis, a) 2 BE); an der Aufgabe selbst steht keine Punktangabe. Eigene Rechnung."
"2017-bb-ea-A1.1b";"2017";"2017-bb-ea";"A";"1.1";"Analysis";"b";"2";"3";"";"nein";"";"Analysis";"Tangente, Normale, Schnittwinkel";"Gleichschenkligkeit des Dreiecks aus Tangente und Koordinatenachsen allgemein begründen";"Tangentengleichung in einem Punkt des Graphen aufstellen";"Tangente|Achsenabschnitte|gleichschenkliges Dreieck|hilfsmittelfrei";"Ableitung der Exponentialfunktion bilden|Punkt-Steigungs-Form aufstellen|Achsenschnittpunkte einer Geraden bestimmen";"Begründung";"Weisen Sie nach";"Text";"keins";"keine";"ohne";"kurz";"Funktion f mit f(x) = 2 · e^(0,5 · x) − 1; x ∈ IR. Die Tangente an den Graphen von f im Punkt S(0 | 1) begrenzt mit den beiden Koordinatenachsen ein Dreieck.";"Nachweis, dass dieses Dreieck gleichschenklig ist";"f'(x) = e^(0,5 · x), also f'(0) = 1 und t: y = x + 1. Die Schnittpunkte der Tangente mit den Achsen sind (0 | 1) und (−1 | 0); das Dreieck ist im Koordinatenursprung rechtwinklig, seine beiden Katheten sind je 1 LE lang.";"4";"ganz";"";"";"t: y = x + 1 mit den Achsenschnittpunkten (−1 | 0) und (0 | 1). Beide Katheten haben die Länge 1, das Dreieck ist also gleichschenklig (und zugleich rechtwinklig).";"f'(0) = 1|t: y = x + 1";"II";"die Gleichschenkligkeit an der Zeichnung ablesen, statt die beiden Achsenabschnitte zu berechnen und zu vergleichen";"Dublette von: 2017MerhoehtAAnalysis11-b. BE aus der gesammelten Tabelle am Ende von Teil 1 (Teilgebiet Analysis, b) 3 BE). Eigene Rechnung."
"2017-bb-ea-A1.2a";"2017";"2017-bb-ea";"A";"1.2";"Analytische Geometrie";"a";"2";"2";"";"nein";"";"Analytische Geometrie";"Flächeninhalt und Volumen im Raum";"Ebene Figur: Flächeninhalt eines Dreiecks aus den Spurpunkten einer Ebene berechnen";"Spurpunkte einer Ebene auf den Koordinatenachsen bestimmen";"Ebene|Spurpunkte|rechtwinkliges Dreieck|hilfsmittelfrei";"Koordinatengleichung einer Ebene lesen|Flächenformel für das rechtwinklige Dreieck anwenden";"Rechnung";"Bestimmen Sie";"Zahl";"keins";"keine";"ohne";"kurz";"Ebene E: 2x + y − 2z = −18. Der Schnittpunkt von E mit der x-Achse, der Schnittpunkt von E mit der y-Achse und der Koordinatenursprung sind die Eckpunkte eines Dreiecks.";"Flächeninhalt dieses Dreiecks";"Spurpunkte durch Nullsetzen der jeweils anderen Koordinaten bestimmen: S_x(−9 | 0 | 0) und S_y(0 | −18 | 0). Das Dreieck ist im Ursprung rechtwinklig, seine Katheten liegen auf den Achsen und sind 9 und 18 LE lang: A = 0,5 · 9 · 18.";"3";"ganz|negativ";"";"";"S_x(−9 | 0 | 0), S_y(0 | −18 | 0), A = 81 FE";"S_x(−9 | 0 | 0)|S_y(0 | −18 | 0)";"II";"die negativen Achsenabschnitte als negative Seitenlängen in die Flächenformel einsetzen";"Dublette von: 2017MerhoehtAAGLAA22-a. BE aus der gesammelten Tabelle am Ende von Teil 1 (Teilgebiet Geometrie, a) 2 BE). Eigene Rechnung."
"2017-bb-ea-A1.2b";"2017";"2017-bb-ea";"A";"1.2";"Analytische Geometrie";"b";"2";"3";"";"nein";"";"Analytische Geometrie";"Ebenen";"Normalenvektor als Ortsvektor eines Ebenenpunktes bestimmen";"";"Normalenvektor|Ortsvektor|Punktprobe|hilfsmittelfrei";"Normalenvektor aus der Koordinatenform ablesen|Vielfache eines Vektors ansetzen|lineare Gleichung lösen";"Rechnung";"Ermitteln Sie";"Term";"keins";"keine";"ohne";"kurz";"Ebene E: 2x + y − 2z = −18.";"Koordinaten des Vektors, der zugleich Normalenvektor von E und Ortsvektor eines Punktes der Ebene E ist";"Jeder Normalenvektor ist ein Vielfaches von (2 | 1 | −2). Diesen Ansatz t · (2 | 1 | −2) als Punkt in die Ebenengleichung einsetzen: 4t + t + 4t = −18, also 9t = −18.";"3";"ganz|negativ";"";"";"t = −2, der gesuchte Vektor ist (−4 | −2 | 4).";"Ansatz t · (2 | 1 | −2)|9t = −18";"II";"den Normalenvektor selbst einsetzen und aus dem Widerspruch schließen, es gebe keinen solchen Vektor, statt ein Vielfaches anzusetzen";"Dublette von: 2017MerhoehtAAGLAA22-b. BE aus der gesammelten Tabelle am Ende von Teil 1 (Teilgebiet Geometrie, b) 3 BE). Eigene Rechnung."
"2017-bb-ea-A1.3a";"2017";"2017-bb-ea";"A";"1.3";"Stochastik";"a";"2";"2";"";"nein";"";"Stochastik";"Baumdiagramm und Pfadregeln";"Wahrscheinlichkeit bei zweistufigem Umlegen zwischen Urnen berechnen";"";"Urnen|Umlegen|Pfadregel|Fallunterscheidung|hilfsmittelfrei";"Pfadregeln anwenden|veränderte Urneninhalte nach dem ersten Zug berücksichtigen";"Rechnung";"Bestimmen Sie";"Zahl";"Figur";"Drei nach oben offene, rechteckig gezeichnete Urnen nebeneinander, beschriftet mit Urne A, Urne B und Urne C. Urne A enthält vier Kugeln (zwei weiße, zwei schwarze), Urne B drei Kugeln (zwei weiße, eine schwarze), Urne C zwei weiße Kugeln. Schwarze Kugeln sind ausgefüllt, weiße nur umrandet gezeichnet.";"ohne";"mittel";"Drei Urnen: Urne A mit zwei weißen und zwei schwarzen Kugeln, Urne B mit zwei weißen und einer schwarzen Kugel, Urne C mit zwei weißen Kugeln. Aus Urne A wird zunächst eine Kugel zufällig entnommen und in Urne B gelegt, anschließend wird aus Urne B eine Kugel zufällig entnommen und in Urne C gelegt.";"Wahrscheinlichkeit dafür, dass sich danach in Urne C zwei weiße und eine schwarze Kugel befinden";"In Urne C liegen bereits zwei weiße Kugeln; das Ereignis tritt genau dann ein, wenn die zweite gezogene Kugel schwarz ist. Zwei Pfade: Urne A liefert schwarz (Wahrscheinlichkeit 2/4), dann enthält B zwei weiße und zwei schwarze Kugeln (2/4); Urne A liefert weiß (2/4), dann enthält B drei weiße und eine schwarze Kugel (1/4). Pfadwahrscheinlichkeiten multiplizieren und addieren.";"4";"Bruch";"";"";"P = 0,5 · 0,5 + 0,5 · 0,25 = 3/8 = 0,375";"Pfad schwarz–schwarz: 1/4|Pfad weiß–schwarz: 1/8";"II";"übersehen, dass sich der Inhalt von Urne B durch die umgelegte Kugel ändert, und mit unveränderten Wahrscheinlichkeiten rechnen";"Dublette von: 2017MerhoehtAStochastik2-a. BE aus der gesammelten Tabelle am Ende von Teil 1 (Teilgebiet Stochastik, a) 2 BE). Die Urneninhalte stehen nur in der Abbildung. Eigene Rechnung."
"2017-bb-ea-A1.3b";"2017";"2017-bb-ea";"A";"1.3";"Stochastik";"b";"2";"3";"";"nein";"";"Stochastik";"Kenngrößen von Verteilungen";"Unbekannte Größe aus einer Erwartungswertbedingung bestimmen";"Wahrscheinlichkeit für ein zweistufiges Experiment mit zufälliger Urnenzusammensetzung berechnen";"Glücksspiel|faires Spiel|Erwartungswert|totale Wahrscheinlichkeit|hilfsmittelfrei";"Pfadregeln anwenden|Erwartungswert einer Zufallsgröße bilden|lineare Gleichung lösen";"Rechnung";"Ermitteln Sie";"Zahl";"Figur";"Dieselbe Abbildung wie in Teilaufgabe a: drei nach oben offene Urnen nebeneinander, Urne A mit zwei weißen und zwei schwarzen, Urne B mit zwei weißen und einer schwarzen, Urne C mit zwei weißen Kugeln; schwarze Kugeln ausgefüllt, weiße umrandet.";"Glücksspiel";"mittel";"Drei Urnen mit den Inhalten der Abbildung: A mit zwei weißen und zwei schwarzen, B mit zwei weißen und einer schwarzen, C mit zwei weißen Kugeln. Spielregel: Es wird ein Einsatz von 1 Euro eingezahlt, danach wird eine der drei Urnen zufällig ausgewählt und aus dieser eine Kugel zufällig gezogen. Nur bei einer schwarzen Kugel wird ein bestimmter Geldbetrag ausgezahlt.";"Höhe des Geldbetrags, damit Einsätze und Auszahlungen auf lange Sicht ausgeglichen sind";"Wahrscheinlichkeit für Schwarz über die drei gleich wahrscheinlichen Urnen: 1/3 · (2/4 + 1/3 + 0) = 5/18. Fairness bedeutet, dass der erwartete Gewinn null ist: Auszahlung · 5/18 = 1 Euro.";"4";"Bruch|dezimal";"Euro";"";"P(schwarz) = 5/18; die Auszahlung muss 18/5 Euro = 3,60 Euro betragen.";"P(schwarz) = 1/3 · (1/2 + 1/3 + 0) = 5/18";"II";"die Wahrscheinlichkeiten der drei Urnen addieren, ohne sie vorher mit 1/3 zu gewichten, oder die leere Urne C auslassen";"Dublette von: 2017MerhoehtAStochastik2-b. BE aus der gesammelten Tabelle am Ende von Teil 1 (Teilgebiet Stochastik, b) 3 BE). Ausgeglichen heißt hier: erwartete Auszahlung gleich Einsatz; die Auszahlung schließt den Einsatz ein. Eigene Rechnung."
"2017-bb-ea-B2.1a";"2017";"2017-bb-ea";"B";"2.1";"Eisbecher";"a";"4";"8";"";"ja";"";"Analysis";"Funktionsklassen und Eigenschaften";"Nullstellen und Werte: Definitionsbereich einer Logarithmusfunktion angeben";"Gemeinsame Punkte aller Graphen einer Schar bestimmen|Scharparameter aus einem Punkt des Graphen angeben";"Logarithmusfunktion|Definitionsbereich|Funktionenschar|gemeinsamer Punkt";"Definitionsbereich des natürlichen Logarithmus kennen|Logarithmusgleichung exponenzieren|mit dem Parameter rechnen";"Kurzantwort|Begründung|Rechnung";"Geben Sie an|Zeigen Sie|Ermitteln Sie";"Term|Text|Zahl";"keins";"keine";"ohne";"kurz";"Funktionenschar f_a mit f_a(x) = ln(a · x² + 1); a ∈ IR, a > 0. Die Graphen dieser Funktionen sind G_a.";"Definitionsbereich von f_a; Nachweis, dass alle Graphen G_a durch den Koordinatenursprung verlaufen; exakter Wert von a mit f_a(2) = 2";"Für a > 0 ist a · x² + 1 ≥ 1 > 0, der Logarithmus also für jedes x definiert. f_a(0) = ln 1 = 0 unabhängig von a. Aus ln(4a + 1) = 2 folgt durch Exponenzieren 4a + 1 = e², also a = (e² − 1)/4.";"4";"ganz|Potenz";"";"";"D = IR. Wegen f_a(0) = ln 1 = 0 verläuft jeder Graph G_a durch O(0 | 0). a = (e² − 1)/4 ≈ 1,597";"4a + 1 = e²";"II";"den Definitionsbereich ohne Rücksicht auf a > 0 einschränken oder den exakten Wert von a durch einen gerundeten ersetzen";"Drei Leistungen in einer Einheit; thema folgt dem ersten Typ, die beiden weiteren Themen erscheinen nur über typ_neben. Eigene Rechnung."
"2017-bb-ea-B2.1b";"2017";"2017-bb-ea";"B";"2.1";"Eisbecher";"b";"4";"8";"";"ja";"";"Analysis";"Funktionsscharen und Ortskurven";"Gemeinsamen Extrempunkt einer Funktionenschar nachweisen";"Extrempunkt an vorgegebener Stelle nachweisen";"Funktionenschar|gemeinsamer Extrempunkt|Vorzeichenwechsel|Tiefpunkt";"Kettenregel anwenden|Ableitung des natürlichen Logarithmus kennen|Vorzeichenwechselkriterium kennen";"Begründung|Rechnung";"Zeigen Sie|Begründen Sie";"Text|Term";"keins";"keine";"ohne";"kurz";"Funktionenschar f_a mit f_a(x) = ln(a · x² + 1); a ∈ IR, a > 0, mit den Graphen G_a.";"Nachweis, dass alle Graphen G_a einen gemeinsamen lokalen Extrempunkt haben; Begründung ohne Zuhilfenahme der zweiten Ableitung, dass dieser Extrempunkt für a > 0 ein Tiefpunkt ist";"f_a'(x) = 2a · x / (a · x² + 1). Der Nenner ist stets positiv, also ist x = 0 für jedes a die einzige Nullstelle der Ableitung; f_a(0) = 0 liefert für alle Graphen denselben Punkt. Der Zähler 2a · x wechselt bei a > 0 an der Stelle 0 das Vorzeichen von minus nach plus, also liegt ein Tiefpunkt vor.";"4";"ganz";"";"";"f_a'(x) = 2a · x / (a · x² + 1) mit der einzigen Nullstelle x = 0 und f_a(0) = 0: alle Graphen haben den gemeinsamen Extrempunkt T(0 | 0). Für x < 0 ist f_a'(x) < 0, für x > 0 ist f_a'(x) > 0 – Vorzeichenwechsel von minus nach plus, also ein Tiefpunkt.";"f_a'(x) = 2a · x / (a · x² + 1)|f_a(0) = 0";"II";"den Nenner als möglichen Nullfaktor behandeln oder die geforderte Begründung doch über die zweite Ableitung führen";"Eigene Rechnung."
"2017-bb-ea-B2.1c";"2017";"2017-bb-ea";"B";"2.1";"Eisbecher";"c";"4";"14";"";"ja";"";"Analysis";"Tangente, Normale, Schnittwinkel";"Schranke für den Anstieg der Tangenten einer Schar begründen";"Tangentengleichung in einem Punkt des Graphen aufstellen|Gerade senkrecht zu einer gegebenen Tangente durch einen Punkt aufstellen|Flächeninhalt des von Tangente, Normale und y-Achse begrenzten Dreiecks berechnen";"Tangentenschar|Anstiegsschranke|Normale|Dreiecksfläche";"Ableitung einer Schar bilden|Term durch Polynomdivision oder Umformen abschätzen|Normale als Gerade mit dem negativen Kehrwert des Anstiegs aufstellen";"Begründung|Rechnung";"Begründen Sie|Ermitteln Sie";"Text|Zahl";"keins";"keine";"ohne";"mittel";"Funktionenschar f_a mit f_a(x) = ln(a · x² + 1), a > 0. Die Tangenten an G_a im Punkt B_a(1 | f_a(1)) sind t_a. Für a = 1 ist f_1(x) = ln(x² + 1) mit B_1(1 | ln 2). [Kontrollergebnis: t_1: y = x + ln 2 − 1]";"Begründung, dass keine der Tangenten t_a einen Anstieg größer als 2 haben kann; Flächeninhalt des Dreiecks, das von der y-Achse sowie der Tangente und der Normalen an G_1 im Punkt B_1 begrenzt wird";"Anstieg m(a) = f_a'(1) = 2a/(a + 1) = 2 − 2/(a + 1); für a > 0 ist der Subtrahend positiv, also m(a) < 2. Für a = 1 ist m = 1, damit t_1: y = x + ln 2 − 1 und n_1: y = −x + ln 2 + 1. Beide Geraden schneiden die y-Achse in ln 2 − 1 und ln 2 + 1; die Grundseite auf der y-Achse ist 2 LE lang, die zugehörige Höhe ist der x-Abstand 1 des Punktes B_1.";"7";"ganz";"";"";"m(a) = 2a/(a + 1) = 2 − 2/(a + 1) < 2 für alle a > 0, der Anstieg bleibt also stets unter 2. t_1: y = x + ln 2 − 1, n_1: y = −x + ln 2 + 1; das Dreieck hat die Grundseite 2 und die Höhe 1, sein Flächeninhalt ist A = 1 FE.";"m(a) = 2a/(a + 1)|t_1: y = x + ln 2 − 1|n_1: y = −x + ln 2 + 1|Achsenschnittpunkte (0 | ln 2 − 1) und (0 | ln 2 + 1)";"III";"den Grenzwert 2 des Anstiegs als angenommenen Wert deuten statt als obere Schranke, oder bei der Dreiecksfläche die Grundseite auf der y-Achse mit der Höhe verwechseln";"Das Kontrollergebnis t_1 ist im Heft abgedruckt und durch eigene Rechnung bestätigt. Mit 14 BE die umfangreichste Teilaufgabe des Hefts. Eigene Rechnung."
"2017-bb-ea-B2.1d";"2017";"2017-bb-ea";"B";"2.1";"Eisbecher";"d";"4";"4";"";"ja";"";"Analysis";"Rotationsvolumen";"Umbeschriebenes Prisma zu einem Rotationskörper bestimmen";"";"Rotationskörper|maximaler Radius|Verpackung|Maßstab";"Randwerte einer Funktion berechnen|Längenmaßstab 1 LE = 4 cm anwenden|Durchmesser aus dem Radius bilden";"Rechnung";"Ermitteln Sie";"Zahl";"Figur";"Halber Längsquerschnitt eines Eisbechers im ersten Quadranten: zwei von links unten nach rechts oben verlaufende Kurven, innen der Graph G_h, außen der Graph G_k; die dunkel getönte Fläche zwischen beiden ist die Becherwand, die hellere Fläche links davon der Innenraum. Unten sitzt zwischen x-Achse und der Parabel p der Fuß. Auf der x-Achse ist 1 beschriftet, auf der y-Achse 1 und 2; rechts begrenzt eine gestrichelte Senkrechte bei x = 1,5 die Fläche.";"Verpackung / Eisbecher";"lang";"Der halbe Längsquerschnitt eines Eisbechers wird im Intervall [0; 1,5] durch Teile der Graphen von h mit h(x) = 0,75 · f_2(x) + 1 = 0,75 · ln(2x² + 1) + 1 und von k mit k(x) = 1,75 · ln(2,5x + 1) − 0,5, eine zur y-Achse symmetrische quadratische Parabel p und die beiden Koordinatenachsen begrenzt. Der Eisbecher entsteht durch Rotation dieser Fläche um die y-Achse, 1 LE = 4 cm. Je zwölf Eisbecher werden stehend in einem quaderförmigen Karton mit zwölf gleich großen quaderförmigen Fächern verpackt.";"Kantenlängen, die ein Fach für einen stehenden Eisbecher mindestens haben muss";"Der größte Radius des Rotationskörpers ist der Randwert x = 1,5 LE, also 6 cm; die Grundfläche eines Fachs muss deshalb mindestens 12 cm mal 12 cm messen. Die Höhe ist der größte Funktionswert am rechten Rand: h(1,5) = 0,75 · ln 5,5 + 1.";"4";"dezimal";"cm";"";"Ein Fach muss mindestens 12 cm mal 12 cm messen und rund 9,2 cm hoch sein (Radius 1,5 LE = 6 cm; Höhe h(1,5) ≈ 2,279 LE ≈ 9,11 cm).";"h(1,5) = 0,75 · ln 5,5 + 1 ≈ 2,279|Durchmesser 2 · 1,5 LE = 12 cm";"II";"den Radius statt des Durchmessers als Kantenlänge nehmen oder die Umrechnung 1 LE = 4 cm vergessen";"Die Becherhöhe ist der Funktionswert von h am Rand x = 1,5, nicht der von k (k(1,5) ≈ 2,227). Der vorhandene Typ ist übernommen; seine Definition nennt bislang nur Grundfläche und Mindestvolumen, hier sind es Grundfläche und Höhe. Eigene Rechnung."
"2017-bb-ea-B2.1e";"2017";"2017-bb-ea";"B";"2.1";"Eisbecher";"e";"4";"9";"";"ja";"";"Analysis";"Funktionsscharen und Ortskurven";"Scharparameter aus einer Nullstelle und einem Flächeninhalt bestimmen";"";"Parabel|Symmetrie|Flächenbedingung|Maßstab|Rekonstruktion";"Integral einer quadratischen Funktion bilden|Flächenmaßstab 1 FE = 16 cm² anwenden|Ansatz mit Symmetrie verkürzen";"Rechnung";"Ermitteln Sie";"Term";"Figur";"Im halben Längsquerschnitt des Eisbechers liegt unten am Fuß die zur y-Achse symmetrische Parabel p; die dunkel getönte Fläche zwischen ihr und der x-Achse reicht von der y-Achse bis zur Nullstelle der Parabel bei x = 1 und ist am linken Rand 0,2 LE hoch.";"Verpackung / Eisbecher";"mittel";"Der Fuß des Eisbechers, dessen oberer Rand im Querschnitt durch die zur y-Achse symmetrische quadratische Parabel p modelliert wird, hat am Boden einen Durchmesser von 8 cm und eine Querschnittsfläche von 64/15 cm². Es gilt 1 LE = 4 cm. [Kontrollergebnis: p(x) = −0,2x² + 0,2]";"Gleichung der Parabel p";"Symmetrie zur y-Achse liefert den Ansatz p(x) = a · x² + c. Der Durchmesser 8 cm entspricht 2 LE, also ist p(1) = 0 und damit a = −c, das heißt p(x) = c · (1 − x²). Die Querschnittsfläche 64/15 cm² entspricht wegen 1 FE = 16 cm² genau 4/15 FE. Aus dem Integral von −1 bis 1 über c · (1 − x²) folgt 4c/3 = 4/15.";"5";"dezimal|Bruch";"cm|cm²";"";"c = 0,2, also p(x) = −0,2x² + 0,2";"Ansatz p(x) = c · (1 − x²)|Fläche in Flächeneinheiten: 4c/3|64/15 cm² = 4/15 FE";"III";"die Querschnittsfläche ohne die Umrechnung 1 FE = 16 cm² einsetzen oder nur die halbe Fläche von 0 bis 1 ansetzen";"Das Kontrollergebnis ist im Heft abgedruckt und durch eigene Rechnung bestätigt; die Bestätigung gelingt nur mit der vollen Querschnittsfläche von −1 bis 1. Eigene Rechnung."
"2017-bb-ea-B2.1f";"2017";"2017-bb-ea";"B";"2.1";"Eisbecher";"f";"4";"7";"";"ja";"";"Analysis";"Rotationsvolumen";"Fehlerhaftes Verfahren zur Volumenberechnung beurteilen und berichtigen";"Rotationsvolumen um die y-Achse über die Umkehrfunktion aufstellen|Volumenmaßstab zwischen Modell und Wirklichkeit umrechnen";"Rotation um die y-Achse|Volumenmaßstab|Dichte|Fehleranalyse";"Formel für das Rotationsvolumen um die y-Achse kennen|Umkehrung einer Parabel bilden|Masse als Produkt aus Volumen und Dichte kennen";"Begründung";"Beurteilen Sie|Beschreiben Sie";"Text";"keins";"Im Heft ist zu dieser Teilaufgabe keine Abbildung vorgegeben; eine Skizze ist ausdrücklich freigestellt. Sinnvoll ist der Fuß als Rotationskörper um die y-Achse mit der Parabel p als oberem Rand und einer waagerechten Scheibe der Dicke Δy mit dem Radius x(y).";"Verpackung / Eisbecher";"lang";"Der Fuß des Eisbechers entsteht durch Rotation der Fläche zwischen der Parabel p mit p(x) = −0,2x² + 0,2 und der x-Achse um die y-Achse; es gilt 1 LE = 4 cm. Zur Berechnung der Masse des Fußes geht ein Schüler so vor: (1) Volumen in VE über V = π · Integral von 0 bis 1 über (p(x))² dx; (2) Umwandeln in cm³ über den Ansatz 1 VE / 4 cm³ = V / V(cm³); (3) Multiplizieren des erhaltenen Wertes mit der Dichte des Materials.";"Beurteilung der drei Teilschritte jeweils einzeln und Beschreibung, wie fehlerhafte Schritte zu berichtigen sind";"Schritt 1 gehört zur Rotation um die x-Achse. Bei Rotation um die y-Achse ist über y zu integrieren: aus y = −0,2x² + 0,2 folgt x² = 1 − 5y, also V = π · Integral von 0 bis 0,2 über (1 − 5y) dy. Schritt 2 überträgt den Längenmaßstab ohne Potenzierung: aus 1 LE = 4 cm folgt 1 VE = 4³ cm³ = 64 cm³. Schritt 3 ist richtig, sofern Volumen und Dichte in zueinander passenden Einheiten stehen.";"5";"dezimal|Potenz";"cm³";"2017-bb-ea-B2.1e";"(1) falsch – die Rotation um die y-Achse verlangt V = π · Integral von 0 bis 0,2 über (1 − 5y) dy = 0,1 · π VE ≈ 0,314 VE. (2) falsch – es gilt 1 VE = 64 cm³, nicht 4 cm³; der Wert ist mit 64 zu multiplizieren, hier also rund 20,1 cm³. (3) richtig – die Masse ist das Produkt aus Volumen und Dichte, wenn die Einheiten zusammenpassen.";"x² = 1 − 5y|V = 0,1 · π VE ≈ 0,314 VE|V ≈ 20,1 cm³";"III";"die Rotationsachse nicht prüfen und den Ansatz für die x-Achse übernehmen, oder den Längenmaßstab ohne dritte Potenz auf das Volumen übertragen";"Die Zahlenwerte 0,314 VE und 20,1 cm³ sind eigene Rechnung; das Heft verlangt nur die Beurteilung und die Berichtigung. Das Feld skizze beschreibt eine freigestellte, vom Prüfling zu erstellende Darstellung, nicht vorhandenes Aufgabenmaterial. Eigene Rechnung."
"2017-bb-ea-B2.2a";"2017";"2017-bb-ea";"B";"2.2";"Straßenverlauf";"a";"5";"6";"";"ja";"";"Analysis";"Grenzwerte und Verhalten im Unendlichen";"Nullstelle und Grenzverhalten eines Produkts aus Polynom und e-Funktion angeben";"Nullstellen und Werte: Nullstellenfreiheit und Wertemenge einer e-Funktion aus dem Term begründen|Symmetrie: Symmetrieart am Term über die Exponenten begründen";"Funktionenschar|Grenzverhalten|Nullstellenfreiheit|Achsensymmetrie";"Verhalten der Exponentialfunktion für große und kleine Argumente kennen|Symmetriekriterium f(−x) = f(x) anwenden";"Kurzantwort|Begründung";"Geben Sie an|Begründen Sie|Weisen Sie nach";"Term|Text";"keins";"keine";"ohne";"kurz";"Funktionenschar f_a mit f_a(x) = e^(2ax) + e^(−2ax); x ∈ IR, a ∈ IR, a ≠ 0. Die zugehörigen Graphen sind G_a.";"Verhalten der Funktionswerte für a > 0 bei x → +∞ und bei x → −∞; Begründung, dass keine Funktion f_a eine Nullstelle hat; Nachweis, dass alle Graphen G_a achsensymmetrisch zur y-Achse verlaufen";"Für a > 0 wächst e^(2ax) bei x → +∞ unbeschränkt, während e^(−2ax) gegen null geht; bei x → −∞ vertauschen sich die Rollen. Beide Summanden sind stets positiv, also ist f_a(x) > 0. Für die Symmetrie f_a(−x) bilden und mit f_a(x) vergleichen.";"4";"ganz|Potenz";"";"";"Für a > 0 gilt f_a(x) → +∞ sowohl für x → +∞ als auch für x → −∞. Als Summe zweier stets positiver Exponentialterme ist f_a(x) > 0, es gibt also keine Nullstelle. Wegen f_a(−x) = e^(−2ax) + e^(2ax) = f_a(x) ist jeder Graph achsensymmetrisch zur y-Achse.";"f_a(−x) = e^(−2ax) + e^(2ax)";"II";"beim Grenzverhalten nur den wachsenden Summanden betrachten und das Vorzeichen von a außer Acht lassen";"Drei Leistungen in einer Einheit; thema folgt dem ersten Typ. Eigene Rechnung."
"2017-bb-ea-B2.2b";"2017";"2017-bb-ea";"B";"2.2";"Straßenverlauf";"b";"5";"10";"";"ja";"";"Analysis";"Funktionsscharen und Ortskurven";"Gemeinsamen Extrempunkt einer Funktionenschar nachweisen";"Extrempunkt an vorgegebener Stelle nachweisen|Fehlen von Wendepunkten über die zweite Ableitung nachweisen";"Funktionenschar|gemeinsamer Tiefpunkt|zweite Ableitung|Wendepunkte";"Ableitung von Exponentialfunktionen mit Kettenregel bilden|Exponentialgleichung lösen|hinreichendes Kriterium für Extrem- und Wendestellen kennen";"Rechnung|Begründung";"Zeigen Sie|Ermitteln Sie|Untersuchen Sie";"Term|Text";"keins";"keine";"ohne";"kurz";"Funktionenschar f_a mit f_a(x) = e^(2ax) + e^(−2ax); x ∈ IR, a ∈ IR, a ≠ 0, mit den Graphen G_a.";"Nachweis, dass alle Graphen G_a denselben lokalen Extrempunkt besitzen; dessen Art und Koordinaten; Untersuchung auf mögliche Wendepunkte";"f_a'(x) = 2a · (e^(2ax) − e^(−2ax)); Nullsetzen führt auf e^(4ax) = 1 und damit auf x = 0 für jedes a, mit f_a(0) = 2. f_a''(x) = 4a² · (e^(2ax) + e^(−2ax)) ist für a ≠ 0 stets positiv: an der Stelle 0 liegt ein Tiefpunkt, und weil die zweite Ableitung nirgends null wird, gibt es keine Wendepunkte.";"6";"ganz|Potenz";"";"";"Alle Graphen haben den gemeinsamen Tiefpunkt T(0 | 2). Wegen f_a''(x) = 4a² · f_a(x) > 0 für alle x besitzt kein Graph G_a einen Wendepunkt.";"f_a'(x) = 2a · (e^(2ax) − e^(−2ax))|e^(4ax) = 1|f_a''(x) = 4a² · f_a(x)";"II";"aus e^(4ax) = 1 auf 4ax = 1 statt auf 4ax = 0 schließen oder die Wendepunkte nur an einem Beispielgraphen prüfen";"Eigene Rechnung."
"2017-bb-ea-B2.2c";"2017";"2017-bb-ea";"B";"2.2";"Straßenverlauf";"c";"5|6";"9";"";"ja";"";"Analysis";"Extremalprobleme";"Dreieck zu Schnittpunkten mit einer Parallelen zur x-Achse einzeichnen";"Existenz eines Flächenmaximums ohne Rechnung begründen|Flächeninhaltsterm eines Dreiecks unter dem Graphen begründen";"Parallele zur x-Achse|Dreieck|Zielfunktion|Randverhalten|Maximum";"Achsensymmetrie des Graphen nutzen|Flächenformel für das Dreieck anwenden|offene und abgeschlossene Intervalle unterscheiden";"Zeichnen|Begründung|Rechnung";"Zeichnen Sie ein|Begründen Sie|Ermitteln Sie";"Grafik|Text|Term";"Koordinatensystem";"Vorgegeben ist ein Koordinatensystem von x = −6 bis 6 und y = 0 bis etwa 7,5 mit dem bereits eingezeichneten Graphen G_0,15: eine nach oben geöffnete, zur y-Achse symmetrische Kurve mit dem Tiefpunkt (0 | 2), die am Rand bei x = ±6 etwa den Wert 7,3 erreicht, beschriftet mit G_0,15. Einzuzeichnen sind eine Parallele zur x-Achse y = k mit 2 < k < 6, deren beide Schnittpunkte A_k und B_k mit dem Graphen und das Dreieck A_k B_k C mit C(0 | 6).";"ohne";"lang";"Funktionenschar f_a mit f_a(x) = e^(2ax) + e^(−2ax); für a = 0,15 ist f_0,15(x) = e^(0,3x) + e^(−0,3x) mit dem Graphen G_0,15. Dieser wird von den Parallelen zur x-Achse mit der Gleichung y = k; 2 < k < 6 in den Punkten A_k und B_k geschnitten. A_k, B_k und der Punkt C(0 | 6) bilden ein Dreieck. Ein Koordinatensystem mit dem Graphen G_0,15 ist auf der Folgeseite abgedruckt.";"Zeichnung eines der möglichen Dreiecke A_k B_k C; Begründung ohne Rechnung, dass keines der Dreiecke einen minimalen Flächeninhalt haben kann, wohl aber eines einen maximalen; Gleichung für den Flächeninhalt in Abhängigkeit vom x-Wert des im I. Quadranten liegenden Eckpunktes";"Wegen der Achsensymmetrie liegen A_k und B_k spiegelbildlich zur y-Achse: ist u der x-Wert des Eckpunktes im I. Quadranten, so ist die Grundseite 2u lang und die Höhe 6 − k = 6 − f_0,15(u). Für k gegen 2 schrumpft die Grundseite, für k gegen 6 die Höhe gegen null; da beide Randwerte wegen 2 < k < 6 nicht angenommen werden, gibt es kein kleinstes Dreieck, wegen der Stetigkeit im Inneren aber ein größtes.";"5";"dezimal|Potenz";"";"";"A(u) = u · (6 − e^(0,3u) − e^(−0,3u)). Ein minimaler Flächeninhalt existiert nicht, weil die Fläche an den offenen Rändern k → 2 und k → 6 beliebig klein wird, ohne den Wert null anzunehmen; ein maximaler Flächeninhalt existiert, weil die Fläche im offenen Inneren stetig und positiv ist und zu beiden Rändern hin abfällt.";"Grundseite A_k B_k = 2u|Höhe 6 − f_0,15(u)";"III";"die Randfälle k = 2 und k = 6 als mögliche Dreiecke zulassen und daraus auf ein Minimum schließen";"Das Koordinatensystem steht auf der folgenden Seite; seite nennt Aufgabenseite und Anlage. Das Feld skizze beschreibt sowohl das vorgegebene Material als auch die zu erstellende Zeichnung. Zur Einordnung: das Maximum liegt bei u ≈ 3,56 mit A ≈ 9,78 FE, im Heft ist es nicht gefordert. Das Einzeichnen hat in der Themenliste Analysis kein eigenes Thema; ersatzweise Extremalprobleme. Eigene Rechnung."
"2017-bb-ea-B2.2d";"2017";"2017-bb-ea";"B";"2.2";"Straßenverlauf";"d";"5";"6";"";"ja";"";"Analysis";"Tangente, Normale, Schnittwinkel";"Näherungsweise tangentiale Einmündung einer Geraden nachweisen";"";"knickfreier Anschluss|Tangente|Näherung|Modellierung";"Funktionswert und Ableitungswert an einer Stelle berechnen|Bedingungen für eine Tangente kennen";"Rechnung|Begründung";"Zeigen Sie";"Text|Zahl";"keins";"keine";"Straßenbau";"mittel";"Für diese Teilaufgabe gilt 1 LE = 150 m. Eine langgezogene Kurve auf einer Landstraße wird im Intervall [−2; 4] näherungsweise durch den Graphen G_0,15 von f_0,15(x) = e^(0,3x) + e^(−0,3x) modelliert. Im Punkt P(4 | f_0,15(4)) mündet sie tangential, also ohne Knick, in eine zunächst geradlinig verlaufende Schnellstraße.";"Nachweis, dass ein Teil der Schnellstraße für x ≥ 4 näherungsweise durch einen Teil der Geraden g mit y = 0,9x modelliert werden kann";"Funktionswert und Anstieg an der Stelle 4 mit den Werten der Geraden vergleichen: f_0,15(4) = e^(1,2) + e^(−1,2) gegen g(4) = 3,6 sowie f_0,15'(4) = 0,3 · (e^(1,2) − e^(−1,2)) gegen den Anstieg 0,9.";"4";"dezimal|Potenz";"m";"";"f_0,15(4) ≈ 3,621 gegenüber g(4) = 3,6 und f_0,15'(4) ≈ 0,906 gegenüber dem Anstieg 0,9: Berührpunkt und Anstieg stimmen bis auf wenige Tausendstel überein, die Gerade ist also eine geeignete Näherung.";"f_0,15(4) ≈ 3,6213|f_0,15'(4) ≈ 0,9057";"II";"nur den Funktionswert vergleichen und die Übereinstimmung der Anstiege nicht prüfen";"Eigene Rechnung."
"2017-bb-ea-B2.2e";"2017";"2017-bb-ea";"B";"2.2";"Straßenverlauf";"e";"5";"10";"";"ja";"";"Analytische Geometrie";"Geraden";"Punkt auf einer Geraden mit vorgegebenem Abstand zum Aufpunkt bestimmen";"Gleichungssystem zur Bestimmung einer Parabelgleichung aufstellen";"Streckenlänge|Maßstab|knickfreier Übergang|Gleichungssystem|Parabel";"Satz des Pythagoras in der Ebene anwenden|Maßstab 1 LE = 150 m umrechnen|Bedingungen für Punkt und Anstieg in Gleichungen übersetzen";"Rechnung";"Ermitteln Sie|Stellen Sie auf";"Zahl|Term";"keins";"keine";"Straßenbau";"lang";"Es gilt 1 LE = 150 m. Die Schnellstraße verläuft ab dem Punkt P(4 | 3,6) entlang der Geraden g mit y = 0,9x über eine Strecke von 2,1 km geradlinig bis zum Punkt S und führt dann knickfrei durch eine scharfe Rechtskurve auf eine Bundesstraße. Die Rechtskurve wird durch eine quadratische Parabel beschrieben, auf der unter anderem der Punkt Q(15,5 | 13,3) liegt. [Zur Kontrolle: S(14,4 | 13)]";"Koordinaten des Punktes S; Gleichungssystem zur Ermittlung der Parabelgleichung";"2,1 km entsprechen 14 LE. Von P aus in Richtung (1 | 0,9) weitergehen: die Länge 14 verteilt sich auf Δx = 14 / √(1 + 0,81) und Δy = 0,9 · Δx; daraus folgen die Koordinaten von S. Für die Parabel y = ax² + bx + c drei Bedingungen aufstellen: Punkt S, Punkt Q und knickfreier Anschluss, also Anstieg 0,9 an der Stelle 14,4.";"6";"dezimal|Wurzel";"m|km";"2017-bb-ea-B2.2d";"S(14,4 | 13) – eigene Rechnung liefert (14,406 | 12,966). Gleichungssystem: 207,36a + 14,4b + c = 13; 240,25a + 15,5b + c = 13,3; 28,8a + b = 0,9.";"2,1 km = 14 LE|Δx = 14/√1,81 ≈ 10,406";"III";"die Streckenlänge 14 LE als Zuwachs in x-Richtung nehmen, statt sie über den Pythagoras auf Δx und Δy aufzuteilen";"Die Kontrollangabe S(14,4 | 13) ist im Heft abgedruckt und durch eigene Rechnung bestätigt; sie ist gerundet. Das Gleichungssystem ist nur aufzustellen, nicht zu lösen. Teilaufgabe der Analysis-Aufgabe Straßenverlauf; leitidee und thema folgen dem Typ (Lauf 13). Eigene Rechnung."
"2017-bb-ea-B2.2f";"2017";"2017-bb-ea";"B";"2.2";"Straßenverlauf";"f";"6";"9";"";"ja";"";"Analysis";"Flächeninhalt durch Integration";"Fläche: Abschnittsweise begrenzte Fläche durch Integration berechnen";"Fläche: Flächenmaßstab eines Modells auf eine Realfläche anwenden";"Integral|abschnittsweise Berandung|Flächenmaßstab|Hektar";"Stammfunktion von Exponentialfunktionen bilden|Integral einer linearen Funktion berechnen|Prozentanteil bilden|1 ha = 10 000 m² kennen";"Rechnung";"Ermitteln Sie|Geben Sie an";"Zahl";"keins";"keine";"Landwirtschaft";"mittel";"Es gilt 1 LE = 150 m. Die Landstraße wird für 0 ≤ x ≤ 4 durch den Graphen von f_0,15(x) = e^(0,3x) + e^(−0,3x) modelliert, die Schnellstraße für x ≥ 4 durch die Gerade y = 0,9x. Die von den beiden Koordinatenachsen, der Landstraße, der Schnellstraße und der Geraden x = 7 eingeschlossene Fläche nutzt ein Landwirt zu 80 % für den Anbau von Getreide.";"Größe der Getreideanbaufläche in Hektar";"Die Fläche in zwei Abschnitten integrieren: von 0 bis 4 unter dem Graphen von f_0,15 mit der Stammfunktion (10/3) · (e^(0,3x) − e^(−0,3x)), von 4 bis 7 unter der Geraden. Die Summe mit 1 FE = 150² m² = 22 500 m² in Quadratmeter umrechnen und davon 80 % nehmen.";"6";"dezimal|Prozent|Potenz";"m²|ha";"2017-bb-ea-B2.2d";"Integral von 0 bis 4 ≈ 10,063 FE, Integral von 4 bis 7 = 14,85 FE, zusammen ≈ 24,913 FE ≈ 560 544 m². Davon 80 % sind rund 448 435 m², also etwa 44,8 ha.";"Integral von 0 bis 4 ≈ 10,063|Integral von 4 bis 7 = 14,85|Gesamtfläche ≈ 24,913 FE";"II";"den Flächenmaßstab mit 150 statt mit 150² ansetzen oder die Umrechnung von Quadratmetern in Hektar vergessen";"Eigene Rechnung, mit sympy bestätigt."
"2017-bb-ea-B3.1a";"2017";"2017-bb-ea";"B";"3.1";"Zelt";"a";"7";"5";"";"ja";"";"Analytische Geometrie";"Punkte und Strecken im Koordinatensystem";"Körper: Koordinaten der Eckpunkte eines beschriebenen Körpers wählen";"Punkt: Mittelpunkt einer Strecke im Raum bestimmen|Körper: Körper in ein räumliches Koordinatensystem einzeichnen";"Pyramide|quadratische Grundfläche|Spitze|Schrägbild";"Lage von Punkten auf den Koordinatenachsen lesen|Mittelpunkt einer Strecke berechnen|räumliches Koordinatensystem zeichnen";"Kurzantwort|Zeichnen";"Geben Sie an|Zeichnen Sie ein";"Zahl|Grafik";"Koordinatensystem";"Abbildung 1 zeigt ein leeres räumliches Koordinatensystem ohne Skalierung: z-Achse nach oben, y-Achse nach rechts, x-Achse nach vorn links. Einzuzeichnen ist die Pyramide ABCDS mit quadratischer Grundfläche in der x-y-Ebene, Kantenlänge 5, und der Spitze S senkrecht über dem Grundflächenmittelpunkt in der Höhe 3,9.";"Camping";"lang";"Ein geschlossenes Zelt auf horizontalem Untergrund hat die Form einer Pyramide mit quadratischer Grundfläche; es ist 3,90 m hoch, die Seitenlänge des Zeltbodens beträgt 5,00 m. Im Modell ist die Pyramide ABCDS mit der Spitze S dargestellt: A liegt im Koordinatenursprung, B auf dem positiven Teil der x-Achse, D auf dem positiven Teil der y-Achse, C hat die Koordinaten (5 | 5 | 0); M ist der Mittelpunkt der Grundfläche. Das Dreieck ABS liegt in der Ebene E: −39y + 25z = 0. Eine Längeneinheit entspricht einem Meter.";"Koordinaten der Punkte B, D, M und S; Zeichnung der Pyramide in ein Koordinatensystem gemäß Abbildung 1";"Aus der Seitenlänge 5 und der Lage auf den Achsen folgen B und D; M ist der Mittelpunkt der Diagonale von A nach C; S liegt senkrecht über M in der Höhe 3,9. Kontrolle mit der Ebenengleichung: −39 · 2,5 + 25 · 3,9 = 0.";"3";"dezimal";"m";"";"B(5 | 0 | 0), D(0 | 5 | 0), M(2,5 | 2,5 | 0), S(2,5 | 2,5 | 3,9); die Pyramide wird mit quadratischer Grundfläche in der x-y-Ebene und der Spitze über M eingezeichnet.";"Probe: −39 · 2,5 + 25 · 3,9 = 0";"I";"die Spitze über einem Eckpunkt statt über dem Mittelpunkt der Grundfläche annehmen";"Das Feld skizze beschreibt das vorgegebene leere Koordinatensystem (Abbildung 1) und die zu erstellende Zeichnung. Eigene Rechnung."
"2017-bb-ea-B3.1b";"2017";"2017-bb-ea";"B";"3.1";"Zelt";"b";"7";"4";"";"ja";"";"Analytische Geometrie";"Skalarprodukt und Winkel";"Neigungswinkel einer Ebene gegen eine Koordinatenebene über die Normalenvektoren berechnen";"Koordinatengleichung einer Ebene aus Punkten oder Geraden bestimmen";"Zeltwände|Normalenvektoren|Schnittwinkel|Nebenwinkel";"Koordinatengleichung einer Ebene aufstellen|Skalarprodukt und Beträge berechnen|spitzen und stumpfen Winkel unterscheiden";"Rechnung";"Ermitteln Sie";"Zahl";"keins";"keine";"Camping";"kurz";"Pyramide ABCDS mit A(0 | 0 | 0), B(5 | 0 | 0), C(5 | 5 | 0), D(0 | 5 | 0) und S(2,5 | 2,5 | 3,9); die Zeltwände sind die Dreiecke ABS, BCS, CDS und ADS. Das Dreieck ABS liegt in der Ebene E: −39y + 25z = 0. Jeweils zwei benachbarte Zeltwände schließen im Inneren des Zelts einen stumpfen Winkel ein.";"Größe dieses stumpfen Winkels";"Die Ebene der Nachbarwand BCS aufstellen: 39x + 25z = 195 mit dem Normalenvektor (39 | 0 | 25); E hat den Normalenvektor (0 | −39 | 25). Über cos φ = (n_1 · n_2)/(|n_1| · |n_2|) = 625/2146 den Winkel zwischen den Normalenvektoren bestimmen; der Innenwinkel des Zelts ist dessen Nebenwinkel.";"4";"dezimal";"Grad";"2017-bb-ea-B3.1a";"cos φ = 625/2146 ≈ 0,2912, also φ ≈ 73,1°; der stumpfe Innenwinkel zwischen zwei benachbarten Zeltwänden beträgt rund 106,9°.";"Ebene BCS: 39x + 25z = 195|n_1 = (0 | −39 | 25), n_2 = (39 | 0 | 25)|φ ≈ 73,1°";"II";"den berechneten spitzen Winkel als Antwort angeben, ohne zum stumpfen Innenwinkel überzugehen";"Eigene Rechnung."
"2017-bb-ea-B3.1c";"2017";"2017-bb-ea";"B";"3.1";"Zelt";"c";"7";"5";"";"ja";"";"Analytische Geometrie";"Abstände";"Punkt mit gleichem Abstand zu allen Seitenflächen über die Symmetrieachse bestimmen";"Abstand eines Punktes von einer Ebene mit der Hesseschen Normalform berechnen";"Lichtquelle|Abstand zur Ebene|Symmetrieachse|Hessesche Normalform";"Hessesche Normalform aufstellen|Betragsgleichung lösen|Symmetrie eines Körpers ausnutzen";"Rechnung";"Ermitteln Sie";"Zahl";"keins";"keine";"Camping";"kurz";"Pyramide ABCDS mit quadratischer Grundfläche der Seitenlänge 5 und der Spitze S(2,5 | 2,5 | 3,9); der Grundflächenmittelpunkt ist M(2,5 | 2,5 | 0). Die Wand ABS liegt in der Ebene E: −39y + 25z = 0. Im Zelt hängt eine Lichtquelle so, dass sie von jeder der vier Wände 80 cm Abstand hat; 1 LE entspricht 1 m.";"Koordinaten des Punktes, der die Lichtquelle im Modell darstellt";"Aus der Symmetrie der Pyramide folgt, dass der Punkt auf der Senkrechten durch M liegt, also die Form L(2,5 | 2,5 | z) hat. Abstand zu E über die Hessesche Normalform: |−39 · 2,5 + 25z| / √(39² + 25²) = 0,8 mit √2146 ≈ 46,32. Von den beiden Lösungen die im Zeltinneren wählen.";"5";"dezimal";"m|cm";"2017-bb-ea-B3.1a";"Aus 97,5 − 25z = 0,8 · √2146 ≈ 37,06 folgt z ≈ 2,418; die Lichtquelle liegt bei L(2,5 | 2,5 | 2,42). Die zweite Lösung z ≈ 5,38 liegt oberhalb der Spitze und entfällt.";"√2146 ≈ 46,32|0,8 · √2146 ≈ 37,06";"III";"die Betragsgleichung nur mit einem Vorzeichen lösen und den Punkt außerhalb des Zelts angeben, oder 80 cm nicht in 0,8 LE umrechnen";"Eigene Rechnung."
"2017-bb-ea-B3.1d";"2017";"2017-bb-ea";"B";"3.1";"Zelt";"d";"7";"3";"";"ja";"";"Analytische Geometrie";"Linearkombination und lineare Abhängigkeit";"Lage eines Punktes auf einer Strecke über eine Linearkombination nachweisen";"";"Linearkombination|Ortsvektor|Strecke|Parameterdarstellung";"mit Ortsvektoren rechnen|Parameterform einer Strecke kennen|Terme umformen";"Begründung";"Weisen Sie nach";"Text";"keins";"keine";"Camping";"kurz";"Pyramide ABCDS mit C(5 | 5 | 0) und S(2,5 | 2,5 | 3,9). Der Ortsvektor eines Punktes P lässt sich in der Form OP = r · OC + s · OS mit r, s ∈ [0; 1] und r + s = 1 darstellen.";"Nachweis, dass P auf der Strecke CS liegt";"r = 1 − s einsetzen und umformen: OP = (1 − s) · OC + s · OS = OC + s · (OS − OC) = OC + s · CS. Das ist die Parameterdarstellung der Strecke von C nach S, die für s ∈ [0; 1] genau diese Strecke durchläuft.";"3";"ganz";"";"";"OP = OC + s · CS mit s ∈ [0; 1]; für s = 0 ist P = C, für s = 1 ist P = S, dazwischen liegt P auf der Strecke CS.";"OP = (1 − s) · OC + s · OS";"II";"an einem einzelnen Zahlenbeispiel prüfen, statt allgemein mit r = 1 − s umzuformen";"Der vorhandene Typ zum Beschreiben einer Linearkombination bleibt getrennt: dort wird eine Lage in Worten gedeutet, hier wird sie durch Umformung nachgewiesen. Eigene Rechnung."
"2017-bb-ea-B3.1e";"2017";"2017-bb-ea";"B";"3.1";"Zelt";"e";"7";"3";"";"ja";"";"Analytische Geometrie";"Abstände";"Strecke in einer geneigten Ebene über einen Höhenschnitt bestimmen";"Streckenlänge im Raum berechnen";"Vordach|geneigte Wand|Höhenschnitt|Rechteckseite";"Koordinatengleichung nach einer Koordinate auflösen|Satz des Pythagoras anwenden|Maße aus einer Abbildung entnehmen";"Rechnung|Begründung";"Weisen Sie nach";"Zahl|Text";"Figur";"Abbildung 2 zeigt das Zelt als Schrägbild einer Pyramide. An der rechten vorderen Wand ist ein dunkel ausgefülltes waagerechtes Vordach aufgespannt, darunter die helle dreieckige Öffnung; zwei senkrechte Stangen stützen die äußere Vordachkante. Rechts daneben zwei Maßangaben: 1,80 m als Höhe des Vordachs über dem Boden und 1,40 m als Breite zwischen den beiden Stangen.";"Camping";"lang";"Die Zeltwand CDS liegt in der Ebene F: 39y + 25z = 195, mit C(5 | 5 | 0) und D(0 | 5 | 0). Ein Teil dieser Wand wird mithilfe zweier Stangen zu einem waagerechten Vordach in 1,80 m Höhe aufgespannt; die dadurch entstehende Öffnung ist im Modell ein Rechteck, dessen eine Seite so auf der Strecke CD liegt, dass der eine Endpunkt von C ebenso weit entfernt ist wie der andere von D. Die Breite des Vordachs beträgt laut Abbildung 1,40 m; 1 LE entspricht 1 m.";"Nachweis, dass die Länge des Vordachs etwa 2,14 m beträgt";"Die Klappkante des Rechtecks liegt in der Wandebene in 1,80 m Höhe: aus 39y + 25 · 1,8 = 195 folgt y = 150/39 ≈ 3,846. Die Vordachlänge ist die Rechteckseite von der Bodenkante CD (y = 5, z = 0) bis zu dieser Kante, in der Wandebene gemessen, also √((5 − 3,846)² + 1,8²).";"4";"dezimal|Wurzel";"m";"";"y(z = 1,8) = 150/39 ≈ 3,846; die Länge beträgt √(1,154² + 1,8²) ≈ 2,138 m, also etwa 2,14 m.";"y(z = 1,8) ≈ 3,846|Differenz in y-Richtung ≈ 1,154";"III";"die Vordachlänge als waagerechten Abstand messen und die Neigung der Zeltwand außer Acht lassen";"Die Maße 1,80 m und 1,40 m stehen nur in Abbildung 2. Die eigene Rechnung bestätigt zugleich die in Teilaufgabe f genannte y-Koordinate 5,98 der äußeren Vordachkante: 3,846 + 2,138 = 5,984. Eigene Rechnung."
"2017-bb-ea-B3.1f";"2017";"2017-bb-ea";"B";"3.1";"Zelt";"f";"7";"5";"";"ja";"";"Analytische Geometrie";"Scharen von Geraden und Ebenen";"Ganzzahligen Scharparameter aus einer Bereichsbedingung an den Durchstoßpunkt bestimmen";"Schnittpunkt von Gerade und Ebene berechnen";"Sonnenstrahl|Richtungsvektor mit Parameter|Vordach|ganzzahlige Lösung";"Geradengleichung aus Punkt und Richtungsvektor aufstellen|Parameter aus einer Koordinatenbedingung bestimmen|Lösungsbereich abschätzen";"Rechnung";"Ermitteln Sie|Geben Sie an";"Zahl";"Figur";"Dieselbe Abbildung 2 wie in Teilaufgabe e: Zelt als Schrägbild mit dunkel ausgefülltem waagerechtem Vordach an der rechten vorderen Wand, zwei Stützstangen und den Maßangaben 1,80 m für die Höhe und 1,40 m für die Breite.";"Camping";"lang";"Zelt als Pyramide ABCDS mit dem Bodenmittelpunkt M(2,5 | 2,5 | 0). Das waagerechte Vordach liegt in 1,80 m Höhe, ist 1,40 m breit und mittig zur Kante CD angesetzt; seine wandseitige Kante liegt bei y ≈ 3,85, alle Punkte der äußeren Kante, an deren Enden die beiden Stangen befestigt sind, haben die y-Koordinate 5,98. Auf das Zelt treffendes Sonnenlicht verläuft längs paralleler Geraden mit dem Richtungsvektor (0,5 | −4,2 | a) und fällt durch ein kleines Loch im Vordach genau auf den Mittelpunkt des Zeltbodens; für a kommen verschiedene ganzzahlige Werte infrage.";"Ein möglicher ganzzahliger Wert für a und die Koordinaten des zugehörigen Punktes, der eine mögliche Position des Lochs im Vordach darstellt";"Gerade durch M mit dem gegebenen Richtungsvektor ansetzen und die Vordachhöhe z = 1,8 fordern: t = 1,8/a. Damit sind x = 2,5 + 0,5 · 1,8/a und y = 2,5 − 4,2 · 1,8/a. Das Loch muss auf dem Vordach liegen, also y zwischen 3,85 und 5,98 und x zwischen 1,8 und 3,2; das führt auf negative ganzzahlige Werte von a.";"6";"dezimal|negativ";"m";"2017-bb-ea-B3.1e";"Möglich sind a = −3, a = −4 und a = −5. Für a = −3 ist t = −0,6 und das Loch liegt bei (2,2 | 5,02 | 1,8).";"t = 1,8/a|a = −4: (2,275 | 4,39 | 1,8)|a = −5: (2,32 | 4,012 | 1,8)";"III";"das Vorzeichen von a nicht prüfen und einen Punkt außerhalb des Vordachs angeben";"Die wandseitige Kante bei y ≈ 3,85 folgt aus Teilaufgabe e und steht im Heft nicht ausdrücklich; sie begrenzt den zulässigen Bereich nach unten. Eigene Rechnung, mit sympy bestätigt."
"2017-bb-ea-B3.2a";"2017";"2017-bb-ea";"B";"3.2";"Gartenpavillon";"a";"8";"3";"";"ja";"";"Analytische Geometrie";"Skalarprodukt und Winkel";"Schnittwinkel zwischen Gerade und Ebene über Richtungs- und Normalenvektor berechnen";"";"Dachkante|Neigungswinkel|Grundflächenebene|Richtungsvektor";"Richtungsvektor einer Geraden ablesen|Normalenvektor der x-y-Ebene kennen|Winkelformel für Gerade und Ebene anwenden";"Rechnung";"Berechnen Sie";"Zahl";"Figur";"Schrägbild eines Pavillons: ein Quader mit quadratischer Grundfläche, deren Mittelpunkt im Koordinatenursprung liegt, darauf eine gerade quadratische Pyramide mit der Spitze S auf der z-Achse. Eingezeichnet sind die z-Achse nach oben, die y-Achse nach rechts, die x-Achse nach vorn links sowie die Punkte S oben, E an der oberen vorderen Quaderecke und A senkrecht darunter am Boden; verdeckte Kanten sind gestrichelt.";"Gartenbau";"lang";"Ein Pavillon wird vereinfacht als zusammengesetzter Körper aus einem Quader mit quadratischer Grundfläche und einer aufgesetzten geraden quadratischen Pyramide aufgefasst. Eine der senkrechten Kanten ist die Strecke AE mit A(1,5 | 1,5 | 0) und E(1,5 | 1,5 | 2,1); der Mittelpunkt der in der x-y-Ebene liegenden Grundfläche ist O(0 | 0 | 0). Eine der in der Spitze S zusammentreffenden Dachkanten ist Teil der Geraden g: x = (−1,5 | 1,5 | 2,1) + t · (−1,5 | 1,5 | −1); t ∈ IR. Es gilt 1 LE = 1 m.";"Neigungswinkel einer Dachkante gegenüber der Grundflächenebene";"Winkel zwischen dem Richtungsvektor (−1,5 | 1,5 | −1) und der x-y-Ebene mit dem Normalenvektor (0 | 0 | 1) über sin α = |v_z| / |v| bestimmen; |v| = √(2,25 + 2,25 + 1) = √5,5.";"3";"dezimal|Wurzel";"Grad";"";"|v| = √5,5 ≈ 2,345 und sin α = 1/√5,5 ≈ 0,4264, also α ≈ 25,2°.";"|v| = √5,5 ≈ 2,345";"II";"den Winkel zwischen Richtungs- und Normalenvektor angeben, statt ihn auf die Ebene zu beziehen";"Eigene Rechnung."
"2017-bb-ea-B3.2b";"2017";"2017-bb-ea";"B";"3.2";"Gartenpavillon";"b";"8";"2";"";"ja";"";"Analytische Geometrie";"Schnittmengen";"Spitze einer Pyramide als Schnittpunkt einer Kantengeraden mit einer Koordinatenachse berechnen";"Schnittpunkt von Gerade und Ebene berechnen";"Pavillon|Spitze|z-Achse|Gesamthöhe";"Geradenparameter aus einer Koordinatenbedingung bestimmen|Punkt durch Einsetzen berechnen";"Rechnung";"Ermitteln Sie";"Zahl";"Figur";"Dasselbe Schrägbild wie in Teilaufgabe a: Quader mit quadratischer Grundfläche um den Koordinatenursprung, darauf die Pyramide mit der Spitze S auf der z-Achse; beschriftet sind S, E und A sowie die drei Koordinatenachsen.";"Gartenbau";"mittel";"Pavillon aus Quader und aufgesetzter gerader quadratischer Pyramide; der Grundflächenmittelpunkt ist O(0 | 0 | 0), die Quaderkante AE reicht von A(1,5 | 1,5 | 0) bis E(1,5 | 1,5 | 2,1). Eine Dachkante ist Teil der Geraden g: x = (−1,5 | 1,5 | 2,1) + t · (−1,5 | 1,5 | −1); 1 LE = 1 m.";"Gesamthöhe des Pavillons";"Die Spitze liegt auf g und zugleich auf der z-Achse, also über dem Grundflächenmittelpunkt: aus −1,5 − 1,5 · t = 0 folgt t = −1. Einsetzen liefert den Punkt; die Gesamthöhe ist dessen z-Koordinate.";"3";"dezimal";"m";"";"t = −1 und S(0 | 0 | 3,1); der Pavillon ist 3,1 m hoch.";"t = −1";"II";"die Quaderhöhe 2,1 m und die Pyramidenhöhe verwechseln oder nur die Pyramidenhöhe angeben";"Eigene Rechnung."
"2017-bb-ea-B3.2c";"2017";"2017-bb-ea";"B";"3.2";"Gartenpavillon";"c";"8";"3";"";"ja";"";"Analytische Geometrie";"Ebenen";"Koordinatengleichung einer Ebene aus Gerade und Punkt nachweisen";"";"Dachfläche|Ebene durch Gerade und Punkt|Punktprobe|Normalenvektor";"Punktprobe in einer Koordinatengleichung durchführen|Orthogonalität über das Skalarprodukt prüfen";"Begründung";"Weisen Sie nach";"Text";"keins";"keine";"Gartenbau";"mittel";"Eine der dreieckigen Teilflächen des Pavillondaches liegt in der Ebene H, die die Gerade g: x = (−1,5 | 1,5 | 2,1) + t · (−1,5 | 1,5 | −1) und den Punkt E(1,5 | 1,5 | 2,1) enthält.";"Nachweis, dass die Ebene H durch die Gleichung 3y + 4,5z = 13,95 beschrieben werden kann";"Stützpunkt von g und Punkt E in die Gleichung einsetzen; anschließend zeigen, dass der Richtungsvektor von g orthogonal zum Normalenvektor (0 | 3 | 4,5) ist, damit die ganze Gerade in H liegt.";"3";"dezimal";"";"";"Für (−1,5 | 1,5 | 2,1) und für E(1,5 | 1,5 | 2,1) ergibt 3y + 4,5z jeweils 13,95. Wegen 3 · 1,5 + 4,5 · (−1) = 0 steht der Richtungsvektor von g senkrecht auf dem Normalenvektor, also liegt g ganz in H; damit beschreibt die Gleichung die Ebene durch g und E.";"3 · 1,5 + 4,5 · 2,1 = 13,95|n · v = 0";"II";"nur den Stützpunkt einsetzen und die Richtung der Geraden nicht prüfen";"Eigene Rechnung."
"2017-bb-ea-B3.2d";"2017";"2017-bb-ea";"B";"3.2";"Gartenpavillon";"d";"8";"2";"";"ja";"";"Analytische Geometrie";"Abstände";"Lotgerade von einem Punkt auf eine Ebene angeben";"";"Lampe|kleinster Abstand|Lotgerade|Normalenvektor";"Normalenvektor aus der Koordinatenform ablesen|Parameterform einer Geraden aufschreiben|Lotfußpunkt als Punkt kleinsten Abstands kennen";"Kurzantwort";"Geben Sie an";"Term";"keins";"keine";"Gartenbau";"kurz";"Eine Dachteilfläche des Pavillons liegt in der Ebene H: 3y + 4,5z = 13,95. Im Inneren des Pavillons befindet sich eine Lampe, vereinfacht durch den Punkt L(0 | 1 | 2) modelliert.";"Gleichung einer Geraden k, auf der neben L auch der Punkt der Ebene H liegt, der den kleinsten Abstand zu L hat";"Der Punkt kleinsten Abstands ist der Lotfußpunkt; die gesuchte Gerade ist das Lot durch L, also die Gerade mit dem Normalenvektor von H als Richtungsvektor.";"2";"dezimal";"";"2017-bb-ea-B3.2c";"k: x = (0 | 1 | 2) + r · (0 | 3 | 4,5); r ∈ IR, gleichwertig mit dem Richtungsvektor (0 | 2 | 3).";"";"I";"einen Richtungsvektor innerhalb der Ebene statt des Normalenvektors verwenden";"Eigene Rechnung."
"2017-bb-ea-B4.1a";"2017";"2017-bb-ea";"B";"4.1";"Vereinsjubiläum";"a";"9";"2";"";"ja";"";"Stochastik";"Vierfeldertafel";"Vierfeldertafel aus Anteilen vervollständigen";"";"Vierfeldertafel|Randhäufigkeiten|Prozentanteil|absolute Zahlen";"Prozentwert einer Gesamtzahl berechnen|Randsummen einer Vierfeldertafel ergänzen";"Rechnung";"Ermitteln Sie";"Zahl";"keins";"keine";"Vereinsfest";"mittel";"Zu einer Autogrammstunde haben 30 Frauen und 50 Männer je eine Frage eingereicht. 75 Prozent aller eingereichten Fragen beziehen sich auf den Fußball, die übrigen sind eher allgemeiner Natur. Die Fragen der Frauen verteilen sich zu gleichen Teilen auf rein fußballerische und allgemeine.";"Anzahl der von Männern gestellten Fragen, die eher allgemeine Dinge betreffen";"Insgesamt sind es 80 Fragen, davon 25 % allgemeine, also 20. Von den Frauen stammen 15 allgemeine Fragen; die Differenz entfällt auf die Männer.";"3";"ganz|Prozent";"";"";"20 − 15 = 5 Fragen von Männern betreffen eher allgemeine Dinge.";"80 Fragen insgesamt|20 allgemeine Fragen|15 allgemeine Fragen von Frauen";"I";"die 75 Prozent auf die Männerfragen statt auf alle Fragen beziehen";"Der vorhandene Typ wird übernommen, obwohl hier absolute Häufigkeiten statt Anteilen gegeben sind; der Lösungsweg ist derselbe. Eigene Rechnung."
"2017-bb-ea-B4.1b";"2017";"2017-bb-ea";"B";"4.1";"Vereinsjubiläum";"b";"9";"4";"";"ja";"";"Stochastik";"Bedingte Wahrscheinlichkeit und Bayes";"Bedingte Wahrscheinlichkeit aus Anteil und Schnittanteil berechnen";"";"Losentscheid|bedingte Wahrscheinlichkeit|Teilgruppe|Vierfeldertafel";"bedingte Wahrscheinlichkeit als Anteil innerhalb einer Teilgruppe deuten|Vierfeldertafel auswerten";"Rechnung";"Ermitteln Sie";"Zahl";"keins";"keine";"Vereinsfest";"mittel";"Unter den 80 Personen, die je eine Frage eingereicht haben (30 Frauen, 50 Männer), wird eine Jahreskarte verlost. 20 der Fragen sind eher allgemeiner Natur, davon 15 von Frauen und 5 von Männern. Bekannt ist bereits, dass der Gewinner eine eher allgemeine Frage gestellt hat.";"Wahrscheinlichkeit dafür, dass die Jahreskarte von einem Mann gewonnen wird";"Bedingte Wahrscheinlichkeit: Anteil der Männer unter den 20 Personen mit allgemeiner Frage, also 5/20.";"2";"Bruch|dezimal";"";"2017-bb-ea-B4.1a";"P(Mann | allgemeine Frage) = 5/20 = 0,25";"";"II";"die Wahrscheinlichkeit auf alle 80 Personen beziehen und 5/80 angeben";"Eigene Rechnung."
"2017-bb-ea-B4.1c";"2017";"2017-bb-ea";"B";"4.1";"Vereinsjubiläum";"c";"9";"4";"";"ja";"";"Stochastik";"Kenngrößen von Verteilungen";"Erwartungswert einer Zufallsgröße im Sachzusammenhang berechnen";"Laplace-Experiment: Laplace-Wahrscheinlichkeit als Anteil der günstigen Fälle angeben";"Glücksrad|Sektorwinkel|Erwartungswert|Gewinn je Wurst";"Wahrscheinlichkeit aus Winkelanteilen bestimmen|Erwartungswert einer Zufallsgröße bilden|Selbstkosten aus Preis und Gewinn erschließen";"Rechnung";"Ermitteln Sie";"Zahl";"keins";"keine";"Imbissstand";"lang";"Eine Bratwurst kostet 1,50 €, der Betreiber erzielt dabei 0,30 € Gewinn je verkaufter Wurst. Er stellt ein Glücksrad aus schwarzen und weißen Sektoren auf; die weißen Sektoren nehmen zusammen einen Winkel von 36° ein. Wer Weiß dreht, erhält die Wurst kostenlos.";"Betrag, auf den sich der Gewinn pro abgegebener Bratwurst durch die Aktion verringert";"P(weiß) = 36°/360° = 0,1. Bei Weiß entgehen dem Betreiber die Selbstkosten von 1,50 € − 0,30 € = 1,20 €. Erwartungswert des Gewinns: 0,9 · 0,30 € + 0,1 · (−1,20 €).";"4";"dezimal";"Euro|Grad";"";"P(weiß) = 0,1; der erwartete Gewinn beträgt 0,27 € − 0,12 € = 0,15 € je abgegebener Bratwurst, sinkt also von 0,30 € auf 0,15 € und damit um die Hälfte.";"P(weiß) = 0,1|Verlust bei Weiß 1,20 €";"III";"bei einer kostenlos abgegebenen Wurst nur den entgangenen Gewinn von 0,30 € statt der Selbstkosten von 1,20 € ansetzen";"Das Heft nennt keinen Einkaufspreis; die Selbstkosten von 1,20 € folgen aus Preis minus Gewinn. Die Frageformulierung nennt den neuen Gewinn, die Verringerung beträgt ebenfalls 0,15 €. Eigene Rechnung."
"2017-bb-ea-B4.2a";"2017";"2017-bb-ea";"B";"4.2";"Freizeit";"a";"10";"8";"";"ja";"";"Stochastik";"Baumdiagramm und Pfadregeln";"Pfadwahrscheinlichkeit einer vorgegebenen Ergebnisfolge als Produkt berechnen";"Kumulierte Binomialwahrscheinlichkeit mit dem Rechner ermitteln";"Bernoulli-Kette|erster Treffer|festgelegte Positionen|kumulierte Wahrscheinlichkeit";"Pfadregel für unabhängige Wiederholungen anwenden|Binomialformel anwenden|Ereignis mehr als 18 in Einzelfälle zerlegen";"Rechnung";"Berechnen Sie";"Zahl";"keins";"keine";"Freizeitverhalten";"lang";"In der deutschen Bevölkerung ab 14 Jahre sehen 96 % mindestens einmal pro Woche fern, 72,6 % lesen gern und 60,3 % arbeiten gern am Computer. Ereignis A: Zufällig ausgewählte Personen werden nacheinander befragt, erst die fünfte antwortet, dass sie gern am Computer arbeitet. Ereignis B: Von acht zufällig ausgewählten Personen arbeiten nur die dritte und die fünfte gern am Computer. Ereignis C: Unter 20 zufällig ausgewählten Personen befinden sich mehr als 18, die mindestens einmal pro Woche fernsehen.";"Wahrscheinlichkeiten der Ereignisse A, B und C";"A als Kette von vier Nichttreffern und einem Treffer: 0,397⁴ · 0,603. B mit festgelegten Positionen über die Pfadregel ohne Binomialkoeffizient: 0,603² · 0,397⁶. C als Binomialverteilung mit n = 20 und p = 0,96 über P(X = 19) + P(X = 20).";"6";"dezimal|Prozent|Potenz";"";"";"P(A) = 0,397⁴ · 0,603 ≈ 0,0150; P(B) = 0,603² · 0,397⁶ ≈ 0,00142; P(C) = 20 · 0,96¹⁹ · 0,04 + 0,96²⁰ ≈ 0,8103.";"0,397⁴ ≈ 0,02484|0,96²⁰ ≈ 0,4420|P(X = 19) ≈ 0,3683";"II";"bei B den Binomialkoeffizienten ansetzen, obwohl die Positionen der beiden Treffer festgelegt sind";"Drei Ereignisse in einer Einheit, zwei davon Pfadprodukte (ein Typ); thema folgt dem Typ (Lauf 13). Eigene Rechnung, mit sympy bestätigt."
"2017-bb-ea-B4.2b";"2017";"2017-bb-ea";"B";"4.2";"Freizeit";"b";"10";"4";"";"ja";"";"Stochastik";"Binomialverteilung";"Mindestanzahl von Versuchen einer Bernoulli-Kette über das Gegenereignis bestimmen";"";"Mindestwahrscheinlichkeit|Gegenereignis|Logarithmus|Stichprobenumfang";"Gegenereignis bilden|Exponentialungleichung durch Logarithmieren lösen|auf die nächste ganze Zahl aufrunden";"Rechnung";"Berechnen Sie";"Zahl";"keins";"keine";"Freizeitverhalten";"mittel";"72,6 % der deutschen Bevölkerung ab 14 Jahre lesen in ihrer Freizeit gern, die übrigen 27,4 % nicht.";"Mindestanzahl der Personen, die befragt werden müssten, um mit einer Mindestwahrscheinlichkeit von 98 % wenigstens eine Person zu finden, die nicht gern liest";"Gegenereignis: alle Befragten lesen gern. Aus 1 − 0,726ⁿ ≥ 0,98 folgt 0,726ⁿ ≤ 0,02, also n ≥ ln 0,02 / ln 0,726; aufrunden.";"4";"dezimal|Prozent";"";"";"n ≥ 12,22, es müssen also mindestens 13 Personen befragt werden.";"0,726ⁿ ≤ 0,02|ln 0,02 / ln 0,726 ≈ 12,22";"II";"beim Logarithmieren einer Ungleichung mit negativem Logarithmus das Ungleichheitszeichen nicht umdrehen oder abrunden";"Eigene Rechnung, mit sympy bestätigt."
"2017-bb-ea-B4.2c";"2017";"2017-bb-ea";"B";"4.2";"Freizeit";"c";"10";"5";"";"ja";"";"Stochastik";"Baumdiagramm und Pfadregeln";"Fehlenden Anteil im Baumdiagramm aus einer Randwahrscheinlichkeit berechnen";"Baumdiagramm zu einer zweistufigen Situation erstellen";"totale Wahrscheinlichkeit|Frauenanteil|Baumdiagramm|Vierfeldertafel";"Satz von der totalen Wahrscheinlichkeit anwenden|lineare Gleichung mit einer Unbekannten lösen|reduziertes Baumdiagramm zeichnen";"Rechnung|Zeichnen";"Berechnen Sie|Veranschaulichen Sie";"Zahl|Grafik";"keins";"Im Heft ist keine Abbildung vorgegeben; zu erstellen ist ein reduziertes Baumdiagramm mit der ersten Stufe weiblich (Anteil w) und männlich (1 − w) und der zweiten Stufe liest gern mit 0,76 beziehungsweise 0,69, alternativ eine Vierfeldertafel mit denselben Werten und der Randwahrscheinlichkeit 0,726.";"Freizeitverhalten";"mittel";"72,6 % der deutschen Bevölkerung ab 14 Jahre lesen in ihrer Freizeit gern. Dabei lesen 76 % der weiblichen und 69 % der männlichen Bevölkerung gern.";"Anteil der Frauen in der deutschen Bevölkerung; Veranschaulichung des Lösungsansatzes durch ein reduziertes Baumdiagramm oder eine Vierfeldertafel";"Frauenanteil w ansetzen und die totale Wahrscheinlichkeit bilden: 0,76 · w + 0,69 · (1 − w) = 0,726, also 0,07 · w = 0,036.";"4";"dezimal|Prozent";"";"";"w = 0,036/0,07 = 18/35 ≈ 0,514; der Frauenanteil beträgt rund 51,4 %.";"0,07 · w = 0,036";"II";"den Mittelwert aus 76 % und 69 % bilden, statt mit den unbekannten Anteilen zu gewichten";"Das Feld skizze beschreibt eine vom Prüfling zu erstellende Darstellung, nicht vorhandenes Aufgabenmaterial. Eigene Rechnung."
"2017-bb-ea-B4.2d";"2017";"2017-bb-ea";"B";"4.2";"Freizeit";"d";"10";"4";"";"ja";"";"Stochastik";"Binomialverteilung";"Einzelwahrscheinlichkeit der Binomialverteilung mit dem Rechner ermitteln";"Modalwert einer Binomialverteilung bestimmen";"Stornierung|Binomialformel|Term angeben|größte Wahrscheinlichkeit";"Bernoulli-Kette erkennen|Binomialformel mit dem Binomialkoeffizienten aufschreiben|Erwartungswert n · p als Orientierung nutzen";"Rechnung|Kurzantwort";"Geben Sie an|Ermitteln Sie";"Term|Zahl";"keins";"keine";"Lesung / Kartenverkauf";"lang";"Ein Buchhändler organisiert eine Lesung in einem Saal mit 175 Plätzen. Da im Mittel 5 % der bestellten Karten storniert werden, lässt er 180 Kartenreservierungen annehmen. k ist die Anzahl der stornierten Karten.";"Term für P(k), mit dem die Wahrscheinlichkeit für genau k Stornierungen berechnet werden kann; größter Wert dieser Wahrscheinlichkeit";"Bernoulli-Kette mit n = 180 und p = 0,05: P(k) = C(180; k) · 0,05^k · 0,95^(180 − k). Der größte Wert liegt beim Modalwert in der Nähe des Erwartungswerts n · p = 9; die Werte um 9 herum vergleichen.";"4";"dezimal|Prozent|Potenz";"";"";"P(k) = C(180; k) · 0,05^k · 0,95^(180 − k); der größte Wert wird bei k = 9 erreicht: P(9) ≈ 0,1352 gegenüber P(8) ≈ 0,1344 und P(10) ≈ 0,1217.";"Erwartungswert n · p = 9";"II";"die Stornierungen als Treffer mit p = 0,95 ansetzen oder den größten Wert bei k = 5 vermuten";"Die Saalkapazität von 175 Plätzen wird in dieser Teilaufgabe nicht gebraucht. Eigene Rechnung, mit sympy bestätigt."
"2017-bb-ea-B4.2e";"2017";"2017-bb-ea";"B";"4.2";"Freizeit";"e";"10";"4";"";"ja";"";"Stochastik";"Hypergeometrische Verteilung";"Wahrscheinlichkeit beim Ziehen ohne Zurücklegen über das Gegenereignis berechnen";"Ungeeignetheit des Binomialmodells begründen";"Auslosung|ohne Zurücklegen|bestimmte Person|Modellkritik";"Anzahl der Auswahlmöglichkeiten mit Binomialkoeffizienten bestimmen|Gegenereignis bilden|Voraussetzungen der Binomialverteilung kennen";"Rechnung|Begründung";"Berechnen Sie|Begründen Sie";"Zahl|Text";"keins";"keine";"Lesung / Kartenverkauf";"mittel";"An der Lesung nehmen 174 Besucher teil, darunter ein Deutschkurs und dessen Lehrerin. Aus den Teilnehmern werden fünf Personen ausgelost, die je eine Freikarte für die nächste Veranstaltung erhalten.";"Wahrscheinlichkeit dafür, dass die Lehrerin unter den fünf Gewinnern ist; Begründung, dass das Modell der Binomialverteilung dafür ungeeignet ist";"Ziehen ohne Zurücklegen: über das Gegenereignis P = 1 − C(173; 5)/C(174; 5) = 1 − 169/174, gleichwertig zur Überlegung, dass jede der 174 Personen dieselbe Chance hat, unter den fünf Gezogenen zu sein. Die Binomialverteilung setzt unabhängige Wiederholungen mit gleichbleibender Trefferwahrscheinlichkeit voraus.";"3";"Bruch|dezimal";"";"";"P = 5/174 ≈ 0,0287. Die Binomialverteilung ist ungeeignet, weil ohne Zurücklegen gezogen wird: Die Trefferwahrscheinlichkeit ändert sich von Zug zu Zug, die Züge sind nicht unabhängig.";"C(173; 5)/C(174; 5) = 169/174";"II";"mit fünf unabhängigen Zügen und der festen Wahrscheinlichkeit 1/174 rechnen";"Eigene Rechnung, mit sympy bestätigt."
"2018-be-gk-B1.1a";"2018";"2018-be-gk";"B";"1.1";"Skisprunganlage";"a";"2";"3";"";"ja";"";"Analysis";"Funktionsklassen und Eigenschaften";"Nullstellen und Werte: Vertikalen Abstand zweier Punkte als Differenz von Funktionswerten berechnen";"Nullstellen und Werte: Schnittpunkt mit der y-Achse und Steigung des Graphen dort angeben";"Skisprunganlage|Funktionswert|Höhenunterschied|Bauwerk";"Funktionswerte einsetzen|Lage der Punkte aus der Abbildung entnehmen";"Rechnung";"Berechnen Sie";"Zahl";"Skizze";"Profilzeichnung in einem x-y-Koordinatensystem ohne Achsenteilung. Links der y-Achse liegt das grau ausgefüllte Bauwerk ABCS: A oben links auf dem Graphen von h, B senkrecht darunter, C rechts von B, S senkrecht über C auf der y-Achse; die Oberkante von A nach S ist mit h beschriftet und als Anlaufbahn bezeichnet. Rechts der y-Achse fällt der mit g beschriftete Aufsprunghang von C aus bis zum Tiefpunkt U und steigt danach leicht an; auf dem fallenden Ast ist der Punkt K markiert. Die Fläche unter dem Bauwerk und unter dem Aufsprunghang ist schraffiert.";"Skisprunganlage";"mittel";"Profil einer Skisprunganlage mit g(x) = 1/1000 · (1/2000 · x⁴ − 10x² + 50 000) für den Aufsprunghang und h(x) = 0,05x² + 54 für die Anlaufbahn, 1 LE = 1 m. Die Anlaufbahn ist die Oberseite des Bauwerks ABCS und verläuft von A bis S auf dem Graphen von h. S und C liegen auf der y-Achse, die Strecke von B nach C ist waagerecht und 20 m lang.";"Höhenunterschied zwischen S und C; Länge der Strecke von A nach B";"S und C sind die Schnittpunkte der beiden Graphen mit der y-Achse: h(0) = 54 und g(0) = 50, also liegt S 4 m höher. Da BC waagerecht und 20 m lang ist, hat B die x-Koordinate −20 und die Höhe von C; A liegt senkrecht darüber auf dem Graphen von h. Die Länge von AB ist die Differenz h(−20) − 50.";"4";"ganz|dezimal|negativ";"m";"";"S liegt 4 m höher als C. A(−20 | 74) und B(−20 | 50), also ist die Strecke AB 24 m lang.";"h(0) = 54|g(0) = 50|h(−20) = 74";"II";"die Länge von AB als Abstand zweier Punkte mit dem Satz des Pythagoras berechnen, obwohl die Strecke senkrecht verläuft, oder B bei x = +20 ansetzen";"Eigene Rechnung, mit sympy bestätigt."
"2018-be-gk-B1.1b";"2018";"2018-be-gk";"B";"1.1";"Skisprunganlage";"b";"2";"5";"";"ja";"";"Analysis";"Flächeninhalt durch Integration";"Fläche: Fläche zwischen zwei Graphen als Integral der Differenz berechnen";"";"Querschnittsfläche|Integral|Bauwerk|Differenzfunktion";"Stammfunktion einer ganzrationalen Funktion bilden|bestimmtes Integral berechnen|Integrationsgrenzen aus der Lage der Punkte ablesen";"Rechnung";"Ermitteln Sie";"Zahl";"Skizze";"Profilzeichnung in einem x-y-Koordinatensystem ohne Achsenteilung. Links der y-Achse liegt das grau ausgefüllte Bauwerk ABCS: A oben links auf dem Graphen von h, B senkrecht darunter, C rechts von B, S senkrecht über C auf der y-Achse; die Oberkante von A nach S ist mit h beschriftet und als Anlaufbahn bezeichnet. Rechts der y-Achse fällt der mit g beschriftete Aufsprunghang von C aus bis zum Tiefpunkt U und steigt danach leicht an; auf dem fallenden Ast ist der Punkt K markiert. Die Fläche unter dem Bauwerk und unter dem Aufsprunghang ist schraffiert.";"Skisprunganlage";"kurz";"Bauwerk ABCS mit A(−20 | 74), B(−20 | 50), C(0 | 50) und S(0 | 54); die Oberseite von A nach S verläuft auf dem Graphen von h mit h(x) = 0,05x² + 54, 1 LE = 1 m.";"Inhalt der Querschnittsfläche des Bauwerks ABCS";"Die Fläche wird oben vom Graphen von h, unten von der waagerechten Strecke BC auf der Höhe y = 50 und seitlich von x = −20 und x = 0 begrenzt. Also das Integral der Differenz h(x) − 50 von −20 bis 0 berechnen.";"4";"ganz|dezimal|negativ";"m|m²";"2018-be-gk-B1.1a";"A = 640/3 m² ≈ 213,3 m²";"Integrand h(x) − 50 = 0,05x² + 4|Stammfunktion x³/60 + 4x";"II";"über h statt über h − 50 integrieren und so die Fläche bis zur x-Achse statt bis zur Strecke BC berechnen";"Eigene Rechnung, mit sympy bestätigt."
"2018-be-gk-B1.1c";"2018";"2018-be-gk";"B";"1.1";"Skisprunganlage";"c";"2";"6";"";"ja";"";"Analysis";"Kurvenuntersuchung";"Lage und Art aller lokalen Extrempunkte bestimmen";"Extrempunkt einem Punkt im Sachzusammenhang zuordnen";"Extrempunkte|notwendige und hinreichende Bedingung|tiefste Stelle|Aufsprunghang";"Ableitungen einer ganzrationalen Funktion bilden|Produkt gleich null setzen|Vorzeichen der zweiten Ableitung deuten";"Rechnung|Begründung";"Ermitteln Sie|Entscheiden Sie";"Zahl|Text";"Skizze";"Profilzeichnung in einem x-y-Koordinatensystem ohne Achsenteilung. Links der y-Achse liegt das grau ausgefüllte Bauwerk ABCS: A oben links auf dem Graphen von h, B senkrecht darunter, C rechts von B, S senkrecht über C auf der y-Achse; die Oberkante von A nach S ist mit h beschriftet und als Anlaufbahn bezeichnet. Rechts der y-Achse fällt der mit g beschriftete Aufsprunghang von C aus bis zum Tiefpunkt U und steigt danach leicht an; auf dem fallenden Ast ist der Punkt K markiert. Die Fläche unter dem Bauwerk und unter dem Aufsprunghang ist schraffiert.";"Skisprunganlage";"mittel";"Aufsprunghang g mit g(x) = 1/1000 · (1/2000 · x⁴ − 10x² + 50 000), 1 LE = 1 m; der Hang beginnt am Punkt C(0 | 50). Der Punkt U liegt an der tiefsten Stelle des Aufsprunghangs. Als Kontrollergebnis ist g'(x) = 1/1000 · (1/500 · x³ − 20x) angegeben.";"Lage und Art aller lokalen Extrempunkte des Graphen von g; Entscheidung, welcher Extrempunkt dem Punkt U entspricht";"g'(x) = 0 setzen und x ausklammern: x · (x² − 10 000) = 0 liefert x = −100, x = 0 und x = 100. Mit der zweiten Ableitung g''(x) = 1/1000 · (3/500 · x² − 20) die Art bestimmen: g''(0) < 0 ergibt einen Hochpunkt, g''(±100) > 0 je einen Tiefpunkt. Der Aufsprunghang beginnt bei C, liegt also rechts der y-Achse; U ist der Tiefpunkt bei x = 100.";"6";"ganz|negativ";"m";"";"Hochpunkt H(0 | 50), Tiefpunkte T₁(−100 | 0) und T₂(100 | 0). U entspricht T₂(100 | 0).";"g''(x) = 1/1000 · (3/500 · x² − 20)|g''(0) = −0,02|g''(±100) = 0,04";"II";"nur die Nullstellen der Ableitung angeben, ohne die Art über die zweite Ableitung zu bestimmen, oder den Tiefpunkt bei x = −100 übersehen";"Das Kontrollergebnis für g' ist durch eigene Rechnung bestätigt. Die Aufgabe fragt nach allen lokalen Extrempunkten des Graphen, deshalb steht auch der Tiefpunkt bei x = −100 im Ergebnis, obwohl er außerhalb des Aufsprunghangs liegt. Eigene Rechnung, mit sympy bestätigt."
"2018-be-gk-B1.1d";"2018";"2018-be-gk";"B";"1.1";"Skisprunganlage";"d";"2";"4";"";"ja";"";"Analysis";"Kurvenuntersuchung";"Zeitpunkt stärkster Abnahme über das Minimum der Ableitung berechnen";"";"stärkstes Gefälle|Wendestelle|zweite Ableitung|notwendige Bedingung";"zweite Ableitung bilden|quadratische Gleichung lösen|Wurzel im Nenner vereinfachen";"Rechnung";"Berechnen Sie";"Zahl";"Skizze";"Profilzeichnung in einem x-y-Koordinatensystem ohne Achsenteilung. Links der y-Achse liegt das grau ausgefüllte Bauwerk ABCS: A oben links auf dem Graphen von h, B senkrecht darunter, C rechts von B, S senkrecht über C auf der y-Achse; die Oberkante von A nach S ist mit h beschriftet und als Anlaufbahn bezeichnet. Rechts der y-Achse fällt der mit g beschriftete Aufsprunghang von C aus bis zum Tiefpunkt U und steigt danach leicht an; auf dem fallenden Ast ist der Punkt K markiert. Die Fläche unter dem Bauwerk und unter dem Aufsprunghang ist schraffiert.";"Skisprunganlage";"mittel";"Aufsprunghang g mit g(x) = 1/1000 · (1/2000 · x⁴ − 10x² + 50 000) und g'(x) = 1/1000 · (1/500 · x³ − 20x), 1 LE = 1 m. Der Punkt K ist die Stelle des Aufsprunghangs mit dem stärksten Gefälle; für die x-Koordinate genügt die notwendige Bedingung.";"Koordinaten des Punktes K";"Das stärkste Gefälle liegt dort, wo g' minimal wird, also bei g''(x) = 0. Aus 3/500 · x² − 20 = 0 folgt x² = 10 000/3 und im Bereich des Hangs x = 100/√3 ≈ 57,7. Den zugehörigen Funktionswert durch Einsetzen in g bestimmen.";"4";"ganz|dezimal|Wurzel";"m";"2018-be-gk-B1.1c";"K(100/√3 | 200/9), also K ≈ (57,7 | 22,2); das Gefälle beträgt dort g'(K) ≈ −0,77.";"g''(x) = 1/1000 · (3/500 · x² − 20)|x² = 10 000/3|x ≈ 57,74";"II";"die erste statt der zweiten Ableitung null setzen, oder die negative Lösung x = −57,7 angeben, die nicht auf dem Aufsprunghang liegt";"Eigene Rechnung, mit sympy bestätigt."
"2018-be-gk-B1.1e";"2018";"2018-be-gk";"B";"1.1";"Skisprunganlage";"e";"2";"6";"";"ja";"";"Analysis";"Rekonstruktion von Funktionsgleichungen";"Quadratische Funktion aus knickfreiem Übergang und einer Wertbedingung rekonstruieren";"";"Flugbahn|knickfreier Übergang|quadratische Funktion|Bedingungen";"allgemeinen Ansatz für eine quadratische Funktion aufstellen|Bedingungen in Gleichungen übersetzen|lineare Gleichung lösen";"Rechnung";"Bestimmen Sie";"Term";"Skizze";"Profilzeichnung in einem x-y-Koordinatensystem ohne Achsenteilung. Links der y-Achse liegt das grau ausgefüllte Bauwerk ABCS: A oben links auf dem Graphen von h, B senkrecht darunter, C rechts von B, S senkrecht über C auf der y-Achse; die Oberkante von A nach S ist mit h beschriftet und als Anlaufbahn bezeichnet. Rechts der y-Achse fällt der mit g beschriftete Aufsprunghang von C aus bis zum Tiefpunkt U und steigt danach leicht an; auf dem fallenden Ast ist der Punkt K markiert. Die Fläche unter dem Bauwerk und unter dem Aufsprunghang ist schraffiert.";"Skisprunganlage";"mittel";"Anlaufbahn h mit h(x) = 0,05x² + 54 und Aufsprunghang g mit g(x) = 1/1000 · (1/2000 · x⁴ − 10x² + 50 000), 1 LE = 1 m. Die Flugbahn des Springers ist eine quadratische Funktion f; im Punkt S(0 | 54) geht die Anlaufbahn ohne Knick in die Flugbahn über. Bei x = 60 m hat der Springer eine vertikale Höhe von 4,72 m über dem Aufsprunghang. Als Kontrolle ist f(x) = −0,008x² + 54 angegeben.";"Funktionsgleichung der Flugbahn f";"Ansatz f(x) = ax² + bx + c. Knickfreier Übergang in S heißt f(0) = h(0) = 54, also c = 54, und f'(0) = h'(0) = 0, also b = 0. Die dritte Bedingung ist f(60) − g(60) = 4,72 mit g(60) = 20,48; daraus 3600a + 54 = 25,2 und a = −0,008.";"5";"ganz|dezimal|negativ";"m";"";"f(x) = −0,008x² + 54";"c = 54|b = 0|g(60) = 20,48|f(60) = 25,2";"II";"die Höhe 4,72 m als Funktionswert f(60) statt als Abstand zum Aufsprunghang deuten, oder den knickfreien Übergang nur über den Funktionswert und nicht über die Steigung ansetzen";"Das Kontrollergebnis ist durch eigene Rechnung bestätigt. Eigene Rechnung, mit sympy bestätigt."
"2018-be-gk-B1.1f";"2018";"2018-be-gk";"B";"1.1";"Skisprunganlage";"f";"3";"10";"";"ja";"";"Analysis";"Gleichungen lösen";"Schnittpunkt zweier Graphen über eine biquadratische Gleichung berechnen";"Graphen einer Funktion in ein vorgegebenes Koordinatensystem einzeichnen";"Landepunkt|biquadratische Gleichung|Substitution|Flugbahn einzeichnen";"Gleichung durch Substitution u = x² auf eine quadratische zurückführen|quadratische Gleichung lösen|Lösungen auf den Sachzusammenhang prüfen|Funktionswerte für eine Wertetabelle berechnen";"Rechnung|Zeichnen";"Berechnen Sie|Skizzieren Sie";"Zahl|Grafik";"Koordinatensystem";"Vorgegebenes Koordinatensystem mit Gitternetz: x-Achse von −10 bis 120 (in m), y-Achse von 0 bis über 70 (in m), Rasterweite 10. Eingezeichnet sind der grau ausgefüllte Querschnitt des Bauwerks zwischen x = −20 und x = 0 mit der Oberkante h sowie der Graph von g, der bei (0 | 50) beginnt, bei (100 | 0) sein Minimum hat und danach wieder ansteigt; S ist an der y-Achse beschriftet.";"Skisprunganlage";"mittel";"Flugbahn f mit f(x) = −0,008x² + 54 und Aufsprunghang g mit g(x) = 1/1000 · (1/2000 · x⁴ − 10x² + 50 000), 1 LE = 1 m. Der Springer landet im Punkt L auf dem Aufsprunghang. Ein Koordinatensystem mit beiden Graphen ist vorgegeben. Als Kontrolle ist L(73,9 | 10,3) angegeben.";"Koordinaten des Landepunktes L; Skizze der Flugbahn im vorgegebenen Koordinatensystem";"f(x) = g(x) setzen und ordnen: x⁴/2 000 000 − 0,002x² − 4 = 0, also nach Multiplikation x⁴ − 4000x² − 8 000 000 = 0. Mit u = x² die quadratische Gleichung u² − 4000u − 8 000 000 = 0 lösen; nur die positive Lösung u = 2000 + 2000√3 ist brauchbar, daraus x = √u ≈ 73,9 und y = g(73,9) ≈ 10,3. Für die Zeichnung die nach unten geöffnete Parabel von S(0 | 54) über (60 | 25,2) bis L eintragen.";"6";"ganz|dezimal|Wurzel|negativ";"m";"2018-be-gk-B1.1e";"u = 2000 + 2000√3 ≈ 5464,1, also L(73,9 | 10,3). Die Flugbahn ist eine nach unten geöffnete Parabel mit Scheitel S(0 | 54), die durch (40 | 41,2) und (60 | 25,2) verläuft und im Punkt L auf dem Graphen von g endet.";"x⁴ − 4000x² − 8 000 000 = 0|u = 2000 + 2000√3|x ≈ 73,92|g(73,92) ≈ 10,29";"II";"beim Rücksubstituieren die negative Wurzel mitnehmen oder die negative Lösung für u weiterverwenden, obwohl u = x² nicht negativ sein kann";"Die Angaben f) und das Koordinatensystem stehen auf derselben Seite 3. Das Feld skizze beschreibt das vorgegebene Koordinatensystem; die Flugbahn ist einzutragen. Das Einzeichnen in ein vorgegebenes Koordinatensystem hat in der Themenliste Analysis kein eigenes Thema, ersatzweise Funktionsklassen und Eigenschaften für den Nebentyp. Eigene Rechnung, mit sympy bestätigt."
"2018-be-gk-B1.1g";"2018";"2018-be-gk";"B";"1.1";"Skisprunganlage";"g";"3";"6";"";"ja";"";"Analysis";"Extremalprobleme";"Maximalen vertikalen Abstand zweier Graphen über die Differenzfunktion nachweisen";"";"vertikaler Abstand|Differenzfunktion|Maximum|Sicherheit";"Differenzfunktion aufstellen|ableiten und null setzen|Produkt gleich null setzen";"Begründung|Rechnung";"Weisen Sie nach";"Text|Zahl";"Koordinatensystem";"Vorgegebenes Koordinatensystem mit Gitternetz: x-Achse von −10 bis 120 (in m), y-Achse von 0 bis über 70 (in m), Rasterweite 10. Eingezeichnet sind der grau ausgefüllte Querschnitt des Bauwerks zwischen x = −20 und x = 0 mit der Oberkante h sowie der Graph von g, der bei (0 | 50) beginnt, bei (100 | 0) sein Minimum hat und danach wieder ansteigt; S ist an der y-Achse beschriftet.";"Skisprunganlage";"mittel";"Flugbahn f mit f(x) = −0,008x² + 54 und Aufsprunghang g mit g(x) = 1/1000 · (1/2000 · x⁴ − 10x² + 50 000), 1 LE = 1 m; der Sprung führt von S(0 | 54) bis zum Landepunkt L(73,9 | 10,3). Auf die hinreichende Bedingung darf verzichtet werden.";"Nachweis, dass der maximale vertikale Abstand des Springers zum Hang höchstens 6 m beträgt";"Die Differenzfunktion d(x) = f(x) − g(x) beschreibt den vertikalen Abstand. d'(x) = 0,004x − x³/500 000 = 0 liefert nach Ausklammern x = 0 und x² = 2000, also x = 20√5 ≈ 44,7 im Flugbereich. Einsetzen ergibt d(20√5) = 38 − 32 = 6.";"5";"ganz|dezimal|Wurzel";"m";"2018-be-gk-B1.1e";"Der Abstand ist bei x = 20√5 ≈ 44,7 m maximal und beträgt dort genau 6 m; damit ist der vertikale Abstand während des ganzen Fluges höchstens 6 m.";"d(x) = −0,008x² + 4 − x⁴/2 000 000 + 0,01x²|d'(x) = 0,004x − x³/500 000|x = 20√5 ≈ 44,72|f(44,72) = 38|g(44,72) = 32";"II";"den Abstand als Abstand Punkt–Kurve senkrecht zum Hang deuten statt als vertikale Differenz, oder die Lösung x = 0 der Ableitung als Maximum nehmen";"Eigene Rechnung, mit sympy bestätigt; das Maximum ist exakt 6 m."
"2018-be-gk-B1.2a";"2018";"2018-be-gk";"B";"1.2";"Höhenprofil";"a";"4";"2";"";"ja";"";"Analysis";"Grenzwerte und Verhalten im Unendlichen";"Nullstelle und Grenzverhalten eines Produkts aus Polynom und e-Funktion angeben";"";"Grenzwert|Exponentialfunktion|Verhalten im Unendlichen|Asymptote";"Wachstumsvergleich von Polynom und Exponentialfunktion kennen";"Begründung";"Untersuchen Sie";"Text";"keins";"keine";"ohne";"kurz";"Funktion f mit f(x) = (x + 1) · e^(−0,5x).";"Verhalten der Funktionswerte von f für x → +∞";"Der Faktor x + 1 wächst über alle Grenzen, der Faktor e^(−0,5x) fällt gegen null; die Exponentialfunktion ist dabei stärker, also gehen die Funktionswerte gegen null.";"2";"dezimal";"";"";"Für x → +∞ gilt f(x) → 0; die x-Achse ist waagerechte Asymptote, die Annäherung erfolgt von oben.";"";"I";"aus dem Produkt aus wachsendem und fallendem Faktor auf einen unbestimmten Grenzwert schließen, statt das stärkere Wachstum der Exponentialfunktion zu nutzen";"Eigene Rechnung, mit sympy bestätigt."
"2018-be-gk-B1.2b";"2018";"2018-be-gk";"B";"1.2";"Höhenprofil";"b";"4";"7";"";"ja";"";"Analysis";"Tangente, Normale, Schnittwinkel";"Schnittwinkel zwischen Tangente und Gerade über die Anstiege berechnen";"Ableitung eines Produkts aus x und einer e-Funktion mit Produkt- und Kettenregel bilden";"Schnittwinkel|Tangente|Anstieg|Steigungswinkel";"Produkt- und Kettenregel anwenden|Steigungswinkel mit dem Arkustangens bestimmen|Winkeldifferenz bilden";"Rechnung";"Berechnen Sie";"Zahl";"keins";"keine";"ohne";"kurz";"Funktionen f mit f(x) = (x + 1) · e^(−0,5x) und g mit g(x) = x + 1; beide Graphen schneiden die y-Achse im Punkt S(0 | 1). Als Kontrolle ist f'(x) = (−0,5x + 0,5) · e^(−0,5x) angegeben.";"Winkel, unter dem sich die Tangente an den Graphen von f im Punkt S und die Gerade g schneiden";"f' mit Produkt- und Kettenregel bilden und f'(0) = 0,5 als Anstieg der Tangente bestimmen; g hat den Anstieg 1. Die beiden Steigungswinkel sind arctan 0,5 ≈ 26,6° und arctan 1 = 45°, der Schnittwinkel ist ihre Differenz. Gleichwertig über tan φ = |(m₂ − m₁)/(1 + m₁ · m₂)| = 1/3.";"4";"dezimal|Bruch";"";"";"f'(0) = 0,5; mit tan φ = 1/3 ergibt sich φ ≈ 18,4°.";"f'(x) = (0,5 − 0,5x) · e^(−0,5x)|f'(0) = 0,5|arctan 0,5 ≈ 26,57°|arctan 1 = 45°";"II";"die Anstiege statt der Steigungswinkel voneinander abziehen, oder beim Ableiten die innere Ableitung −0,5 vergessen";"Das Kontrollergebnis für f' ist durch eigene Rechnung bestätigt. Eigene Rechnung, mit sympy bestätigt."
"2018-be-gk-B1.2c";"2018";"2018-be-gk";"B";"1.2";"Höhenprofil";"c";"4|5";"9";"";"ja";"";"Analysis";"Stammfunktion und Hauptsatz";"Stammfunktion durch Ableiten nachweisen";"Nullstellen und Werte: Einzige Nullstelle über den positiven Exponentialfaktor nachweisen|Fläche: Fläche zwischen zwei Graphen als Integral der Differenz berechnen";"Stammfunktion|Nullstelle|eingeschlossene Fläche|zweiter Quadrant";"Produkt- und Kettenregel anwenden|Satz vom Nullprodukt|bestimmtes Integral einer Differenz berechnen|Integrationsgrenzen aus den Nullstellen gewinnen";"Begründung|Rechnung";"Weisen Sie nach|Zeigen Sie|Berechnen Sie";"Text|Zahl";"Koordinatensystem";"Anlage: Koordinatensystem mit x von −1 bis 7 und y von 0 bis über 3, Rasterweite 1. Eingezeichnet sind die Gerade g durch (−1 | 0) mit dem Anstieg 1 und der Graph von f, der ebenfalls bei (−1 | 0) beginnt, oberhalb von g verläuft, bei x = 1 ein flaches Maximum mit y ≈ 1,2 hat und danach auf die x-Achse zufällt; beide Graphen sind mit f und g beschriftet.";"ohne";"mittel";"Funktionen f mit f(x) = (x + 1) · e^(−0,5x) und g mit g(x) = x + 1 sowie F mit F(x) = (−2x − 6) · e^(−0,5x). Die Graphen von f und g schließen im zweiten Quadranten eine Fläche mit dem Inhalt A vollständig ein; die Graphen sind in der Anlage dargestellt.";"Nachweis, dass F eine Stammfunktion von f ist; Nachweis, dass beide Funktionen nur bei x = −1 eine Nullstelle haben; Wert von A";"F mit Produkt- und Kettenregel ableiten: F'(x) = −2e^(−0,5x) + (−2x − 6) · (−0,5) · e^(−0,5x) = (x + 1) · e^(−0,5x) = f(x). Da e^(−0,5x) stets positiv ist, wird f nur für x + 1 = 0 null; g wird ebenfalls nur bei x = −1 null. Die Fläche liegt zwischen der gemeinsamen Nullstelle x = −1 und der y-Achse, dort verläuft f oberhalb von g: A = Integral von −1 bis 0 über f(x) − g(x).";"6";"ganz|dezimal|negativ|Wurzel";"";"";"F'(x) = (x + 1) · e^(−0,5x) = f(x), also ist F eine Stammfunktion. Beide Funktionen haben nur bei x = −1 eine Nullstelle. A = 4√e − 6,5 ≈ 0,09 FE.";"F'(x) = (x + 1) · e^(−0,5x)|F(0) = −6|F(−1) = −4√e ≈ −6,595|Integral über g von −1 bis 0 ist 0,5";"II";"die Fläche als Integral über f allein berechnen, oder die Grenzen vertauschen und einen negativen Flächeninhalt angeben";"seite nennt die Aufgabenseite und die Anlage mit den Graphen. Eigene Rechnung, mit sympy bestätigt."
"2018-be-gk-B1.2d";"2018";"2018-be-gk";"B";"1.2";"Höhenprofil";"d";"4";"4";"";"ja";"";"Analysis";"Kurvenuntersuchung";"Hochpunkt eines Produkts aus Polynom und e-Funktion berechnen";"";"höchster Punkt|notwendige Bedingung|Wanderweg|Ableitung null setzen";"Ableitung eines Produkts bilden|Satz vom Nullprodukt|Funktionswert berechnen";"Rechnung";"Berechnen Sie";"Zahl";"Diagramm";"Höhenprofil eines Wanderwegs als Flächendiagramm: eine von 0 ausgehende Kurve, die kurz nach dem Start ein flaches Maximum erreicht und danach bis zum rechten Rand fällt; die Fläche darunter ist grau. Beschriftet sind Höhe y, Entfernung x, Start links, Ziel rechts, die Überschrift Wanderung auf dem Maximiliansweg und die x-Werte 0 und 5. Keine Achsenteilung an der Höhenachse.";"Wanderweg / Höhenprofil";"mittel";"Das Höhenprofil eines Wanderwegs wird durch f mit f(x) = (x + 1) · e^(−0,5x) für 0 ≤ x ≤ 6 beschrieben, 1 LE = 1 km; f'(x) = (0,5 − 0,5x) · e^(−0,5x). Die hinreichende Bedingung muss nicht untersucht werden.";"Koordinaten des höchsten Punktes des Höhenprofils";"f'(x) = 0 setzen; da e^(−0,5x) stets positiv ist, bleibt 0,5 − 0,5x = 0, also x = 1. Den Funktionswert f(1) = 2 · e^(−0,5) berechnen.";"3";"dezimal";"km";"2018-be-gk-B1.2b";"Höchster Punkt (1 | 2 · e^(−0,5)) ≈ (1 | 1,21), also 1 km nach dem Start in etwa 1,21 km Höhe.";"0,5 − 0,5x = 0|x = 1|f(1) = 2 · e^(−0,5)";"II";"den Exponentialfaktor als möglichen Nullfaktor behandeln und eine zweite Lösung angeben";"Eigene Rechnung, mit sympy bestätigt."
"2018-be-gk-B1.2e";"2018";"2018-be-gk";"B";"1.2";"Höhenprofil";"e";"4";"4";"";"ja";"";"Analysis";"Ableitung und Änderungsrate";"Sekantengleichung durch zwei Punkte eines Graphen ermitteln";"";"Sekante|Geradengleichung|zwei Punkte|Näherung";"Funktionswerte berechnen|Anstieg aus zwei Punkten bestimmen|Punkt-Steigungs-Form anwenden";"Rechnung";"Ermitteln Sie";"Term";"Diagramm";"Höhenprofil eines Wanderwegs als Flächendiagramm: eine von 0 ausgehende Kurve, die kurz nach dem Start ein flaches Maximum erreicht und danach bis zum rechten Rand fällt; die Fläche darunter ist grau. Beschriftet sind Höhe y, Entfernung x, Start links, Ziel rechts, die Überschrift Wanderung auf dem Maximiliansweg und die x-Werte 0 und 5. Keine Achsenteilung an der Höhenachse.";"Wanderweg / Höhenprofil";"kurz";"Höhenprofil f mit f(x) = (x + 1) · e^(−0,5x) für 0 ≤ x ≤ 6, 1 LE = 1 km. Im Intervall [2 ; 6] soll das Profil näherungsweise durch die Gerade durch die Punkte (2 | f(2)) und (6 | f(6)) ersetzt werden.";"Gleichung dieser Geraden";"f(2) = 3 · e^(−1) ≈ 1,104 und f(6) = 7 · e^(−3) ≈ 0,349 berechnen, daraus den Anstieg m = (f(6) − f(2))/4 ≈ −0,189 bilden und die Gerade in der Punkt-Steigungs-Form y = m · (x − 2) + f(2) aufstellen.";"4";"dezimal|negativ";"km";"";"m ≈ −0,1888 und y ≈ −0,189x + 1,481";"f(2) = 3 · e^(−1) ≈ 1,1036|f(6) = 7 · e^(−3) ≈ 0,3485";"I";"den Anstieg durch die Differenz der Funktionswerte ohne Division durch die Intervalllänge 4 bestimmen";"Der Anstieg der Sekante ist die mittlere Änderungsrate; deshalb Thema Ableitung und Änderungsrate, obwohl das Ergebnis eine Geradengleichung ist. Eigene Rechnung, mit sympy bestätigt."
"2018-be-gk-B1.2f";"2018";"2018-be-gk";"B";"1.2";"Höhenprofil";"f";"4";"5";"";"ja";"";"Analysis";"Ableitung und Änderungsrate";"Kleinste Tangentensteigung über das Minimum der Ableitung bestimmen";"";"Steigung|Schranke|Minimum der Ableitung|Wendestelle";"zweite Ableitung bilden|Extremstelle der ersten Ableitung bestimmen|Zahlenwerte vergleichen";"Begründung|Rechnung";"Weisen Sie nach";"Text|Zahl";"Diagramm";"Höhenprofil eines Wanderwegs als Flächendiagramm: eine von 0 ausgehende Kurve, die kurz nach dem Start ein flaches Maximum erreicht und danach bis zum rechten Rand fällt; die Fläche darunter ist grau. Beschriftet sind Höhe y, Entfernung x, Start links, Ziel rechts, die Überschrift Wanderung auf dem Maximiliansweg und die x-Werte 0 und 5. Keine Achsenteilung an der Höhenachse.";"Wanderweg / Höhenprofil";"kurz";"Höhenprofil f mit f(x) = (x + 1) · e^(−0,5x) für 0 ≤ x ≤ 6 und f'(x) = (0,5 − 0,5x) · e^(−0,5x), 1 LE = 1 km.";"Nachweis, dass es im Intervall [2 ; 6] eine Stelle gibt, an der die Steigung des Höhenprofils kleiner als −0,222 ist";"Die Steigung ist im Intervall dort am kleinsten, wo f' sein Minimum hat, also bei f''(x) = 0,25 · (x − 3) · e^(−0,5x) = 0 und damit bei x = 3. Dort ist f'(3) = −e^(−1,5) ≈ −0,2231 und damit kleiner als −0,222. Es genügt auch, den Wert f'(3) zu berechnen und mit der Schranke zu vergleichen.";"4";"dezimal|negativ";"";"";"An der Stelle x = 3 ist f'(3) = −e^(−1,5) ≈ −0,223 < −0,222; damit ist die Existenz einer solchen Stelle nachgewiesen.";"f''(x) = 0,25 · (x − 3) · e^(−0,5x)|x = 3|f'(3) = −e^(−1,5)";"III";"die mittlere Steigung aus e) als Beleg nehmen; sie beträgt nur etwa −0,189 und liegt über der Schranke";"Eigene Rechnung, mit sympy bestätigt."
"2018-be-gk-B1.2g";"2018";"2018-be-gk";"B";"1.2";"Höhenprofil";"g";"5";"9";"";"ja";"";"Analysis";"Ableitung und Änderungsrate";"Mittlere Änderungsraten zweier Modelle vergleichen";"Parameter einer Exponentialfunktion aus zwei Punkten des Graphen bestimmen";"mittlere Steigung|Vergleich|Parameter bestimmen|Logarithmieren";"mittlere Änderungsrate als Differenzenquotient bilden|Beträge vergleichen|Exponentialgleichung durch Logarithmieren lösen";"Rechnung|Begründung";"Untersuchen Sie|Ermitteln Sie";"Zahl|Term";"Tabelle";"Kleine Wertetabelle mit zwei Spalten: x in km mit den Werten 0 und 6, darunter die Höhe h_W(x) in km mit den Werten 1,2 und 0,3.";"Wanderweg / Höhenprofil";"mittel";"Höhenprofil f mit f(x) = (x + 1) · e^(−0,5x), 1 LE = 1 km. Ähnliche Profile werden durch h(x) = (x + a) · e^(b · x) mit a > 0 und b < 0 beschrieben. Von einem Profil h_W ist bekannt: h_W(0) = 1,2 km und h_W(6) = 0,3 km.";"Vergleich der Beträge der mittleren Steigungen von f und h_W im Intervall [0 ; 6]; Werte von a und b für h_W";"Mittlere Steigung als Differenzenquotient: bei f ist (f(6) − f(0))/6 = (7 · e^(−3) − 1)/6 ≈ −0,109, bei h_W ist (0,3 − 1,2)/6 = −0,15; der Betrag ist bei h_W größer. Für die Parameter aus h_W(0) = a = 1,2 und aus (6 + 1,2) · e^(6b) = 0,3 die Gleichung e^(6b) = 1/24 durch Logarithmieren lösen.";"6";"dezimal|negativ|Bruch";"km";"";"Die mittlere Steigung beträgt bei f etwa −0,109, bei h_W −0,15; der Betrag ist bei h_W größer. Für h_W gilt a = 1,2 und b = −ln 24 / 6 ≈ −0,53.";"f(0) = 1|f(6) = 7 · e^(−3) ≈ 0,3485|a = 1,2|e^(6b) = 1/24";"III";"die Beträge der negativen Steigungen falsch herum vergleichen, oder beim Logarithmieren den Faktor 6 im Exponenten vergessen";"Eigene Rechnung, mit sympy bestätigt."
"2018-be-gk-B2.1a";"2018";"2018-be-gk";"B";"2.1";"Brücke";"a";"6";"4";"";"ja";"";"Analytische Geometrie";"Ebenen";"Koordinatengleichung einer Ebene aus Punkten oder Geraden bestimmen";"";"Normalenvektor|Koordinatenform|Ebene durch drei Punkte|Brückenstrebe";"Verbindungsvektoren bilden|Kreuzprodukt oder lineares Gleichungssystem für den Normalenvektor|Punktprobe zur Bestimmung des absoluten Glieds";"Rechnung";"Ermitteln Sie|Geben Sie an";"Term";"Foto";"Fotografie einer Brücke über eine Autobahn, aufgenommen von der Fahrbahn aus. Die Eckpunkte der seitlichen Streben sind beschriftet: A und C am linken Widerlager (C oberhalb von A), B und D am rechten Widerlager (D oberhalb von B); die Strebe von A nach B bildet die Unterkante, die von C nach D die Oberkante des Fachwerks. Auf der Fahrbahn sind die Fahrzeugpositionen P (vorn) und Q (weiter hinten) markiert.";"Brücke über eine Autobahn";"mittel";"Seitliche Streben einer Brücke im Koordinatensystem durch A(0 | 0 | 5), B(4,4 | 44 | 5), C(0,2 | 2 | 7) und D(4,8 | 48 | 9); die Fahrbahn liegt in der x-y-Ebene, 1 LE = 1 m. Die Punkte A, B und C liegen in der Ebene E. Als Kontrolle ist E: −10x + y = 0 angegeben.";"Normalenvektor der Ebene E; Gleichung von E in Koordinatenform";"Die Verbindungsvektoren AB = (4,4 | 44 | 0) und AC = (0,2 | 2 | 2) bilden und ihr Kreuzprodukt n = (88 | −8,8 | 0) berechnen; gekürzt ist n = (10 | −1 | 0). Mit dem Ansatz 10x − y = d und dem Punkt A folgt d = 0, also E: −10x + y = 0.";"4";"ganz|dezimal|negativ";"m";"";"n = (10 | −1 | 0) beziehungsweise (−10 | 1 | 0); E: −10x + y = 0";"AB = (4,4 | 44 | 0)|AC = (0,2 | 2 | 2)|n = (88 | −8,8 | 0)";"II";"beim Kreuzprodukt die Komponenten vertauschen, oder das absolute Glied nicht über eine Punktprobe bestimmen";"Das Kontrollergebnis ist durch eigene Rechnung bestätigt. Eigene Rechnung, mit sympy bestätigt."
"2018-be-gk-B2.1b";"2018";"2018-be-gk";"B";"2.1";"Brücke";"b";"6";"3";"";"ja";"";"Analytische Geometrie";"Lagebeziehungen";"Punkt und Ebene: Punktprobe an einer Ebenengleichung durchführen";"Geraden und Ebenen: Orthogonalität zweier Ebenen über die Normalenvektoren nachweisen";"Punktprobe|Orthogonalität zweier Ebenen|Normalenvektor|x-y-Ebene";"Koordinaten in eine Ebenengleichung einsetzen|Skalarprodukt bilden|Normalenvektor der x-y-Ebene kennen";"Begründung";"Weisen Sie nach|Zeigen Sie";"Text";"Foto";"Fotografie einer Brücke über eine Autobahn, aufgenommen von der Fahrbahn aus. Die Eckpunkte der seitlichen Streben sind beschriftet: A und C am linken Widerlager (C oberhalb von A), B und D am rechten Widerlager (D oberhalb von B); die Strebe von A nach B bildet die Unterkante, die von C nach D die Oberkante des Fachwerks. Auf der Fahrbahn sind die Fahrzeugpositionen P (vorn) und Q (weiter hinten) markiert.";"Brücke über eine Autobahn";"kurz";"Ebene E: −10x + y = 0 und der Punkt D(4,8 | 48 | 9); die Fahrbahn liegt in der x-y-Ebene, 1 LE = 1 m.";"Nachweis, dass D in E liegt; Nachweis, dass E orthogonal zur x-y-Ebene liegt";"D in die Ebenengleichung einsetzen: −10 · 4,8 + 48 = 0, die Gleichung ist erfüllt. Für die Orthogonalität das Skalarprodukt der Normalenvektoren n_E = (−10 | 1 | 0) und n_xy = (0 | 0 | 1) bilden; es ist null, also stehen die Ebenen senkrecht aufeinander.";"3";"ganz|dezimal|negativ";"m";"2018-be-gk-B2.1a";"−10 · 4,8 + 48 = 0, also liegt D in E. n_E · n_xy = 0, also steht E senkrecht auf der x-y-Ebene; gleichwertig: der Normalenvektor von E hat die z-Komponente null.";"n_E = (−10 | 1 | 0)|n_xy = (0 | 0 | 1)";"II";"für orthogonale Ebenen ein Skalarprodukt der Normalenvektoren ungleich null erwarten, weil die Bedingung mit der für orthogonale Geraden verwechselt wird";"Eigene Rechnung, mit sympy bestätigt."
"2018-be-gk-B2.1c";"2018";"2018-be-gk";"B";"2.1";"Brücke";"c";"6";"6";"";"ja";"";"Analytische Geometrie";"Geraden";"Existenz eines Geradenschnittpunkts über die gemeinsame Ebene begründen";"Schnittwinkel zweier Geraden über das Skalarprodukt berechnen";"windschief oder schneidend|gemeinsame Ebene|Richtungsvektoren|Schnittwinkel";"Richtungsvektoren auf Vielfache prüfen|Skalarprodukt und Beträge berechnen|Arkuskosinus anwenden";"Begründung|Rechnung";"Begründen Sie|Berechnen Sie";"Text|Zahl";"Foto";"Fotografie einer Brücke über eine Autobahn, aufgenommen von der Fahrbahn aus. Die Eckpunkte der seitlichen Streben sind beschriftet: A und C am linken Widerlager (C oberhalb von A), B und D am rechten Widerlager (D oberhalb von B); die Strebe von A nach B bildet die Unterkante, die von C nach D die Oberkante des Fachwerks. Auf der Fahrbahn sind die Fahrzeugpositionen P (vorn) und Q (weiter hinten) markiert.";"Brücke über eine Autobahn";"mittel";"A(0 | 0 | 5), B(4,4 | 44 | 5), C(0,2 | 2 | 7) und D(4,8 | 48 | 9) liegen alle in der Ebene E: −10x + y = 0. Die Gerade g verläuft durch A und B, die Gerade h durch C und D; 1 LE = 1 m.";"Begründung, dass g und h einen Schnittpunkt haben müssen; Schnittwinkel der beiden Geraden";"Alle vier Punkte liegen in E, also liegen auch beide Geraden in dieser Ebene. Ihre Richtungsvektoren (4,4 | 44 | 0) und (4,6 | 46 | 2) sind keine Vielfachen voneinander, die Geraden sind also nicht parallel; zwei nicht parallele Geraden einer Ebene schneiden sich. Den Winkel über cos φ = |u · v| / (|u| · |v|) berechnen.";"5";"ganz|dezimal";"m";"2018-be-gk-B2.1b";"Beide Geraden liegen in E und sind nicht parallel, also schneiden sie sich. Mit u · v = 2044,24, |u| ≈ 44,22 und |v| ≈ 46,27 ist cos φ ≈ 0,9991 und φ ≈ 2,5°.";"u = (4,4 | 44 | 0)|v = (4,6 | 46 | 2)|u · v = 2044,24|Schnittpunkt (−4,4 | −44 | 5)";"II";"aus der Ähnlichkeit der Richtungsvektoren auf Parallelität schließen, oder die Existenz des Schnittpunkts durch Gleichsetzen nachrechnen, statt sie mit der gemeinsamen Ebene zu begründen";"Der Schnittpunkt liegt bei (−4,4 | −44 | 5) und damit außerhalb des abgebildeten Brückenteils; gefragt ist nur die Begründung der Existenz. Eigene Rechnung, mit sympy bestätigt."
"2018-be-gk-B2.1d";"2018";"2018-be-gk";"B";"2.1";"Brücke";"d";"6";"2";"";"ja";"";"Analytische Geometrie";"Abstände";"Streckenlänge im Raum berechnen";"Körper: Geschwindigkeit entlang einer Kante aus Kantenlänge und Zeit berechnen";"Betrag eines Vektors|zurückgelegte Strecke|Geschwindigkeit|Einheiten umrechnen";"Verbindungsvektor bilden|Betrag berechnen|Meter je Sekunde in Kilometer je Stunde umrechnen";"Rechnung";"Berechnen Sie|Geben Sie an";"Zahl";"Foto";"Fotografie einer Brücke über eine Autobahn, aufgenommen von der Fahrbahn aus. Die Eckpunkte der seitlichen Streben sind beschriftet: A und C am linken Widerlager (C oberhalb von A), B und D am rechten Widerlager (D oberhalb von B); die Strebe von A nach B bildet die Unterkante, die von C nach D die Oberkante des Fachwerks. Auf der Fahrbahn sind die Fahrzeugpositionen P (vorn) und Q (weiter hinten) markiert.";"Brücke über eine Autobahn";"mittel";"Ein Fahrzeug bewegt sich mit konstanter Geschwindigkeit geradlinig; zunächst ist es im Punkt P(82 | 40 | 0) und 1,5 s später im Punkt Q(42 | 36 | 0), 1 LE = 1 m.";"in 1,5 s zurückgelegte Strecke; Geschwindigkeit des Fahrzeugs in Kilometern je Stunde";"Den Vektor PQ = (−40 | −4 | 0) bilden und seinen Betrag berechnen. Die Geschwindigkeit ist der Quotient aus Weg und Zeit; das Ergebnis in Metern je Sekunde mit 3,6 multiplizieren.";"3";"ganz|dezimal|negativ|Wurzel";"m|s|km/h";"";"|PQ| = 4√101 ≈ 40,2 m; v ≈ 26,8 m je Sekunde, also etwa 96,5 km je Stunde.";"PQ = (−40 | −4 | 0)|1616 unter der Wurzel";"I";"beim Umrechnen durch 3,6 teilen statt zu multiplizieren";"Die Umrechnung in Kilometer je Stunde ist eine Sachrechnung ohne eigenes Thema in der Themenliste Analytische Geometrie; der Nebentyp steht ersatzweise unter Punkte und Strecken im Koordinatensystem. Eigene Rechnung, mit sympy bestätigt."
"2018-be-gk-B2.1e";"2018";"2018-be-gk";"B";"2.1";"Brücke";"e";"6";"5";"";"ja";"";"Analytische Geometrie";"Schnittmengen";"Zeit bis zum Erreichen einer Ebene aus dem Geradenparameter bestimmen";"Schnittpunkt von Gerade und Ebene berechnen";"Fahrtdauer|Geradengleichung|senkrecht unter der Strebe|Parameter deuten";"Geradengleichung aus zwei Punkten aufstellen|Parameter aus einer Koordinatengleichung bestimmen|Parameter als Vielfaches der Zeitspanne deuten";"Rechnung";"Ermitteln Sie";"Zahl";"Foto";"Fotografie einer Brücke über eine Autobahn, aufgenommen von der Fahrbahn aus. Die Eckpunkte der seitlichen Streben sind beschriftet: A und C am linken Widerlager (C oberhalb von A), B und D am rechten Widerlager (D oberhalb von B); die Strebe von A nach B bildet die Unterkante, die von C nach D die Oberkante des Fachwerks. Auf der Fahrbahn sind die Fahrzeugpositionen P (vorn) und Q (weiter hinten) markiert.";"Brücke über eine Autobahn";"mittel";"Das Fahrzeug fährt geradlinig und gleichförmig von P(82 | 40 | 0) über Q(42 | 36 | 0) weiter; für die Strecke von P nach Q braucht es 1,5 s. Die Strebe durch A(0 | 0 | 5) und B(4,4 | 44 | 5) liegt in der Ebene E: −10x + y = 0, die senkrecht auf der Fahrbahn steht; 1 LE = 1 m.";"Zeit, die das Fahrzeug von Q bis zu dem Punkt braucht, der genau vertikal unter der Strebe durch A und B liegt";"Genau vertikal unter der Strebe liegen die Punkte der Fahrbahn, die in der Ebene E liegen, weil E senkrecht auf der Fahrbahn steht und die Strebe enthält. Die Fahrzeugbahn x = Q + r · (−40 | −4 | 0) in E einsetzen: −10 · (42 − 40r) + (36 − 4r) = 0 ergibt r = 32/33. Da r = 1 der Zeitspanne 1,5 s entspricht, ist die gesuchte Zeit 1,5 s · 32/33.";"5";"ganz|dezimal|Bruch|negativ";"m|s";"2018-be-gk-B2.1d";"r = 32/33, der Punkt ist (3,2 | 32,1 | 0); die Fahrzeit beträgt 16/11 s ≈ 1,45 s.";"Bahn x = (42 | 36 | 0) + r · (−40 | −4 | 0)|396r = 384";"III";"den Fußpunkt als Lotfußpunkt auf die Gerade durch A und B bestimmen, statt den Durchstoßpunkt der Fahrbahnbahn mit der senkrechten Ebene E zu suchen";"Eigene Rechnung, mit sympy bestätigt."
"2018-be-gk-B2.2a";"2018";"2018-be-gk";"B";"2.2";"Kletteranlage";"a";"7";"3";"";"ja";"";"Analytische Geometrie";"Abstände";"Streckenlänge im Raum berechnen";"Punkt: Mittelpunkt einer Strecke im Raum bestimmen";"Kantenmittelpunkte|Abstand|Seillänge|prozentualer Zuschlag";"Mittelpunkt als halbe Summe der Ortsvektoren bilden|Betrag eines Vektors berechnen|einen Zuschlag von 20 Prozent berechnen";"Rechnung";"Berechnen Sie";"Zahl";"Körper";"Schrägbild eines räumlichen Koordinatensystems mit x nach vorn (Teilung bis 12), y nach rechts (Teilung bis 16) und z nach oben (Teilung bis 6). Dargestellt sind zwei waagerechte, grau ausgefüllte Plattformen, jede um einen senkrechten Pfahl gebaut: Plattform 1 in Höhe z = 2 um den Pfahl 1 durch P₁(0 | 0 | 0) mit den beschrifteten Eckpunkten A, B, C und D, Plattform 2 in Höhe z = 3 um den Pfahl 2 durch P₂(5 | 10 | 0) mit den Eckpunkten R, S und T. Zwischen der Plattform 1 und dem Untergrund liegt die grau ausgefüllte, geneigte Kletterwand mit den Eckpunkten A, B oben und E, F auf dem Untergrund; sie ist mit Kletterwand beschriftet.";"Kletteranlage";"mittel";"Die Kletterwand ist das Viereck mit den Eckpunkten A(3 | 0 | 2), B(0 | 3 | 2) als oberer Kante und E(6 | 0 | 0), F(0 | 6 | 0) als unterer Kante; 1 LE = 1 m. In den Mittelpunkten der oberen und der unteren Kante sind die Enden eines Seils befestigt, das 20 Prozent länger ist als der Abstand dieser Mittelpunkte.";"Länge des Seils";"Die Mittelpunkte M₁ = (1,5 | 1,5 | 2) der Kante AB und M₂ = (3 | 3 | 0) der Kante EF bestimmen, den Betrag des Verbindungsvektors (1,5 | 1,5 | −2) berechnen und das Ergebnis mit 1,2 multiplizieren.";"4";"ganz|dezimal|Wurzel|negativ";"m";"";"M₁(1,5 | 1,5 | 2), M₂(3 | 3 | 0), Abstand √8,5 ≈ 2,92 m; das Seil ist etwa 3,50 m lang.";"M₁M₂ = (1,5 | 1,5 | −2)|8,5 unter der Wurzel";"II";"die Seillänge als 20 Prozent des Abstands statt als das 1,2fache berechnen, oder die Mittelpunkte der Seitenkanten statt der oberen und unteren Kante nehmen";"Dublette von: 2018MgrundlegendBAGLAA2WTR2-1a. AB amtlich: I. Eigene Rechnung, mit sympy bestätigt."
"2018-be-gk-B2.2b";"2018";"2018-be-gk";"B";"2.2";"Kletteranlage";"b";"7";"3";"";"ja";"";"Analytische Geometrie";"Punkte und Strecken im Koordinatensystem";"Ebene Figur: Trapez über parallele Seiten nachweisen und Flächeninhalt berechnen";"";"Trapez|Parallelität|gleich lange Schenkel|Vektorvergleich";"Richtungsvektoren auf Vielfache prüfen|Beträge von Vektoren vergleichen";"Begründung";"Zeigen Sie";"Text";"Körper";"Schrägbild eines räumlichen Koordinatensystems mit x nach vorn (Teilung bis 12), y nach rechts (Teilung bis 16) und z nach oben (Teilung bis 6). Dargestellt sind zwei waagerechte, grau ausgefüllte Plattformen, jede um einen senkrechten Pfahl gebaut: Plattform 1 in Höhe z = 2 um den Pfahl 1 durch P₁(0 | 0 | 0) mit den beschrifteten Eckpunkten A, B, C und D, Plattform 2 in Höhe z = 3 um den Pfahl 2 durch P₂(5 | 10 | 0) mit den Eckpunkten R, S und T. Zwischen der Plattform 1 und dem Untergrund liegt die grau ausgefüllte, geneigte Kletterwand mit den Eckpunkten A, B oben und E, F auf dem Untergrund; sie ist mit Kletterwand beschriftet.";"Kletteranlage";"kurz";"Kletterwand mit den Eckpunkten A(3 | 0 | 2), B(0 | 3 | 2), E(6 | 0 | 0) und F(0 | 6 | 0), 1 LE = 1 m.";"Nachweis, dass die Kletterwand ein Trapez ist, in dem zwei gegenüberliegende Seiten gleich lang sind";"AB = (−3 | 3 | 0) und EF = (−6 | 6 | 0) = 2 · AB, also sind diese beiden Seiten parallel und die Wand ist ein Trapez. Für die Schenkel AE = (3 | 0 | −2) und BF = (0 | 3 | −2) ist |AE| = |BF| = √13, sie sind also gleich lang.";"4";"ganz|negativ|Wurzel";"m";"";"EF = 2 · AB, also AB parallel zu EF und damit ein Trapez; |AE| = |BF| = √13 ≈ 3,61 m, die beiden Schenkel sind gleich lang.";"AB = (−3 | 3 | 0)|EF = (−6 | 6 | 0)|AE = (3 | 0 | −2)|BF = (0 | 3 | −2)";"II";"Parallelität aus gleich langen Vektoren statt aus dem Vielfachenverhältnis schließen, oder die falschen Seitenpaare vergleichen";"Dublette von: 2018MgrundlegendBAGLAA2WTR2-1b. AB amtlich: I. Eigene Rechnung, mit sympy bestätigt."
"2018-be-gk-B2.2c";"2018";"2018-be-gk";"B";"2.2";"Kletteranlage";"c";"7";"3";"";"ja";"";"Analytische Geometrie";"Skalarprodukt und Winkel";"Neigungswinkel einer Ebene gegen eine Koordinatenebene über die Normalenvektoren berechnen";"";"Neigungswinkel|Normalenvektoren|Kletterwand|Untergrund";"Normalenvektor aus der Koordinatengleichung ablesen|Skalarprodukt und Beträge berechnen|Arkuskosinus anwenden";"Rechnung";"Bestimmen Sie";"Zahl";"Körper";"Schrägbild eines räumlichen Koordinatensystems mit x nach vorn (Teilung bis 12), y nach rechts (Teilung bis 16) und z nach oben (Teilung bis 6). Dargestellt sind zwei waagerechte, grau ausgefüllte Plattformen, jede um einen senkrechten Pfahl gebaut: Plattform 1 in Höhe z = 2 um den Pfahl 1 durch P₁(0 | 0 | 0) mit den beschrifteten Eckpunkten A, B, C und D, Plattform 2 in Höhe z = 3 um den Pfahl 2 durch P₂(5 | 10 | 0) mit den Eckpunkten R, S und T. Zwischen der Plattform 1 und dem Untergrund liegt die grau ausgefüllte, geneigte Kletterwand mit den Eckpunkten A, B oben und E, F auf dem Untergrund; sie ist mit Kletterwand beschriftet.";"Kletteranlage";"kurz";"Die Punkte A(3 | 0 | 2), B(0 | 3 | 2), E(6 | 0 | 0) und F(0 | 6 | 0) der Kletterwand liegen in der Ebene L: 2x + 2y + 3z − 12 = 0; der Untergrund ist die x-y-Ebene, 1 LE = 1 m.";"Größe des Winkels zwischen Kletterwand und Untergrund";"Die Normalenvektoren n_L = (2 | 2 | 3) und n_xy = (0 | 0 | 1) ablesen und cos φ = |n_L · n_xy| / (|n_L| · |n_xy|) = 3/√17 berechnen; der Winkel zwischen den Normalen ist zugleich der Winkel zwischen den Ebenen.";"3";"ganz|dezimal|Wurzel";"";"";"cos φ = 3/√17 ≈ 0,7276, also φ ≈ 43,3°.";"n_L = (2 | 2 | 3)|n_xy = (0 | 0 | 1)|√17 ≈ 4,123";"II";"den Nebenwinkel 136,7° angeben, oder den Winkel zwischen Normalenvektor und Ebene mit dem Winkel zwischen den Ebenen verwechseln";"Dublette von: 2018MgrundlegendBAGLAA2WTR2-1c. AB amtlich: II. Eigene Rechnung, mit sympy bestätigt."
"2018-be-gk-B2.2d";"2018";"2018-be-gk";"B";"2.2";"Kletteranlage";"d";"7";"6";"";"ja";"";"Analytische Geometrie";"Geraden";"Punktprobe an einer Geraden durchführen";"Schattenpunkt bei paralleler Projektion bestimmen|Ebene Figur: Schatten einer Fläche in eine Abbildung einzeichnen";"Schatten|parallele Lichtstrahlen|Punkt auf einer Strecke|Schattendreieck";"Parameterform einer Strecke aufstellen|Parameter auf das Intervall von 0 bis 1 prüfen|Richtungsvektor aus zwei zugeordneten Punkten gewinnen|Durchstoßpunkt mit der x-y-Ebene bestimmen";"Begründung|Rechnung|Zeichnen";"Zeigen Sie|Berechnen Sie|Stellen Sie dar";"Text|Zahl|Grafik";"Körper";"Schrägbild eines räumlichen Koordinatensystems mit x nach vorn (Teilung bis 12), y nach rechts (Teilung bis 16) und z nach oben (Teilung bis 6). Dargestellt sind zwei waagerechte, grau ausgefüllte Plattformen, jede um einen senkrechten Pfahl gebaut: Plattform 1 in Höhe z = 2 um den Pfahl 1 durch P₁(0 | 0 | 0) mit den beschrifteten Eckpunkten A, B, C und D, Plattform 2 in Höhe z = 3 um den Pfahl 2 durch P₂(5 | 10 | 0) mit den Eckpunkten R, S und T. Zwischen der Plattform 1 und dem Untergrund liegt die grau ausgefüllte, geneigte Kletterwand mit den Eckpunkten A, B oben und E, F auf dem Untergrund; sie ist mit Kletterwand beschriftet.";"Kletteranlage";"mittel";"Sonnenlicht wird durch parallele Geraden beschrieben. Die Plattform 2 hat die Eckpunkte R(5 | 7 | 3), S(8 | 13 | 3) und T(2 | 10 | 3), ihre Schattenpunkte auf dem Untergrund sind R'(4 | 2 | 0), S' und T'(1 | 5 | 0); außerdem sind E(6 | 0 | 0) und F(0 | 6 | 0) gegeben, 1 LE = 1 m.";"Nachweis, dass T' auf der Strecke EF liegt; Koordinaten von S'; Darstellung des Schattens der Plattform 2 in der Abbildung";"Die Strecke EF als E + t · (F − E) ansetzen und T' einsetzen: aus 6 − 6t = 1 folgt t = 5/6, die übrigen Koordinaten stimmen und t liegt zwischen 0 und 1. Die Lichtrichtung ist R'− R = (−1 | −5 | −3); von S aus in dieser Richtung bis z = 0 gehen liefert S'. Danach das Dreieck R'S'T' in die Abbildung eintragen.";"5";"ganz|Bruch|negativ";"m";"";"T' = E + 5/6 · (F − E) mit 5/6 zwischen 0 und 1, also liegt T' auf der Strecke EF. S'(7 | 8 | 0). Der Schatten ist das Dreieck mit den Ecken R'(4 | 2 | 0), S'(7 | 8 | 0) und T'(1 | 5 | 0) auf dem Untergrund.";"t = 5/6|Lichtrichtung (−1 | −5 | −3)|Probe mit T und T' bestätigt die Richtung";"II";"nur zeigen, dass T' auf der Geraden durch E und F liegt, ohne den Parameter auf das Intervall von 0 bis 1 zu prüfen";"Dublette von: 2018MgrundlegendBAGLAA2WTR2-1d. AB amtlich: II. Das Feld skizze beschreibt das vorgegebene Schrägbild; der Schatten ist darin zu ergänzen. Eigene Rechnung, mit sympy bestätigt."
"2018-be-gk-B2.2e";"2018";"2018-be-gk";"B";"2.2";"Kletteranlage";"e";"8";"5";"";"ja";"";"Analytische Geometrie";"Geraden";"Lösungsweg zur Bestimmung eines Punktes auf einer Geraden beschreiben";"";"Drahtseil|Teilverhältnis|Lösungsweg beschreiben|Höhe am Pfahl";"Teilpunkt einer Strecke über das Teilverhältnis ansetzen|Gerade durch zwei Punkte aufstellen|Schnitt mit einer senkrechten Geraden bilden";"Begründung";"Beschreiben Sie";"Text";"Körper";"Schrägbild eines räumlichen Koordinatensystems mit x nach vorn (Teilung bis 12), y nach rechts (Teilung bis 16) und z nach oben (Teilung bis 6). Dargestellt sind zwei waagerechte, grau ausgefüllte Plattformen, jede um einen senkrechten Pfahl gebaut: Plattform 1 in Höhe z = 2 um den Pfahl 1 durch P₁(0 | 0 | 0) mit den beschrifteten Eckpunkten A, B, C und D, Plattform 2 in Höhe z = 3 um den Pfahl 2 durch P₂(5 | 10 | 0) mit den Eckpunkten R, S und T. Zwischen der Plattform 1 und dem Untergrund liegt die grau ausgefüllte, geneigte Kletterwand mit den Eckpunkten A, B oben und E, F auf dem Untergrund; sie ist mit Kletterwand beschriftet.";"Kletteranlage";"lang";"Ein geradlinig gespanntes Drahtseil ist am Pfahl 1 durch P₁(0 | 0 | 0) in Höhe der Plattform 1 befestigt, also im Punkt (0 | 0 | 2), und am Pfahl 2 durch P₂(5 | 10 | 0) oberhalb der Plattform 2, die in der Höhe z = 3 liegt. Das Seil berührt die Plattform 2 an der Seite RT mit R(5 | 7 | 3) und T(2 | 10 | 3). Das Verhältnis, in dem der Berührpunkt die Strecke RT teilt, ist als bekannt vorausgesetzt; 1 LE = 1 m.";"Beschreibung eines Verfahrens, mit dem sich der Abstand des Befestigungspunktes am Pfahl 2 von der Plattform 2 berechnen lässt";"Aus dem bekannten Teilverhältnis den Berührpunkt X als R + k · (T − R) bestimmen. Das Seil ist die Gerade durch den Befestigungspunkt (0 | 0 | 2) und X. Der Pfahl 2 ist die senkrechte Gerade mit x = 5 und y = 10; den Schnittpunkt dieser Geraden mit der Seilgeraden bestimmen. Der gesuchte Abstand ist die Differenz zwischen seiner z-Koordinate und der Plattformhöhe 3.";"4";"ganz";"m";"";"Beschreibung des Weges: Berührpunkt X aus dem Teilverhältnis auf RT bestimmen, Gerade durch (0 | 0 | 2) und X aufstellen, ihren Schnittpunkt mit der Senkrechten durch P₂ berechnen und von dessen z-Koordinate die Plattformhöhe 3 abziehen.";"";"III";"den Abstand als Abstand des Punktes von der Plattformebene im Sinne eines Lotfußpunkts beschreiben, obwohl die Plattform waagerecht liegt und die Höhendifferenz gemeint ist";"Dublette von: 2018MgrundlegendBAGLAA2WTR2-1e. AB amtlich: III. Gefragt ist nur die Beschreibung des Verfahrens, keine Zahlenrechnung; das Teilverhältnis wird im Heft nicht angegeben. Eigene Rechnung nicht erforderlich."
"2018-be-gk-B3.1a";"2018";"2018-be-gk";"B";"3.1";"Gewinnspiel";"a";"9";"2";"";"ja";"";"Stochastik";"Zufallsexperimente und Urnenmodelle";"Ziehen ohne Zurücklegen: Wahrscheinlichkeit beim zweimaligen Ziehen ohne Zurücklegen berechnen";"";"Urne|ohne Zurücklegen|Pfadregel|Gewinnwahrscheinlichkeit";"zweistufiges Ziehen ohne Zurücklegen modellieren|Pfadregel anwenden|alternativ mit Binomialkoeffizienten abzählen";"Begründung|Rechnung";"Weisen Sie nach";"Text|Zahl";"keins";"keine";"Gewinnspiel auf einem Schulfest";"mittel";"In einem Topf liegen 2 schwarze und 4 weiße Kugeln. Bei einem Spiel werden zwei Kugeln mit einem Griff, also ohne Zurücklegen, gezogen. Der Spieler gewinnt genau dann, wenn keine schwarze Kugel dabei ist.";"Nachweis, dass die Gewinnwahrscheinlichkeit p = 0,4 beträgt";"Zweistufiges Ziehen ohne Zurücklegen: beide Kugeln weiß mit der Pfadregel 4/6 · 3/5 = 12/30. Gleichwertig über Binomialkoeffizienten: die Zahl der Möglichkeiten, 2 der 4 weißen Kugeln zu ziehen, geteilt durch die Zahl der Möglichkeiten, 2 der 6 Kugeln zu ziehen.";"2";"Bruch|dezimal";"";"";"p = 4/6 · 3/5 = 2/5 = 0,4; gleichwertig 6/15 = 0,4.";"4/6 · 3/5 = 12/30";"I";"mit Zurücklegen rechnen und (4/6)² = 4/9 erhalten";"Eigene Rechnung, mit sympy bestätigt."
"2018-be-gk-B3.1b";"2018";"2018-be-gk";"B";"3.1";"Gewinnspiel";"b";"9";"5";"";"ja";"";"Stochastik";"Binomialverteilung";"Einzelwahrscheinlichkeit der Binomialverteilung mit dem Rechner ermitteln";"Kumulierte Binomialwahrscheinlichkeit mit dem Rechner ermitteln";"Bernoulli-Kette|genau vier Treffer|erstes Spiel gewonnen|höchstens ein Treffer";"Binomialformel anwenden|Unabhängigkeit aufeinanderfolgender Spiele nutzen|Ereignis in zwei unabhängige Teile zerlegen";"Rechnung";"Berechnen Sie";"Zahl";"keins";"keine";"Gewinnspiel auf einem Schulfest";"kurz";"Ein Spieler spielt das Spiel mit der Gewinnwahrscheinlichkeit p = 0,4 zehnmal; nach jedem Spiel werden die Kugeln zurückgelegt. Ereignis A: genau 4 der 10 Spiele gewonnen. Ereignis B: das erste Spiel gewonnen und von den übrigen 9 höchstens eins.";"Wahrscheinlichkeiten der Ereignisse A und B";"A mit der Binomialformel für n = 10, p = 0,4 und k = 4 berechnen. B in zwei unabhängige Teile zerlegen: das erste Spiel gewinnen mit 0,4, und von den übrigen 9 Spielen höchstens eines gewinnen, also 0,6⁹ + 9 · 0,4 · 0,6⁸; die beiden Wahrscheinlichkeiten multiplizieren.";"5";"dezimal|Potenz";"";"2018-be-gk-B3.1a";"P(A) ≈ 0,2508; P(B) = 0,4 · (0,6⁹ + 9 · 0,4 · 0,6⁸) ≈ 0,0282.";"P(A) = 210 · 0,4⁴ · 0,6⁶|P(höchstens 1 von 9) ≈ 0,0705";"II";"bei B mit n = 10 statt mit n = 9 für den zweiten Teil rechnen, oder höchstens eins als genau eins lesen";"Eigene Rechnung, mit sympy bestätigt."
"2018-be-gk-B3.1c";"2018";"2018-be-gk";"B";"3.1";"Gewinnspiel";"c";"9";"5";"";"ja";"";"Stochastik";"Binomialverteilung";"Behauptung zur Monotonie einer Wahrscheinlichkeit an Beispielwerten prüfen";"Wahrscheinlichkeit für wenigstens einen Treffer über das Gegenereignis berechnen";"wenigstens ein Treffer|Gegenereignis|Monotonie|Behauptung prüfen";"Gegenereignis bilden|Potenzen vergleichen|eine Behauptung an Beispielen widerlegen";"Rechnung|Begründung";"Entscheiden Sie";"Zahl|Text";"keins";"keine";"Gewinnspiel auf einem Schulfest";"mittel";"Das Spiel hat die Gewinnwahrscheinlichkeit p = 0,4 und wird n-mal gespielt. Ereignis C: wenigstens eins von n Spielen wird gewonnen. Eine Spielerin behauptet, P(C) werde kleiner, wenn n größer wird.";"Entscheidung über die Behauptung anhand zweier berechneter Wahrscheinlichkeiten";"P(C) über das Gegenereignis kein Gewinn bestimmen: P(C) = 1 − 0,6ⁿ. Zwei Werte berechnen, etwa n = 1 mit 0,4 und n = 10 mit etwa 0,994; da 0,6ⁿ mit wachsendem n kleiner wird, wächst P(C). Die Behauptung ist damit widerlegt.";"3";"dezimal|Potenz";"";"2018-be-gk-B3.1a";"P(C) = 1 − 0,6ⁿ; für n = 1 ist P(C) = 0,4, für n = 10 ist P(C) ≈ 0,9940. P(C) wird also größer, die Behauptung ist falsch.";"0,6¹⁰ ≈ 0,0060";"II";"P(C) als Summe der Einzelwahrscheinlichkeiten aufschreiben und im Rechenaufwand steckenbleiben, statt das Gegenereignis zu nutzen";"Eigene Rechnung, mit sympy bestätigt."
"2018-be-gk-B3.1d";"2018";"2018-be-gk";"B";"3.1";"Gewinnspiel";"d";"9";"2";"";"ja";"";"Stochastik";"Kenngrößen von Verteilungen";"Erwartungswert einer Zufallsgröße im Sachzusammenhang berechnen";"";"Erwartungswert|Einsatz und Auszahlung|langfristiger Gewinn|Anbieter";"Zufallsgröße für den Gewinn festlegen|Erwartungswert als gewichtete Summe bilden|Vorzeichen im Sachzusammenhang deuten";"Rechnung|Begründung";"Zeigen Sie";"Zahl|Text";"keins";"keine";"Gewinnspiel auf einem Schulfest";"kurz";"Der Einsatz beträgt 1 € je Spiel. Mit der Wahrscheinlichkeit 0,4 werden 2 € ausgezahlt, sonst ist der Einsatz verloren.";"Nachweis, dass das Spiel aus Sicht des Anbieters auf lange Sicht gewinnbringend ist";"Den Erwartungswert der Auszahlung bilden: 0,4 · 2 € = 0,80 €. Er ist kleiner als der Einsatz von 1 €, der Anbieter nimmt also im Mittel 0,20 € je Spiel ein.";"2";"dezimal";"Euro";"2018-be-gk-B3.1a";"Erwartete Auszahlung 0,80 € gegenüber 1 € Einsatz; der Anbieter gewinnt im Mittel 0,20 € je Spiel, das Spiel ist für ihn auf lange Sicht gewinnbringend.";"0,4 · 2 € = 0,80 €";"II";"den Einsatz von 1 € nicht gegenrechnen und die Auszahlung allein als Gewinn deuten";"Eigene Rechnung, mit sympy bestätigt."
"2018-be-gk-B3.1e";"2018";"2018-be-gk";"B";"3.1";"Gewinnspiel";"e";"9";"6";"";"ja";"";"Stochastik";"Kenngrößen von Verteilungen";"Unbekannte Größe aus einer Erwartungswertbedingung bestimmen";"Ziehen ohne Zurücklegen: Wahrscheinlichkeit beim zweimaligen Ziehen ohne Zurücklegen berechnen";"faires Spiel|Urnenzusammensetzung|quadratische Gleichung|Gegenprobe";"Wahrscheinlichkeit in Abhängigkeit von einer Unbekannten aufstellen|quadratische Gleichung lösen|Lösung auf den Sachzusammenhang prüfen";"Rechnung|Begründung";"Zeigen Sie|Ermitteln Sie";"Zahl|Text";"keins";"keine";"Gewinnspiel auf einem Schulfest";"mittel";"Zu den 4 weißen Kugeln kommen 11 weitere weiße, zu den 2 schwarzen kommen x schwarze. Es werden weiterhin zwei Kugeln mit einem Griff gezogen; gewonnen wird nur, wenn keine schwarze Kugel dabei ist. Das Spiel ist fair, wenn die Gewinnwahrscheinlichkeit q = 0,5 beträgt.";"Nachweis, dass x = 2 nicht zu q = 0,5 führt; Anzahl der zuzugebenden schwarzen Kugeln für ein faires Spiel";"Mit 15 weißen und 2 + x schwarzen Kugeln, also 17 + x insgesamt, ist q(x) = 15/(17 + x) · 14/(16 + x). Für x = 2 ergibt das 35/57 ≈ 0,614, also nicht 0,5. Die Gleichung q(x) = 0,5 führt auf (17 + x) · (16 + x) = 420, also x² + 33x − 148 = 0 mit der brauchbaren Lösung x = 4.";"6";"Bruch|dezimal|ganz";"";"2018-be-gk-B3.1a";"Für x = 2 ist q = 35/57 ≈ 0,614 und damit nicht 0,5. Aus x² + 33x − 148 = 0 folgt x = 4 (die zweite Lösung x = −37 entfällt); bei 15 weißen und 6 schwarzen Kugeln ist q = 105/210 = 0,5, das Spiel ist fair.";"q(x) = 210/((17 + x) · (16 + x))|q(2) = 35/57|(17 + x) · (16 + x) = 420";"III";"beim Ziehen ohne Zurücklegen im zweiten Faktor den Nenner nicht um eins verringern, oder die negative Lösung der quadratischen Gleichung mitnehmen";"Eigene Rechnung, mit sympy bestätigt."
"2018-be-gk-B3.2a";"2018";"2018-be-gk";"B";"3.2";"Bildschirme";"a";"10|11";"4";"";"ja";"";"Stochastik";"Binomialverteilung";"Kumulierte Binomialwahrscheinlichkeit mit dem Rechner ermitteln";"";"Binomialverteilung|höchstens acht|Intervall|Tabelle der summierten Binomialverteilung";"Tabellenwerte für summierte Binomialverteilungen lesen|Ereignis in kumulierte Wahrscheinlichkeiten übersetzen|Grenzen richtig einschließen";"Rechnung";"Bestimmen Sie";"Zahl";"Tabelle";"Anlage: Tabelle der summierten Binomialverteilung für n = 50 mit den Spalten für p von 0,05 bis 0,5 und den Zeilen k von 0 bis 37; die Werte sind auf vier Nachkommastellen gerundet und ohne die führende Null angegeben.";"Bildschirmproduktion";"mittel";"Im Mittel ist einer von fünf Bildschirmen fehlerhaft, die Anzahl fehlerhafter Geräte ist binomialverteilt mit p = 0,2. Es werden 50 Bildschirme zufällig ausgewählt. Ereignis A: höchstens 8 fehlerhaft. Ereignis B: mehr als 10 und weniger als 15 fehlerhaft.";"Wahrscheinlichkeiten der Ereignisse A und B";"A ist P(X ≤ 8) und wird direkt aus der Tabelle abgelesen. B ist P(11 ≤ X ≤ 14) = P(X ≤ 14) − P(X ≤ 10); beide Werte ablesen und subtrahieren.";"3";"dezimal";"";"";"P(A) = P(X ≤ 8) ≈ 0,3073; P(B) = P(X ≤ 14) − P(X ≤ 10) ≈ 0,9393 − 0,5836 ≈ 0,3557.";"P(X ≤ 14) ≈ 0,9393|P(X ≤ 10) ≈ 0,5836";"II";"bei mehr als 10 und weniger als 15 die Grenzen einschließen und P(X ≤ 15) − P(X ≤ 9) rechnen";"Abgewandelt von: 2018MgrundlegendBStochastikWTR2-1a; Ereignis B im Heft mit 50 statt 200 Bildschirmen (mehr als 10 und weniger als 15 statt mehr als 30 und weniger als 50). seite nennt die Aufgabenseite und die Anlage mit der Tabelle. Die Tabellenwerte stimmen mit der eigenen Rechnung überein. Eigene Rechnung, mit sympy bestätigt."
"2018-be-gk-B3.2b";"2018";"2018-be-gk";"B";"3.2";"Bildschirme";"b";"10";"2";"";"ja";"";"Stochastik";"Binomialverteilung";"Modalwert einer Binomialverteilung bestimmen";"";"wahrscheinlichste Trefferzahl|Erwartungswert|Binomialverteilung|n gleich 250";"Erwartungswert n · p berechnen|Einzelwahrscheinlichkeiten in der Umgebung vergleichen";"Rechnung";"Bestimmen Sie";"Zahl";"keins";"keine";"Bildschirmproduktion";"kurz";"Die Anzahl fehlerhafter Geräte unter 250 zufällig ausgewählten Bildschirmen ist binomialverteilt mit p = 0,2.";"Anzahl fehlerhafter Bildschirme, die mit der größten Wahrscheinlichkeit auftritt";"Den Erwartungswert 250 · 0,2 = 50 bestimmen und die Einzelwahrscheinlichkeiten in seiner Umgebung vergleichen; alternativ über (n + 1) · p = 50,2 und Abrunden.";"2";"ganz|dezimal";"";"";"50 fehlerhafte Bildschirme; P(X = 50) ≈ 0,0630 ist größer als P(X = 49) und P(X = 51).";"n · p = 50|(n + 1) · p = 50,2";"II";"den Erwartungswert angeben, ohne zu prüfen, ob die Nachbarwerte kleinere Wahrscheinlichkeiten haben";"Dublette von: 2018MgrundlegendBStochastikWTR2-1b. AB amtlich: I. Eigene Rechnung, mit sympy bestätigt."
"2018-be-gk-B3.2c";"2018";"2018-be-gk";"B";"3.2";"Bildschirme";"c";"10";"3";"";"ja";"";"Stochastik";"Binomialverteilung";"Aussage zur Änderung einer Wahrscheinlichkeit bei größerer Stichprobe beurteilen";"";"alle fehlerfrei|Stichprobe vergrößern|Potenz|Aussage beurteilen";"Wahrscheinlichkeit für null Treffer als Potenz schreiben|Potenzen mit Basis kleiner eins vergleichen";"Begründung";"Beurteilen Sie";"Text";"keins";"keine";"Bildschirmproduktion";"mittel";"Die Anzahl fehlerhafter Bildschirme ist binomialverteilt mit p = 0,2. Zu beurteilen ist die Aussage, dass die Wahrscheinlichkeit dafür, dass alle Geräte fehlerfrei sind, geringer wird, wenn eine Stichprobe um einen zufällig ausgewählten Bildschirm ergänzt wird.";"Beurteilung der Aussage";"Bei n Geräten ist die Wahrscheinlichkeit 0,8ⁿ, bei n + 1 Geräten 0,8^(n+1) = 0,8 · 0,8ⁿ. Da mit 0,8 multipliziert wird, ist der Wert kleiner; die Aussage trifft zu.";"2";"dezimal|Potenz";"";"";"Die Aussage ist richtig: 0,8^(n+1) = 0,8 · 0,8ⁿ < 0,8ⁿ, die Wahrscheinlichkeit wird mit jedem weiteren Gerät um den Faktor 0,8 kleiner.";"";"III";"die Aussage nur an einem Zahlenbeispiel prüfen und den allgemeinen Grund nicht nennen";"Dublette von: 2018MgrundlegendBStochastikWTR2-1c. AB amtlich: II. Eigene Rechnung, mit sympy bestätigt."
"2018-be-gk-B3.2d";"2018";"2018-be-gk";"B";"3.2";"Bildschirme";"d";"10";"4";"";"ja";"";"Stochastik";"Binomialverteilung";"Trefferwahrscheinlichkeit aus einer Bedingung an die Wahrscheinlichkeit für null Treffer bestimmen";"";"Anteil fehlerhafter Geräte|kein Treffer|Wurzel ziehen|Mindestwahrscheinlichkeit";"Ansatz (1 − p)ⁿ aufstellen|Ungleichung durch Wurzelziehen lösen|Ergebnis als Anteil deuten";"Rechnung";"Ermitteln Sie";"Zahl";"keins";"keine";"Bildschirmproduktion";"mittel";"Nach einer Verbesserung soll die Wahrscheinlichkeit dafür, dass unter 25 zufällig ausgewählten Bildschirmen keiner fehlerhaft ist, mindestens 10 Prozent betragen.";"höchster Anteil fehlerhafter Geräte nach der Verbesserung";"Ansatz (1 − p)²⁵ ≥ 0,1 aufstellen und die 25. Wurzel ziehen: 1 − p ≥ 0,1^(1/25) ≈ 0,9120, also p ≤ 0,0880.";"3";"dezimal|Prozent|Wurzel";"";"";"p ≤ 1 − 0,1^(1/25) ≈ 0,088; der Anteil fehlerhafter Geräte darf höchstens etwa 8,8 Prozent betragen.";"0,1^(1/25) ≈ 0,91201";"II";"beim Ziehen der Wurzel das Ungleichheitszeichen falsch umdrehen oder p und 1 − p verwechseln";"Dublette von: 2018MgrundlegendBStochastikWTR2-1d. AB amtlich: III. Eigene Rechnung, mit sympy bestätigt."
"2018-be-gk-B3.2e";"2018";"2018-be-gk";"B";"3.2";"Bildschirme";"e";"10";"3";"";"ja";"";"Stochastik";"Vierfeldertafel";"Vierfeldertafel aus Anteilen vervollständigen";"";"Vierfeldertafel|Display|Netzteil|weder noch";"Gegenwahrscheinlichkeiten bilden|Randsummen zur Ergänzung nutzen";"Tabelle";"Stellen Sie dar";"Tabelle";"keins";"keine";"Bildschirmproduktion";"mittel";"Für einen zufällig ausgewählten Bildschirm gilt: das Display ist mit der Wahrscheinlichkeit 10,7 Prozent defekt, das Netzteil mit 3,0 Prozent, und mit 87,3 Prozent ist weder das Display noch das Netzteil defekt.";"vollständig ausgefüllte Vierfeldertafel";"Aus dem Rand für das Display folgt der Gegenwert 89,3 Prozent; das Feld Display heil und Netzteil defekt ergibt sich als 89,3 − 87,3 = 2,0 Prozent. Damit ist das Feld Display defekt und Netzteil defekt 3,0 − 2,0 = 1,0 Prozent und das Feld Display defekt und Netzteil heil 10,7 − 1,0 = 9,7 Prozent.";"4";"dezimal|Prozent";"";"";"Display und Netzteil defekt 1,0 Prozent; nur Display defekt 9,7 Prozent; nur Netzteil defekt 2,0 Prozent; keines defekt 87,3 Prozent. Ränder: Display 10,7 zu 89,3 Prozent, Netzteil 3,0 zu 97,0 Prozent.";"Display heil 89,3 Prozent|nur Netzteil defekt 2,0 Prozent";"II";"die 87,3 Prozent als Wahrscheinlichkeit dafür lesen, dass das Display heil ist, statt dass beide Bauteile heil sind";"Dublette von: 2018MgrundlegendBStochastikWTR2-1e. AB amtlich: II. Wortgleich mit dem grundlegenden Pool (Lauf 15; in Lauf 14 auf 2018MerhoehtBStochastikWTR2-1b als abgewandelt vorgemerkt: das Heft gibt den Netzteil-Anteil 3,0 % vor, der Pool „entweder Display oder Netzteil 11,7 %“; 3 statt 4 BE). Die Definition des Typs nennt Randanteile und einen Anteil innerhalb einer Teilgruppe; hier sind zwei Randanteile und ein Innenfeld gegeben. Die Definition sollte verallgemeinert werden, Vorschlag im Bericht. Eigene Rechnung, mit sympy bestätigt."
"2018-be-gk-B3.2f";"2018";"2018-be-gk";"B";"3.2";"Bildschirme";"f";"10";"2";"";"ja";"";"Stochastik";"Bedingte Wahrscheinlichkeit und Bayes";"Bedingte Wahrscheinlichkeit aus Anteil und Schnittanteil berechnen";"";"bedingte Wahrscheinlichkeit|defektes Display|defektes Netzteil|Quotient";"bedingte Wahrscheinlichkeit als Quotient ansetzen|Werte aus der Vierfeldertafel entnehmen";"Rechnung";"Berechnen Sie";"Zahl";"keins";"keine";"Bildschirmproduktion";"kurz";"Vierfeldertafel mit den Werten: Display und Netzteil defekt 1,0 Prozent, nur Display defekt 9,7 Prozent, nur Netzteil defekt 2,0 Prozent, keines defekt 87,3 Prozent; der Rand für ein defektes Display beträgt 10,7 Prozent.";"Wahrscheinlichkeit dafür, dass ein Bildschirm mit defektem Display auch ein defektes Netzteil hat";"Den Quotienten aus dem Feld beide defekt und dem Rand defektes Display bilden: 0,010 geteilt durch 0,107.";"2";"dezimal|Prozent";"";"2018-be-gk-B3.2e";"P ≈ 0,0935, also etwa 9,3 Prozent.";"0,010 / 0,107";"II";"durch den Rand für das defekte Netzteil statt für das defekte Display teilen und die Bedingung damit vertauschen";"Eigene Rechnung, mit sympy bestätigt."
"2018-be-gk-B3.2g";"2018";"2018-be-gk";"B";"3.2";"Bildschirme";"g";"10";"2";"";"ja";"";"Stochastik";"Binomialverteilung";"Ungeeignetheit des Binomialmodells begründen";"";"ohne Zurücklegen|Trefferwahrscheinlichkeit ändert sich|Binomialmodell|Stichprobenumfang";"Bedingungen einer Bernoulli-Kette kennen|Auswahl ohne Zurücklegen erkennen";"Begründung";"Beurteilen Sie";"Text";"keins";"keine";"Bildschirmproduktion";"mittel";"Von vierzig geprüften Bildschirmen, unter denen sechs fehlerhaft sind, werden nacheinander zehn zufällig ausgewählt.";"Beurteilung, ob die Anzahl fehlerhafter Bildschirme unter den ausgewählten binomialverteilt ist";"Prüfen, ob die Bedingungen einer Bernoulli-Kette erfüllt sind. Es wird aus einer festen Menge ohne Zurücklegen gezogen, die Wahrscheinlichkeit für ein fehlerhaftes Gerät ändert sich also von Zug zu Zug; bei zehn aus vierzig ist der Anteil zu groß, um das zu vernachlässigen.";"0";"Bruch|dezimal";"";"";"Nein. Die Auswahl erfolgt ohne Zurücklegen, die Trefferwahrscheinlichkeit bleibt also nicht bei 6/40 = 0,15, sondern hängt von den vorherigen Zügen ab; die Anzahl ist hypergeometrisch verteilt. Da ein Viertel des Bestands gezogen wird, ist auch eine Näherung durch die Binomialverteilung nicht zu rechtfertigen.";"";"II";"aus der festen Fehlerquote 6/40 auf eine konstante Trefferwahrscheinlichkeit schließen";"Dublette von: 2018MgrundlegendBStochastikWTR2-1g. AB amtlich: II. Wortgleich mit dem grundlegenden Pool (Lauf 15; in Lauf 14 auf 2018MerhoehtBStochastikWTR2-1d vorgemerkt). Zum Vergleich: die Wahrscheinlichkeit für genau zwei fehlerhafte Geräte beträgt hypergeometrisch etwa 0,321, binomial mit p = 0,15 etwa 0,276. Eigene Rechnung, mit sympy bestätigt."
"2023-bebb-gk-A1.1a";"2023";"2023-bebb-gk";"A";"1.1";"Analysis 1";"a";"1";"2";"";"nein";"I|II";"Analysis";"Tangente, Normale, Schnittwinkel";"Tangente am gespiegelten Punkt über die Achsensymmetrie angeben";"";"Graph symmetrisch zur y-Achse|Tangente t1: y = 4/3 x + 4 in (1 | f(1))|Tangente t2 in (−1 | f(−1))|Spiegelung an der y-Achse";"Achsensymmetrie auf Tangenten übertragen|Spiegelung einer Geraden an der y-Achse ändert das Vorzeichen der Steigung";"Kurzantwort|Begründung";"Geben Sie an|Begründen Sie";"Term|Text";"keins";"keine";"ohne";"kurz";"Funktion f, deren Graph symmetrisch bezüglich der y-Achse ist; die Tangente t1 an den Graphen im Punkt (1 | f(1)) hat die Gleichung y = 4/3 x + 4.";"Gleichung der Tangente t2 im Punkt (−1 | f(−1)) mit Begründung";"t2 ist das Spiegelbild von t1 an der y-Achse: die Steigung wechselt das Vorzeichen, der y-Achsenabschnitt bleibt.";"1";"Bruch|negativ";"";"";"t2: y = −4/3 x + 4; wegen der Symmetrie des Graphen liegen t1 und t2 spiegelbildlich zur y-Achse.";"";"II";"auch den y-Achsenabschnitt spiegeln (y = −4/3 x − 4)";"Dublette von: 2023MgrundlegendAAnalysis12-a. Wortgleich mit der Poolaufgabe 2023 grundlegend Analysis 1.2 a (Zahlen, Aufträge, BE). Eigene Rechnung."
"2023-bebb-gk-A1.1b";"2023";"2023-bebb-gk";"A";"1.1";"Analysis 1";"b";"1";"3";"";"nein";"I|II";"Analysis";"Tangente, Normale, Schnittwinkel";"Umfang des Dreiecks aus zwei Tangenten und der x-Achse berechnen";"";"t1 schneidet die Achsen in (−3 | 0) und (0 | 4)|Dreieck mit den Ecken (−3 | 0), (3 | 0), (0 | 4)|Schenkel 5 nach Pythagoras|Umfang 16";"Nullstelle und Achsenabschnitt einer Geraden|Satz des Pythagoras|Symmetrie des Dreiecks nutzen";"Rechnung";"Bestimmen Sie";"Zahl";"keins";"keine";"ohne";"kurz";"Die Tangenten t1: y = 4/3 x + 4 und t2: y = −4/3 x + 4 (aus a) schließen mit der x-Achse ein Dreieck ein.";"Umfang des Dreiecks";"Schnittpunkte von t1 mit den Achsen bestimmen, Schenkellänge mit Pythagoras √(3² + 4²) = 5, Grundseite von −3 bis 3 hat die Länge 6.";"3";"ganz|negativ|Wurzel";"";"2023-bebb-gk-A1.1a";"Umfang 6 + 2 · 5 = 16.";"Nullstelle von t1 bei x = −3|Schenkel 5";"II";"die Höhe 4 als Schenkel nehmen (Umfang 14)";"Dublette von: 2023MgrundlegendAAnalysis12-b. Wortgleich mit der Poolaufgabe 2023 grundlegend Analysis 1.2 b. Eigene Rechnung."
"2023-bebb-gk-A1.2a";"2023";"2023-bebb-gk";"A";"1.2";"Analysis 2";"a";"1|2";"1";"";"nein";"";"Analysis";"Flächeninhalt durch Integration";"Integralwert: Integralwert grafisch durch Kästchenzählen bestimmen";"";"Integral von 0 bis 2|Graph zwischen 1 und 2|Näherungswert|Kästchen";"Integral als Flächeninhalt zwischen Graph und x-Achse lesen|Fläche am Gitter abschätzen";"Kurzantwort";"Geben Sie an";"Zahl";"Koordinatensystem";"Kartesisches Koordinatensystem mit Gitter, x-Achse von −3 bis 7 und y-Achse von −3 bis 7 mit den ganzen Zahlen beschriftet, Achsen mit x und y benannt. Dargestellt ist der Graph von f: er kommt von links waagerecht auf der Höhe 1, steigt ab x = 0 an, hat bei (2 | 2) einen Hochpunkt und fällt danach mit abnehmender Steigung gegen die x-Achse (bei x = 4 etwa 0,6, bei x = 7 nahe 0). Beschriftung f rechts vom Hochpunkt.";"ohne";"kurz";"Abbildung des Graphen einer in IR definierten Funktion f mit f(x) → 0 für x → ∞ und f(x) → 1 für x → −∞; auf [0; 2] steigt der Graph von (0 | 1) zum Hochpunkt (2 | 2).";"Näherungswert des Integrals von 0 bis 2 über f";"Die Fläche unter dem Graphen zwischen 0 und 2 liegt zwischen dem Rechteck der Höhe 1 (Inhalt 2) und dem Rechteck der Höhe 2 (Inhalt 4); Kästchen zählen oder das Trapez über die Werte 1, etwa 1,4 und 2 nehmen.";"1";"ganz|dezimal";"";"";"≈ 2,9? (Werte zwischen etwa 2,8 und 3,1 sind vertretbar)";"";"I";"den Funktionswert f(2) = 2 statt der Fläche angeben";"Näherungswert aus der Abbildung (Simpson über 1, 1,4 und 2 gibt 2,87); keine amtliche Lösung, daher „?“. Eigene Rechnung."
"2023-bebb-gk-A1.2b";"2023";"2023-bebb-gk";"A";"1.2";"Analysis 2";"b";"1|2";"4";"";"nein";"";"Analysis";"Stammfunktion und Hauptsatz";"Graph einer Stammfunktion durch einen Punkt skizzieren";"";"F(0) = 0|f überall positiv, F streng monoton wachsend|Wendepunkt von F bei x = 2|F(x) ≈ x für x → −∞|waagerechte Asymptote für x → ∞";"Vorzeichen von f als Monotonie von F lesen|Extremstelle von f als Wendestelle von F|Grenzwerte von f als Steigung von F";"Zeichnen";"Skizzieren Sie";"Grafik";"Koordinatensystem";"Wie in a: Gitter, x von −3 bis 7, y von −3 bis 7, Graph von f mit Hochpunkt (2 | 2), links waagerecht auf Höhe 1, rechts gegen 0 fallend.";"ohne";"kurz";"Abbildung des Graphen von f (f > 0, f → 1 für x → −∞, Hochpunkt (2 | 2), f → 0 für x → ∞); für eine Stammfunktion F von f gilt F(0) = 0.";"Skizze des Graphen dieser Stammfunktion in der Abbildung";"F wächst überall (f > 0), links mit Steigung nahe 1 (Gerade durch den Ursprung), hat bei x = 2 die größte Steigung (Wendepunkt), flacht rechts ab und nähert sich einer waagerechten Asymptote.";"1";"ganz";"";"2023-bebb-gk-A1.2a";"Graph durch (0 | 0), links näherungsweise die Gerade y = x (F(−3) ≈ −3), zwischen 0 und 2 steiler werdend bis F(2) ≈ 2,9, dann mit abnehmender Steigung gegen einen Wert von etwa 6,5 (F(4) ≈ 5,5, F(7) ≈ 6,4).";"";"II";"F mit einem Hochpunkt bei x = 2 zeichnen (Extremstelle von f mit Extremstelle von F verwechseln)";"Erwartete Antwort aus den Eigenschaften von f abgeleitet; die Zahlenwerte sind Kästchenschätzungen aus a. Eigene Rechnung."
"2023-bebb-gk-A1.3a";"2023";"2023-bebb-gk";"A";"1.3";"Analysis 3";"a";"2";"2";"";"nein";"";"Analysis";"Kurvenuntersuchung";"Extremstellen aus den Nullstellen der Ableitung berechnen";"";"f(x) = x³ − 3x²|f'(x) = 3x² − 6x = 3x(x − 2)|Extremstellen 0 und 2";"Potenzregel|Ausklammern und Satz vom Nullprodukt";"Rechnung";"Berechnen Sie";"Zahl";"keins";"keine";"ohne";"kurz";"Die in IR definierte Funktion f mit f(x) = x³ − 3x²; sie hat genau zwei Extremstellen.";"die beiden Extremstellen";"Ableitung bilden, f'(x) = 3x² − 6x = 3x(x − 2) = 0 lösen; die Existenz von genau zwei Extremstellen ist vorgegeben, die Art ist nicht verlangt.";"2";"ganz";"";"";"x = 0 und x = 2 (Hochpunkt (0 | 0), Tiefpunkt (2 | −4)).";"f'(x) = 3x² − 6x";"I";"durch x dividieren und die Extremstelle 0 verlieren";"Eigene Rechnung, mit sympy bestätigt."
"2023-bebb-gk-A1.3b";"2023";"2023-bebb-gk";"A";"1.3";"Analysis 3";"b";"2";"3";"";"nein";"";"Analysis";"Tangente, Normale, Schnittwinkel";"Gemeinsame Tangente zweier Graphen im Schnittpunkt nachweisen und angeben";"";"g(x) = 9x + 5|Berührung in P(−1 | −4)|f(−1) = g(−1) = −4|f'(−1) = 9 = g'(x)";"Berühren heißt gemeinsamer Punkt und gleiche Steigung|Ableitung auswerten";"Begründung";"Begründen Sie";"Text";"keins";"keine";"ohne";"kurz";"f(x) = x³ − 3x² und die in IR definierte Funktion g mit g(x) = 9x + 5; der Punkt P(−1 | −4).";"Begründung, dass sich die Graphen von f und g in P berühren";"P liegt auf beiden Graphen: f(−1) = −1 − 3 = −4 und g(−1) = −9 + 5 = −4; die Steigungen stimmen überein: f'(−1) = 3 + 6 = 9 = g'(x) für alle x. Damit ist g die Tangente an den Graphen von f in P.";"3";"ganz|negativ";"";"";"f(−1) = g(−1) = −4 und f'(−1) = 9 = Steigung von g, also Berührung in P.";"f'(x) = 3x² − 6x";"II";"nur den gemeinsamen Punkt prüfen und die gleiche Steigung vergessen";"Typ wiederverwendet (2023-ga-B): die Tangentengleichung entfällt, weil g die Tangente ist. Eigene Rechnung, mit sympy bestätigt."
"2023-bebb-gk-A1.4a";"2023";"2023-bebb-gk";"A";"1.4";"Analytische Geometrie 1";"a";"2";"1";"";"nein";"I";"Analytische Geometrie";"Geraden";"Punktprobe an einer Geraden durchführen";"";"g: x = (2 | 3 | −7) + s · (1 | 0 | 5)|zweite Koordinate aller Punkte von g ist 3|A(4 | 0 | 0) hat 0";"Koordinate mit Richtungskomponente 0 als konstant erkennen";"Begründung";"Begründen Sie";"Text";"keins";"keine";"ohne";"kurz";"Gerade g: x = (2 | 3 | −7) + s · (1 | 0 | 5), s ∈ IR; Punkt A(4 | 0 | 0).";"Begründung, dass A nicht auf g liegt";"Die zweite Koordinate jedes Punktes von g ist 3, die von A ist 0.";"1";"ganz|negativ";"";"";"Alle Punkte von g haben die y-Koordinate 3, A hat die y-Koordinate 0, also liegt A nicht auf g.";"";"I";"aus der ersten Koordinate s = 2 folgern und nicht weiterprüfen";"Dublette von: 2023MgrundlegendAAGLAA212-a. Wortgleich mit der Poolaufgabe 2023 grundlegend AG/LA (A2) 1.2 a. Eigene Rechnung."
"2023-bebb-gk-A1.4b";"2023";"2023-bebb-gk";"A";"1.4";"Analytische Geometrie 1";"b";"2";"4";"";"nein";"I|II";"Analytische Geometrie";"Schnittmengen";"Parameter aus dem Schnitt zweier Geraden ermitteln";"";"h durch A(4 | 0 | 0) und B(5 | 1 | b): x = (4 | 0 | 0) + r · (1 | 1 | b)|Gleichsetzen 2 + s = 4 + r, 3 = r, −7 + 5s = rb|r = 3, s = 5|b = 6";"Geradengleichung aus zwei Punkten|Gleichsetzen und koordinatenweise lösen|Parameter aus der dritten Gleichung";"Rechnung";"Ermitteln Sie";"Zahl";"keins";"keine";"ohne";"kurz";"g: x = (2 | 3 | −7) + s · (1 | 0 | 5); Gerade h durch A(4 | 0 | 0) und B(5 | 1 | b) mit reellem b; g und h haben einen gemeinsamen Punkt.";"Wert von b";"h aufstellen und mit g gleichsetzen; die zweite Koordinate liefert r = 3, die erste s = 5, die dritte 18 = 3b.";"3";"ganz|negativ";"";"2023-bebb-gk-A1.4a";"b = 6 (gemeinsamer Punkt (7 | 3 | 18)).";"r = 3, s = 5";"II";"für h denselben Parameter s wie für g verwenden";"Dublette von: 2023MgrundlegendAAGLAA212-b. Wortgleich mit der Poolaufgabe 2023 grundlegend AG/LA (A2) 1.2 b. Eigene Rechnung, mit sympy bestätigt."
"2023-bebb-gk-A1.5a";"2023";"2023-bebb-gk";"A";"1.5";"Analytische Geometrie 2";"a";"2";"2";"";"nein";"";"Analytische Geometrie";"Punkte und Strecken im Koordinatensystem";"Ebene Figur: Gleichschenkligkeit oder Gleichseitigkeit eines Dreiecks über die Seitenlängen prüfen";"";"A(1 | 0 | 2), B(3 | 2 | 10), C(4 | 3 | 5)|CA = (−3 | −3 | −3), CB = (−1 | −1 | 5)|beide Beträge √27";"Verbindungsvektor bilden|Betrag eines Vektors";"Begründung";"Weisen Sie nach";"Text";"keins";"keine";"ohne";"kurz";"Eckpunkte eines Dreiecks ABC mit A(1 | 0 | 2), B(3 | 2 | 10) und C(4 | 3 | 5).";"Nachweis, dass der Abstand von C zu A genauso groß ist wie der Abstand von C zu B";"Beträge der Verbindungsvektoren CA und CB berechnen und vergleichen.";"2";"ganz|negativ|Wurzel";"";"";"|CA| = √(9 + 9 + 9) = √27 = |CB| = √(1 + 1 + 25); das Dreieck ist gleichschenklig mit Spitze C.";"CA = (−3 | −3 | −3)|CB = (−1 | −1 | 5)";"I";"Koordinaten statt Koordinatendifferenzen quadrieren";"Eigene Rechnung, mit sympy bestätigt."
"2023-bebb-gk-A1.5b";"2023";"2023-bebb-gk";"A";"1.5";"Analytische Geometrie 2";"b";"2";"3";"";"nein";"";"Analytische Geometrie";"Punkte und Strecken im Koordinatensystem";"Ebene Figur: Vierten Eckpunkt einer Raute zu einem gleichschenkligen Dreieck über die Punktspiegelung am Seitenmittelpunkt bestimmen";"";"D ≠ C mit |DA| = |DB| und |DA| = |CA||Mittelpunkt M(2 | 1 | 6) von AB|D = A + B − C = (0 | −1 | 7)|ADBC ist eine Raute";"Gleiche Abstände zu A und B als Spiegelbild erkennen|Mittelpunkt einer Strecke|Punktspiegelung als Vektorrechnung";"Rechnung";"Ermitteln Sie";"Zahl";"keins";"keine";"ohne";"kurz";"Dreieck ABC mit A(1 | 0 | 2), B(3 | 2 | 10), C(4 | 3 | 5) und |CA| = |CB| (aus a); gesucht ist ein Punkt D ≠ C mit I |DA| = |DB| und II |DA| = |CA|.";"Koordinaten eines solchen Punktes D";"C am Mittelpunkt M von AB spiegeln: D = 2M − C = A + B − C; dann ist ADBC eine Raute, alle vier Seiten haben die Länge √27.";"3";"ganz|negativ|Wurzel";"";"2023-bebb-gk-A1.5a";"D(0 | −1 | 7); Kontrolle |DA| = |(1 | 1 | −5)| = √27 = |DB| = |(3 | 3 | 3)|.";"M(2 | 1 | 6)";"II";"D auf der Mittelsenkrechten von AB suchen, ohne die zweite Bedingung II zu nutzen; D = C übersehen";"Andere Lösungen (jeder Punkt des Kreises um M mit Radius |CM| in der Mittelebene) sind möglich; das Heft verlangt nur einen Punkt. Eigene Rechnung, mit sympy bestätigt."
"2023-bebb-gk-A1.6a";"2023";"2023-bebb-gk";"A";"1.6";"Stochastik 1";"a";"2";"2";"";"nein";"";"Stochastik";"Baumdiagramm und Pfadregeln";"Wahrscheinlichkeit für zwei gleichfarbige Kugeln beim Ziehen mit Zurücklegen als Summe zweier Pfade berechnen";"";"Urne 3 rot, 2 weiß|zweimal mit Zurücklegen|rot-rot oder weiß-weiß|(3/5)² + (2/5)² = 13/25";"Pfadmultiplikation bei Unabhängigkeit|Pfadaddition für ein Oder-Ereignis";"Rechnung";"Ermitteln Sie";"Zahl";"keins";"keine";"Urne/Kugeln";"kurz";"In einer Urne liegen 5 Kugeln, 3 rote und 2 weiße, nur durch die Farbe unterscheidbar; zwei Kugeln werden mit Zurücklegen gezogen.";"Wahrscheinlichkeit, dass zwei gleichfarbige Kugeln gezogen werden";"Pfade rot-rot und weiß-weiß mit unveränderten Wahrscheinlichkeiten 3/5 und 2/5 multiplizieren und addieren.";"2";"Bruch";"";"";"P = (3/5)² + (2/5)² = 9/25 + 4/25 = 13/25 = 0,52.";"";"I";"nur den Pfad rot-rot rechnen oder ohne Zurücklegen rechnen (3/5 · 2/4 + 2/5 · 1/4 = 2/5)";"Eigene Rechnung, mit sympy bestätigt."
"2023-bebb-gk-A1.6b";"2023";"2023-bebb-gk";"A";"1.6";"Stochastik 1";"b";"2|3";"3";"";"nein";"";"Stochastik";"Zufallsexperimente und Urnenmodelle";"Ziehen ohne Zurücklegen: Wahrscheinlichkeit für eine Mehrheit einer Sorte beim dreimaligen Ziehen ohne Zurücklegen berechnen";"";"drei Kugeln ohne Zurücklegen|mehr rote als weiße heißt 2 oder 3 rote|Pfade oder Binomialkoeffizienten|7/10";"Ohne Zurücklegen ändern sich die Wahrscheinlichkeiten je Zug|Anzahl der Reihenfolgen berücksichtigen|Mehrheit als Ereignis übersetzen";"Rechnung";"Ermitteln Sie";"Zahl";"keins";"keine";"Urne/Kugeln";"kurz";"Urne mit 3 roten und 2 weißen Kugeln; drei Kugeln werden nacheinander ohne Zurücklegen gezogen.";"Wahrscheinlichkeit, dass unter den gezogenen Kugeln mehr rote als weiße sind";"Genau zwei rote (drei Reihenfolgen mit 3/5 · 2/4 · 2/3 = 1/5 je Pfad) plus drei rote (3/5 · 2/4 · 1/3 = 1/10); alternativ (C(3; 2) · C(2; 1) + C(3; 3)) / C(5; 3) = 7/10.";"3";"Bruch";"";"";"P = 3 · 1/5 + 1/10 = 7/10 = 0,7.";"P(genau 2 rote) = 3/5|P(3 rote) = 1/10";"II";"nur einen Pfad für „genau zwei rote“ zählen (Ergebnis 3/10)";"Eigene Rechnung, mit sympy bestätigt."
"2023-bebb-gk-A1.7a";"2023";"2023-bebb-gk";"A";"1.7";"Stochastik 2";"a";"3";"2";"";"nein";"";"Stochastik";"Binomialverteilung";"Wahrscheinlichkeit eines Intervalls aus dem Säulendiagramm einer Verteilung ablesen";"";"Säulendiagramm P(X = k) für k = 0 bis 9|P(3 < X < 6) = P(X = 4) + P(X = 5)|Säulen etwa 0,19 und 0,10";"Strikte Ungleichungen in ganzzahlige Werte übersetzen|Säulenhöhen am Gitter ablesen und addieren";"Kurzantwort";"Bestimmen Sie";"Zahl";"Diagramm";"Säulendiagramm auf feinem Gitter, waagerechte Achse k von 0 bis 9, senkrechte Achse P(X = k) von 0 bis 0,3 in Schritten von 0,05 beschriftet. Säulenhöhen etwa: k = 0: 0,03; 1: 0,11; 2: 0,23; 3: 0,26; 4: 0,19; 5: 0,10; 6: 0,03; 7: 0,01; 8 und 9: nahe 0.";"ohne";"kurz";"Abbildung der Wahrscheinlichkeitsverteilung einer binomialverteilten Zufallsgröße X (Säulen für k = 0 bis 9, Maximum bei k = 3 mit etwa 0,26).";"Näherungswert für P(3 < X < 6)";"Die Säulen für k = 4 und k = 5 ablesen und addieren.";"2";"dezimal";"";"";"P(3 < X < 6) ≈ 0,19 + 0,10 = 0,29? (etwa 0,28 bis 0,30)";"";"I";"die Säulen für k = 3 und k = 6 mitzählen (P(3 ≤ X ≤ 6) ≈ 0,58)";"Ablesewert aus dem Gitter; die Verteilung entspricht B(12; 0,25) mit P(X = 4) + P(X = 5) = 0,297; keine amtliche Lösung, daher „?“. Eigene Rechnung, mit sympy bestätigt."
"2023-bebb-gk-A1.7b";"2023";"2023-bebb-gk";"A";"1.7";"Stochastik 2";"b";"3|4";"3";"";"nein";"";"Stochastik";"Binomialverteilung";"Unpassende Säulendiagramme zu einer Binomialverteilung begründet ausschließen";"";"Y binomialverteilt mit n = 12, p = 0,25|Erwartungswert 3|Abb. 1 Maximum bei 5|Abb. 3 Summe der Säulen größer als 1|Abb. 2 passt";"Erwartungswert n · p als Lage des Maximums|Summe aller Wahrscheinlichkeiten ist 1";"Begründung";"Entscheiden Sie begründet";"Text";"Diagramm";"Drei Säulendiagramme P(Y = k) für k = 0 bis 12 auf Gitter. Abb. 1: Maximum etwa 0,23 bei k = 5, Säulen von k = 1 bis 10, symmetrisch um 5. Abb. 2: Maximum etwa 0,26 bei k = 3, Säulen 0,03, 0,13, 0,23, 0,26, 0,19, 0,10, 0,04, 0,01 für k = 0 bis 7. Abb. 3: Maximum etwa 0,55 bei k = 3, Säulen 0,10, 0,21, 0,25, 0,55, 0,45, 0,30, 0,22, 0,15, 0,10, 0,05 für k = 0 bis 9, Achse bis 0,5 beschriftet.";"ohne";"mittel";"Zufallsgröße Y ist binomialverteilt mit n = 12 und p = 0,25; drei Abbildungen mit Säulendiagrammen, genau eine zeigt die Verteilung von Y.";"begründete Entscheidung, welche Abbildung die Verteilung von Y zeigt";"Erwartungswert 12 · 0,25 = 3: das Maximum muss bei k = 3 liegen (schließt Abb. 1 mit Maximum bei 5 aus); die Säulenhöhen müssen sich zu 1 addieren (in Abb. 3 ist allein die Säule bei 3 über 0,5 und die Summe weit über 1). Abb. 2 erfüllt beides.";"2";"dezimal";"";"";"Abb. 2: Maximum bei k = E(Y) = 3 und Summe der Säulen 1; Abb. 1 hat das Maximum bei 5, in Abb. 3 ist die Summe der Wahrscheinlichkeiten größer als 1.";"E(Y) = 3";"II";"Abb. 3 wählen, weil das Maximum bei 3 liegt, ohne die Summe zu prüfen";"Typ wiederverwendet (2021-ga-A); hier ist die passende Abbildung auszuwählen statt unpassende auszuschließen, die Begründung ist dieselbe. Eigene Rechnung, mit sympy bestätigt."
"2023-bebb-gk-B2.1a";"2023";"2023-bebb-gk";"B";"2.1";"Beistelltisch";"a";"5";"2";"";"ja";"";"Analysis";"Grenzwerte und Verhalten im Unendlichen";"Grenzverhalten eines Produkts aus Polynom und e-Funktion angeben";"";"x → +∞: f(x) → +∞|x → −∞: f(x) → 0|e-Funktion dominiert das Polynom";"Grenzverhalten von e^x|Produkt aus wachsendem Polynom und e^x";"Kurzantwort";"Geben Sie an";"Text";"keins";"keine";"ohne";"kurz";"Die in IR definierte Funktion f mit f(x) = 0,5 · (x² − 4) · e^x, ihr Graph G; die erste Ableitung ist f'(x) = (0,5x² + x − 2) · e^x.";"Verhalten der Funktionswerte für x → +∞ und für x → −∞";"Für x → +∞ wachsen beide Faktoren, für x → −∞ geht e^x schneller gegen 0, als x² − 4 wächst.";"1";"ganz";"";"";"f(x) → +∞ für x → +∞; f(x) → 0 für x → −∞ (Annäherung an die x-Achse von oben).";"";"I";"für x → −∞ aus x² − 4 → ∞ auf f(x) → ∞ schließen";"Eigene Rechnung, mit sympy bestätigt."
"2023-bebb-gk-B2.1b";"2023";"2023-bebb-gk";"B";"2.1";"Beistelltisch";"b";"5";"5";"";"ja";"";"Analysis";"Funktionsklassen und Eigenschaften";"Nullstellen und Werte: Schnittpunkte des Graphen mit beiden Koordinatenachsen berechnen";"Nullstellen und Werte: Fehlende Ecke einer Raute aus drei Achsenschnittpunkten angeben";"f(0) = −2|Nullstellen x = ±2 aus x² − 4 = 0|Schnittpunkte (−2 | 0), (2 | 0), (0 | −2)|Raute mit Ecke R(0 | 2)";"Satz vom Nullprodukt, e^x ≠ 0|Raute: Diagonalen halbieren sich senkrecht";"Rechnung|Kurzantwort";"Bestimmen Sie|Geben Sie an";"Zahl";"keins";"keine";"ohne";"mittel";"Die in IR definierte Funktion f mit f(x) = 0,5 · (x² − 4) · e^x, ihr Graph G; die erste Ableitung ist f'(x) = (0,5x² + x − 2) · e^x. Ein Punkt R und die drei Schnittpunkte von G mit den Koordinatenachsen sind die Eckpunkte einer Raute.";"Koordinaten der Schnittpunkte von G mit beiden Koordinatenachsen; Koordinaten von R";"f(0) = 0,5 · (−4) · 1 = −2; f(x) = 0 ⇔ x² − 4 = 0 ⇔ x = ±2. Die drei Punkte liegen auf den Achsen, die Diagonalen der Raute sind die Achsenabschnitte, also ist R der Spiegelpunkt von (0 | −2) am Ursprung.";"4";"ganz|negativ";"";"";"Schnittpunkte (0 | −2), (−2 | 0) und (2 | 0); R(0 | 2).";"";"II";"e^x = 0 als Lösung ansetzen; R auf der x-Achse suchen";"Eigene Rechnung, mit sympy bestätigt."
"2023-bebb-gk-B2.1c";"2023";"2023-bebb-gk";"B";"2.1";"Beistelltisch";"c";"5";"2";"";"ja";"";"Analysis";"Tangente, Normale, Schnittwinkel";"Waagerechte Tangente an einer vorgegebenen Stelle nachweisen und Funktionswert berechnen";"";"x0 = −1 + √5|f'(x0) = 0 über (0,5x0² + x0 − 2) = 0|(−1 + √5)² = 6 − 2√5|f(x0) = (1 − √5) · e^(√5 − 1) ≈ −4,26";"Binomische Formel mit Wurzeln|Waagerechte Tangente heißt f'(x0) = 0|Funktionswert mit dem Rechner";"Rechnung";"Zeigen Sie|Berechnen Sie";"Zahl";"keins";"keine";"ohne";"kurz";"Die in IR definierte Funktion f mit f(x) = 0,5 · (x² − 4) · e^x, ihr Graph G; die erste Ableitung ist f'(x) = (0,5x² + x − 2) · e^x. Stelle x = −1 + √5.";"Nachweis, dass G an der Stelle −1 + √5 eine waagerechte Tangente besitzt; Funktionswert an dieser Stelle";"In f' einsetzen: 0,5 · (6 − 2√5) + (−1 + √5) − 2 = 3 − √5 − 1 + √5 − 2 = 0, e^x ≠ 0; dann f(−1 + √5) = 0,5 · (6 − 2√5 − 4) · e^(−1 + √5) = (1 − √5) · e^(√5 − 1).";"3";"Wurzel|dezimal|negativ";"";"";"f'(−1 + √5) = 0, also waagerechte Tangente; f(−1 + √5) = (1 − √5) · e^(√5 − 1) ≈ −4,26.";"(−1 + √5)² = 6 − 2√5";"II";"(−1 + √5)² = 1 + 5 rechnen (gemischtes Glied vergessen)";"Eigene Rechnung, mit sympy bestätigt."
"2023-bebb-gk-B2.1d";"2023";"2023-bebb-gk";"B";"2.1";"Beistelltisch";"d";"5";"4";"";"ja";"";"Analysis";"Kurvenuntersuchung";"Aussagen über Funktions- und Ableitungswert nahe dem Tiefpunkt ohne Rechnung beurteilen";"";"Tiefpunkt T(−1 + √5 | f(−1 + √5))|Stelle −0,9 + √5 liegt rechts der Tiefstelle|I falsch: kein Wert unter dem Tiefpunkt|II wahr: f steigt rechts des Tiefpunkts";"Tiefpunkt als kleinster Wert in der Umgebung|Monotonie rechts einer Tiefstelle|Vorzeichen der Ableitung beim Steigen";"Begründung";"Entscheiden Sie|Begründen Sie";"Text";"keins";"keine";"ohne";"mittel";"Die in IR definierte Funktion f mit f(x) = 0,5 · (x² − 4) · e^x, ihr Graph G; die erste Ableitung ist f'(x) = (0,5x² + x − 2) · e^x. G hat genau zwei lokale Extrempunkte, einer im II. und einer im IV. Quadranten; T(−1 + √5 | f(−1 + √5)) ist der Tiefpunkt. Aussagen: I f(−0,9 + √5) ist kleiner als die y-Koordinate des Tiefpunktes; II f'(−0,9 + √5) ist größer als null.";"Entscheidung ohne weitere Rechnung, ob I und II wahr sind, mit Begründung";"−0,9 + √5 liegt um 0,1 rechts der Tiefstelle; dort ist f(x) größer als der Tiefpunktwert (I falsch) und f steigt, also f' > 0 (II wahr). Rechts des Tiefpunkts gibt es keinen weiteren Extrempunkt, weil der zweite im II. Quadranten liegt.";"2";"Wurzel|dezimal";"";"2023-bebb-gk-B2.1c";"I ist falsch (der Tiefpunkt hat den kleinsten Funktionswert in seiner Umgebung, f(−0,9 + √5) ≈ −4,21 > −4,26); II ist wahr (rechts der Tiefstelle steigt G, f'(−0,9 + √5) ≈ 0,87 > 0).";"";"II";"Aussage II über den Wert von f statt über die Steigung beurteilen";"Kontrollwerte in ergebnis sind eigene Rechnung, das Heft verlangt sie nicht. Eigene Rechnung, mit sympy bestätigt."
"2023-bebb-gk-B2.1e";"2023";"2023-bebb-gk";"B";"2.1";"Beistelltisch";"e";"5";"2";"";"ja";"";"Analysis";"Kurvenuntersuchung";"Monotonieverhalten aus einem bekannten Extrempunkt angeben";"";"x ≥ 0|Tiefstelle −1 + √5 ≈ 1,24|fallend auf [0; −1 + √5]|steigend ab −1 + √5";"Monotoniebereiche an Extremstellen trennen";"Kurzantwort";"Geben Sie an";"Text";"keins";"keine";"ohne";"kurz";"Die in IR definierte Funktion f mit f(x) = 0,5 · (x² − 4) · e^x, ihr Graph G; die erste Ableitung ist f'(x) = (0,5x² + x − 2) · e^x. Tiefpunkt bei x = −1 + √5 (aus c und d), kein weiterer Extrempunkt für x ≥ 0.";"Monotonieverhalten von f für x ≥ 0";"Der einzige Extrempunkt für x ≥ 0 ist der Tiefpunkt; links davon fällt f, rechts steigt f.";"1";"Wurzel";"";"2023-bebb-gk-B2.1c";"f ist auf [0; −1 + √5] streng monoton fallend und auf [−1 + √5; ∞) streng monoton steigend.";"";"I";"die Grenze bei 0 statt bei der Tiefstelle setzen";"Eigene Rechnung, mit sympy bestätigt."
"2023-bebb-gk-B2.1f";"2023";"2023-bebb-gk";"B";"2.1";"Beistelltisch";"f";"5";"5";"";"ja";"";"Analysis";"Kurvenuntersuchung";"Wendepunkte über die zweite Ableitung berechnen";"";"f''(x) = (0,5x² + 2x − 1) · e^x mit der Produktregel|x² + 4x − 2 = 0|x = −2 ± √6|W1(−4,45 | 0,09), W2(0,45 | −2,98)";"Produktregel mit e^x|Quadratische Gleichung mit pq-Formel|Vorzeichenwechsel von f'' oder f''' ≠ 0|Runden auf zwei Nachkommastellen";"Rechnung";"Berechnen Sie";"Zahl";"keins";"keine";"ohne";"kurz";"Die in IR definierte Funktion f mit f(x) = 0,5 · (x² − 4) · e^x, ihr Graph G; die erste Ableitung ist f'(x) = (0,5x² + x − 2) · e^x. G besitzt zwei Wendepunkte.";"Koordinaten beider Wendepunkte, auf zwei Nachkommastellen gerundet";"f' mit der Produktregel ableiten: f''(x) = (x + 1) · e^x + (0,5x² + x − 2) · e^x = (0,5x² + 2x − 1) · e^x; f''(x) = 0 ⇔ x² + 4x − 2 = 0 ⇔ x = −2 ± √6; Existenz der beiden Wendepunkte ist vorgegeben; Funktionswerte berechnen und runden.";"5";"Wurzel|dezimal|negativ";"";"";"W1(−4,45 | 0,09) und W2(0,45 | −2,98) (x = −2 − √6 ≈ −4,449 und x = −2 + √6 ≈ 0,449).";"f''(x) = (0,5x² + 2x − 1) · e^x";"II";"beim Ableiten des Produkts den Faktor e^x nur einmal berücksichtigen";"Eigene Rechnung, mit sympy bestätigt."
"2023-bebb-gk-B2.1g";"2023";"2023-bebb-gk";"B";"2.1";"Beistelltisch";"g";"5";"5";"";"ja";"";"Analysis";"Tangente, Normale, Schnittwinkel";"Dreiecke aus Wendetangente, Normale und Koordinatenachsen einzeichnen und ihre Ähnlichkeit begründen";"";"Wendepunkt W(0,45 | −2,98)|Tangentensteigung f'(0,45) ≈ −2,27|Tangente schneidet die Achsen bei −0,86 und −1,96|Normale schneidet bei 7,21 und −3,17|beide Dreiecke rechtwinklig im Ursprung mit gleichen Winkeln";"Tangente und Normale in einem Graphenpunkt zeichnen|Ähnlichkeit über zwei gleiche Winkel|Steigung als Winkel gegen die Achsen lesen";"Zeichnen|Begründung";"Zeichnen Sie ein|Begründen Sie";"Grafik|Text";"Koordinatensystem";"Kartesisches Koordinatensystem auf Millimetergitter, x-Achse von −2 bis 7, y-Achse von −5 bis 1, ganze Zahlen beschriftet. Dargestellt ist ein Teil von G von etwa (−0,4 | −1) fallend durch den markierten Wendepunkt W(0,45 | −2,98) bis etwa (0,9 | −4); Beschriftung G am Graphen, W am Punkt.";"ohne";"mittel";"Die in IR definierte Funktion f mit f(x) = 0,5 · (x² − 4) · e^x, ihr Graph G; die erste Ableitung ist f'(x) = (0,5x² + x − 2) · e^x. Abbildung 1 zeigt einen Teil von G mit dem Wendepunkt W ≈ (0,45 | −2,98). Die Tangente an G in W begrenzt mit den Koordinatenachsen ein Dreieck; die zu dieser Tangente senkrechte Gerade durch W begrenzt mit den Achsen ein weiteres Dreieck.";"beide Dreiecke in der Abbildung; Begründung mithilfe der Zeichnung, dass das eine Dreieck eine maßstäbliche Vergrößerung des anderen ist";"Tangente durch W mit Steigung ≈ −2,3 und Normale mit Steigung ≈ 0,44 einzeichnen, Schnittpunkte mit den Achsen markieren. Beide Dreiecke haben im Ursprung einen rechten Winkel; der Winkel der Tangente gegen die x-Achse ist so groß wie der Winkel der Normalen gegen die y-Achse (die Normale steht senkrecht auf der Tangente), also stimmen zwei Winkel überein und die Dreiecke sind ähnlich.";"3";"dezimal|negativ";"";"2023-bebb-gk-B2.1f";"Tangentendreieck mit den Ecken (0 | 0), (−0,86 | 0), (0 | −1,96); Normalendreieck mit den Ecken (0 | 0), (7,21 | 0), (0 | −3,17); beide rechtwinklig im Ursprung und mit übereinstimmenden spitzen Winkeln (ca. 66° und 24°), Streckfaktor ≈ 2,3 (Kehrwert der Tangentensteigung im Betrag).";"f'(−2 + √6) ≈ −2,27";"III";"die Normale als Gerade durch W und den Ursprung zeichnen; Ähnlichkeit nur mit „beide sind rechtwinklig“ begründen";"Die Achsenabschnitte in ergebnis sind eigene Rechnung, das Heft verlangt sie nicht; die Lage von W kommt aus f. Eigene Rechnung, mit sympy bestätigt."
"2023-bebb-gk-B2.1h";"2023";"2023-bebb-gk";"B";"2.1";"Beistelltisch";"h";"6";"2";"";"ja";"";"Analysis";"Ableitungsgraph und Funktionsgraph";"Beziehung f'(a) · f''(a) = −1 als Orthogonalität der Tangenten an Graph und Ableitungsgraph deuten";"";"f'(a) = −1/f''(a)|Produkt der Steigungen −1|Tangente an G in a senkrecht zur Tangente an den Graphen von f' in a";"Orthogonalitätsbedingung m1 · m2 = −1|f'' als Steigung des Ableitungsgraphen";"Begründung";"Erläutern Sie";"Text";"keins";"keine";"ohne";"kurz";"Die in IR definierte Funktion f mit f(x) = 0,5 · (x² − 4) · e^x, ihr Graph G; die erste Ableitung ist f'(x) = (0,5x² + x − 2) · e^x. Es gibt a ∈ IR mit f'(a) = −1/f''(a).";"geometrische Bedeutung dieser Gleichung";"Umformen zu f'(a) · f''(a) = −1: f'(a) ist die Steigung der Tangente an G an der Stelle a, f''(a) die Steigung der Tangente an den Graphen von f' an derselben Stelle; das Produkt −1 heißt, dass die beiden Tangenten zueinander senkrecht sind.";"2";"ganz";"";"";"An der Stelle a steht die Tangente an den Graphen von f senkrecht auf der Tangente an den Graphen von f'.";"";"III";"f''(a) als Krümmung statt als Steigung von f' deuten";"Eigene Rechnung."
"2023-bebb-gk-B2.1i";"2023";"2023-bebb-gk";"B";"2.1";"Beistelltisch";"i";"6";"2";"";"ja";"";"Analysis";"Funktionsklassen und Eigenschaften";"Transformation: Terme der an den Koordinatenachsen gespiegelten Randlinien angeben";"";"Randlinie im III. Quadranten ist G|Spiegelung an der y-Achse: g(x) = f(−x)|an der x-Achse: h(x) = −f(x)|an beiden: k(x) = −f(−x)";"Spiegelung an der y-Achse durch x → −x|Spiegelung an der x-Achse durch Vorzeichenwechsel";"Kurzantwort";"Geben Sie an";"Term";"Koordinatensystem";"Kartesisches Koordinatensystem auf Millimetergitter, x- und y-Achse von −2 bis 2 mit ganzen Zahlen beschriftet. Dargestellt ist die Draufsicht der Tischplatte: eine vierzählig symmetrische, sternförmig nach innen gewölbte Figur mit den Spitzen (−2 | 0), (2 | 0), (0 | 2) und (0 | −2); die Randlinie im III. Quadranten von (−2 | 0) nach (0 | −2) ist mit G beschriftet und verläuft unter der Verbindungssehne (bei x = −1 auf Höhe −0,55).";"Möbeldesign/Tischplatte";"mittel";"Die in IR definierte Funktion f mit f(x) = 0,5 · (x² − 4) · e^x, ihr Graph G; die erste Ableitung ist f'(x) = (0,5x² + x − 2) · e^x. Abbildung 2 zeigt die Draufsicht einer symmetrischen Tischplatte; die Randlinie im III. Quadranten ist der dort verlaufende Teil von G, die Randlinien im I., II. und IV. Quadranten sind Teile der Graphen der Funktionen g, h und k; 1 LE = 15 cm.";"Funktionsgleichungen von zwei dieser drei Funktionen";"Die Figur ist symmetrisch zu beiden Achsen: IV. Quadrant durch Spiegelung an der y-Achse, II. Quadrant durch Spiegelung an der x-Achse, I. Quadrant durch beides.";"2";"ganz";"";"";"Zum Beispiel g(x) = f(−x) = 0,5 · (x² − 4) · e^(−x) (IV. Quadrant) und h(x) = −f(x) = −0,5 · (x² − 4) · e^x (II. Quadrant); k(x) = −0,5 · (x² − 4) · e^(−x) (I. Quadrant).";"";"II";"bei der Spiegelung an der y-Achse nur das Vorzeichen des Terms ändern";"Traegerbindung: Kontext. Welche Funktion welchen Buchstaben trägt, legt das Heft nicht fest. Eigene Rechnung."
"2023-bebb-gk-B2.1j";"2023";"2023-bebb-gk";"B";"2.1";"Beistelltisch";"j";"6";"3";"";"ja";"";"Analysis";"Tangente, Normale, Schnittwinkel";"Schnittwinkel zweier Graphen im gemeinsamen Punkt über die Tangentensteigungen berechnen";"";"Punkt (−2 | 0)|f'(−2) = −2 · e^(−2) ≈ −0,27|Spiegelbild hat Steigung +0,27|Winkel 2 · arctan(0,27) ≈ 30,3°";"Steigungswinkel über den Tangens|Symmetrie: beide Randlinien gleich geneigt|Winkel zwischen zwei Geraden aus den Steigungswinkeln";"Rechnung";"Berechnen Sie";"Zahl";"Koordinatensystem";"Kartesisches Koordinatensystem auf Millimetergitter, x- und y-Achse von −2 bis 2 mit ganzen Zahlen beschriftet. Dargestellt ist die Draufsicht der Tischplatte: eine vierzählig symmetrische, sternförmig nach innen gewölbte Figur mit den Spitzen (−2 | 0), (2 | 0), (0 | 2) und (0 | −2); die Randlinie im III. Quadranten von (−2 | 0) nach (0 | −2) ist mit G beschriftet und verläuft unter der Verbindungssehne (bei x = −1 auf Höhe −0,55).";"Möbeldesign/Tischplatte";"kurz";"Die in IR definierte Funktion f mit f(x) = 0,5 · (x² − 4) · e^x, ihr Graph G; die erste Ableitung ist f'(x) = (0,5x² + x − 2) · e^x. Tischplatte nach Abbildung 2; im Punkt (−2 | 0) treffen die Randlinien des II. und des III. Quadranten (Graph von −f und von f) zusammen.";"Größe des Winkels, den die beiden Randlinien im Punkt (−2 | 0) einschließen";"f'(−2) = (2 − 2 − 2) · e^(−2) = −2e^(−2) ≈ −0,271; Steigungswinkel arctan(0,271) ≈ 15,1°; die gespiegelte Randlinie hat die entgegengesetzte Steigung, der eingeschlossene Winkel ist doppelt so groß.";"3";"dezimal|negativ|Potenz";"Grad";"";"≈ 30,3° (2 · arctan(2e^(−2)) = 30,29°).";"f'(−2) = −2e^(−2) ≈ −0,271|Steigungswinkel ≈ 15,15°";"II";"nur den Winkel einer Randlinie gegen die x-Achse angeben (15°) oder den Winkel zwischen Randlinie und y-Achse";"Traegerbindung: Kontext. Eigene Rechnung, mit sympy bestätigt."
"2023-bebb-gk-B2.1k";"2023";"2023-bebb-gk";"B";"2.1";"Beistelltisch";"k";"6";"4";"";"ja";"";"Analysis";"Kurvenuntersuchung";"Volumen eines umschließenden Quaders aus den Achsenschnittpunkten mit Maßstab berechnen";"";"Spitzen der Platte bei ±2 auf beiden Achsen|Breite und Tiefe 4 LE = 60 cm|Höhe 0,5 m = 50 cm|60 · 60 · 50 cm³ = 180 000 cm³ = 180 l";"Maßstab 1 LE = 15 cm|Quadervolumen|Umrechnung cm³ in Liter (1 l = 1000 cm³)";"Rechnung";"Bestimmen Sie";"Zahl";"Koordinatensystem";"Kartesisches Koordinatensystem auf Millimetergitter, x- und y-Achse von −2 bis 2 mit ganzen Zahlen beschriftet. Dargestellt ist die Draufsicht der Tischplatte: eine vierzählig symmetrische, sternförmig nach innen gewölbte Figur mit den Spitzen (−2 | 0), (2 | 0), (0 | 2) und (0 | −2); die Randlinie im III. Quadranten von (−2 | 0) nach (0 | −2) ist mit G beschriftet und verläuft unter der Verbindungssehne (bei x = −1 auf Höhe −0,55).";"Möbeldesign/Tischplatte";"kurz";"Tischplatte nach Abbildung 2 mit den Spitzen (±2 | 0) und (0 | ±2), 1 LE = 15 cm; der Beistelltisch hat eine Höhe von 0,5 m und soll in einem quaderförmigen Karton mit quadratischer Grundfläche ausgeliefert werden.";"Mindestvolumen des Kartons in Litern";"Die Platte braucht 4 LE = 60 cm in beiden Richtungen, der Tisch 50 cm Höhe; Quadervolumen berechnen und in Liter umrechnen.";"3";"ganz|dezimal";"cm|l";"2023-bebb-gk-B2.1b";"V = 60 cm · 60 cm · 50 cm = 180 000 cm³ = 180 l.";"Kantenlänge der Grundfläche 60 cm";"II";"die Breite 4 LE als 4 cm nehmen oder cm³ falsch in Liter umrechnen (18 l)";"Traegerbindung: Kontext. Eigene Rechnung."
"2023-bebb-gk-B2.1l";"2023";"2023-bebb-gk";"B";"2.1";"Beistelltisch";"l";"6";"5";"";"ja";"";"Analysis";"Stammfunktion und Hauptsatz";"Stammfunktion aus einer vorgegebenen Integralgleichung ermitteln";"Fläche: Flächeninhalt einer symmetrischen Figur als Vielfaches eines Integrals mit Maßstab berechnen";"∫ 0,5x² e^x dx = (0,5x² − x + 1) e^x + C|f(x) = 0,5x² e^x − 2e^x|F(x) = (0,5x² − x − 1) e^x|∫ von −2 bis 0 f = −1 − 3e^(−2) ≈ −1,41|Fläche 4 · 1,41 LE² ≈ 5,62 LE² ≈ 1265 cm²";"Integral einer Summe|Stammfunktion von e^x|Fläche unter der x-Achse als Betrag des Integrals|Vierfache Symmetrie|Maßstab 1 LE² = 225 cm²";"Rechnung";"Ermitteln Sie|Berechnen Sie|Geben Sie an";"Term|Zahl";"Koordinatensystem";"Kartesisches Koordinatensystem auf Millimetergitter, x- und y-Achse von −2 bis 2 mit ganzen Zahlen beschriftet. Dargestellt ist die Draufsicht der Tischplatte: eine vierzählig symmetrische, sternförmig nach innen gewölbte Figur mit den Spitzen (−2 | 0), (2 | 0), (0 | 2) und (0 | −2); die Randlinie im III. Quadranten von (−2 | 0) nach (0 | −2) ist mit G beschriftet und verläuft unter der Verbindungssehne (bei x = −1 auf Höhe −0,55).";"Möbeldesign/Tischplatte";"mittel";"Die in IR definierte Funktion f mit f(x) = 0,5 · (x² − 4) · e^x, ihr Graph G; die erste Ableitung ist f'(x) = (0,5x² + x − 2) · e^x. Es gilt ∫ (0,5x² · e^x) dx = (0,5x² − x + 1) · e^x + C, C ∈ IR. Tischplatte nach Abbildung 2 (vier zu den Achsen symmetrische Randlinien, im III. Quadranten der Graph von f), 1 LE = 15 cm.";"Stammfunktion von f mithilfe der Gleichung; Flächeninhalt der Tischplatte in Quadratzentimetern";"f(x) = 0,5x² e^x − 2e^x, also F(x) = (0,5x² − x + 1) e^x − 2e^x = (0,5x² − x − 1) e^x. Das Flächenstück im III. Quadranten ist |F(0) − F(−2)| = |−1 − 3e^(−2)|; die Platte besteht aus vier solchen Stücken; mit 1 LE² = 225 cm² umrechnen.";"5";"dezimal|negativ|Potenz";"cm";"2023-bebb-gk-B2.1b";"F(x) = (0,5x² − x − 1) · e^x; Fläche A = 4 · (1 + 3e^(−2)) LE² ≈ 5,62 LE² ≈ 1265 cm².";"∫ von −2 bis 0 f(x) dx = −1 − 3e^(−2) ≈ −1,406";"II";"das negative Integral als Fläche nehmen oder die Umrechnung mit 15 statt 225 vornehmen (≈ 84 cm²)";"Traegerbindung: Kontext. Eigene Rechnung, mit sympy bestätigt."
"2023-bebb-gk-B2.1m";"2023";"2023-bebb-gk";"B";"2.1";"Beistelltisch";"m";"7";"4";"";"ja";"";"Analysis";"Flächeninhalt durch Integration";"Fläche: An der Sehne gespiegelte Randlinien skizzieren und Lösungsweg für den Flächenzuwachs beschreiben";"";"Spiegelung jeder Randlinie an der Geraden durch die Achsenschnittpunkte des Quadranten|neue Platte wölbt sich nach außen|Zuwachs je Quadrant zweimal die Fläche zwischen Sehne und Graph|Sehne y = −x − 2 im III. Quadranten";"Spiegelung an einer Geraden skizzieren|Fläche zwischen Gerade und Graph als Differenz Dreieck minus Integral|Symmetrie ausnutzen";"Zeichnen|Begründung";"Skizzieren Sie|Beschreiben Sie";"Grafik|Text";"Koordinatensystem";"Kartesisches Koordinatensystem auf Millimetergitter, x- und y-Achse von −2 bis 2 mit ganzen Zahlen beschriftet. Dargestellt ist die Draufsicht der Tischplatte: eine vierzählig symmetrische, sternförmig nach innen gewölbte Figur mit den Spitzen (−2 | 0), (2 | 0), (0 | 2) und (0 | −2); die Randlinie im III. Quadranten von (−2 | 0) nach (0 | −2) ist mit G beschriftet und verläuft unter der Verbindungssehne (bei x = −1 auf Höhe −0,55).";"Möbeldesign/Tischplatte";"mittel";"Die in IR definierte Funktion f mit f(x) = 0,5 · (x² − 4) · e^x, ihr Graph G; die erste Ableitung ist f'(x) = (0,5x² + x − 2) · e^x. Für eine neue Tischplatte wird jede der vier Randlinien an der Geraden gespiegelt, die durch die Achsenschnittpunkte im jeweiligen Quadranten verläuft (im III. Quadranten die Gerade durch (−2 | 0) und (0 | −2)); der Flächeninhalt der neuen Platte ist größer als der der ursprünglichen.";"Skizze der Randlinien der neuen Tischplatte in Abbildung 2; Beschreibung eines Lösungswegs für den Größenunterschied der Flächeninhalte";"Die nach innen gewölbten Randlinien werden zu nach außen gewölbten Bögen zwischen denselben Spitzen. Im III. Quadranten ist der Zuwachs die doppelte Fläche zwischen der Sehne y = −x − 2 und G, also 2 · (Dreiecksfläche 2 − |∫ von −2 bis 0 f(x) dx|); wegen der Symmetrie mal vier, dann mit 225 cm²/LE² umrechnen.";"3";"dezimal|negativ";"cm";"2023-bebb-gk-B2.1l";"Skizze: vier nach außen gewölbte Bögen von Spitze zu Spitze, jeweils Spiegelbild der alten Randlinie an der Sehne. Lösungsweg: Unterschied = 8 · (2 − |∫ von −2 bis 0 f(x) dx|) LE² = 8 · (1 − 3e^(−2)) LE² ≈ 4,75 LE² ≈ 1069 cm²; verlangt ist nur die Beschreibung.";"Fläche zwischen Sehne und Graph je Quadrant ≈ 0,594 LE²";"III";"den Zuwachs nur einmal je Quadrant zählen (die alte Einbuchtung wird gefüllt und die neue Wölbung kommt hinzu)";"Traegerbindung: Kontext. Zahlenwert in ergebnis ist eigene Kontrolle. Eigene Rechnung, mit sympy bestätigt."
"2023-bebb-gk-B2.2a";"2023";"2023-bebb-gk";"B";"2.2";"Temperatursteuerung";"a";"8";"4";"";"ja";"";"Analysis";"Funktionsklassen und Eigenschaften";"Nullstellen und Werte: y-Achsenschnittpunkt angeben und Anzahl der Nullstellen aus der faktorisierten Form ermitteln";"";"f(0) = −50|(x − 5)(x² − 7x + 10) = (x − 5)²(x − 2)|Nullstellen 2 und 5 (doppelt)|genau zwei Nullstellen";"Satz vom Nullprodukt|Quadratische Gleichung lösen|Doppelte Nullstelle nur einmal zählen";"Kurzantwort|Rechnung";"Geben Sie an|Ermitteln Sie";"Zahl";"keins";"keine";"ohne";"kurz";"Die Funktion f mit f(x) = x³ − 12x² + 45x − 50, x ∈ IR, auch schreibbar als f(x) = (x − 5) · (x² − 7x + 10).";"Koordinaten des Schnittpunktes mit der y-Achse; Anzahl der Nullstellen von f";"f(0) = −50 ablesen; Nullstellen aus der Produktform: x = 5 aus dem Linearfaktor, x² − 7x + 10 = 0 gibt x = 2 und x = 5; damit zwei verschiedene Nullstellen.";"3";"ganz|negativ";"";"";"(0 | −50); f hat genau zwei Nullstellen, x = 2 und x = 5 (5 ist doppelte Nullstelle).";"f(x) = (x − 5)² · (x − 2)";"II";"drei Nullstellen angeben, weil der quadratische Faktor zwei Lösungen hat";"Eigene Rechnung, mit sympy bestätigt."
"2023-bebb-gk-B2.2b";"2023";"2023-bebb-gk";"B";"2.2";"Temperatursteuerung";"b";"8";"6";"";"ja";"";"Analysis";"Kurvenuntersuchung";"Lage und Art aller lokalen Extrempunkte bestimmen";"";"f'(x) = 3x² − 24x + 45 = 3(x − 3)(x − 5)|f''(x) = 6x − 24|H(3 | 4), T(5 | 0)";"Ableitung ganzrationaler Funktionen|pq-Formel|Hinreichende Bedingung über f''";"Rechnung";"Bestimmen Sie";"Zahl";"keins";"keine";"ohne";"kurz";"Die Funktion f mit f(x) = x³ − 12x² + 45x − 50, x ∈ IR, auch schreibbar als f(x) = (x − 5) · (x² − 7x + 10).";"Lage und Art aller Extrempunkte des Graphen von f";"f'(x) = 0 ⇔ x² − 8x + 15 = 0 ⇔ x = 3 oder x = 5; f''(3) = −6 < 0 (Hochpunkt), f''(5) = 6 > 0 (Tiefpunkt); Funktionswerte f(3) = 4, f(5) = 0.";"5";"ganz|negativ";"";"";"Hochpunkt H(3 | 4) und Tiefpunkt T(5 | 0).";"f'(x) = 3x² − 24x + 45|f''(x) = 6x − 24";"II";"die Art ohne zweite Ableitung oder Vorzeichenwechsel angeben; Funktionswerte vergessen";"Typ wiederverwendet (2018-be-gk). Eigene Rechnung, mit sympy bestätigt."
"2023-bebb-gk-B2.2c";"2023";"2023-bebb-gk";"B";"2.2";"Temperatursteuerung";"c";"8";"3";"";"ja";"";"Analysis";"Kurvenuntersuchung";"Wendepunkte über die zweite Ableitung berechnen";"";"f''(x) = 6x − 24 = 0|x = 4|f(4) = 2|W(4 | 2)";"Zweite Ableitung|Lineare Gleichung|f''' ≠ 0 oder Vorzeichenwechsel (Existenz vorgegeben)";"Rechnung";"Berechnen Sie";"Zahl";"keins";"keine";"ohne";"kurz";"Die Funktion f mit f(x) = x³ − 12x² + 45x − 50, x ∈ IR, auch schreibbar als f(x) = (x − 5) · (x² − 7x + 10). Der Graph von f hat genau einen Wendepunkt.";"Koordinaten des Wendepunktes";"f''(x) = 6x − 24 = 0 ⇔ x = 4; f(4) = 64 − 192 + 180 − 50 = 2.";"2";"ganz|negativ";"";"";"W(4 | 2).";"";"I";"Wendestelle mit f'(4) = −3 als y-Koordinate verwechseln";"Typ neu angelegt in 2.1 f (dort mit Produktregel), hier die einfache Fassung. Eigene Rechnung, mit sympy bestätigt."
"2023-bebb-gk-B2.2d";"2023";"2023-bebb-gk";"B";"2.2";"Temperatursteuerung";"d";"8";"5";"";"ja";"";"Analysis";"Tangente, Normale, Schnittwinkel";"Tangente aufstellen und weiteren gemeinsamen Punkt mit dem Graphen berechnen";"";"S(0 | −50), f'(0) = 45|Tangente t: y = 45x − 50|f(x) = t(x) ⇔ x³ − 12x² = 0 ⇔ x²(x − 12) = 0|(12 | 490)";"Tangentengleichung aus Punkt und Steigung|Gleichung dritten Grades durch Ausklammern lösen|Berührstelle als doppelte Lösung erkennen";"Rechnung";"Bestimmen Sie";"Zahl";"keins";"keine";"ohne";"kurz";"Die Funktion f mit f(x) = x³ − 12x² + 45x − 50, x ∈ IR, auch schreibbar als f(x) = (x − 5) · (x² − 7x + 10). Die Tangente an den Graphen von f im Punkt S(0 | f(0)) hat einen weiteren gemeinsamen Punkt mit dem Graphen.";"Koordinaten dieses weiteren gemeinsamen Punktes";"f(0) = −50, f'(0) = 45, also t(x) = 45x − 50; f(x) − t(x) = x³ − 12x² = x² · (x − 12) = 0 liefert neben der Berührstelle 0 die Stelle 12; f(12) = 490.";"4";"ganz|negativ";"";"";"(12 | 490); Tangente y = 45x − 50.";"t(x) = 45x − 50|x³ − 12x² = 0";"II";"die Steigung aus f(x)/x statt aus f'(0) nehmen; nach dem Ausklammern x = 0 als gesuchten Punkt angeben";"Eigene Rechnung, mit sympy bestätigt."
"2023-bebb-gk-B2.2e";"2023";"2023-bebb-gk";"B";"2.2";"Temperatursteuerung";"e";"8";"4";"";"ja";"";"Analysis";"Kurvenuntersuchung";"Graphen skizzieren und Aussage über die Anzahl gemeinsamer Punkte von Tangente und Graph beurteilen";"";"Skizze von f auf [0; 7] mit (0 | −50), H(3 | 4), W(4 | 2), T(5 | 0), f(7) = 20|Aussage: jede Tangente hat zwei gemeinsame Punkte|Wendetangente hat nur einen|Aussage falsch";"Graph aus Extrem- und Wendepunkten skizzieren|Wendetangente durchsetzt den Graphen im Wendepunkt|Tangente im Extrempunkt schneidet den Graphen an anderer Stelle";"Zeichnen|Begründung";"Skizzieren Sie|Beurteilen Sie";"Grafik|Text";"keins";"keine";"ohne";"mittel";"Die Funktion f mit f(x) = x³ − 12x² + 45x − 50, x ∈ IR, auch schreibbar als f(x) = (x − 5) · (x² − 7x + 10). Bekannt aus b und c: H(3 | 4), T(5 | 0), W(4 | 2); Aussage: Jede Tangente an den Graphen von f hat zwei gemeinsame Punkte mit dem Graphen von f.";"Skizze des Graphen für 0 ≤ x ≤ 7; Beurteilung der Aussage mithilfe der Skizze";"Graph durch (0 | −50), steigend zum Hochpunkt (3 | 4), fallend über den Wendepunkt (4 | 2) zum Tiefpunkt (5 | 0), dann steigend (f(7) = 20). Die Tangente im Wendepunkt hat nur W mit dem Graphen gemeinsam, die Aussage ist falsch; die Tangenten in H und T (y = 4 bzw. y = 0) haben je zwei gemeinsame Punkte.";"3";"ganz|negativ";"";"2023-bebb-gk-B2.2b|2023-bebb-gk-B2.2c";"Skizze mit den Punkten (0 | −50), H(3 | 4), W(4 | 2), T(5 | 0) und steigendem Verlauf bis (7 | 20); die Aussage ist falsch, weil die Wendetangente den Graphen nur im Wendepunkt trifft.";"Wendetangente y = −3x + 14";"III";"die Aussage mit der Tangente in S (zwei Punkte, siehe d) bestätigen statt ein Gegenbeispiel suchen";"Das Heft verlangt eine eigene Skizze (kein vorgegebenes Koordinatensystem). Eigene Rechnung, mit sympy bestätigt."
"2023-bebb-gk-B2.2f";"2023";"2023-bebb-gk";"B";"2.2";"Temperatursteuerung";"f";"8";"3";"";"ja";"";"Analysis";"Ableitungsgraph und Funktionsgraph";"Sattelpunkt über die Berührnullstelle des Ableitungsgraphen begründen";"";"g(x) = 0,4x³ − 6x² + 30x − 50|Graph von g' berührt die x-Achse nur bei x = 5|g' ≥ 0 ohne Vorzeichenwechsel|genau eine waagerechte Tangente, kein Extrempunkt";"Nullstelle von g' als waagerechte Tangente von g|Extrempunkt braucht Vorzeichenwechsel von g'";"Begründung";"Begründen Sie";"Text";"Koordinatensystem";"Kartesisches Koordinatensystem auf Millimetergitter, x-Achse von 0 bis 7, y-Achse von 0 bis 6 mit ganzen Zahlen beschriftet. Dargestellt ist der Graph von g′: eine nach oben geöffnete Parabel, die die x-Achse bei x = 5 berührt (Scheitel (5 | 0)), durch etwa (3 | 4,8) und (7 | 4,8) verläuft und oben aus dem Bild läuft; Beschriftung g′.";"ohne";"mittel";"Die Funktion g mit g(x) = 0,4x³ − 6x² + 30x − 50, x ∈ IR; Abbildung 1 zeigt den Graphen von g': eine nach oben geöffnete Parabel mit Scheitel (5 | 0). Aussagen: Der Graph von g hat nur in einem Punkt eine waagerechte Tangente; der Graph von g hat keinen Extrempunkt.";"Begründung beider Aussagen unter Verwendung der Abbildung";"g' hat genau eine Nullstelle (x = 5, Berührung der x-Achse), also genau eine Stelle mit waagerechter Tangente; g' wechselt dort das Vorzeichen nicht (überall ≥ 0), also ist g monoton wachsend und hat keinen Extrempunkt (Sattelpunkt bei x = 5).";"2";"ganz|dezimal";"";"";"Genau eine Nullstelle von g' bei x = 5 ⇒ genau eine waagerechte Tangente; kein Vorzeichenwechsel von g' (Berührnullstelle, g' ≥ 0) ⇒ kein Extrempunkt, sondern ein Sattelpunkt.";"g'(x) = 1,2x² − 12x + 30 = 1,2(x − 5)²";"II";"die Nullstelle von g' als Extremstelle von g lesen";"Eigene Rechnung, mit sympy bestätigt."
"2023-bebb-gk-B2.2g";"2023";"2023-bebb-gk";"B";"2.2";"Temperatursteuerung";"g";"8";"5";"";"ja";"";"Analysis";"Gleichungen lösen";"Lösungsmenge einer Ungleichung zwischen zwei Funktionstermen über die faktorisierte Differenz bestimmen";"";"f(x) − g(x) = 0,6x³ − 6x² + 15x = 0,6x(x² − 10x + 25) = 0,6x(x − 5)²|Vorzeichen: positiv für x > 0 außer x = 5|L = (0; 5) ∪ (5; ∞)";"Differenz der Terme bilden|Ausklammern und binomische Formel|Vorzeichen eines Produkts mit quadratischem Faktor";"Rechnung";"Bestimmen Sie";"Term";"keins";"keine";"ohne";"kurz";"Die Funktion f mit f(x) = x³ − 12x² + 45x − 50, x ∈ IR, auch schreibbar als f(x) = (x − 5) · (x² − 7x + 10). g(x) = 0,4x³ − 6x² + 30x − 50.";"Menge aller x ∈ IR mit f(x) > g(x), rechnerisch";"f(x) − g(x) = 0,6x³ − 6x² + 15x = 0,6x(x − 5)²; das Quadrat ist für x ≠ 5 positiv, also entscheidet das Vorzeichen von x; bei x = 5 ist die Differenz 0.";"4";"ganz|dezimal";"";"";"f(x) > g(x) genau für x > 0 mit x ≠ 5, also L = (0; 5) ∪ (5; ∞).";"f(x) − g(x) = 0,6x(x − 5)²";"II";"x = 5 in die Lösungsmenge aufnehmen; die Ungleichung nur an Beispielwerten prüfen";"Eigene Rechnung, mit sympy bestätigt."
"2023-bebb-gk-B2.2h";"2023";"2023-bebb-gk";"B";"2.2";"Temperatursteuerung";"h";"9";"1";"";"ja";"";"Analysis";"Kurvenuntersuchung";"Mittleren Wert einer periodisch schwankenden Größe am Graphen ablesen";"";"Dauerphase ab 5 min|Schwingung zwischen etwa 222 °C und 245 °C|Mittelwert etwa 230 °C";"Mittelwert einer Schwingung als Mitte zwischen Hoch- und Tiefwerten";"Kurzantwort";"Geben Sie an";"Zahl";"Diagramm";"Kartesisches Koordinatensystem auf Gitter, waagerechte Achse Zeit in Minuten von 0 bis 20 (beschriftet 2, 4, …, 18), senkrechte Achse Temperatur in °C von 20 bis 260 in Schritten von 20. Kurve: von (0 | 20) steil ansteigend, bei etwa 2 min 200 °C, Maximum etwa 238 °C bei 3,5 min, danach wellenförmig mit Tiefs etwa 222 °C (bei 5,5; 9,5; 13,5; 17,5 min) und Hochs etwa 240 bis 245 °C (bei 7,5; 11,5; 15,5; 19,5 min).";"Backofen/Temperatursteuerung";"lang";"Ein Hersteller testet Steuerungen für die Temperatur von Backöfen: Nach dem Einschalten steigt die Temperatur, bei der Soll-Temperatur schaltet die Heizung ab, unter einem bestimmten Wert wieder ein. Abbildung 2 zeigt den Temperaturverlauf (Temperatur in °C gegen Zeit in Minuten): Anstieg von 20 °C bei 0 min auf etwa 238 °C bei 3,5 min, dann Schwingung zwischen etwa 222 °C und 245 °C mit einer Periode von etwa 4 min bis 20 min. Bis 5 Minuten heißt Startphase, ab 5 Minuten Dauerphase.";"näherungsweise die durchschnittliche Temperatur in der Dauerphase";"Die Kurve schwankt in der Dauerphase um eine Mittellinie zwischen etwa 222 °C und 245 °C.";"1";"ganz";"°C";"";"≈ 230 °C? (Ablesewerte zwischen 228 °C und 235 °C vertretbar)";"";"I";"die Soll-Temperatur (Maximum) als Durchschnitt nehmen";"Traegerbindung: Kontext. Ablesewert aus dem Scan; keine amtliche Lösung, daher „?“. Eigene Rechnung."
"2023-bebb-gk-B2.2i";"2023";"2023-bebb-gk";"B";"2.2";"Temperatursteuerung";"i";"9";"4";"";"ja";"";"Analysis";"Flächeninhalt durch Integration";"Integralwert: Mittelwert einer Funktion als Integral geteilt durch die Intervalllänge berechnen und deuten";"";"h(x) = 4x³ − 48x² + 180x + 20 auf [0; 5]|H(x) = x⁴ − 16x³ + 90x² + 20x|H(5) = 975|1/5 · 975 = 195|mittlere Temperatur der Startphase";"Stammfunktion ganzrationaler Funktionen|Hauptsatz|Integral durch Intervalllänge als Mittelwert deuten";"Rechnung|Begründung";"Berechnen Sie|Interpretieren Sie";"Zahl|Text";"keins";"keine";"Backofen/Temperatursteuerung";"mittel";"Ein Hersteller testet Steuerungen für die Temperatur von Backöfen: Nach dem Einschalten steigt die Temperatur, bei der Soll-Temperatur schaltet die Heizung ab, unter einem bestimmten Wert wieder ein. Abbildung 2 zeigt den Temperaturverlauf (Temperatur in °C gegen Zeit in Minuten): Anstieg von 20 °C bei 0 min auf etwa 238 °C bei 3,5 min, dann Schwingung zwischen etwa 222 °C und 245 °C mit einer Periode von etwa 4 min bis 20 min. Bis 5 Minuten heißt Startphase, ab 5 Minuten Dauerphase. In der Startphase wird der Temperaturverlauf durch h mit h(x) = 4x³ − 48x² + 180x + 20, x ∈ [0; 5], beschrieben (x in Minuten, h(x) in °C).";"Wert des Terms 1/5 · ∫ von 0 bis 5 h(x) dx; Interpretation im Sachzusammenhang";"Stammfunktion H(x) = x⁴ − 16x³ + 90x² + 20x; H(5) − H(0) = 625 − 2000 + 2250 + 100 = 975; durch 5 teilen.";"3";"ganz";"°C|min";"";"195; in der Startphase (erste 5 Minuten) beträgt die durchschnittliche Temperatur im Backofen 195 °C.";"∫ von 0 bis 5 h(x) dx = 975";"II";"das Integral als Temperaturänderung oder als Temperatur nach 5 Minuten deuten";"Traegerbindung: Kontext. Eigene Rechnung, mit sympy bestätigt."
"2023-bebb-gk-B2.2j";"2023";"2023-bebb-gk";"B";"2.2";"Temperatursteuerung";"j";"9";"4";"";"ja";"";"Analysis";"Funktionsklassen und Eigenschaften";"Transformation: Streckfaktor und Verschiebung aus zwei Termen durch Koeffizientenvergleich ermitteln und die Abbildung beschreiben";"";"h(x) = c · (f(x) + d)|Koeffizientenvergleich bei x³: c = 4|4 · (−50 + d) = 20 ⇒ d = 55|Verschiebung um 55 nach oben, dann Streckung in y-Richtung mit Faktor 4";"Koeffizientenvergleich|Reihenfolge von Verschiebung und Streckung|Streckung in y-Richtung";"Rechnung|Kurzantwort";"Ermitteln Sie|Beschreiben Sie";"Zahl|Text";"keins";"keine";"Backofen/Temperatursteuerung";"kurz";"Die Funktion f mit f(x) = x³ − 12x² + 45x − 50, x ∈ IR, auch schreibbar als f(x) = (x − 5) · (x² − 7x + 10). h(x) = 4x³ − 48x² + 180x + 20 entsteht aus f durch h(x) = c · (f(x) + d).";"Werte der Parameter c und d; Beschreibung, wie der Graph von h aus dem Graphen von f entsteht";"c · x³ = 4x³ ⇒ c = 4; konstantes Glied 4 · (−50 + d) = 20 ⇒ d = 55 (Kontrolle: 4 · (x³ − 12x² + 45x + 5) = h(x)).";"3";"ganz|negativ";"";"";"c = 4, d = 55; der Graph von f wird um 55 in y-Richtung nach oben verschoben und anschließend in y-Richtung mit dem Faktor 4 gestreckt.";"f(x) + 55 = x³ − 12x² + 45x + 5";"II";"Reihenfolge vertauschen (erst strecken, dann um 55 verschieben ergäbe + 220)";"Eigene Rechnung, mit sympy bestätigt."
"2023-bebb-gk-B2.2k";"2023";"2023-bebb-gk";"B";"2.2";"Temperatursteuerung";"k";"10";"6";"";"ja";"";"Analysis";"Rekonstruktion von Funktionsgleichungen";"Ganzrationale Funktion dritten Grades aus Wert-, Steigungs- und Extrempunktbedingungen rekonstruieren";"";"k(x) = ax³ + bx² + cx + d|k(0) = 20 ⇒ d = 20|k'(0) = 130 ⇒ c = 130|k(5) = 220 und k'(5) = 0|a = 2, b = −28";"Allgemeinen Ansatz und Ableitung aufstellen|Bedingungen in Gleichungen übersetzen|Lineares Gleichungssystem lösen";"Rechnung";"Ermitteln Sie";"Term";"keins";"keine";"Backofen/Temperatursteuerung";"mittel";"Für eine neue Heizung wird der Temperaturverlauf der Startphase durch eine ganzrationale Funktion k vom Grad 3 beschrieben mit I k(0) = 20, II k'(0) = 130, III H(5 | 220) ist Hochpunkt des Graphen von k.";"Funktionsgleichung von k";"Ansatz k(x) = ax³ + bx² + cx + d, k'(x) = 3ax² + 2bx + c; aus I und II folgen d = 20 und c = 130; aus k(5) = 220 und k'(5) = 0 folgt 125a + 25b = −450 und 75a + 10b = −130, also a = 2, b = −28.";"5";"ganz|negativ";"";"";"k(x) = 2x³ − 28x² + 130x + 20.";"d = 20, c = 130|125a + 25b = −450|75a + 10b = −130";"II";"den Hochpunkt nur als k(5) = 220 übersetzen und k'(5) = 0 vergessen";"Traegerbindung: Kontext. Befund: k''(5) = 60 − 56 = 4 > 0, der Punkt H ist bei der so bestimmten Funktion ein Tiefpunkt, kein Hochpunkt; die Bedingung III ist nur über k(5) = 220 und k'(5) = 0 erfüllbar, das Heft erwartet diesen Ansatz. Eigene Rechnung, mit sympy bestätigt."
"2023-bebb-gk-B3a";"2023";"2023-bebb-gk";"B";"3";"Körper";"a";"11";"4";"";"ja";"";"Analytische Geometrie";"Punkte und Strecken im Koordinatensystem";"Ebene Figur: Gleichschenkligkeit oder Gleichseitigkeit eines Dreiecks über die Seitenlängen prüfen";"Punkt: Teilpunkte einer Strecke in drei gleiche Abschnitte berechnen";"|AB| = |BC| = |AC| = √32 = 4√2|gleichseitig|G auf AC mit |AG| : |GC| = 1 : 3|G = A + 1/4 · AC = (3 | 0 | 1)";"Betrag eines Verbindungsvektors|Teilverhältnis als Bruchteil des Vektors";"Rechnung";"Prüfen Sie|Bestimmen Sie";"Text|Zahl";"Körper";"Schrägbild eines räumlichen Koordinatensystems (x nach vorn links, y nach rechts, z nach oben) mit dem Körper ABCDEF: A auf der x-Achse, B auf der y-Achse, C auf der z-Achse (großes Dreieck ABC), D, E, F auf denselben Achsen näher am Ursprung (kleines Dreieck DEF, gestrichelt); Kanten AB, BC, CA, AD, BE, CF durchgezogen, DE und EF gestrichelt. Keine Maße eingetragen.";"ohne";"mittel";"Körper ABCDEF: Die Eckpunkte A(4 | 0 | 0), B(0 | 4 | 0) und C(0 | 0 | 4) liegen in der Ebene L1: x + y + z = 4, die Eckpunkte D, E und F jeweils auf einer Koordinatenachse und in der Ebene L2: 2x + 2y + 2z = 5 (also D(2,5 | 0 | 0), E(0 | 2,5 | 0), F(0 | 0 | 2,5)).";"ob das Dreieck ABC gleichseitig ist; Koordinaten des Punktes G auf AC mit |AG| : |GC| = 1 : 3";"Alle drei Seitenlängen berechnen: jeweils √(16 + 16) = 4√2; G teilt AC im Verhältnis 1 : 3, also OG = OA + 1/4 · AC = (4 | 0 | 0) + 1/4 · (−4 | 0 | 4).";"4";"ganz|Wurzel|Bruch";"";"";"Das Dreieck ist gleichseitig (alle Seiten 4√2 ≈ 5,66); G(3 | 0 | 1).";"AC = (−4 | 0 | 4)";"II";"G als Punkt bei 1/3 der Strecke nehmen (Verhältnis 1 : 3 mit Anteil 1/3 verwechseln)";"typ_neben wiederverwendet (2024-ga-B): die Definition deckt jedes Teilverhältnis, der Name nennt drei gleiche Abschnitte – Vorschlag für den Abgleichlauf, ihn allgemein zu fassen. Eigene Rechnung, mit sympy bestätigt."
"2023-bebb-gk-B3b";"2023";"2023-bebb-gk";"B";"3";"Körper";"b";"11";"2";"";"ja";"";"Analytische Geometrie";"Ebenen";"Parallelität zweier Ebenen über die Normalenvektoren und eine Punktprobe begründen";"";"Normalenvektoren (1 | 1 | 1) und (2 | 2 | 2) sind Vielfache|A liegt in L1, aber 2 · 4 = 8 ≠ 5|echt parallel";"Normalenvektor aus der Koordinatengleichung|Parallele Ebenen sind identisch oder disjunkt|Punktprobe";"Begründung";"Begründen Sie";"Text";"Körper";"Schrägbild eines räumlichen Koordinatensystems (x nach vorn links, y nach rechts, z nach oben) mit dem Körper ABCDEF: A auf der x-Achse, B auf der y-Achse, C auf der z-Achse (großes Dreieck ABC), D, E, F auf denselben Achsen näher am Ursprung (kleines Dreieck DEF, gestrichelt); Kanten AB, BC, CA, AD, BE, CF durchgezogen, DE und EF gestrichelt. Keine Maße eingetragen.";"ohne";"kurz";"Körper ABCDEF: Die Eckpunkte A(4 | 0 | 0), B(0 | 4 | 0) und C(0 | 0 | 4) liegen in der Ebene L1: x + y + z = 4, die Eckpunkte D, E und F jeweils auf einer Koordinatenachse und in der Ebene L2: 2x + 2y + 2z = 5 (also D(2,5 | 0 | 0), E(0 | 2,5 | 0), F(0 | 0 | 2,5)).";"Begründung, dass L1 und L2 keine gemeinsamen Punkte haben";"Die Normalenvektoren sind kollinear, die Ebenen also parallel; ein Punkt von L1 (etwa A) erfüllt die Gleichung von L2 nicht, also sind die Ebenen nicht identisch.";"2";"ganz";"";"";"L1 ∥ L2 wegen (2 | 2 | 2) = 2 · (1 | 1 | 1); A(4 | 0 | 0) ∈ L1, aber 2 · 4 + 0 + 0 = 8 ≠ 5, also L1 ≠ L2 und kein gemeinsamer Punkt.";"";"II";"nur die Parallelität nennen und die Punktprobe (nicht identisch) vergessen";"Thema Ebenen, nicht Lagebeziehungen: Lagen zweier Ebenen liegen wie Lagen zweier Geraden beim Gegenstand selbst (abitur-vokabular.md § 4, Lesart zu Geraden). Eigene Rechnung."
"2023-bebb-gk-B3c";"2023";"2023-bebb-gk";"B";"3";"Körper";"c";"11";"3";"";"ja";"";"Analytische Geometrie";"Abstände";"Abstand zweier Punkte auf parallelen Ebenen mit dem Abstand der Ebenen vergleichen";"";"|BE| = 4 − 2,5 = 1,5|Abstand der Ebenen 1,5/√3 ≈ 0,87|BE ist keine Lotstrecke|größer";"Abstand paralleler Ebenen (Hessesche Normalenform oder Lot)|Lot als kürzeste Verbindung|Streckenlänge";"Begründung|Rechnung";"Entscheiden Sie|Begründen Sie";"Text|Zahl";"Körper";"Schrägbild eines räumlichen Koordinatensystems (x nach vorn links, y nach rechts, z nach oben) mit dem Körper ABCDEF: A auf der x-Achse, B auf der y-Achse, C auf der z-Achse (großes Dreieck ABC), D, E, F auf denselben Achsen näher am Ursprung (kleines Dreieck DEF, gestrichelt); Kanten AB, BC, CA, AD, BE, CF durchgezogen, DE und EF gestrichelt. Keine Maße eingetragen.";"ohne";"mittel";"Körper ABCDEF: Die Eckpunkte A(4 | 0 | 0), B(0 | 4 | 0) und C(0 | 0 | 4) liegen in der Ebene L1: x + y + z = 4, die Eckpunkte D, E und F jeweils auf einer Koordinatenachse und in der Ebene L2: 2x + 2y + 2z = 5 (also D(2,5 | 0 | 0), E(0 | 2,5 | 0), F(0 | 0 | 2,5)). B(0 | 4 | 0) liegt in L1, E(0 | 2,5 | 0) in L2.";"Entscheidung mit Begründung, ob der Abstand von B und E kleiner, größer oder genauso groß ist wie der Abstand von L1 und L2";"Entweder rechnen: |BE| = 1,5, Abstand der Ebenen |4 − 2,5| / √3 = 1,5/√3 ≈ 0,87; oder argumentieren: BE liegt auf der y-Achse und steht nicht senkrecht auf den Ebenen, das Lot ist die kürzeste Verbindung, also ist BE länger.";"3";"dezimal|Wurzel";"";"";"Der Abstand von B und E (1,5) ist größer als der Abstand der Ebenen (≈ 0,87), weil BE nicht senkrecht auf L1 und L2 steht.";"Abstand der Ebenen √3/2";"II";"|BE| mit dem Ebenenabstand gleichsetzen, weil beide Punkte auf den Ebenen liegen";"Eigene Rechnung, mit sympy bestätigt."
"2023-bebb-gk-B3d";"2023";"2023-bebb-gk";"B";"3";"Körper";"d";"11";"3";"";"ja";"";"Analytische Geometrie";"Schnittmengen";"Schnittpunkt von Gerade und Ebene berechnen";"";"M(2 | 2 | 0), P(0 | 0 | 2)|Gerade x = (0 | 0 | 2) + t · (2 | 2 | −2)|in L2: 4t + 4t + 4 − 4t = 5 ⇒ t = 1/4|Q(0,5 | 0,5 | 1,5)";"Gerade durch zwei Punkte aufstellen|Parameterform in Koordinatengleichung einsetzen";"Rechnung";"Ermitteln Sie";"Zahl";"Körper";"Schrägbild eines räumlichen Koordinatensystems (x nach vorn links, y nach rechts, z nach oben) mit dem Körper ABCDEF: A auf der x-Achse, B auf der y-Achse, C auf der z-Achse (großes Dreieck ABC), D, E, F auf denselben Achsen näher am Ursprung (kleines Dreieck DEF, gestrichelt); Kanten AB, BC, CA, AD, BE, CF durchgezogen, DE und EF gestrichelt. Keine Maße eingetragen.";"ohne";"kurz";"Körper ABCDEF: Die Eckpunkte A(4 | 0 | 0), B(0 | 4 | 0) und C(0 | 0 | 4) liegen in der Ebene L1: x + y + z = 4, die Eckpunkte D, E und F jeweils auf einer Koordinatenachse und in der Ebene L2: 2x + 2y + 2z = 5 (also D(2,5 | 0 | 0), E(0 | 2,5 | 0), F(0 | 0 | 2,5)). M(2 | 2 | 0) ist der Mittelpunkt von AB; die Gerade durch P(0 | 0 | 2) und M schneidet L2 im Punkt Q.";"Koordinaten von Q";"Gerade durch P und M mit Richtungsvektor PM = (2 | 2 | −2) aufstellen, in 2x + 2y + 2z = 5 einsetzen, t = 1/4, Punkt berechnen.";"3";"ganz|Bruch|dezimal|negativ";"";"";"Q(0,5 | 0,5 | 1,5).";"t = 1/4";"II";"beim Einsetzen die Koordinaten des Aufpunkts vergessen (nur den Richtungsvektor einsetzen)";"Typ wiederverwendet (2019-ea-A); hier ist die Gerade erst aus zwei Punkten aufzustellen. Eigene Rechnung, mit sympy bestätigt."
"2023-bebb-gk-B3e";"2023";"2023-bebb-gk";"B";"3";"Körper";"e";"11";"3";"";"ja";"";"Analytische Geometrie";"Skalarprodukt und Winkel";"Neigungswinkel einer Ebene gegen eine Koordinatenebene über die Normalenvektoren berechnen";"";"Normalenvektor von L2 (1 | 1 | 1), der xy-Ebene (0 | 0 | 1)|cos α = 1/√3|α ≈ 54,7°";"Winkel zwischen Ebenen über die Normalenvektoren|Skalarprodukt und Beträge";"Rechnung";"Bestimmen Sie";"Zahl";"Körper";"Schrägbild eines räumlichen Koordinatensystems (x nach vorn links, y nach rechts, z nach oben) mit dem Körper ABCDEF: A auf der x-Achse, B auf der y-Achse, C auf der z-Achse (großes Dreieck ABC), D, E, F auf denselben Achsen näher am Ursprung (kleines Dreieck DEF, gestrichelt); Kanten AB, BC, CA, AD, BE, CF durchgezogen, DE und EF gestrichelt. Keine Maße eingetragen.";"ohne";"kurz";"Körper ABCDEF: Die Eckpunkte A(4 | 0 | 0), B(0 | 4 | 0) und C(0 | 0 | 4) liegen in der Ebene L1: x + y + z = 4, die Eckpunkte D, E und F jeweils auf einer Koordinatenachse und in der Ebene L2: 2x + 2y + 2z = 5 (also D(2,5 | 0 | 0), E(0 | 2,5 | 0), F(0 | 0 | 2,5)).";"Größe des Winkels, den L2 mit der xy-Ebene einschließt";"cos α = |n1 · n2| / (|n1| · |n2|) mit n1 = (1 | 1 | 1) und n2 = (0 | 0 | 1): cos α = 1/√3.";"2";"Wurzel|dezimal";"Grad";"";"α ≈ 54,7°.";"cos α = 1/√3 ≈ 0,577";"II";"die Formel für den Winkel zwischen Gerade und Ebene (Sinus) verwenden (35,3°)";"Typ wiederverwendet (2026-ea-B). Eigene Rechnung, mit sympy bestätigt."
"2023-bebb-gk-B3f";"2023";"2023-bebb-gk";"B";"3";"Körper";"f";"11";"3";"";"ja";"";"Analytische Geometrie";"Lagebeziehungen";"Punkt und Ebene: Lage eines Punktes zwischen zwei parallelen Ebenen über Einsetzen in die Koordinatengleichungen begründen";"";"T(1 | 1 | 1)|1 + 1 + 1 = 3 < 4 (unterhalb von L1)|2 + 2 + 2 = 6 > 5 (oberhalb von L2)|alle Koordinaten positiv, also im ersten Oktanten zwischen den Ebenen";"Vorzeichen beim Einsetzen in eine Koordinatengleichung als Seite der Ebene lesen|Körper als Schicht zwischen zwei Ebenen im ersten Oktanten erkennen";"Begründung";"Begründen Sie";"Text";"Körper";"Schrägbild eines räumlichen Koordinatensystems (x nach vorn links, y nach rechts, z nach oben) mit dem Körper ABCDEF: A auf der x-Achse, B auf der y-Achse, C auf der z-Achse (großes Dreieck ABC), D, E, F auf denselben Achsen näher am Ursprung (kleines Dreieck DEF, gestrichelt); Kanten AB, BC, CA, AD, BE, CF durchgezogen, DE und EF gestrichelt. Keine Maße eingetragen.";"ohne";"mittel";"Körper ABCDEF: Die Eckpunkte A(4 | 0 | 0), B(0 | 4 | 0) und C(0 | 0 | 4) liegen in der Ebene L1: x + y + z = 4, die Eckpunkte D, E und F jeweils auf einer Koordinatenachse und in der Ebene L2: 2x + 2y + 2z = 5 (also D(2,5 | 0 | 0), E(0 | 2,5 | 0), F(0 | 0 | 2,5)). Die Oberfläche des Körpers besteht aus zwei Dreiecken (in L1 und L2) und drei Trapezen (in den Koordinatenebenen); T(1 | 1 | 1).";"Begründung, dass T im Inneren des Körpers ABCDEF liegt";"Der Körper ist der Teil des ersten Oktanten zwischen L2 und L1. T hat positive Koordinaten und liegt wegen 2 · 3 = 6 > 5 auf der vom Ursprung abgewandten Seite von L2 und wegen 3 < 4 auf der Ursprungsseite von L1.";"3";"ganz";"";"";"T liegt im Inneren: x, y, z > 0 (innerhalb der drei Trapeze in den Koordinatenebenen), 2 · (1 + 1 + 1) = 6 > 5 (jenseits von L2) und 1 + 1 + 1 = 3 < 4 (diesseits von L1).";"";"III";"nur eine Ebene prüfen; die Bedingung an die Koordinatenebenen vergessen";"Eigene Rechnung."
"2023-bebb-gk-B3g";"2023";"2023-bebb-gk";"B";"3";"Körper";"g";"11";"4";"";"ja";"";"Analytische Geometrie";"Flächeninhalt und Volumen im Raum";"Körper: Volumenansatz als Differenz zweier Pyramiden erläutern und Parameter bestimmen";"";"1/3 · 1/2 · 4² · 4 ist das Volumen der Pyramide OABC (Grundfläche rechtwinkliges Dreieck OAB, Höhe OC = 4)|1/3 · 1/2 · k² · k ist die Pyramide ODEF|k = 2,5|V = 32/3 − 125/48 ≈ 8,06";"Pyramidenvolumen 1/3 · G · h|Rechtwinkliges Dreieck als Grundfläche|Körper als Differenz erkennen";"Begründung|Rechnung";"Erläutern Sie|Bestimmen Sie";"Text|Zahl";"Körper";"Schrägbild eines räumlichen Koordinatensystems (x nach vorn links, y nach rechts, z nach oben) mit dem Körper ABCDEF: A auf der x-Achse, B auf der y-Achse, C auf der z-Achse (großes Dreieck ABC), D, E, F auf denselben Achsen näher am Ursprung (kleines Dreieck DEF, gestrichelt); Kanten AB, BC, CA, AD, BE, CF durchgezogen, DE und EF gestrichelt. Keine Maße eingetragen.";"ohne";"mittel";"Körper ABCDEF: Die Eckpunkte A(4 | 0 | 0), B(0 | 4 | 0) und C(0 | 0 | 4) liegen in der Ebene L1: x + y + z = 4, die Eckpunkte D, E und F jeweils auf einer Koordinatenachse und in der Ebene L2: 2x + 2y + 2z = 5 (also D(2,5 | 0 | 0), E(0 | 2,5 | 0), F(0 | 0 | 2,5)). Ansatz 1/3 · 1/2 · 4² · 4 − 1/3 · 1/2 · k² · k für das Volumen des Körpers ABCDEF mit einem Wert von k ∈ IR.";"Erläuterung des Ansatzes; passender Wert von k";"Der erste Summand ist das Volumen der Pyramide mit Spitze C über dem rechtwinkligen Dreieck OAB (Katheten 4, Höhe 4), der zweite das der ähnlichen Pyramide ODEF mit Katheten und Höhe k; der Körper ist die Differenz; D, E, F liegen bei 2,5 auf den Achsen.";"3";"ganz|dezimal|Bruch";"";"";"k = 2,5 (Abstand von D, E, F zum Ursprung); der Ansatz ist Pyramide OABC minus Pyramide ODEF, V = 32/3 − 125/48 = 129/16 ≈ 8,06.";"V(OABC) = 32/3";"II";"k als Abstand der Ebenen (1,5) oder als Kantenlänge |DE| deuten";"Der Volumenwert in ergebnis ist eigene Kontrolle, verlangt ist k. Eigene Rechnung, mit sympy bestätigt."
"2023-bebb-gk-B3h";"2023";"2023-bebb-gk";"B";"3";"Körper";"h";"12";"4";"";"ja";"";"Analytische Geometrie";"Abstände";"Abstand eines Punktes von einer Geraden über Lotgerade und Schnittpunkt aus einem Lösungsweg erläutern";"";"I g: x = (2,5 | 0 | 0) + t · (1 | 1 | 0): Gerade durch D senkrecht zu AB in der xy-Ebene|II Schnitt mit L1 bzw. mit AB: t = 0,75, R(3,25 | 0,75 | 0)|III |DR| ≈ 1,06|Abstand von D zur Geraden AB = Höhe des Trapezes ABED";"Richtungsvektor senkrecht zu AB erkennen|Lotfußpunkt als Schnittpunkt|Abstand als Länge der Lotstrecke";"Begründung|Kurzantwort";"Erläutern Sie|Geben Sie an";"Text";"Körper";"Schrägbild eines räumlichen Koordinatensystems (x nach vorn links, y nach rechts, z nach oben) mit dem Körper ABCDEF: A auf der x-Achse, B auf der y-Achse, C auf der z-Achse (großes Dreieck ABC), D, E, F auf denselben Achsen näher am Ursprung (kleines Dreieck DEF, gestrichelt); Kanten AB, BC, CA, AD, BE, CF durchgezogen, DE und EF gestrichelt. Keine Maße eingetragen.";"ohne";"mittel";"Körper ABCDEF: Die Eckpunkte A(4 | 0 | 0), B(0 | 4 | 0) und C(0 | 0 | 4) liegen in der Ebene L1: x + y + z = 4, die Eckpunkte D, E und F jeweils auf einer Koordinatenachse und in der Ebene L2: 2x + 2y + 2z = 5 (also D(2,5 | 0 | 0), E(0 | 2,5 | 0), F(0 | 0 | 2,5)). Vorgelegte Rechnung: I g: x = (2,5 | 0 | 0) + t · (1 | 1 | 0), t ∈ IR; II 2,5 + t + t = 4 ⇒ t = 0,75 ⇒ R(3,25 | 0,75 | 0); III √((2,5 − 3,25)² + 0,75²) ≈ 1,06.";"Erläuterung der einzelnen Schritte; geometrische Bedeutung des Ergebnisses";"I ist die Gerade durch D mit Richtung (1 | 1 | 0), senkrecht zur Kante AB (Richtung (−1 | 1 | 0)) und in der xy-Ebene; II setzt g in x + y + z = 4 ein, also in die Ebene L1, deren Schnitt mit der xy-Ebene die Gerade AB ist, und liefert den Lotfußpunkt R auf AB; III ist der Abstand |DR|.";"3";"dezimal|Wurzel";"";"";"Die Rechnung bestimmt den Abstand des Punktes D von der Kante AB (≈ 1,06, exakt 3√2/4): das ist die Höhe des Trapezes ABED, also der Abstand der parallelen Seiten AB und DE.";"R liegt auf AB (x + y = 4, z = 0), DR ⊥ AB";"III";"II als Schnitt mit der Ebene L1 im Raum deuten, ohne zu sehen, dass der Schnittpunkt auf AB liegt";"Eigene Rechnung, mit sympy bestätigt."
"2023-bebb-gk-B3i";"2023";"2023-bebb-gk";"B";"3";"Körper";"i";"12";"4";"";"ja";"";"Analytische Geometrie";"Punkte und Strecken im Koordinatensystem";"Punkt: Bildpunkt einer Drehung um eine Kante in eine Koordinatenebene über Lotfußpunkt und Abstand berechnen";"";"Drehung um AB, C landet in der xy-Ebene mit positiver x-Koordinate|Lotfußpunkt von C auf AB ist M(2 | 2 | 0)|Abstand |CM| = √24|Richtung senkrecht zu AB in der xy-Ebene (1 | 1 | 0)/√2|C' = M + √24 · (1 | 1 | 0)/√2 = (2 + 2√3 | 2 + 2√3 | 0)";"Drehung erhält den Abstand zur Drehachse|Lotfußpunkt über Symmetrie oder Skalarprodukt|Einheitsvektor senkrecht zur Achse in der Zielebene";"Rechnung";"Berechnen Sie";"Zahl";"Körper";"Schrägbild eines räumlichen Koordinatensystems (x nach vorn links, y nach rechts, z nach oben) mit dem Körper ABCDEF: A auf der x-Achse, B auf der y-Achse, C auf der z-Achse (großes Dreieck ABC), D, E, F auf denselben Achsen näher am Ursprung (kleines Dreieck DEF, gestrichelt); Kanten AB, BC, CA, AD, BE, CF durchgezogen, DE und EF gestrichelt. Keine Maße eingetragen.";"ohne";"mittel";"Körper ABCDEF: Die Eckpunkte A(4 | 0 | 0), B(0 | 4 | 0) und C(0 | 0 | 4) liegen in der Ebene L1: x + y + z = 4, die Eckpunkte D, E und F jeweils auf einer Koordinatenachse und in der Ebene L2: 2x + 2y + 2z = 5 (also D(2,5 | 0 | 0), E(0 | 2,5 | 0), F(0 | 0 | 2,5)). Der Körper wird so um die Kante AB gedreht, dass der Eckpunkt C nach der Drehung in der xy-Ebene liegt und eine positive x-Koordinate hat.";"Koordinaten des gedrehten Eckpunkts";"C bewegt sich auf einem Kreis um den Lotfußpunkt M(2 | 2 | 0) (Mittelpunkt von AB, weil |CA| = |CB|) mit Radius |CM| = √24 in der Ebene senkrecht zu AB; in der xy-Ebene liegen die Kreispunkte auf der Geraden durch M mit Richtung (1 | 1 | 0), also C' = M ± √12 · (1 | 1 | 0); positives x wählt das Pluszeichen.";"4";"Wurzel|dezimal";"";"";"C'(2 + 2√3 | 2 + 2√3 | 0) ≈ (5,46 | 5,46 | 0).";"M(2 | 2 | 0)|CM = (2 | 2 | −4), |CM| = 2√6|die andere Lage wäre (2 − 2√3 | 2 − 2√3 | 0) mit negativem x";"III";"C um den Ursprung statt um die Kante drehen (Ergebnis (4 | 0 | 0) oder (0 | 4 | 0)); den Abstand |CM| als Höhe des Dreiecks OAB verwechseln";"Eigene Rechnung, mit sympy bestätigt."
"2023-bebb-gk-B4.1a";"2023";"2023-bebb-gk";"B";"4.1";"Lehrkräfte";"a";"13";"3";"";"ja";"I";"Stochastik";"Vierfeldertafel";"Vierfeldertafel aus Anteilen vervollständigen";"";"G Gymnasium, W weiblich|W∩G 15 %, W∩¬G 57 %, ¬W∩G 10 %, ¬W∩¬G 18 %|Ränder 25 %/75 % und 72 %/28 %";"Vierfeldertafel aus Rand- und Schnittanteil ergänzen";"Tabelle";"Stellen Sie dar";"Tabelle";"keins";"keine";"Lehrkräfte/Schulstatistik";"kurz";"Von den Lehrkräften eines Landes arbeiten 25 % an einem Gymnasium; 15 % der Lehrkräfte sind weiblich und arbeiten an einem Gymnasium; insgesamt sind 72 % der Lehrkräfte weiblich.";"vollständig ausgefüllte Vierfeldertafel";"Fehlende Felder als Differenzen der Ränder.";"3";"Prozent";"";"";"W∩G 15 %, W∩¬G 57 %, ¬W∩G 10 %, ¬W∩¬G 18 %; Ränder W 72 %, ¬W 28 %, G 25 %, ¬G 75 %.";"";"I";"15 % als bedingte Wahrscheinlichkeit lesen";"Dublette von: 2023MgrundlegendBStochastikWTR3-1a. AB amtlich: I. Wortgleich mit der Poolaufgabe 2023 grundlegend Stochastik WTR 3, Aufgabe 1 a; afb_amtlich aus dem Standardbezug der Poolzeile. Eigene Rechnung."
"2023-bebb-gk-B4.1b";"2023";"2023-bebb-gk";"B";"4.1";"Lehrkräfte";"b";"13";"2";"";"ja";"I";"Stochastik";"Vierfeldertafel";"Wahrscheinlichkeit einer Vereinigung aus der Vierfeldertafel über das Gegenereignis berechnen";"";"W ∪ G|Gegenereignis ¬W∩¬G = 18 %|1 − 0,18 = 0,82";"„oder“ als Vereinigung|Gegenereignis aus der Tafel";"Rechnung";"Ermitteln Sie";"Zahl";"keins";"keine";"Lehrkräfte/Schulstatistik";"kurz";"Von den Lehrkräften eines Landes arbeiten 25 % an einem Gymnasium; 15 % der Lehrkräfte sind weiblich und arbeiten an einem Gymnasium; insgesamt sind 72 % der Lehrkräfte weiblich. Vierfeldertafel aus a.";"Wahrscheinlichkeit, dass eine zufällig ausgewählte Lehrkraft weiblich ist oder an einem Gymnasium arbeitet";"Eins minus Feld ¬W∩¬G, alternativ 72 % + 25 % − 15 %.";"1";"Prozent";"";"2023-bebb-gk-B4.1a";"P = 1 − 0,18 = 0,82 = 82 %.";"";"I";"72 % + 25 % ohne Abzug des Schnitts";"Dublette von: 2023MgrundlegendBStochastikWTR3-1b. AB amtlich: I. Wortgleich mit der Poolaufgabe (1 b). Eigene Rechnung."
"2023-bebb-gk-B4.1c";"2023";"2023-bebb-gk";"B";"4.1";"Lehrkräfte";"c";"13";"2";"";"ja";"I";"Stochastik";"Bedingte Wahrscheinlichkeit und Bayes";"Bedingte Wahrscheinlichkeit aus Anteil und Schnittanteil berechnen";"";"P_W(G) = 0,15/0,72|≈ 0,208";"Bedingte Wahrscheinlichkeit als Quotient";"Rechnung";"Bestimmen Sie";"Zahl";"keins";"keine";"Lehrkräfte/Schulstatistik";"kurz";"Von den Lehrkräften eines Landes arbeiten 25 % an einem Gymnasium; 15 % der Lehrkräfte sind weiblich und arbeiten an einem Gymnasium; insgesamt sind 72 % der Lehrkräfte weiblich. Eine zufällig ausgewählte Lehrkraft ist weiblich.";"Wahrscheinlichkeit, dass sie an einem Gymnasium arbeitet";"Schnittanteil durch Randanteil.";"1";"Prozent|dezimal";"";"2023-bebb-gk-B4.1a";"P = 0,15/0,72 ≈ 0,208 ≈ 21 %.";"";"I";"Bedingung vertauschen (0,15/0,25 = 0,6)";"Dublette von: 2023MgrundlegendBStochastikWTR3-1c. AB amtlich: I. Wortgleich mit der Poolaufgabe (1 c). Eigene Rechnung."
"2023-bebb-gk-B4.1d";"2023";"2023-bebb-gk";"B";"4.1";"Lehrkräfte";"d";"13";"3";"";"ja";"II";"Stochastik";"Binomialverteilung";"Bedingung an ein Anzahlverhältnis in eine Binomialwahrscheinlichkeit übersetzen";"";"100 Lehrkräfte, X Anzahl nicht am Gymnasium, B(100; 0,75)|X ≥ 4 · (100 − X) ⇔ X ≥ 80|P(X ≥ 80) ≈ 0,149";"Verhältnisbedingung als Ungleichung|Kumulierte Binomialwahrscheinlichkeit mit dem Rechner";"Rechnung";"Bestimmen Sie";"Zahl";"keins";"keine";"Lehrkräfte/Schulstatistik";"mittel";"Von den Lehrkräften eines Landes arbeiten 25 % an einem Gymnasium; 15 % der Lehrkräfte sind weiblich und arbeiten an einem Gymnasium; insgesamt sind 72 % der Lehrkräfte weiblich. 100 Lehrkräfte werden zufällig ausgewählt.";"Wahrscheinlichkeit, dass unter den 100 die Anzahl derer, die nicht am Gymnasium arbeiten, mindestens viermal so groß ist wie die Anzahl derer, die am Gymnasium arbeiten";"X: Anzahl nicht am Gymnasium, binomialverteilt mit n = 100, p = 0,75; Bedingung X ≥ 4 · (100 − X) ⇔ X ≥ 80; P(X ≥ 80) = 1 − P(X ≤ 79) mit dem Rechner.";"2";"Prozent|dezimal";"";"";"P(X ≥ 80) ≈ 0,149 ≈ 15 %.";"X ≥ 80";"II";"X ≥ 75 (viermal so viele wie erwartet) statt X ≥ 80 ansetzen";"Dublette von: 2023MgrundlegendBStochastikWTR3-1d. AB amtlich: II. Wortgleich mit der Poolaufgabe (1 d). Eigene Rechnung, mit sympy bestätigt."
"2023-bebb-gk-B4.1e";"2023";"2023-bebb-gk";"B";"4.1";"Lehrkräfte";"e";"13";"2";"";"ja";"II";"Stochastik";"Binomialverteilung";"Kumulierte Binomialsumme als Sachaussage formulieren";"";"Σ von k = 75 bis 100 C(100; k) · 0,75^k · 0,25^(100−k)|P(X ≥ 75) für X nicht am Gymnasium|höchstens 25 der 100 am Gymnasium";"Summe als kumulierte Binomialwahrscheinlichkeit lesen|Komplement zur Anzahl am Gymnasium";"Kurzantwort";"Geben Sie an";"Text";"keins";"keine";"Lehrkräfte/Schulstatistik";"kurz";"Von den Lehrkräften eines Landes arbeiten 25 % an einem Gymnasium; 15 % der Lehrkräfte sind weiblich und arbeiten an einem Gymnasium; insgesamt sind 72 % der Lehrkräfte weiblich. 100 Lehrkräfte werden zufällig ausgewählt; Term Σ von k = 75 bis 100 über C(100; k) · 0,75^k · 0,25^(100−k).";"Bedeutung des Terms im Sachzusammenhang";"Summe als P(X ≥ 75) mit p = 0,75 (nicht am Gymnasium) erkennen und übersetzen.";"1";"dezimal";"";"";"Wahrscheinlichkeit, dass mindestens 75 der 100 ausgewählten Lehrkräfte nicht an einem Gymnasium arbeiten, also höchstens 25 an einem Gymnasium.";"";"II";"„mindestens 75 am Gymnasium“ (Erfolg und Misserfolg vertauscht)";"Dublette von: 2023MgrundlegendBStochastikWTR3-1e. AB amtlich: II. Wortgleich mit der Poolaufgabe (1 e). Eigene Rechnung."
"2023-bebb-gk-B4.1f";"2023";"2023-bebb-gk";"B";"4.1";"Lehrkräfte";"f";"13";"3";"";"ja";"";"Stochastik";"Binomialverteilung";"Mindestanzahl von Versuchen einer Bernoulli-Kette über das Gegenereignis bestimmen";"";"1 − 0,75^n ≥ 0,95|0,75^n ≤ 0,05|n ≥ ln(0,05)/ln(0,75) ≈ 10,4|n = 11";"Mindestens ein Treffer über das Gegenereignis|Exponentialungleichung durch Logarithmieren oder Probieren lösen|Aufrunden auf die nächste natürliche Zahl";"Rechnung";"Ermitteln Sie";"Zahl";"keins";"keine";"Lehrkräfte/Schulstatistik";"mittel";"Von den Lehrkräften eines Landes arbeiten 25 % an einem Gymnasium; 15 % der Lehrkräfte sind weiblich und arbeiten an einem Gymnasium; insgesamt sind 72 % der Lehrkräfte weiblich. Lehrkräfte werden zufällig ausgewählt (Anteil am Gymnasium 25 %).";"Mindestanzahl der Lehrkräfte, damit mit einer Wahrscheinlichkeit von mindestens 95 % mindestens eine davon an einem Gymnasium arbeitet";"P(mindestens eine) = 1 − 0,75^n ≥ 0,95 ⇔ 0,75^n ≤ 0,05; logarithmieren (Ungleichung dreht sich, ln 0,75 < 0) oder Werte probieren: 0,75^10 ≈ 0,056, 0,75^11 ≈ 0,042.";"3";"dezimal|Potenz|Prozent";"";"";"n = 11 (1 − 0,75^11 ≈ 0,958; für n = 10 nur 0,944).";"n ≥ 10,41";"II";"beim Logarithmieren das Ungleichheitszeichen nicht umdrehen; auf 10 abrunden";"Landeszusatz, nicht im Pool. Typ wiederverwendet (2017-bb-ea). Eigene Rechnung, mit sympy bestätigt."
"2023-bebb-gk-B4.1g";"2023";"2023-bebb-gk";"B";"4.1";"Lehrkräfte";"g";"13";"1";"";"ja";"";"Stochastik";"Zufallsexperimente und Urnenmodelle";"Ziehen ohne Zurücklegen: Wahrscheinlichkeit für ausschließlich eine Sorte beim mehrfachen Ziehen als Produkt berechnen";"";"20 Lehrkräfte, 12 weiblich, 6 ausgewählt|12/20 · 11/19 · 10/18 · 9/17 · 8/16 · 7/15|C(12; 6)/C(20; 6) = 77/3230 ≈ 0,024";"Ziehen ohne Zurücklegen als Produkt fallender Brüche|oder Binomialkoeffizienten (Lotto-Modell)";"Rechnung";"Ermitteln Sie";"Zahl";"keins";"keine";"Lehrkräfte/Fortbildung";"kurz";"An einer Fortbildung nehmen 20 Lehrkräfte eines Gymnasiums teil, davon 12 weiblich; für eine Präsentation werden 6 Lehrkräfte zufällig ausgewählt.";"Wahrscheinlichkeit, dass alle ausgewählten Lehrkräfte weiblich sind";"Sechs Züge ohne Zurücklegen, jeweils weiblich: Produkt 12/20 · 11/19 · … · 7/15; gleichwertig C(12; 6)/C(20; 6).";"2";"Bruch|dezimal";"";"";"P = 77/3230 ≈ 0,024 (2,4 %).";"C(20; 6) = 38 760, C(12; 6) = 924";"II";"mit Zurücklegen rechnen (0,6⁶ ≈ 0,047)";"Landeszusatz, nicht im Pool. Thema Zufallsexperimente (Ziehen ohne Zurücklegen) statt Hypergeometrische Verteilung, weil Berlin das Lotto-Modell verlangt und die Verteilung als Begriff nicht (abitur-vokabular.md § 3). Eigene Rechnung, mit sympy bestätigt."
"2023-bebb-gk-B4.1h";"2023";"2023-bebb-gk";"B";"4.1";"Lehrkräfte";"h";"13";"4";"";"ja";"";"Stochastik";"Zufallsexperimente und Urnenmodelle";"Ziehen ohne Zurücklegen: Wahrscheinlichkeit für höchstens k einer Sorte über Binomialkoeffizienten berechnen";"";"weniger als zwei weiblich: 0 oder 1|P(0) = C(8; 6)/C(20; 6) = 28/38 760|P(1) = 12 · C(8; 5)/C(20; 6) = 672/38 760|Summe 700/38 760 ≈ 0,018";"Günstige Auswahlen mit Binomialkoeffizienten zählen|Fälle 0 und 1 addieren|„weniger als zwei“ übersetzen";"Rechnung";"Bestimmen Sie";"Zahl";"keins";"keine";"Lehrkräfte/Fortbildung";"kurz";"20 Lehrkräfte einer Fortbildung, davon 12 weiblich und 8 männlich; 6 werden zufällig ausgewählt.";"Wahrscheinlichkeit, dass von den 6 ausgewählten Lehrkräften weniger als zwei weiblich sind";"Anzahl günstiger Auswahlen für 0 weibliche (C(8; 6) = 28) und für genau 1 weibliche (12 · C(8; 5) = 672) durch alle C(20; 6) = 38 760 Auswahlen; alternativ Pfade mit Reihenfolgen.";"4";"Bruch|dezimal";"";"";"P = (28 + 672)/38 760 = 35/1938 ≈ 0,018 (1,8 %).";"P(0 weibliche) ≈ 0,0007|P(genau 1 weibliche) ≈ 0,0173";"II";"„weniger als zwei“ als „höchstens zwei“ lesen; beim Fall genau 1 die Auswahl der Frau (Faktor 12) vergessen";"Landeszusatz, nicht im Pool. Thema wie in g (Lotto-Modell). Eigene Rechnung, mit sympy bestätigt."
"2023-bebb-gk-B4.2a";"2023";"2023-bebb-gk";"B";"4.2";"Lehrkräfte";"a";"14";"3";"";"ja";"II";"Stochastik";"Kenngrößen von Verteilungen";"Summand eines Erwartungswertterms im Sachzusammenhang deuten";"";"Term 8 · (4/9)² + 2 · 2 · 4/9 · 5/9 + 1/2 · (5/9)²|zweiter Summand: eine weiße und eine schwarze Kugel in zwei Reihenfolgen|Betrag verdoppelt und halbiert: 2 Euro";"Erwartungswert als Summe Wert mal Wahrscheinlichkeit|Reihenfolgen zählen";"Kurzantwort|Begründung";"Geben Sie an|Erläutern Sie";"Text";"keins";"keine";"Glücksspiel/Kugeln";"lang";"In einem Behälter befinden sich vier weiße und fünf schwarze Kugeln. Der Spieler bezahlt einen Einsatz von 2 Euro, der neben dem Behälter ausgelegt wird; er zieht zweimal nacheinander eine Kugel mit Zurücklegen; nach jedem Zug wird der ausliegende Betrag verdoppelt, wenn eine weiße Kugel gezogen wird, sonst halbiert; nach dem Spiel erhält der Spieler den ausliegenden Betrag. Der Term 8 · (4/9)² + 2 · 2 · 4/9 · 5/9 + 1/2 · (5/9)² gibt den Erwartungswert für den Betrag in Euro an, den der Spieler nach dem Spiel erhält.";"Bedeutung des zweiten der drei Summanden im Sachzusammenhang mit Erläuterung";"Faktoren als Auszahlung 2 Euro (einmal verdoppelt, einmal halbiert), zwei Reihenfolgen weiß-schwarz und schwarz-weiß, Wahrscheinlichkeiten 4/9 und 5/9 deuten.";"1";"Bruch";"Euro";"";"Der zweite Summand erfasst den Fall, dass eine weiße und eine schwarze Kugel gezogen werden (Wahrscheinlichkeiten 4/9 und 5/9), in zwei Reihenfolgen möglich (Faktor 2); der Spieler erhält dann 2 Euro (der Einsatz wird einmal verdoppelt und einmal halbiert).";"E = 49/18 ≈ 2,72 Euro";"II";"den Faktor 2 für die Reihenfolgen als Auszahlung deuten";"Dublette von: 2023MgrundlegendBStochastikWTR3-2a. AB amtlich: II. Wortgleich mit der Poolaufgabe 2023 grundlegend Stochastik WTR 3, Aufgabe 2 a; Scanseite unscharf, Term gegen den Pool geprüft. Eigene Rechnung, mit sympy bestätigt."
"2023-bebb-gk-B4.2b";"2023";"2023-bebb-gk";"B";"4.2";"Lehrkräfte";"b";"14";"2";"";"ja";"";"Stochastik";"Kenngrößen von Verteilungen";"Erwartungswert der Auszahlung mit dem Einsatz vergleichen";"";"E(Auszahlung) = 49/18 ≈ 2,72 Euro|Einsatz 2 Euro|Spieler gewinnt im Mittel 0,72 Euro je Spiel|Aussage falsch";"Erwartungswert ausrechnen|Gewinn als Auszahlung minus Einsatz|Nullsummenspiel: Gewinn des einen ist Verlust des anderen";"Begründung";"Beurteilen Sie";"Text";"keins";"keine";"Glücksspiel/Kugeln";"mittel";"In einem Behälter befinden sich vier weiße und fünf schwarze Kugeln. Der Spieler bezahlt einen Einsatz von 2 Euro, der neben dem Behälter ausgelegt wird; er zieht zweimal nacheinander eine Kugel mit Zurücklegen; nach jedem Zug wird der ausliegende Betrag verdoppelt, wenn eine weiße Kugel gezogen wird, sonst halbiert; nach dem Spiel erhält der Spieler den ausliegenden Betrag. Erwartungswert der Auszahlung 8 · (4/9)² + 2 · 2 · 4/9 · 5/9 + 1/2 · (5/9)² (aus a). Aussage: Bei sehr häufiger Durchführung des Spiels ist der erwartete Gewinn für den Spieler geringer als für den Spielleiter.";"Beurteilung der Aussage";"Term ausrechnen: E ≈ 2,72 Euro; der Spieler erhält im Mittel mehr als seinen Einsatz von 2 Euro, sein erwarteter Gewinn ist etwa 0,72 Euro je Spiel, der des Spielleiters etwa −0,72 Euro.";"2";"Bruch|dezimal";"Euro";"2023-bebb-gk-B4.2a";"Die Aussage ist falsch: E = 49/18 ≈ 2,72 Euro > 2 Euro, der Spieler gewinnt auf lange Sicht etwa 0,72 Euro je Spiel, der Spielleiter verliert entsprechend.";"128/81 + 80/81 + 25/162 = 49/18";"II";"den Erwartungswert der Auszahlung mit dem Gewinn verwechseln und E > 0 als Gewinn deuten";"Landeszusatz, nicht im Pool. Typ wiederverwendet (2024-ga-A). Eigene Rechnung, mit sympy bestätigt."
"2023-bebb-gk-B4.2c";"2023";"2023-bebb-gk";"B";"4.2";"Lehrkräfte";"c";"14";"5";"";"ja";"III";"Stochastik";"Kenngrößen von Verteilungen";"Unbekannte Größe aus einer Erwartungswertbedingung bestimmen";"";"p Wahrscheinlichkeit für weiß|E = 8p² + 4p(1 − p) + 1/2 · (1 − p)² = 9/2 p² + 3p + 1/2|E = 2 ⇔ p² + 2/3 p − 1/3 = 0|p = 1/3, also schwarz : weiß = 2 : 1";"Erwartungswertterm mit Unbekannter|Faires Spiel heißt Erwartungswert gleich Einsatz|Quadratische Gleichung";"Rechnung";"Ermitteln Sie";"Zahl";"keins";"keine";"Glücksspiel/Kugeln";"mittel";"In einem Behälter befinden sich vier weiße und fünf schwarze Kugeln. Der Spieler bezahlt einen Einsatz von 2 Euro, der neben dem Behälter ausgelegt wird; er zieht zweimal nacheinander eine Kugel mit Zurücklegen; nach jedem Zug wird der ausliegende Betrag verdoppelt, wenn eine weiße Kugel gezogen wird, sonst halbiert; nach dem Spiel erhält der Spieler den ausliegenden Betrag. Das Verhältnis der Anzahlen weißer und schwarzer Kugeln ist frei wählbar; Spieler und Spielleiter sollen die gleiche Gewinnerwartung haben.";"Verhältnis der Anzahlen der weißen und schwarzen Kugeln";"Erwartungswert mit p (Anteil weiß) ansetzen, gleich dem Einsatz 2 setzen, quadratische Gleichung lösen (p = 1/3, p = −1 entfällt), p in ein Anzahlverhältnis übersetzen.";"4";"Bruch|Wurzel";"Euro";"";"p = 1/3: die Anzahl der schwarzen Kugeln muss doppelt so groß sein wie die der weißen (weiß : schwarz = 1 : 2).";"9/2 p² + 3p + 1/2 = 2";"III";"gleiche Gewinnerwartung als E = 0 statt E = Einsatz ansetzen";"Dublette von: 2023MgrundlegendBStochastikWTR3-2b. AB amtlich: III. Wortgleich mit der Poolaufgabe (2 b); im Heft ist es Teilaufgabe c, weil b ein Landeszusatz ist. Eigene Rechnung, mit sympy bestätigt."
