"typ";"leitidee";"thema";"definition";"beispiel_id";"status"
"Extrempunkt an vorgegebener Stelle nachweisen";"Analysis";"Kurvenuntersuchung";"Für eine genannte Stelle zeigen, dass dort ein Hoch- oder Tiefpunkt liegt: erste Ableitung null (notwendige Bedingung) und Art über das Vorzeichen der zweiten Ableitung oder über den Vorzeichenwechsel der ersten Ableitung.";"2026MgrundlegendAAnalysis11-a";"neu"
"Abstand zweier Extrempunkte über die Punktsymmetrie berechnen";"Analysis";"Kurvenuntersuchung";"Aus einem bekannten Extrempunkt und der Punktsymmetrie des Graphen zum Ursprung den gegenüberliegenden Extrempunkt gewinnen und den Abstand der beiden Punkte berechnen.";"2026MgrundlegendAAnalysis11-b";"neu"
"Extrempunkte: Flächeninhalt eines Dreiecks aus Extrempunkten der Sinusfunktion berechnen";"Analysis";"Funktionsklassen und Eigenschaften";"Aufeinanderfolgende Extrempunkte von sin x als Eckpunkte eines Dreiecks lesen und dessen Flächeninhalt aus Grundseite (Vielfaches von π) und Höhe berechnen.";"2026MgrundlegendAAnalysis12-a";"neu"
"Extrempunkte: Abstand von Extrempunkten einer gestreckten Sinusfunktion vergleichen";"Analysis";"Funktionsklassen und Eigenschaften";"Aus den Parametern a und b in a · sin(b · x) die Streckung des Graphen in x- und y-Richtung erkennen und daraus den Abstand aufeinanderfolgender Extrempunkte mit dem der Grundfunktion vergleichen, ohne zu rechnen.";"2026MgrundlegendAAnalysis12-b";"neu"
"Bestimmtes Integral einer ganzrationalen Funktion berechnen";"Analysis";"Stammfunktion und Hauptsatz";"Stammfunktion einer ganzrationalen Funktion bilden und den Wert des Integrals über ein Intervall mit dem Hauptsatz berechnen.";"2026MgrundlegendAAnalysis13-a";"neu"
"Integralwert: Summe zweier Integrale als Flächeninhalt beurteilen";"Analysis";"Flächeninhalt durch Integration";"Beurteilen, ob die Summe von Integralen über Teilintervalle den Inhalt der vom Graphen und der x-Achse eingeschlossenen Fläche liefert, anhand des Vorzeichens der Integrale unterhalb der Achse.";"2026MgrundlegendAAnalysis13-b";"neu"
"Graphen von Funktion und Ableitung einander zuordnen";"Analysis";"Ableitungsgraph und Funktionsgraph";"Unter abgebildeten Graphen den einer Funktion, ihrer Ableitung oder einer Stammfunktion erkennen, indem Nullstellen, Extremstellen und Wendestellen einander zugeordnet werden.";"2026MgrundlegendAAnalysis14-a";"neu"
"Integralwert: Integral einer Differenzfunktion grafisch abschätzen";"Analysis";"Flächeninhalt durch Integration";"Das Integral über die Differenz zweier Funktionen als Fläche zwischen ihren Graphen deuten, diese in der Abbildung markieren und mit einem Vergleichsrechteck gegen eine Schranke abschätzen.";"2026MgrundlegendAAnalysis14-b";"neu"
"Steigung einer Geraden am Graphen begründen";"Analysis";"Ableitung und Änderungsrate";"Den Ableitungswert einer linearen Funktion als ihre Steigung erkennen und diese am abgebildeten Graphen über ein Steigungsdreieck begründen.";"2026MgrundlegendAAnalysis21-a";"neu"
"Ableitung eines Produkts aus Graphenwerten mit der Produktregel bestimmen";"Analysis";"Ableitungsregeln";"Die Ableitung von f · g an einer Stelle mit der Produktregel berechnen, wobei Funktionswerte und Steigungen von f und g nur aus abgebildeten Graphen abgelesen werden, etwa f' = 0 an einem Extrempunkt.";"2026MgrundlegendAAnalysis21-b";"neu"
"Monotonie aus dem Vorzeichen der Ableitung am Graphen begründen";"Analysis";"Ableitungsgraph und Funktionsgraph";"Aus dem abgebildeten Graphen der Ableitung über deren Vorzeichen links und rechts einer Nullstelle das Monotonieverhalten der Funktion begründen.";"2026MgrundlegendAAnalysis22-a";"neu"
"Aussage über Extrempunkte einer Stammfunktion beurteilen";"Analysis";"Stammfunktion und Hauptsatz";"Eine Behauptung über Extrempunkte einer Stammfunktion F beurteilen, indem F' = f genutzt und das Vorzeichen von f aus dem Graphen der Ableitung f' und einem Funktionswert erschlossen wird.";"2026MgrundlegendAAnalysis22-b";"neu"
"Dreieck: Rechten Winkel und Kathetenlängen eines Dreiecks nachweisen";"Analytische Geometrie";"Orthogonalität";"Über das Skalarprodukt zweier Seitenvektoren den rechten Winkel eines Dreiecks nachweisen und die Längen der Katheten als Vektorbeträge berechnen.";"2026MgrundlegendAAGLAA111-a";"neu"
"Körper: Höhe einer Pyramide aus dem Volumen bestimmen";"Analytische Geometrie";"Flächeninhalt und Volumen im Raum";"Aus dem gegebenen Volumen einer Pyramide und ihrer Grundfläche die Höhe bestimmen, wobei die Höhenkante über Skalarprodukte als senkrecht zur Grundfläche erkannt wird.";"2026MgrundlegendAAGLAA111-b";"neu"
"Dreieck: Rechten Winkel eines Dreiecks mit Parameter nachweisen";"Analytische Geometrie";"Orthogonalität";"Zeigen, dass ein Dreieck, dessen Eckpunkt einen Parameter enthält, für jeden Parameterwert einen rechten Winkel hat, weil das Skalarprodukt der Seitenvektoren identisch null ist.";"2026MgrundlegendAAGLAA112-a";"neu"
"Parameter aus der Gleichschenkligkeit eines Dreiecks berechnen";"Analytische Geometrie";"Abstände";"Den Parameter eines Eckpunkts so bestimmen, dass zwei Seiten eines Dreiecks gleich lang sind, über das Gleichsetzen von Vektorbeträgen und Lösen der Wurzelgleichung.";"2026MgrundlegendAAGLAA112-b";"neu"
"Lösung eines unterbestimmten Gleichungssystems unter Zusatzbedingungen auswählen";"Analytische Geometrie";"Lineare Gleichungssysteme";"Bei einem linearen Gleichungssystem mit unendlich vielen Lösungen die Lösungsschar mit einem Parameter angeben und aus Bedingungen wie Vorzeichen und Ganzzahligkeit eine bestimmte Lösung auswählen.";"2026MgrundlegendAAGLAA12";"neu"
"Punkt und Ebene: Punktprobe an einer Ebenengleichung durchführen";"Analytische Geometrie";"Lagebeziehungen";"Die Koordinaten eines Punktes in die Koordinatengleichung einer Ebene einsetzen und aus dem Erfülltsein der Gleichung auf die Lage in der Ebene schließen.";"2026MgrundlegendAAGLAA211-a";"neu"
"Geraden und Ebenen: Orthogonalität zu einer Ebene über Kollinearität mit dem Normalenvektor begründen";"Analytische Geometrie";"Orthogonalität";"Begründen, dass ein Vektor oder eine Gerade senkrecht auf einer Ebene in Koordinatenform steht, weil der Vektor ein Vielfaches des ablesbaren Normalenvektors ist.";"2026MgrundlegendAAGLAA211-a";"neu"
"Spiegelpunkt an einer Ebene über den bekannten Lotfußpunkt bestimmen";"Analytische Geometrie";"Spiegelung";"Den Spiegelpunkt eines Punktes an einer Ebene bestimmen, wenn der Lotfußpunkt bereits bekannt ist, indem der Verbindungsvektor vom Lotfußpunkt aus in Gegenrichtung abgetragen wird.";"2026MgrundlegendAAGLAA211-b";"neu"
"Körper: Koordinaten eines Eckpunkts eines Prismas angeben";"Analytische Geometrie";"Punkte und Strecken im Koordinatensystem";"Aus gegebenen Eckpunkten eines geraden Prismas und dem Schrägbild die Koordinaten eines weiteren Eckpunkts der Deckfläche angeben.";"2026MgrundlegendAAGLAA213-a";"neu"
"Ebene Figur: Dreieck in ein Schrägbild einzeichnen";"Analytische Geometrie";"Punkte und Strecken im Koordinatensystem";"Einen durch Koordinaten gegebenen Punkt auf einer Kante im Schrägbild verorten und das Dreieck aus ihm und zwei Eckpunkten des Körpers einzeichnen.";"2026MgrundlegendAAGLAA213-b";"neu"
"Ebene Figur: Parameter eines Punktes aus einer Flächengleichheit bestimmen";"Analytische Geometrie";"Flächeninhalt und Volumen im Raum";"Den Parameter eines Punktes so bestimmen, dass zwei Dreiecke mit gemeinsamer Seite gleichen Flächeninhalt haben, über den Vergleich der zugehörigen Höhen oder Katheten.";"2026MgrundlegendAAGLAA213-c";"neu"
"Geraden und Ebenen: Punkt aus Orthogonalitäts- und Ebenenbedingung bestimmen";"Analytische Geometrie";"Orthogonalität";"Einen Punkt mit teilweise bekannten Koordinaten aus der Bedingung, dass zwei Verbindungsvektoren orthogonal sind, und einer Ebenengleichung über ein lineares Gleichungssystem bestimmen.";"2026MgrundlegendAAGLAA221";"neu"
"Körper: Volumen eines Prismas über einer Raute berechnen";"Analytische Geometrie";"Flächeninhalt und Volumen im Raum";"Das Volumen eines geraden Prismas berechnen, dessen Grundfläche eine Raute mit Eckpunkten auf den Koordinatenachsen ist, über die Rautenfläche aus den Diagonalen und die Höhe.";"2026MgrundlegendAAGLAA222-a";"neu"
"Ortsvektor eines gedrehten Punktes als Term aufstellen";"Analytische Geometrie";"Vektoren und Rechenoperationen";"Für einen Punkt, der durch Drehung eines Körpers um eine Kante in eine Koordinatenebene kommt, den Ortsvektor als Summe aus einem Ortsvektor und einem auf die richtige Länge gebrachten, zur Drehkante senkrechten Vektor aufstellen.";"2026MgrundlegendAAGLAA222-b";"neu"
"Trefferwahrscheinlichkeit aus dem ganzzahligen Erwartungswert im Diagramm ermitteln";"Stochastik";"Kenngrößen von Verteilungen";"Den ganzzahligen Erwartungswert einer Binomialverteilung an der höchsten Säule ablesen und daraus p, eine Anzahl oder das Verhältnis zweier Trefferwahrscheinlichkeiten ermitteln.";"2026MgrundlegendAStochastik11-a";"neu"
"Werte zu Wahrscheinlichkeitsbedingungen aus dem Säulendiagramm ablesen";"Stochastik";"Binomialverteilung";"Aus dem Säulendiagramm einer Verteilung die Werte k ablesen, für die eine Einzel- oder eine kumulierte Wahrscheinlichkeit eine vorgegebene Bedingung erfüllt.";"2026MgrundlegendAStochastik11-b";"neu"
"Term für eine Wahrscheinlichkeit einer Bernoulli-Kette angeben";"Stochastik";"Binomialverteilung";"Für ein Ereignis in einer Bernoulli-Kette einen Rechenterm mit Potenzen von p und 1 − p und der Anzahl der Anordnungen angeben, ohne den Wert zu berechnen.";"2026MgrundlegendAStochastik12-a";"neu"
"Ergebnisse zu einer Mengenoperation zweier Ereignisse angeben";"Stochastik";"Ereignisse und Mengenoperationen";"Die Ergebnisse angeben, die zu Schnitt, Vereinigung oder Gegenereignis zweier beschriebener Ereignisse eines Zufallsexperiments gehören.";"2026MgrundlegendAStochastik12-b";"neu"
"Fehlende Wahrscheinlichkeiten im Baumdiagramm über die Pfadregel ermitteln";"Stochastik";"Baumdiagramm und Pfadregeln";"In einem teilweise beschrifteten Baumdiagramm fehlende Ast- oder Pfadwahrscheinlichkeiten aus gegebenen Pfad- und Astwerten über die Pfadmultiplikation bestimmen.";"2026MgrundlegendAStochastik13-a";"neu"
"Bedingte Wahrscheinlichkeit aus dem Baumdiagramm mit einer Schranke vergleichen";"Stochastik";"Bedingte Wahrscheinlichkeit und Bayes";"Eine bedingte Wahrscheinlichkeit als Quotient aus einem Pfad und der Summe der Pfade mit der Bedingung berechnen und mit einer vorgegebenen Schranke vergleichen.";"2026MgrundlegendAStochastik13-b";"neu"
"Laplace-Experiment: Sektorwinkel eines Glücksrads aus einer Wahrscheinlichkeitsbedingung berechnen";"Stochastik";"Zufallsexperimente und Urnenmodelle";"Die Sektorwahrscheinlichkeit eines zweifarbigen Glücksrads aus einer Bedingung an ein zweistufiges Ergebnis über eine quadratische Gleichung bestimmen und in den Mittelpunktswinkel umrechnen.";"2026MgrundlegendAStochastik21";"neu"
"Parameter einer Binomialverteilung aus Erwartungswert und Standardabweichung bestimmen";"Stochastik";"Kenngrößen von Verteilungen";"Aus μ = n · p und σ = √(n · p · (1 − p)) die Parameter n und p einer Binomialverteilung bestimmen.";"2026MgrundlegendAStochastik22";"neu"
"Transformation: Abbildung zwischen zwei Graphen angeben";"Analysis";"Funktionsklassen und Eigenschaften";"Zu zwei gegebenen Funktionstermen angeben, durch welche Spiegelung, Streckung oder Verschiebung der eine Graph aus dem anderen hervorgeht.";"2026MerhoehtAAnalysis11-a";"neu"
"Parameter aus dem senkrechten Schnitt zweier Graphen bestimmen";"Analysis";"Tangente, Normale, Schnittwinkel";"Den Parameter zweier Funktionen so bestimmen, dass sich ihre Graphen senkrecht schneiden: Schnittstelle bestimmen, Steigungen dort berechnen und die Orthogonalitätsbedingung für Steigungen anwenden.";"2026MerhoehtAAnalysis11-b";"neu"
"Integralwert: Integral mit Wert null am Graphen begründen";"Analysis";"Flächeninhalt durch Integration";"Am Graphen begründen oder veranschaulichen, dass ein bestimmtes Integral den Wert null hat, weil sich die orientierten Flächen über und unter der Achse aufheben (Symmetrie).";"2026MerhoehtAAnalysis12-a";"neu"
"Stammfunktion mit einer Wertebedingung bestimmen";"Analysis";"Stammfunktion und Hauptsatz";"Die allgemeine Stammfunktion bilden und die Integrationskonstante aus einer Wertebedingung oder einem vorgegebenen Punkt des Graphen bestimmen.";"2026MerhoehtAAnalysis12-b";"neu"
"Nullstelle einer Logarithmusfunktion berechnen";"Analysis";"Gleichungen lösen";"Eine Gleichung der Form ln(x + a) + b = 0 durch Anwenden der e-Funktion exakt lösen.";"2026MerhoehtAAnalysis13-a";"neu"
"Parameter einer Logarithmusfunktion aus Asymptote und Punkt ermitteln";"Analysis";"Rekonstruktion von Funktionsgleichungen";"Bei ln(x − a) + b den Parameter a aus der senkrechten Asymptote im abgebildeten Graphen und b aus einem Punkt des Graphen bestimmen.";"2026MerhoehtAAnalysis13-b";"neu"
"Schnittstellen zweier Graphen über den gemeinsamen Exponentialfaktor nachweisen";"Analysis";"Gleichungen lösen";"Beim Gleichsetzen zweier Terme mit demselben positiven Exponentialfaktor diesen kürzen und die verbleibende Gleichung lösen, um alle Schnittstellen nachzuweisen.";"2026MerhoehtAAnalysis14-a";"neu"
"Fläche: Fläche zwischen zwei Graphen als Integral der Differenz berechnen";"Analysis";"Flächeninhalt durch Integration";"Den Inhalt der Fläche zwischen zwei Graphen (auch Graph und waagerechte Gerade) zwischen Schnittstellen oder zwischen vorgegebenen senkrechten Grenzen als Integral der Differenz berechnen; die Stammfunktion kann vorgegeben sein.";"2026MerhoehtAAnalysis14-b";"neu"
"Symmetrie: Fehlende Punktsymmetrie aus der Wertemenge begründen";"Analysis";"Funktionsklassen und Eigenschaften";"Aus einer Wertemenge, die zu einem Wert y nicht −y enthält, begründen, dass der Graph nicht punktsymmetrisch zum Ursprung ist.";"2026MerhoehtAAnalysis21-a";"neu"
"Transformation: Wertemenge einer transformierten Funktion begründen";"Analysis";"Funktionsklassen und Eigenschaften";"Die Wertemenge von a · f(x − d) + e aus der Wertemenge von f herleiten, indem Spiegelung, Streckung und Verschiebung in y-Richtung auf die Intervallgrenzen angewendet werden.";"2026MerhoehtAAnalysis21-b";"neu"
"Scharparameter für genau eine waagerechte Tangente aus dem Graphen bestimmen";"Analysis";"Funktionsscharen und Ortskurven";"Für eine Schar f(x) + a · x den Parameter bestimmen, bei dem die Ableitung genau eine Nullstelle hat, indem die Steigung von f an der passenden Stelle am Graphen abgelesen wird.";"2026MerhoehtAAnalysis22";"neu"
"Anzahl der Nullstellen einer Integralfunktion am Graphen beurteilen";"Analysis";"Stammfunktion und Hauptsatz";"Eine Aussage über die Nullstellen einer Integralfunktion beurteilen, über die untere Grenze als Nullstelle, die Monotonie aus dem Vorzeichen des Integranden und die Flächenbilanz am abgebildeten Graphen.";"2026MerhoehtAAnalysis23";"neu"
"Übergangsprozess: Fehler in einem Übergangsdiagramm gegen die Matrix begründen";"Analytische Geometrie";"Matrizen und Übergangsprozesse";"Ein Übergangsdiagramm mit der zugehörigen Übergangsmatrix vergleichen und einen Widerspruch in der Pfeilbeschriftung benennen.";"2026MerhoehtAAGLAA11-a";"neu"
"Übergangsprozess: Parameter einer Übergangsmatrix aus einer Zykluslänge bestimmen";"Analytische Geometrie";"Matrizen und Übergangsprozesse";"Aus der Bedingung, dass eine Verteilung nach n Schritten wieder erreicht wird, über die Matrixpotenz M^n den unbekannten Eintrag der Übergangsmatrix bestimmen.";"2026MerhoehtAAGLAA11-b";"neu"
"Matrizenalgebra: Parameter eines Vektors aus einer Matrix-Vektor-Gleichung bestimmen";"Analytische Geometrie";"Matrizen und Übergangsprozesse";"Aus einer Gleichung A · v = k · v den unbekannten Eintrag des Vektors über eine geeignete Komponente bestimmen.";"2026MerhoehtAAGLAA121-a";"neu"
"Matrizenalgebra: Gleichung mit inverser Matrix über die Eigenvektorbeziehung lösen";"Analytische Geometrie";"Matrizen und Übergangsprozesse";"Eine Gleichung mit A^(−1) ohne Berechnung der Inversen lösen, indem beide Seiten mit A multipliziert und A · v = k · v sowie die Linearität genutzt werden.";"2026MerhoehtAAGLAA121-b";"neu"
"Matrizenalgebra: Matrix mit vorgegebener Eigenschaft angeben";"Analytische Geometrie";"Matrizen und Übergangsprozesse";"Zu einer in der Aufgabe definierten Eigenschaft (etwa Orthogonalität) eine passende Matrix mit vorgegebenen Einträgen angeben.";"2026MerhoehtAAGLAA122-a";"neu"
"Matrizenalgebra: Existenz von Matrizen mit vorgegebener Eigenschaft über ein Gleichungssystem beurteilen";"Analytische Geometrie";"Matrizen und Übergangsprozesse";"Eine Aussage über die Existenz von Matrizen mit einer definierten Eigenschaft beurteilen, indem die Eigenschaft in ein Gleichungssystem für die Einträge übersetzt und gelöst wird.";"2026MerhoehtAAGLAA122-b";"neu"
"Punkt mit vorgegebenem Abstand zur Ebene auf der Lotgeraden bestimmen";"Analytische Geometrie";"Abstände";"Einen Punkt bestimmen, der von einer Ebene einen vorgegebenen Abstand hat: vom Ebenenpunkt oder Lotfußpunkt aus den normierten Normalenvektor abtragen; der Abstand kann als halber Abstand zum Spiegelbild gegeben sein.";"2026MerhoehtAAGLAA211-b";"neu"
"Punkt und Ebene: Parameter einer Ebenengleichung aus einem enthaltenen Punkt bestimmen";"Analytische Geometrie";"Lagebeziehungen";"Den freien Parameter einer Koordinatengleichung bestimmen, indem ein Punkt eingesetzt wird, der in der Ebene liegen soll.";"2026MerhoehtAAGLAA221-a";"neu"
"Gleichen Abstand eines Punktes zu einer Geradenschar über den Lotfußpunkt beurteilen";"Analytische Geometrie";"Abstände";"Ohne Abstandsrechnung beurteilen, ob ein Punkt zu allen Geraden einer Schar in einer Ebene denselben Abstand hat, indem der gemeinsame Punkt der Schar als Lotfußpunkt erkannt wird.";"2026MerhoehtAAGLAA221-b";"neu"
"Beziehung zweier Parameter mit einer abgebildeten Geraden abgleichen";"Analytische Geometrie";"Abstände";"Eine hergeleitete Beziehung zwischen zwei Parametern mit der Gleichung einer im Parameter-Koordinatensystem abgebildeten Geraden vergleichen.";"2026MerhoehtAAGLAA222-b";"neu"
"Symmetrieebenen eines Körpers aus den Koordinaten begründen";"Analytische Geometrie";"Spiegelung";"Für einen Körper mit Parameter die Gleichungen seiner achsenparallelen Symmetrieebenen angeben und über Vorzeichenwechsel und Mittelwerte von Koordinaten begründen.";"2026MerhoehtAAGLAA223";"neu"
"Wahrscheinlichkeit eines Sigma-Intervalls aus dem Säulendiagramm ermitteln";"Stochastik";"Kenngrößen von Verteilungen";"Erwartungswert und Standardabweichung einer Binomialverteilung berechnen, das Sigma-Intervall auf ganze Zahlen übertragen und die Wahrscheinlichkeit als Summe der abgelesenen Säulenhöhen ermitteln.";"2026MerhoehtAStochastik11-b";"neu"
"Term für die Wahrscheinlichkeit eines mehrstufigen Pfads angeben";"Stochastik";"Baumdiagramm und Pfadregeln";"Für ein in Worten beschriebenes Ereignis, das genau einem Pfad entspricht, den Term aus dem Produkt der Astwahrscheinlichkeiten angeben.";"2026MerhoehtAStochastik12-a";"neu"
"Gewinnwahrscheinlichkeiten in einem Wechselspiel vergleichen";"Stochastik";"Baumdiagramm und Pfadregeln";"Für ein Spiel, in dem zwei Personen abwechselnd ziehen und der erste Treffer gewinnt, die Gewinnwahrscheinlichkeiten über die Pfade aufstellen und ihr Verhältnis beurteilen.";"2026MerhoehtAStochastik12-b";"neu"
"Wahrscheinlichkeit eines Vergleichs zweier Zufallsgeräte über Pfade berechnen";"Stochastik";"Baumdiagramm und Pfadregeln";"Aus den Verteilungen zweier Zufallsgeräte die Wahrscheinlichkeit, dass das eine einen größeren Wert liefert als das andere, über die passenden Pfade berechnen und für mehrere Runden potenzieren.";"2026MerhoehtAStochastik21-a";"neu"
"Term und Ereignis: Fehlende Werte in einem Wahrscheinlichkeitsterm bestimmen";"Stochastik";"Zufallsexperimente und Urnenmodelle";"Einen vorgegebenen Term mit Platzhaltern so ergänzen, dass er die Wahrscheinlichkeit eines Ereignisses liefert, wobei Anzahl der Anordnungen und Einzelwahrscheinlichkeiten zu bestimmen sind.";"2026MerhoehtAStochastik21-b";"neu"
"Wahrscheinlichkeit für genau einen Treffer bei zwei Versuchen berechnen";"Stochastik";"Binomialverteilung";"Die Wahrscheinlichkeit für genau einen Treffer in zwei unabhängigen Versuchen als Summe der beiden Pfade berechnen.";"2026MerhoehtAStochastik22-a";"neu"
"Term für eine bedingte Wahrscheinlichkeit mit Parameter aufstellen";"Stochastik";"Bedingte Wahrscheinlichkeit und Bayes";"Eine bedingte Wahrscheinlichkeit als Quotient aus Pfadsummen in Abhängigkeit von einer Trefferwahrscheinlichkeit p aufstellen, ohne sie auszurechnen.";"2026MerhoehtAStochastik22-b";"neu"
"Term und Ereignis: Ereignis zu einem gegebenen Wahrscheinlichkeitsterm beschreiben";"Stochastik";"Zufallsexperimente und Urnenmodelle";"Zu einem gegebenen Term (Produkt, Summe, Potenz oder Quotient von Binomialkoeffizienten) das Ereignis und gegebenenfalls das Zufallsexperiment im Sachzusammenhang beschreiben.";"2026MerhoehtAStochastik23-a";"neu"
"Unbekannte Größe aus einer Erwartungswertbedingung bestimmen";"Stochastik";"Kenngrößen von Verteilungen";"Eine unbekannte Auszahlung, einen Wert der Zufallsgröße oder eine Anzahl (etwa Kugeln) aus einer Bedingung an den Erwartungswert bestimmen, etwa Erwartungswert gleich Einsatz.";"2026MerhoehtAStochastik23-b";"neu"
"Tangentengleichung in einem Punkt des Graphen aufstellen";"Analysis";"Tangente, Normale, Schnittwinkel";"Die Gleichung der Tangente an einen Graphen in einem gegebenen Punkt aus der Ableitung als Steigung und dem Punkt aufstellen.";"2025MgrundlegendAAnalysis11-a";"neu"
"Parallele Tangente über die Ableitung finden und skizzieren";"Analysis";"Tangente, Normale, Schnittwinkel";"Die weitere Stelle bestimmen, an der die Ableitung eine vorgegebene Steigung annimmt, und die dortige Tangente in die Abbildung einzeichnen.";"2025MgrundlegendAAnalysis11-b";"neu"
"Integralwert: Integral null über die Punktsymmetrie begründen";"Analysis";"Flächeninhalt durch Integration";"Ohne Rechnung begründen, dass ein Integral über ein zu 0 symmetrisches Intervall null ist, weil der Integrand nur ungerade Potenzen enthält und sich die orientierten Flächen aufheben.";"2025MgrundlegendAAnalysis12-b";"neu"
"Nullstellen und Werte: Punkt, Nullstelle oder Schnittstelle durch Einsetzen nachweisen";"Analysis";"Funktionsklassen und Eigenschaften";"Durch Einsetzen zeigen, dass ein Punkt (auch mit gerundeten Koordinaten) auf dem Graphen liegt, dass eine Stelle Nullstelle ist oder dass der Graph dort eine waagerechte Gerade schneidet.";"2025MgrundlegendAAnalysis13-a";"neu"
"Fläche: Fläche zwischen Graph und Koordinatenachsen berechnen";"Analysis";"Flächeninhalt durch Integration";"Den Inhalt der Fläche, die ein Graph mit beiden Koordinatenachsen einschließt, über das Integral von 0 bis zur Nullstelle berechnen und das Vorzeichen deuten.";"2025MgrundlegendAAnalysis13-b";"neu"
"Transformation: Verschobenen Graphen in die Abbildung skizzieren";"Analysis";"Funktionsklassen und Eigenschaften";"Den um einen Wert in y-Richtung verschobenen Graphen einer gegebenen Funktion in ein vorhandenes Koordinatensystem einzeichnen.";"2025MgrundlegendAAnalysis21-a";"neu"
"Fläche: Verschiebung für die Halbierung einer Fläche über ein Integral bestimmen";"Analysis";"Flächeninhalt durch Integration";"Den Verschiebungswert bestimmen, für den ein Graph eine symmetrische Figur in zwei inhaltsgleiche Teile teilt, indem die Bedingung als Integral gleich null formuliert wird.";"2025MgrundlegendAAnalysis21-b";"neu"
"Gleichung aus Differenzenquotient und Ableitung lösen";"Analysis";"Gleichungen lösen";"Eine Gleichung, die den Differenzenquotienten zu einem festen Punkt mit der Ableitung gleichsetzt, als Bruchgleichung lösen.";"2025MgrundlegendAAnalysis22-a";"neu"
"Ableitung einer quadratischen Funktion angeben";"Analysis";"Ableitungsregeln";"Den Term der ersten Ableitung einer quadratischen Funktion mit der Potenzregel angeben.";"2025MgrundlegendAAnalysis22-a";"neu"
"Gleichung als Tangentenbedingung geometrisch deuten";"Analysis";"Tangente, Normale, Schnittwinkel";"Die Gleichheit von Differenzenquotient zu einem Punkt und Ableitung als Bedingung deuten, dass die Tangente durch diesen Punkt verläuft.";"2025MgrundlegendAAnalysis22-b";"neu"
"Matrizenalgebra: Parameter einer Matrix aus einer Matrix-Vektor-Gleichung untersuchen";"Analytische Geometrie";"Matrizen und Übergangsprozesse";"Untersuchen, ob die Parameter einer Matrix so gewählt werden können, dass M · v = v gilt: Produkt bilden, Gleichungssystem lösen und die überzählige Gleichung prüfen.";"2025MgrundlegendAAGLAA11";"neu"
"Lösung eines Gleichungssystems durch Einsetzen nachweisen";"Analytische Geometrie";"Lineare Gleichungssysteme";"Vorgegebene Werte in alle Gleichungen eines linearen Gleichungssystems einsetzen und die Gültigkeit zeigen.";"2025MgrundlegendAAGLAA12-a";"neu"
"Lösbarkeit eines Gleichungssystems mit Parameter beurteilen";"Analytische Geometrie";"Lineare Gleichungssysteme";"Beurteilen, für welchen Parameterwert ein lineares Gleichungssystem unendlich viele Lösungen hat, indem eine Gleichung als Kombination der anderen erkannt wird.";"2025MgrundlegendAAGLAA12-b";"neu"
"Punktprobe an einer Geraden durchführen";"Analytische Geometrie";"Geraden";"Prüfen, ob ein Punkt auf einer Geraden in Parameterform liegt, indem der Parameter aus den Koordinaten bestimmt und auf Widerspruch geprüft wird; bei einer Strecke zusätzlich, ob der Parameter zwischen null und eins liegt.";"2025MgrundlegendAAGLAA211-a";"neu"
"Punkt auf einer Geraden mit vorgegebener Koordinate angeben";"Analytische Geometrie";"Geraden";"Einen Punkt der Geraden angeben, der eine Koordinatenbedingung erfüllt, über den passenden Parameterwert.";"2025MgrundlegendAAGLAA211-a";"neu"
"Geraden und Ebenen: Orthogonalität zweier Geraden über das Skalarprodukt untersuchen";"Analytische Geometrie";"Orthogonalität";"Prüfen, ob zwei Geraden senkrecht zueinander verlaufen, indem das Skalarprodukt ihrer Richtungsvektoren gebildet wird; der Richtungsvektor einer achsenparallelen Geraden ist ein Einheitsvektor.";"2025MgrundlegendAAGLAA211-b";"neu"
"Punkt: Lage zweier Punkte zu einer Koordinatenebene begründen";"Analytische Geometrie";"Punkte und Strecken im Koordinatensystem";"Aus dem Vorzeichen einer Koordinate begründen, auf welcher Seite einer Koordinatenebene Punkte liegen.";"2025MgrundlegendAAGLAA212-a";"neu"
"Ebene Figur: Flächeninhalt eines gleichschenkligen Dreiecks über die Höhe zur Basis berechnen";"Analytische Geometrie";"Flächeninhalt und Volumen im Raum";"Die Höhe eines gleichschenkligen Dreiecks als Vektor von der Basismitte zur Spitze bestimmen und den Flächeninhalt aus Basis und Höhe berechnen.";"2025MgrundlegendAAGLAA212-b";"neu"
"Spiegelpunkt an einem Punkt bestimmen";"Analytische Geometrie";"Spiegelung";"Den Bildpunkt einer Punktspiegelung als Spiegelzentrum plus Verbindungsvektor berechnen.";"2025MgrundlegendAAGLAA213-a";"neu"
"Geraden und Ebenen: Normalenvektor einer Ebene in Parameterform über Skalarprodukte nachweisen";"Analytische Geometrie";"Orthogonalität";"Zeigen, dass ein Vektor senkrecht auf einer Ebene in Parameterform steht, indem die Skalarprodukte mit beiden Spannvektoren null ergeben.";"2025MgrundlegendAAGLAA221-a";"neu"
"Baumdiagramm zu einer zweistufigen Situation erstellen";"Stochastik";"Baumdiagramm und Pfadregeln";"Aus Sachangaben ein beschriftetes zweistufiges Baumdiagramm zeichnen, wobei fehlende Astwahrscheinlichkeiten aus Pfadwahrscheinlichkeiten und Gegenwahrscheinlichkeiten berechnet werden.";"2025MgrundlegendAStochastik11-a";"neu"
"Wahrscheinlichkeit einer ungeraden Summe über Pfade berechnen";"Stochastik";"Baumdiagramm und Pfadregeln";"Die Wahrscheinlichkeit, dass die Summe zweier Ergebnisse ungerade ist, über die Pfade mit genau einem geraden Ergebnis berechnen.";"2025MgrundlegendAStochastik12-b";"neu"
"Ziehen ohne Zurücklegen: Wahrscheinlichkeit beim zweimaligen Ziehen ohne Zurücklegen berechnen";"Stochastik";"Zufallsexperimente und Urnenmodelle";"Die Wahrscheinlichkeit, dass zwei ohne Zurücklegen gezogene Objekte beide eine Eigenschaft haben, mit der Pfadregel und verringertem Nenner berechnen.";"2025MgrundlegendAStochastik13-a";"neu"
"Parität von n aus zwei gleich hohen Säulen der Verteilung begründen";"Stochastik";"Kenngrößen von Verteilungen";"Aus zwei gleich hohen höchsten Säulen einer Binomialverteilung mit p = 0,5 begründen, dass der Erwartungswert nicht ganzzahlig und n ungerade ist.";"2025MgrundlegendAStochastik21-a";"neu"
"Einzelwahrscheinlichkeit aus Symmetrie und kumulierten Werten berechnen";"Stochastik";"Binomialverteilung";"Eine Einzelwahrscheinlichkeit einer symmetrischen Binomialverteilung aus gegebenen kumulierten und einzelnen Werten über Symmetrie und Zerlegung näherungsweise berechnen.";"2025MgrundlegendAStochastik21-b";"neu"
"Laplace-Experiment: Laplace-Wahrscheinlichkeit als Anteil der günstigen Fälle angeben";"Stochastik";"Zufallsexperimente und Urnenmodelle";"Die Wahrscheinlichkeit eines Ergebnisses als Anteil der günstigen an allen gleich wahrscheinlichen Fällen angeben – Objekte beim ersten Ziehen oder Sektorwinkel am Vollwinkel beim Glücksrad.";"2025MgrundlegendAStochastik22-a";"neu"
"Gleiche Steigung aller Graphen einer Schar im Ursprung nachweisen";"Analysis";"Funktionsscharen und Ortskurven";"Die Ableitung einer Funktionsschar bilden und zeigen, dass ihr Wert an einer Stelle nicht vom Scharparameter abhängt.";"2025MerhoehtAAnalysis11-a";"neu"
"Punktsymmetrie aller Graphen einer Schar zum Ursprung nachweisen";"Analysis";"Funktionsscharen und Ortskurven";"Für eine Funktionsschar f_a(−x) = −f_a(x) für alle Parameterwerte nachrechnen.";"2025MerhoehtAAnalysis11-b";"neu"
"Parameter einer Linearkombination aus Funktion und Gerade aus zwei Punkten bestimmen";"Analysis";"Rekonstruktion von Funktionsgleichungen";"Die Koeffizienten a und b in g(x) = a · f(x) + b · x aus zwei Punkten des Graphen von g über zwei Gleichungen bestimmen.";"2025MerhoehtAAnalysis13-b";"neu"
"Bedingung für eine waagerechte Tangente eines Produkts mit e^x nachweisen";"Analysis";"Ableitungsregeln";"Für g = f · e^x mit allgemeinem f mit der Produktregel nachweisen, dass g'(a) = 0 die Gleichung f'(a) = −f(a) nach sich zieht.";"2025MerhoehtAAnalysis21-a";"neu"
"Fehlende waagerechte Tangente über Vorzeichen am Graphen begründen";"Analysis";"Tangente, Normale, Schnittwinkel";"Aus den am Graphen abgelesenen Vorzeichen von Funktionswert und Steigung begründen, dass eine notwendige Bedingung für eine waagerechte Tangente verletzt ist.";"2025MerhoehtAAnalysis21-b";"neu"
"Flächenbeziehung zwischen Funktion und Umkehrfunktion über die Spiegelung an y = x beurteilen";"Analysis";"Umkehrfunktion";"Eine Aussage über Integrale von Funktion und Umkehrfunktion beurteilen, indem die Integrale als Flächen gedeutet werden und die Spiegelung an der Winkelhalbierenden ausgenutzt wird.";"2025MerhoehtAAnalysis22";"neu"
"Tangente mit gegebener Gleichung in die Abbildung einzeichnen";"Analysis";"Tangente, Normale, Schnittwinkel";"Eine Gerade mit vorgegebener Gleichung über zwei Punkte in ein vorhandenes Koordinatensystem einzeichnen.";"2025MerhoehtAAnalysis23-a";"neu"
"Steigungen aller Sekanten durch einen Punkt des Graphen angeben";"Analysis";"Ableitung und Änderungsrate";"Die Menge der Steigungen aller Geraden angeben, die einen festen Punkt des Graphen mit einem weiteren verbinden, aus Randpunkt, Krümmung und Tangentensteigung als Grenzlage.";"2025MerhoehtAAnalysis23-b";"neu"
"Koordinate eines Vektors aus vorgegebener Länge bestimmen";"Analytische Geometrie";"Vektoren und Rechenoperationen";"Eine unbekannte Koordinate eines Vektors aus seiner Länge über die Betragsgleichung bestimmen, mit Vorzeichenbedingung.";"2025MerhoehtAAGLAA11-a";"neu"
"Matrizenalgebra: Parameter einer Matrix aus der Orthogonalität von v und M · v bestimmen";"Analytische Geometrie";"Matrizen und Übergangsprozesse";"M · v mit Parameter berechnen und den Parameter so bestimmen, dass das Skalarprodukt von v und M · v null ist.";"2025MerhoehtAAGLAA11-b";"neu"
"Gestaffeltes Gleichungssystem für einen Parameterwert lösen";"Analytische Geometrie";"Lineare Gleichungssysteme";"Einen Parameterwert einsetzen und ein Gleichungssystem in Dreiecksform durch Rückwärtseinsetzen lösen.";"2025MerhoehtAAGLAA121-a";"neu"
"Lösungsanzahl eines gestaffelten Gleichungssystems mit Parameter durch Fallunterscheidung begründen";"Analytische Geometrie";"Lineare Gleichungssysteme";"Die Lösungsanzahl auf eine Gleichung mit parameterabhängigem Koeffizienten zurückführen und die Fälle Koeffizient null mit wahrer bzw. falscher Aussage unterscheiden.";"2025MerhoehtAAGLAA121-b";"neu"
"Matrizenalgebra: Alle mit einer Matrix vertauschbaren Matrizen ermitteln";"Analytische Geometrie";"Matrizen und Übergangsprozesse";"Alle Matrizen B mit A · B = B · A für eine gegebene Matrix A ermitteln – die Bedingung kann auch aus einer binomischen Gleichung (A + B)² = A² + 2AB + B² folgen: allgemeiner Ansatz, Produkte vergleichen, Lösungsmenge mit freien Parametern.";"2025MerhoehtAAGLAA122";"neu"
"Art des Ergebnisses von Ausdrücken mit Skalarprodukt ankreuzen";"Analytische Geometrie";"Skalarprodukt und Winkel";"Für Ausdrücke aus Vektoren mit Skalarprodukt und Addition ankreuzen, ob sie einen Vektor, eine Zahl oder nichts Definiertes darstellen.";"2025MerhoehtAAGLAA211-a";"neu"
"Parameter für einen Winkel von mindestens 90° über das Skalarprodukt ermitteln";"Analytische Geometrie";"Skalarprodukt und Winkel";"Die Parameterwerte bestimmen, für die der Winkel zweier Vektoren mindestens 90° beträgt, über die Ungleichung Skalarprodukt kleiner oder gleich null.";"2025MerhoehtAAGLAA211-b";"neu"
"Körper: Volumen eines Teilkörpers eines Würfels berechnen";"Analytische Geometrie";"Flächeninhalt und Volumen im Raum";"Den Teilkörper, den eine Ebene von einem Würfel abschneidet, im Schrägbild als Prisma erkennen und sein Volumen berechnen.";"2025MerhoehtAAGLAA212-a";"neu"
"Schnittfigur einer Ebene mit einem Würfel einzeichnen";"Analytische Geometrie";"Schnittmengen";"Die Schnittfigur einer durch drei Punkte gegebenen Ebene mit einem Würfel über parallele Schnittkanten in das Schrägbild einzeichnen.";"2025MerhoehtAAGLAA212-b";"neu"
"Schnittgerade zweier Ebenen aus dem Schrägbild angeben";"Analytische Geometrie";"Schnittmengen";"Eine Gleichung der Schnittgeraden zweier Ebenen aus gemeinsamen Punkten und Richtungen im Schrägbild angeben, ohne Ebenengleichungen aufzustellen.";"2025MerhoehtAAGLAA212-b";"neu"
"Identität aller Geraden einer Schar beurteilen";"Analytische Geometrie";"Scharen von Geraden und Ebenen";"Beurteilen, ob alle Geraden einer Schar identisch sind, indem der parameterabhängige Stützvektor als fester Punkt plus Vielfaches des Richtungsvektors geschrieben wird.";"2025MerhoehtAAGLAA221-b";"neu"
"Koordinatenebene senkrecht zu allen Ebenen einer Schar angeben";"Analytische Geometrie";"Scharen von Geraden und Ebenen";"Aus einer fehlenden Koordinate in der Koordinatengleichung einer Ebenenschar die Koordinatenebene angeben, auf der alle Ebenen senkrecht stehen.";"2025MerhoehtAAGLAA222-a";"neu"
"Nichtparallelität verschiedener Ebenen einer Schar über die Normalenvektoren nachweisen";"Analytische Geometrie";"Scharen von Geraden und Ebenen";"Für zwei Ebenen einer Schar mit verschiedenen Parametern zeigen, dass ihre Normalenvektoren nicht kollinear sind.";"2025MerhoehtAAGLAA222-b";"neu"
"Vektorterm für einen Eckpunkt eines Pyramidenstumpfs begründen";"Analytische Geometrie";"Vektoren und Rechenoperationen";"Einen vorgegebenen Vektorterm für einen Eckpunkt über Mittelpunkte, Ähnlichkeit (Flächenfaktor als Längenfaktor) und eine Vektorkette begründen.";"2025MerhoehtAAGLAA223-b";"neu"
"Pfadwahrscheinlichkeit für lauter gleiche Ergebnisse als Potenz berechnen";"Stochastik";"Baumdiagramm und Pfadregeln";"Die Wahrscheinlichkeit, dass alle Versuche dasselbe Ergebnis liefern, als Potenz der Einzelwahrscheinlichkeit berechnen oder begründen, gegebenenfalls mit einer Schranke vergleichen.";"2025MerhoehtAStochastik11-a";"neu"
"Aussage über eine Summe von Wahrscheinlichkeiten am Säulendiagramm entscheiden";"Stochastik";"Binomialverteilung";"Eine Aussage über eine Summe von Einzelwahrscheinlichkeiten entscheiden, indem die Säulenhöhen im Diagramm gegen eine Schranke abgeschätzt werden.";"2025MerhoehtAStochastik12-a";"neu"
"Parameter n und p aus einem Verhältnis zweier Einzelwahrscheinlichkeiten und dem Erwartungswert berechnen";"Stochastik";"Binomialverteilung";"n und p einer Binomialverteilung aus dem Verhältnis P(X = 1) zu P(X = 0) und dem Erwartungswert berechnen, indem die Bernoulli-Terme gekürzt werden und n · p ersetzt wird.";"2025MerhoehtAStochastik21";"neu"
"Laplace-Experiment: Vergleich zweier Wahrscheinlichkeiten über die Anzahl der Ergebnisse begründen";"Stochastik";"Zufallsexperimente und Urnenmodelle";"Gleichheit oder Verhältnis der Wahrscheinlichkeiten zweier Ereignisse über die Anzahl ihrer gleich wahrscheinlichen Ergebnisse begründen.";"2025MerhoehtAStochastik22-a";"neu"
"Term für die Wahrscheinlichkeit eines Produktereignisses bei n Würfen ermitteln";"Stochastik";"Baumdiagramm und Pfadregeln";"Einen Term in n für die Wahrscheinlichkeit aufstellen, dass das Produkt von n Augenzahlen einen vorgegebenen Wert hat, über die möglichen Belegungen und die Pfadregel.";"2025MerhoehtAStochastik22-b";"neu"
"Wahrscheinlichkeit eines Ereignisses aus Unabhängigkeit und einer Schnittwahrscheinlichkeit bestimmen";"Stochastik";"Unabhängigkeit";"P(A) aus der Unabhängigkeit von A und B, einer Beziehung zwischen P(A) und P(B) und einer Schnittwahrscheinlichkeit über eine Gleichung bestimmen.";"2025MerhoehtAStochastik23";"neu"
"Integralwert: Integralwert grafisch durch Kästchenzählen bestimmen";"Analysis";"Flächeninhalt durch Integration";"Den Wert eines bestimmten Integrals näherungsweise aus der Abbildung bestimmen, indem die Kästchen unter dem Graphen gezählt und mit dem Kästcheninhalt multipliziert werden.";"2024MgrundlegendAAnalysis11-a";"neu"
"Transformation: Extrempunkt eines transformierten Graphen angeben";"Analysis";"Funktionsklassen und Eigenschaften";"Den Extrempunkt eines durch Spiegelung oder Verschiebung entstandenen Graphen aus dem Extrempunkt des Ausgangsgraphen angeben.";"2024MgrundlegendAAnalysis11-b";"neu"
"Symmetrie: Symmetrieart am Term über die Exponenten begründen";"Analysis";"Funktionsklassen und Eigenschaften";"Achsensymmetrie zur y-Achse oder Punktsymmetrie zum Ursprung begründen – über die Parität der Exponenten oder über f(−x) = f(x) bzw. f(−x) = −f(x).";"2024MgrundlegendAAnalysis12-a";"neu"
"Fläche: Fläche zwischen Graph und x-Achse aus zwei Flächenstücken berechnen";"Analysis";"Flächeninhalt durch Integration";"Den Inhalt der von Graph und x-Achse eingeschlossenen Fläche berechnen, wenn sie aus zwei Stücken ober- und unterhalb der Achse besteht: Nullstellen, Integrale je Stück mit Betrag oder Symmetrie.";"2024MgrundlegendAAnalysis12-b";"neu"
"Ableitungswert berechnen und als Tangentensteigung veranschaulichen";"Analysis";"Ableitung und Änderungsrate";"Den Wert der Ableitung an einer Stelle berechnen und in der Abbildung durch Tangente und Steigungsdreieck sichtbar machen.";"2024MgrundlegendAAnalysis13-a";"neu"
"Transformation: Aussage über eine Verschiebung zwischen zwei Graphen beurteilen";"Analysis";"Funktionsklassen und Eigenschaften";"Beurteilen, ob ein Graph durch Verschiebung in y-Richtung aus einem anderen entsteht, über den Vergleich der Steigungen an einer Stelle oder die Differenz der Terme.";"2024MgrundlegendAAnalysis13-b";"neu"
"Tangentengleichung aus der Abbildung ablesen";"Analysis";"Tangente, Normale, Schnittwinkel";"Die Gleichung einer eingezeichneten Tangente aus zwei Gitterpunkten ablesen.";"2024MgrundlegendAAnalysis21-a";"neu"
"y-Achsenabschnitt der Tangente allgemein nachweisen";"Analysis";"Tangente, Normale, Schnittwinkel";"Für eine allgemeine Stelle u die Tangentengleichung aufstellen und eine Aussage über ihren y-Achsenabschnitt nachweisen.";"2024MgrundlegendAAnalysis21-b";"neu"
"Stelle mit lokaler gleich mittlerer Änderungsrate bestimmen";"Analysis";"Ableitung und Änderungsrate";"Die Stelle bestimmen, an der die Ableitung gleich der mittleren Änderungsrate über ein Intervall ist, dessen Sekante als Gerade gegeben ist.";"2024MgrundlegendAAnalysis22";"neu"
"Verflechtung: Verflechtungsdiagramm zu einer Matrix zeichnen";"Analytische Geometrie";"Matrizen und Übergangsprozesse";"Aus einer Verflechtungsmatrix ein beschriftetes Diagramm mit Knoten und Pfeilen zeichnen.";"2024MgrundlegendAAGLAA111-a";"neu"
"Verflechtung: Matrixeintrag aus Mengenbedingungen ermitteln";"Analytische Geometrie";"Matrizen und Übergangsprozesse";"Einen unbekannten Eintrag einer Verflechtungsmatrix aus Verhältnisangaben zwischen Rohstoff- und Produktmengen über eine Zeile des Produkts ermitteln.";"2024MgrundlegendAAGLAA111-b";"neu"
"Ebene Figur: Flächenverhältnis von Dreieck und Trapez über einen Vektorterm ermitteln";"Analytische Geometrie";"Flächeninhalt und Volumen im Raum";"Einen durch einen Vektorterm gegebenen vierten Punkt konstruieren und das Verhältnis der Flächeninhalte von Dreieck und Trapez über gemeinsame Höhe und Grundseiten ermitteln.";"2024MgrundlegendAAGLAA112";"neu"
"Matrizenalgebra: Existenz mehrerer Lösungen von M · a = 0 begründen";"Analytische Geometrie";"Matrizen und Übergangsprozesse";"Über das Gleichungssystem begründen, dass eine Matrix neben dem Nullvektor weitere Vektoren auf den Nullvektor abbildet.";"2024MgrundlegendAAGLAA12-a";"neu"
"Matrizenalgebra: Alle Vektoren mit M · v = t · v für festes t bestimmen";"Analytische Geometrie";"Matrizen und Übergangsprozesse";"Die Lösungen von M · v = t · v für einen vorgegebenen Wert t (t = 1: Fixvektoren) als Vielfache eines Vektors angeben, oder einen einzelnen solchen Vektor ungleich null bestimmen.";"2024MgrundlegendAAGLAA12-b";"neu"
"Verschobenen Punkt über den Diagonalenschnittpunkt bestimmen";"Analytische Geometrie";"Vektoren und Rechenoperationen";"Den Bildpunkt einer Verschiebung bestimmen, die den Diagonalenschnittpunkt eines Körpers in den Ursprung bringt: Mittelpunkt berechnen, Verschiebungsvektor anwenden.";"2024MgrundlegendAAGLAA211-b";"neu"
"Körper: Eckpunkt mit vorgegebenen Vorzeichen nach einer Verschiebung angeben";"Analytische Geometrie";"Punkte und Strecken im Koordinatensystem";"Nach einer Verschiebung des Körpers den Eckpunkt angeben, dessen Koordinaten eine Vorzeichenbedingung erfüllen, aus der Lage relativ zum Mittelpunkt.";"2024MgrundlegendAAGLAA211-c";"neu"
"Gerade und Ebene: Parallelität einer Geraden zu einer Koordinatenebene über die z-Koordinaten entscheiden";"Analytische Geometrie";"Lagebeziehungen";"Entscheiden, ob eine Gerade durch zwei Punkte (mit Parameter) parallel zu einer Koordinatenebene sein kann, über die Gleichheit der entsprechenden Koordinaten.";"2024MgrundlegendAAGLAA213-a";"neu"
"Dreieck: Parameter für einen rechten Winkel über das Skalarprodukt ermitteln";"Analytische Geometrie";"Orthogonalität";"Die Parameterwerte ermitteln, für die ein Dreieck an einer Ecke einen rechten Winkel hat, über das Skalarprodukt der Schenkelvektoren.";"2024MgrundlegendAAGLAA213-b";"neu"
"Ebene Figur: Diagonalenschnittpunkt und Flächeninhalt eines Quadrats aus dem Spurpunkt einer Geraden bestimmen";"Analytische Geometrie";"Flächeninhalt und Volumen im Raum";"Den Diagonalenschnittpunkt eines Quadrats in einer Koordinatenebene als Spurpunkt einer Geraden bestimmen und den Flächeninhalt über die halbe Diagonale berechnen.";"2024MgrundlegendAAGLAA221";"neu"
"Erwartungswert der Auszahlung mit dem Einsatz vergleichen";"Stochastik";"Kenngrößen von Verteilungen";"Den Erwartungswert der Auszahlung eines Spiels berechnen und aus dem Vergleich mit dem Einsatz begründen, wer auf lange Sicht gewinnt.";"2024MgrundlegendAStochastik12-b";"neu"
"Auswahlen mit Abstandsbedingung aufzählen";"Stochastik";"Kombinatorik";"Alle Auswahlen von Plätzen in einer Reihe aufzählen, die eine Abstandsbedingung erfüllen.";"2024MgrundlegendAStochastik13-a";"neu"
"Anzahl der Sitzordnungen mit Abstandsbedingung berechnen";"Stochastik";"Kombinatorik";"Die Anzahl der Möglichkeiten berechnen, unterscheidbare Personen auf zulässige Platzauswahlen zu verteilen: Anzahl der Auswahlen mal Anzahl der Anordnungen.";"2024MgrundlegendAStochastik13-b";"neu"
"Pfadwahrscheinlichkeit zweier Stufen aus dem Sachtext berechnen";"Stochastik";"Baumdiagramm und Pfadregeln";"Aus bedingten Angaben im Text die Wahrscheinlichkeit eines zweistufigen Pfads als Produkt berechnen.";"2024MgrundlegendAStochastik21-a";"neu"
"Sachaussage zu einer Ungleichung mit Binomialsumme formulieren";"Stochastik";"Binomialverteilung";"Eine gegebene Ungleichung mit kumulierter Binomialwahrscheinlichkeit, deren Parameter aus einer Gleichung im Sachzusammenhang stammt, als Aussage im Sachzusammenhang formulieren.";"2024MgrundlegendAStochastik21-b";"neu"
"Baumdiagramm eines Befragungsverfahrens mit unbekanntem Anteil vervollständigen";"Stochastik";"Baumdiagramm und Pfadregeln";"Ein zweistufiges Baumdiagramm mit einem unbekannten Anteil p vervollständigen, wobei eine Stufe die Verneinung der anderen abfragt (p und 1 − p vertauscht).";"2024MgrundlegendAStochastik22-a";"neu"
"Anteil aus dem Ergebnis eines Befragungsverfahrens berechnen";"Stochastik";"Baumdiagramm und Pfadregeln";"Den unbekannten Anteil p aus der beobachteten Ja-Häufigkeit berechnen, indem die Summe der Ja-Pfade mit der relativen Häufigkeit gleichgesetzt wird.";"2024MgrundlegendAStochastik22-b";"neu"
"Integralwert: Vorzeichen eines Integrals am Graphen beurteilen";"Analysis";"Flächeninhalt durch Integration";"Am Graphen die Flächenstücke über und unter der x-Achse im Integrationsintervall vergleichen und daraus das Vorzeichen des Integrals beurteilen.";"2024MerhoehtAAnalysis11-a";"neu"
"Tangente im Ursprung als Gerade durch zwei Punkte nachweisen";"Analysis";"Tangente, Normale, Schnittwinkel";"Die Tangente an einer Stelle über Ableitung und Funktionswert aufstellen und zeigen, dass sie mit der Geraden durch zwei gegebene Punkte übereinstimmt.";"2024MerhoehtAAnalysis11-b";"neu"
"Scharparameter aus einem Punkt des Graphen angeben";"Analysis";"Funktionsscharen und Ortskurven";"Den Parameterwert einer Funktionsschar angeben oder durch exaktes Auflösen bestimmen, für den ein gegebener Punkt auf dem Graphen liegt oder ein Funktionswert eine Bedingung erfüllt.";"2024MerhoehtAAnalysis12-a";"neu"
"Fläche zwischen Graph und x-Achse in Abhängigkeit vom Scharparameter berechnen";"Analysis";"Funktionsscharen und Ortskurven";"Nullstellen einer Schar bestimmen und den Inhalt der eingeschlossenen Fläche als Term im Scharparameter berechnen.";"2024MerhoehtAAnalysis12-b";"neu"
"Vorzeichen der Funktionswerte einer Schar begründen";"Analysis";"Funktionsscharen und Ortskurven";"Aus den Vorzeichen der Faktoren eines Scharterms begründen, dass der Graph in einem Bereich unterhalb oder oberhalb der x-Achse verläuft.";"2024MerhoehtAAnalysis13-a";"neu"
"Graph der Schar zum Parametervorzeichen über das Grenzverhalten zuordnen";"Analysis";"Funktionsscharen und Ortskurven";"Unter abgebildeten Graphen einer Schar den zum Parametervorzeichen passenden auswählen, über Grenzverhalten und Anzahl der Extrempunkte.";"2024MerhoehtAAnalysis13-b";"neu"
"Flächeninhalt eines Rechtecks aus Nullstellen und Normale als parameterunabhängig nachweisen";"Analysis";"Tangente, Normale, Schnittwinkel";"Ein Rechteck aus Nullstellen eines Scharterms und der Normalen im Ursprung skizzieren und zeigen, dass sein Flächeninhalt nicht vom Parameter abhängt.";"2024MerhoehtAAnalysis22";"neu"
"Verschiebung zwischen Graph und hundertster Ableitung berechnen";"Analysis";"Ableitungsregeln";"Für eine e-Funktion die n-te Ableitung als Vielfaches erkennen und die Verschiebung in x-Richtung, die den Graphen in den der Ableitung überführt, über eine Exponentialgleichung berechnen.";"2024MerhoehtAAnalysis23";"neu"
"Verflechtung: Rohstoffbedarf über die Verflechtungsmatrix berechnen";"Analytische Geometrie";"Matrizen und Übergangsprozesse";"Den Bedarf an Rohstoffen für vorgegebene Produktmengen als Matrix-Vektor-Produkt berechnen.";"2024MerhoehtAAGLAA11-a";"neu"
"Verflechtung: Verflechtungsmatrix aus Sachbedingungen und Matrixprodukt bestimmen";"Analytische Geometrie";"Matrizen und Übergangsprozesse";"Eine Verflechtungsmatrix mit Unbekannten aus Sachbedingungen ansetzen und die Unbekannten über das Produkt der Stufenmatrizen bestimmen.";"2024MerhoehtAAGLAA11-b";"neu"
"Matrizenalgebra: Wirkung einer Permutationsmatrix beschreiben und Einträge aus M · A · M = A bestimmen";"Analytische Geometrie";"Matrizen und Übergangsprozesse";"Die Wirkung einer Vertauschungsmatrix bei Multiplikation von links und rechts beschreiben und daraus die Einträge einer Matrix bestimmen, die unter M · A · M invariant ist.";"2024MerhoehtAAGLAA121";"neu"
"Lineares Gleichungssystem im Sachzusammenhang interpretieren";"Analytische Geometrie";"Lineare Gleichungssysteme";"Die Gleichungen eines linearen Gleichungssystems als Bilanzen eines Sachverhalts deuten und die Variablen benennen.";"2024MerhoehtAAGLAA122-a";"neu"
"Aussage über die Lösungsmenge eines Gleichungssystems mit Nichtnegativität nachweisen";"Analytische Geometrie";"Lineare Gleichungssysteme";"Eine Aussage über die Lösungen eines Gleichungssystems nachweisen, indem sie in eine Ungleichung im freien Parameter übersetzt und mit der Nichtnegativität der Variablen verglichen wird.";"2024MerhoehtAAGLAA122-b";"neu"
"Ebene Figur: Projektion eines Parallelogramms in eine Koordinatenebene einzeichnen";"Analytische Geometrie";"Punkte und Strecken im Koordinatensystem";"Punkte parallel zu einer Achse in eine Koordinatenebene projizieren und fehlende Ecken eines Parallelogramms über den Diagonalenschnittpunkt ergänzen.";"2024MerhoehtAAGLAA211-a";"neu"
"Winkelart aus dem Vorzeichen des Skalarprodukts beurteilen";"Analytische Geometrie";"Skalarprodukt und Winkel";"Ein Skalarprodukt berechnen und aus seinem Vorzeichen beurteilen, ob der Winkel zwischen den Vektoren spitz, rechtwinklig oder stumpf ist.";"2024MerhoehtAAGLAA211-b";"neu"
"Scharparameter für Parallelität von Ebene und Gerade ermitteln";"Analytische Geometrie";"Scharen von Geraden und Ebenen";"Den Parameter einer Ebenenschar ermitteln, für den die Ebene parallel zu einer Geraden ist, über das Skalarprodukt von Normalen- und Richtungsvektor.";"2024MerhoehtAAGLAA212-a";"neu"
"Zugehörigkeit einer Ebene zu einer Schar prüfen";"Analytische Geometrie";"Scharen von Geraden und Ebenen";"Prüfen, ob eine gegebene Ebene zu einer Ebenenschar gehört, indem die Koordinatengleichung als Vielfaches der Schargleichung angesetzt und das Gleichungssystem auf Widerspruch geprüft wird.";"2024MerhoehtAAGLAA212-b";"neu"
"Körper: Kantenlänge eines Würfels aus gegenüberliegenden Oktaederecken nachweisen";"Analytische Geometrie";"Punkte und Strecken im Koordinatensystem";"Den Abstand zweier gegenüberliegender Flächenmittelpunkte als Kantenlänge des Würfels deuten und berechnen.";"2024MerhoehtAAGLAA221-a";"neu"
"Spiegelgerade zweier Geraden zeichnen und Punkt der Winkelhalbierenden als Vektorterm angeben";"Analytische Geometrie";"Spiegelung";"Zwei sich schneidende Geraden und ihre Spiegelachse zeichnen und einen Vektorterm angeben, der über gleich lange Vektoren (Raute) einen Punkt der Winkelhalbierenden liefert.";"2024MerhoehtAAGLAA222";"neu"
"Parallelität aller Geraden einer Schar begründen";"Analytische Geometrie";"Scharen von Geraden und Ebenen";"Begründen, dass alle Geraden einer Schar parallel sind, weil der Richtungsvektor nicht vom Parameter abhängt.";"2024MerhoehtAAGLAA223-a";"neu"
"Nachbarschaft zweier Quadratecken auf einer Geradenschar durch Fallunterscheidung ausschließen";"Analytische Geometrie";"Scharen von Geraden und Ebenen";"Nachweisen, dass zwei Punkte keine benachbarten Ecken eines Quadrats mit Seiten auf einer Geradenschar sind, indem Kollinearität und Orthogonalität zum Richtungsvektor ausgeschlossen werden.";"2024MerhoehtAAGLAA223-b";"neu"
"Gleiche Standardabweichung zweier komplementärer Zufallsgrößen begründen";"Stochastik";"Kenngrößen von Verteilungen";"Begründen, dass die Trefferzahl und die Nichttrefferzahl einer Bernoulli-Kette dieselbe Standardabweichung haben, über die Symmetrie der Formel in p und 1 − p.";"2024MerhoehtAStochastik11-a";"neu"
"Wahrscheinlichkeit eines Einzelwerts einer stetigen Zufallsgröße angeben";"Stochastik";"Normalverteilung und Sigma-Regeln";"Angeben, dass ein einzelner Wert einer normalverteilten Zufallsgröße die Wahrscheinlichkeit null hat.";"2024MerhoehtAStochastik12-a";"neu"
"Näherung einer Normalverteilungswahrscheinlichkeit über Rechteck und Symmetrie erläutern";"Stochastik";"Normalverteilung und Sigma-Regeln";"Eine vorgegebene Näherungsrechnung erläutern: Fläche unter der Dichte durch ein Rechteck nähern, Symmetrie des Graphen und Gegenereignis nutzen.";"2024MerhoehtAStochastik12-b";"neu"
"Bayes-Term für drei Behälter nachweisen und Kugelzahl bestimmen";"Stochastik";"Bedingte Wahrscheinlichkeit und Bayes";"Einen vorgegebenen Bayes-Term für die Wahrscheinlichkeit eines Behälters bei bekannter Kugelfarbe nachweisen und aus einem vorgegebenen Wert eine Kugelzahl berechnen.";"2024MerhoehtAStochastik21";"neu"
"Würfelbeschriftung aus Erwartungswert und Trefferbedingung untersuchen";"Stochastik";"Kenngrößen von Verteilungen";"Untersuchen, ob sich die Seiten eines Würfels so beschriften lassen, dass Erwartungswert, Anzahl verschiedener Zahlen und eine Wahrscheinlichkeitsbedingung zugleich gelten.";"2024MerhoehtAStochastik22";"neu"
"Verteilung der Gegenzufallsgröße im Diagramm darstellen";"Stochastik";"Binomialverteilung";"Die Wahrscheinlichkeitsverteilung von n − X aus dem Diagramm von X durch Spiegeln der Säulen darstellen.";"2024MerhoehtAStochastik23-a";"neu"
"Zufallsgröße mit gleicher Binomialverteilung in einem anderen Experiment angeben";"Stochastik";"Binomialverteilung";"In einem anderen Zufallsexperiment ein Ereignis mit derselben Trefferwahrscheinlichkeit konstruieren und die zugehörige Trefferzahl als gleichverteilte Zufallsgröße begründen.";"2024MerhoehtAStochastik23-b";"neu"
"Nullstellen und Werte: Geradengleichung aus der Abbildung begründen";"Analysis";"Funktionsklassen und Eigenschaften";"Aus Nullstelle und y-Achsenabschnitt einer abgebildeten Geraden die Gleichung der linearen Funktion begründen.";"2023MgrundlegendAAnalysis11-a";"neu"
"Abstand des Ursprungs zu einer Geraden über das Lot berechnen";"Analysis";"Tangente, Normale, Schnittwinkel";"Den Abstand eines Punktes zu einer Geraden in der Ebene berechnen: Lotgerade mit Steigung −1/m, Lotfußpunkt als Schnittpunkt, Abstand der Punkte.";"2023MgrundlegendAAnalysis11-b";"neu"
"Tangente am gespiegelten Punkt über die Achsensymmetrie angeben";"Analysis";"Tangente, Normale, Schnittwinkel";"Aus einer Tangente an einen achsensymmetrischen Graphen die Tangente am gespiegelten Punkt angeben und über die Symmetrie begründen.";"2023MgrundlegendAAnalysis12-a";"neu"
"Umfang des Dreiecks aus zwei Tangenten und der x-Achse berechnen";"Analysis";"Tangente, Normale, Schnittwinkel";"Aus den Achsenschnittpunkten zweier symmetrischer Geraden das eingeschlossene Dreieck bestimmen und seinen Umfang mit dem Satz des Pythagoras berechnen.";"2023MgrundlegendAAnalysis12-b";"neu"
"Nullstellen und Werte: Aussage über die Achsenskalierung einer Abbildung beurteilen";"Analysis";"Funktionsklassen und Eigenschaften";"Über berechnete Nullstellen oder Funktionswerte prüfen, ob eine Abbildung ohne Skalen gleiche Längeneinheiten auf beiden Achsen hat.";"2023MgrundlegendAAnalysis13-b";"neu"
"Nullstellen und Werte: Wertemenge einer verketteten e-Funktion angeben";"Analysis";"Funktionsklassen und Eigenschaften";"Die Wertemenge einer Verkettung wie e^(x²) aus der Wertemenge der inneren Funktion und der Monotonie der äußeren angeben.";"2023MgrundlegendAAnalysis2-a";"neu"
"Steigung im Schnittpunkt von Graph und Ableitungsgraph bestimmen";"Analysis";"Gleichungen lösen";"Die Schnittstelle von f und f' über die Gleichung f = f' bestimmen (Kürzen durch f ≠ 0) und die Steigung dort angeben.";"2023MgrundlegendAAnalysis2-b";"neu"
"Eindeutigkeit der Lösung eines Gleichungssystems durch Einsetzen und Vergleich begründen";"Analytische Geometrie";"Lineare Gleichungssysteme";"Eine vorgegebene Lösung durch Einsetzen bestätigen und begründen, dass es keine weitere gibt, weil die Gleichungen nicht äquivalent sind.";"2023MgrundlegendAAGLAA111-a";"neu"
"Lösungsanzahl eines erweiterten Gleichungssystems in Abhängigkeit vom Parameter angeben";"Analytische Geometrie";"Lineare Gleichungssysteme";"Für ein um eine Gleichung mit Parameter erweitertes System angeben, für welchen Parameterwert die eindeutige Lösung erhalten bleibt und sonst keine existiert.";"2023MgrundlegendAAGLAA111-b";"neu"
"Matrizenalgebra: Unlösbarkeit einer Matrix-Vektor-Gleichung über eine Nullzeile begründen";"Analytische Geometrie";"Matrizen und Übergangsprozesse";"Begründen, dass M · u = b keine Lösung hat, weil eine Nullzeile von M die entsprechende Komponente stets null macht.";"2023MgrundlegendAAGLAA112-a";"neu"
"Matrizenalgebra: Kollinearität von M · x − x mit einem Vektor untersuchen";"Analytische Geometrie";"Matrizen und Übergangsprozesse";"M · x − x mit Variablen berechnen und untersuchen, für welche Werte der Vektor ein Vielfaches eines gegebenen Vektors ist.";"2023MgrundlegendAAGLAA112-b";"neu"
"Matrizenalgebra: Alle Vektoren mit M · v = t · v durch Fallunterscheidung bestimmen";"Analytische Geometrie";"Matrizen und Übergangsprozesse";"Alle Vektoren bestimmen, die eine Matrix auf ein Vielfaches abbildet (Eigenvektoren), über das Gleichungssystem mit Fallunterscheidung nach einer Komponente.";"2023MgrundlegendAAGLAA12";"neu"
"Parameter aus dem Schnitt zweier Geraden ermitteln";"Analytische Geometrie";"Schnittmengen";"Zwei Geraden gleichsetzen und aus der Bedingung eines gemeinsamen Punktes einen Parameter in einem Richtungsvektor ermitteln.";"2023MgrundlegendAAGLAA212-b";"neu"
"Parametergleichung einer Strecke im Sachzusammenhang deuten";"Analytische Geometrie";"Geraden";"Eine Geradengleichung mit eingeschränktem Parameterbereich als Strecke zwischen zwei Sachpunkten deuten.";"2023MgrundlegendAAGLAA213-a";"neu"
"Höhe eines Punktes auf einer Strecke aus der Entfernung vom Anfang berechnen";"Analytische Geometrie";"Geraden";"Aus der Länge des Richtungsvektors und einer Entfernung den Parameter als Anteil bestimmen und eine Koordinate des Punktes im Sachzusammenhang (Höhe, Maßstab) berechnen.";"2023MgrundlegendAAGLAA213-b";"neu"
"Körper: Parameter für das größte Volumen einer Pyramide bestimmen";"Analytische Geometrie";"Flächeninhalt und Volumen im Raum";"Das Volumen einer Pyramide mit parameterabhängigen Ecken als Term aufstellen und den Parameter mit maximalem Volumen bestimmen (Scheitel einer Parabel).";"2023MgrundlegendAAGLAA22-b";"neu"
"Standardabweichung über einen Summanden der Varianz abschätzen";"Stochastik";"Kenngrößen von Verteilungen";"Zeigen, dass die Standardabweichung eine Schranke übersteigt, indem ein einzelner Summand der Varianz als untere Abschätzung benutzt wird.";"2023MgrundlegendAStochastik11-b";"neu"
"Verhältnis zweier Auszahlungen aus dem Ausgleich der Erwartungswerte berechnen";"Stochastik";"Kenngrößen von Verteilungen";"Für ein Spiel mit Zahlungen in beide Richtungen die Fallwahrscheinlichkeiten abzählen, die erwarteten Zahlungen gleichsetzen und das Verhältnis der Beträge berechnen.";"2023MgrundlegendAStochastik2";"neu"
"Mindestgrad einer ganzrationalen Funktion aus Eigenschaften der Ableitung begründen";"Analysis";"Kurvenuntersuchung";"Aus Extremstellen der Ableitung auf den Mindestgrad der Ableitung und damit der Funktion schließen.";"2023MerhoehtAAnalysis11-a";"neu"
"Graphen zu vorgegebenen Nullstellen, Extrem- und Wendestellen skizzieren";"Analysis";"Kurvenuntersuchung";"Einen möglichen Graphen skizzieren, der vorgegebene Nullstellen, Extremstellen und Wendestellen (auch als Extremstellen der Ableitung formuliert) besitzt.";"2023MerhoehtAAnalysis11-b";"neu"
"Scharparameter aus der Flächengleichheit von Quadrat und Flächenstück bestimmen";"Analysis";"Funktionsscharen und Ortskurven";"Den Parameter bestimmen, für den ein aus dem Hochpunkt abgeleitetes Quadrat denselben Inhalt hat wie das Flächenstück unter der Parabel.";"2023MerhoehtAAnalysis12-b";"neu"
"Aussage über die Steigung am Graphen beurteilen";"Analysis";"Ableitung und Änderungsrate";"Eine Aussage über die Steigung in einem Intervall beurteilen, indem die Stelle größter Steigung am Graphen gefunden und die Tangentensteigung dort abgeschätzt wird.";"2023MerhoehtAAnalysis13-a";"neu"
"Rotationsvolumen über einbeschriebene Zylinder abschätzen";"Analysis";"Rotationsvolumen";"Einen Term π · Integral f² als Rotationsvolumen deuten und über einbeschriebene Zylinder eine untere Schranke begründen.";"2023MerhoehtAAnalysis13-b";"neu"
"Graph einer Stammfunktion durch einen Punkt skizzieren";"Analysis";"Stammfunktion und Hauptsatz";"Den Graphen einer Stammfunktion durch einen vorgegebenen Punkt skizzieren, aus Vorzeichen, Nullstellen und Extremstellen des abgebildeten Graphen von f.";"2023MerhoehtAAnalysis21-b";"neu"
"Steigung einer aus Periode und Extrempunkt rekonstruierten Kosinusfunktion allgemein bestimmen";"Analysis";"Rekonstruktion von Funktionsgleichungen";"Aus Periode, Hoch- und Wendepunkt mit allgemeinem Parameter die Gleichung einer Kosinusfunktion aufstellen und die Steigung an einer Stelle bestimmen.";"2023MerhoehtAAnalysis22";"neu"
"Übergangsprozess: Spielregel zu den Übergangswahrscheinlichkeiten eines Feldes angeben";"Analytische Geometrie";"Matrizen und Übergangsprozesse";"Zu den Übergangswahrscheinlichkeiten eines Zustands eine passende Würfelregel formulieren.";"2023MerhoehtAAGLAA112-a";"neu"
"Übergangsprozess: Zeile der Übergangsmatrix aus dem Diagramm angeben";"Analytische Geometrie";"Matrizen und Übergangsprozesse";"Eine Zeile der Übergangsmatrix als Zugänge in einen Zustand aus dem Übergangsdiagramm ablesen.";"2023MerhoehtAAGLAA112-b";"neu"
"Übergangsprozess: Einträge der Grenzmatrix im Sachzusammenhang deuten";"Analytische Geometrie";"Matrizen und Übergangsprozesse";"Die Einträge einer Grenzmatrix mit gleichen Spalten als langfristige Anteile je Zustand deuten.";"2023MerhoehtAAGLAA112-c";"neu"
"Übergangsprozess: Matrixeintrag aus einer Potenz der inversen Matrix bestimmen";"Analytische Geometrie";"Matrizen und Übergangsprozesse";"Einen unbekannten Eintrag einer Matrix aus einem vorgegebenen Eintrag ihrer Potenz durch Ausmultiplizieren der betreffenden Zeile und Spalte bestimmen.";"2023MerhoehtAAGLAA12-a";"neu"
"Übergangsprozess: Entwicklung einer Population aus einer Potenz der inversen Matrix beschreiben";"Analytische Geometrie";"Matrizen und Übergangsprozesse";"Aus einer Potenz der inversen Übergangsmatrix, die ein Vielfaches der Einheitsmatrix ist, die zeitliche Entwicklung der Population mit Fallunterscheidung nach dem Faktor beschreiben.";"2023MerhoehtAAGLAA12-b";"neu"
"Ebene Figur: Eckpunkte einer Raute mit einer Seite auf einer Geraden bestimmen";"Analytische Geometrie";"Punkte und Strecken im Koordinatensystem";"Die fehlenden Ecken einer Raute bestimmen, wenn zwei Ecken und die Gerade einer Seite gegeben sind: Seitenlänge, Punkt auf der Geraden im Abstand, Parallelogrammergänzung.";"2023MerhoehtAAGLAA212-b";"neu"
"Gerade und Ebene: Lage einer Geraden in einer Ebene durch Einsetzen nachweisen";"Analytische Geometrie";"Lagebeziehungen";"Zeigen, dass eine Gerade in einer Ebene liegt, indem ihr allgemeiner Punkt die Koordinatengleichung für alle Parameterwerte erfüllt.";"2023MerhoehtAAGLAA213-a";"neu"
"Windschiefe Lage einer Geraden zu einer Geradenschar nachweisen";"Analytische Geometrie";"Scharen von Geraden und Ebenen";"Nachweisen, dass eine Gerade zu jeder Geraden einer Schar windschief ist: Richtungsvektoren nie kollinear, Schnittgleichungssystem für alle Parameter widersprüchlich.";"2023MerhoehtAAGLAA213-b";"neu"
"Dreieck: Eckpunkt eines gleichschenklig-rechtwinkligen Dreiecks mit Kathete in einer Koordinatenebene ermitteln";"Analytische Geometrie";"Orthogonalität";"Einen Eckpunkt aus Orthogonalität zur gegebenen Kathete, Lage in einer Koordinatenebene und gleicher Kathetenlänge konstruieren.";"2023MerhoehtAAGLAA221";"neu"
"Nichtidentität zweier Geraden über die Richtungsvektoren begründen";"Analytische Geometrie";"Geraden";"Begründen, dass zwei Geraden mit gemeinsamem Punkt nicht identisch sind, weil die Richtungsvektoren nicht kollinear sind.";"2023MerhoehtAAGLAA222-a";"neu"
"Spiegelebene zweier sich schneidender Geraden bestimmen";"Analytische Geometrie";"Spiegelung";"Eine Ebene bestimmen, die eine Gerade auf eine sie schneidende Gerade spiegelt: Summe gleich langer Richtungsvektoren als Normalenvektor, Ebene durch den Schnittpunkt.";"2023MerhoehtAAGLAA222-b";"neu"
"Baumdiagramm mit Abbruchbedingung erstellen";"Stochastik";"Baumdiagramm und Pfadregeln";"Ein Baumdiagramm zeichnen, dessen Pfade unterschiedlich lang sind, weil das Experiment bei einer Bedingung (etwa erreichter Summe) endet.";"2023MerhoehtAStochastik12-a";"neu"
"Gleichung für p aus der Unabhängigkeit zweier Ereignisse im Baumdiagramm aufstellen";"Stochastik";"Unabhängigkeit";"Aus der Unabhängigkeit zweier Ereignisse die Gleichung P_E(G) = P(G) mit den Pfadwahrscheinlichkeiten in p aufstellen.";"2023MerhoehtAStochastik12-b";"neu"
"Ziehen ohne Zurücklegen: Kugelzahl aus einer Wahrscheinlichkeitsbedingung beim Umlegen einer Kugel bestimmen";"Stochastik";"Zufallsexperimente und Urnenmodelle";"Eine unbekannte Kugelzahl bestimmen, indem eine Bedingung an die Behälter auf die Farben der umgelegten Kugeln (ein- oder mehrmaliges Umlegen) zurückgeführt und als Gleichung gelöst wird.";"2023MerhoehtAStochastik13-a";"neu"
"Laplace-Experiment: Wahrscheinlichkeit eines sicheren Ereignisses beim Umlegen einer Kugel begründen";"Stochastik";"Zufallsexperimente und Urnenmodelle";"Begründen, dass ein Ereignis in allen Fällen eintritt, indem beide Ausgänge des Umlegens durchgespielt werden.";"2023MerhoehtAStochastik13-b";"neu"
"Term für die Wahrscheinlichkeit aufstellen, dass jede Zahl mindestens einmal fällt";"Stochastik";"Kombinatorik";"Einen Term für die Wahrscheinlichkeit aufstellen, dass bei n + 1 Würfen eines n-seitigen Zufallsgeräts jede Zahl vorkommt: genau eine Wiederholung, Anordnungen mal Pfadwahrscheinlichkeit.";"2023MerhoehtAStochastik21-b";"neu"
"Wahrscheinlichkeit für mindestens zwei Treffer bei drei Versuchen nachweisen";"Stochastik";"Binomialverteilung";"P(mindestens zwei Treffer) einer Bernoulli-Kette mit n = 3 als Summe der Fälle zwei und drei Treffer nachweisen.";"2023MerhoehtAStochastik22-a";"neu"
"Wahrscheinlichkeit für ein zweistufiges Experiment mit zufälliger Urnenzusammensetzung berechnen";"Stochastik";"Baumdiagramm und Pfadregeln";"Eine Wahrscheinlichkeit berechnen, wenn erst die Urne oder ihre Zusammensetzung zufällig gewählt wird und dann daraus gezogen wird: bedingte Wahrscheinlichkeiten je Fall gewichtet addieren (totale Wahrscheinlichkeit).";"2023MerhoehtAStochastik22-b";"neu"
"Extrempunkte: Gerade durch die Hochpunkte einer Kosinusfunktion begründen";"Analysis";"Funktionsklassen und Eigenschaften";"Begründen, dass alle Hochpunkte einer verschobenen Kosinusfunktion auf einer waagerechten Geraden liegen.";"2022MgrundlegendAAnalysis11-a";"neu"
"Fläche: Fläche zwischen Graph und Hochpunktgerade über eine Periode berechnen";"Analysis";"Flächeninhalt durch Integration";"Den Inhalt der Fläche zwischen einer trigonometrischen Funktion und der Geraden durch ihre Hochpunkte über eine Periode berechnen, durch Integration der Differenz oder über die Symmetrie.";"2022MgrundlegendAAnalysis11-b";"neu"
"Parameter einer Exponentialfunktion aus zwei Punkten des Graphen bestimmen";"Analysis";"Rekonstruktion von Funktionsgleichungen";"Die Parameter a und b von a · b^x aus zwei am Graphen abgelesenen Punkten bestimmen.";"2022MgrundlegendAAnalysis12-a";"neu"
"Transformation: Verschiebung einer Exponentialfunktion als Streckung nachweisen";"Analysis";"Funktionsklassen und Eigenschaften";"Mit dem Potenzgesetz zeigen, dass die Verschiebung des Graphen von b^x in x-Richtung dieselbe Wirkung hat wie eine Streckung in y-Richtung.";"2022MgrundlegendAAnalysis12-b";"neu"
"Transformation: Ableitungswert einer verschobenen Funktion über die Ausgangsfunktion berechnen";"Analysis";"Funktionsklassen und Eigenschaften";"Die Verschiebungen zwischen zwei Graphen am Term ablesen und den Ableitungswert der verschobenen Funktion über die Ableitung der Ausgangsfunktion an der verschobenen Stelle berechnen.";"2022MgrundlegendAAnalysis13";"neu"
"Fläche: Parameter einer Geraden aus dem Flächeninhalt zwischen Graph und Gerade bestimmen";"Analysis";"Flächeninhalt durch Integration";"Den Parameter einer Geraden (Steigung oder Achsenabschnitt) so bestimmen, dass die mit einem Graphen eingeschlossene Fläche einen vorgegebenen Inhalt hat: Grenzen fest oder als Schnittstellen mit Parameter, Integral als Term im Parameter, Gleichung lösen.";"2022MgrundlegendAAnalysis2";"neu"
"Übergangsprozess: Übergangsmatrix aus dem Diagramm unter zwei Darstellungen auswählen und ergänzen";"Analytische Geometrie";"Matrizen und Übergangsprozesse";"Aus zwei vorgelegten Matrizen mit Unbekannten diejenige auswählen, die zum Übergangsdiagramm passt, und die fehlenden Einträge angeben.";"2022MgrundlegendAAGLAA11-a";"neu"
"Übergangsprozess: Eintrag von M² berechnen und Zeile von M² im Sachzusammenhang deuten";"Analytische Geometrie";"Matrizen und Übergangsprozesse";"Einen Eintrag der Matrix M² als Zeile mal Spalte berechnen und eine Zeile von M² als Übergang über zwei Schritte deuten.";"2022MgrundlegendAAGLAA11-b";"neu"
"Matrizenalgebra: Bedingung für eine selbstinverse Matrix mit Parametern herleiten";"Analytische Geometrie";"Matrizen und Übergangsprozesse";"Aus M⁻¹ = M die Bedingung M² = E gewinnen, sie für eine Matrix mit Parametern auswerten und Beispielwerte angeben.";"2022MgrundlegendAAGLAA12";"neu"
"Lage einer Ebene zu einer Koordinatenachse aus der Koordinatengleichung begründen";"Analytische Geometrie";"Ebenen";"Aus einer Koordinatengleichung ohne eine Variable die Lage der Ebene zu dieser Koordinatenachse begründen oder beschreiben (parallel; enthält die Achse, wenn zusätzlich das Absolutglied null ist).";"2022MgrundlegendAAGLAA211-b";"neu"
"Geraden und Ebenen: Parameter für die Orthogonalität zweier Ebenen bestimmen";"Analytische Geometrie";"Orthogonalität";"Den Parameter einer Ebenengleichung so bestimmen, dass die Normalenvektoren zweier Ebenen senkrecht stehen.";"2022MgrundlegendAAGLAA211-c";"neu"
"Ebene Figur: Gleichschenkligkeit eines Dreiecks mit Parameter über die Schenkellängen nachweisen";"Analytische Geometrie";"Punkte und Strecken im Koordinatensystem";"Zeigen, dass ein Dreieck mit einer Parameterkoordinate gleichschenklig ist, indem beide Schenkellängen als gleicher Term berechnet werden.";"2022MgrundlegendAAGLAA212-a";"neu"
"Ebene Figur: Parameter einer Ecke aus dem Flächeninhalt eines gleichschenkligen Dreiecks bestimmen";"Analytische Geometrie";"Flächeninhalt und Volumen im Raum";"Die Parameterkoordinate der Spitze eines gleichschenkligen Dreiecks aus dem vorgegebenen Flächeninhalt bestimmen, mit der Höhe vom Mittelpunkt der Basis.";"2022MgrundlegendAAGLAA212-b";"neu"
"Nichtidentität zweier paralleler Geraden über den Verbindungsvektor begründen";"Analytische Geometrie";"Geraden";"Zeigen, dass zwei parallele Geraden nicht identisch sind, weil der Verbindungsvektor der Stützpunkte kein Vielfaches des Richtungsvektors ist.";"2022MgrundlegendAAGLAA213-a";"neu"
"Parallele Gerade durch einen Teilpunkt einer Strecke bestimmen";"Analytische Geometrie";"Geraden";"Die Gleichung einer zu gegebenen Geraden parallelen Geraden aufstellen, die eine Strecke in einem durch ein Teilverhältnis festgelegten Punkt schneidet.";"2022MgrundlegendAAGLAA213-b";"neu"
"Ebene Figur: Eckpunkt eines Quadrats in einer Ebene aus zwei benachbarten Ecken berechnen";"Analytische Geometrie";"Punkte und Strecken im Koordinatensystem";"Einen weiteren Eckpunkt eines Quadrats berechnen, wenn zwei benachbarte Ecken und die Ebene des Quadrats gegeben sind: Seitenrichtung aus zwei Orthogonalitäten, Länge anpassen.";"2022MgrundlegendAAGLAA22";"neu"
"Laplace-Experiment: Ergebnisse eines zusammengesetzten Experiments zu einem Zahlenwert aufzählen";"Stochastik";"Zufallsexperimente und Urnenmodelle";"Alle Ergebnisse eines aus mehreren Zufallsgeräten zusammengesetzten Experiments angeben, die nach einer Rechenregel einen vorgegebenen Wert liefern.";"2022MgrundlegendAStochastik11-a";"neu"
"Laplace-Experiment: Wahrscheinlichkeit durch Abzählen günstiger Ergebnisse berechnen";"Stochastik";"Zufallsexperimente und Urnenmodelle";"Die Wahrscheinlichkeit eines Ereignisses als Anzahl der günstigen durch Anzahl aller gleich wahrscheinlichen Ergebnisse berechnen.";"2022MgrundlegendAStochastik11-b";"neu"
"Bedingte Wahrscheinlichkeit aus Anteil und Schnittanteil berechnen";"Stochastik";"Bedingte Wahrscheinlichkeit und Bayes";"Eine bedingte Wahrscheinlichkeit als Quotient aus dem Anteil des Schnitts und dem Anteil der Bedingung berechnen; die Anteile können im Text oder in einer Vierfeldertafel stehen.";"2022MgrundlegendAStochastik12-a";"neu"
"Anteil für genau eines von zwei Ereignissen aus Anteilen und Schnitt berechnen";"Stochastik";"Ereignisse und Mengenoperationen";"Den Anteil des ausschließenden Oders zweier Ereignisse aus den Einzelanteilen und dem Schnittanteil berechnen.";"2022MgrundlegendAStochastik12-b";"neu"
"Wahrscheinlichkeitsverteilung über ein unmögliches Ergebnis vervollständigen";"Stochastik";"Zufallsgrößen und Verteilungen";"Fehlende Wahrscheinlichkeiten einer Verteilung bestimmen, indem ein Wert der Zufallsgröße als unmöglich erkannt und der Rest über die Summe 1 ergänzt wird.";"2022MgrundlegendAStochastik13-b";"neu"
"Laplace-Experiment: Sektorwinkel eines Glücksrads aus der Maximierung einer Wahrscheinlichkeit ermitteln";"Stochastik";"Zufallsexperimente und Urnenmodelle";"Die Wahrscheinlichkeit eines Ereignisses als Term in der unbekannten Sektorwahrscheinlichkeit aufstellen, das Maximum bestimmen und in einen Mittelpunktswinkel umrechnen.";"2022MgrundlegendAStochastik2";"neu"
"Integral über f aus dem Graphen der Stammfunktion bestimmen";"Analysis";"Stammfunktion und Hauptsatz";"Ein bestimmtes Integral über f mit dem Hauptsatz aus abgelesenen Werten des abgebildeten Graphen einer Stammfunktion berechnen.";"2022MerhoehtAAnalysis11-a";"neu"
"Funktionswert von f als Tangentensteigung am Graphen der Stammfunktion bestimmen";"Analysis";"Stammfunktion und Hauptsatz";"Einen Funktionswert von f als Steigung der Tangente an den abgebildeten Graphen der Stammfunktion ablesen und das Vorgehen einzeichnen.";"2022MerhoehtAAnalysis11-b";"neu"
"Scharparameter für eine vorgegebene Wendestelle berechnen";"Analysis";"Funktionsscharen und Ortskurven";"Den Parameter einer Schar so berechnen, dass eine vorgegebene Stelle Wendestelle ist (zweite Ableitung mit Parameter gleich null).";"2022MerhoehtAAnalysis12-b";"neu"
"Graph der Schar zu einem Parameterwert in die Abbildung skizzieren";"Analysis";"Funktionsscharen und Ortskurven";"Den Graphen eines Scharmitglieds zu einem vorgegebenen Parameterwert in eine Abbildung mit anderen Scharmitgliedern skizzieren.";"2022MerhoehtAAnalysis13-a";"neu"
"Existenz von Scharparametern mit beliebig vielen Schnittstellen begründen";"Analysis";"Funktionsscharen und Ortskurven";"Begründen, dass es Parameterwerte gibt, für die eine Schar einen periodischen Graphen beliebig oft schneidet (Stauchung für kleine Parameter).";"2022MerhoehtAAnalysis13-b";"neu"
"Quadratische Funktion aus senkrechtem Schnitt mit einer Geraden und einer Extrempunktbedingung ermitteln";"Analysis";"Rekonstruktion von Funktionsgleichungen";"Die Gleichung einer quadratischen Funktion aus einem Punkt, der Orthogonalität zu einer Geraden dort und einer Bedingung an die Koordinaten des Extrempunkts ermitteln.";"2022MerhoehtAAnalysis2";"neu"
"Übergangsprozess: Matrixeintrag im Sachzusammenhang deuten";"Analytische Geometrie";"Matrizen und Übergangsprozesse";"Einen Eintrag der Übergangsmatrix oder eine Zahl des Übergangsdiagramms als Anteil oder Faktor eines Übergangs zwischen zwei Zuständen deuten.";"2022MerhoehtAAGLAA111-a";"neu"
"Übergangsprozess: Unbekannte Anzahl aus einer Bedingung an den Folgezustand berechnen";"Analytische Geometrie";"Matrizen und Übergangsprozesse";"Eine unbekannte Komponente des Startvektors aus einer Bedingung an eine Komponente des Folgevektors über eine Zeile des Matrix-Vektor-Produkts berechnen.";"2022MerhoehtAAGLAA111-b";"neu"
"Übergangsprozess: Matrix bei geänderter Reihenfolge der Zustände angeben";"Analytische Geometrie";"Matrizen und Übergangsprozesse";"Die Übergangsmatrix für eine andere Reihenfolge der Zustände im Vektor angeben (Zeilen und Spalten gleich umsortieren).";"2022MerhoehtAAGLAA111-c";"neu"
"Matrizenalgebra: Faktor aus M² als Vielfachem der Einheitsmatrix ermitteln";"Analytische Geometrie";"Matrizen und Übergangsprozesse";"M² berechnen und den Faktor a mit M² = a · E ablesen.";"2022MerhoehtAAGLAA112-a";"neu"
"Matrizenalgebra: Erhalt der Spaltensumme unter einer stochastischen Matrix allgemein nachweisen";"Analytische Geometrie";"Matrizen und Übergangsprozesse";"Mit allgemeiner Matrix zeigen, dass eine stochastische Matrix die Komponentensumme eines Vektors erhält oder dass ihr Quadrat wieder stochastisch ist (Spaltensummen über a + c = 1, b + d = 1).";"2022MerhoehtAAGLAA12-b";"neu"
"Gerade in einer Ebene parallel zu einer Geraden mit kleinstem Abstand bestimmen";"Analytische Geometrie";"Abstände";"Zu einer Geraden parallel zur Ebene die Gerade in der Ebene bestimmen, die parallel ist und den kleinsten Abstand hat: durch den Lotfußpunkt eines Punktes der Geraden.";"2022MerhoehtAAGLAA211-b";"neu"
"Spiegelebene aus Punkt und Spiegelpunkt bestimmen";"Analytische Geometrie";"Spiegelung";"Die Koordinatengleichung der Spiegelebene aus einem Punkt und seinem Spiegelpunkt aufstellen: Verbindungsvektor als Normalenvektor, Mittelpunkt in der Ebene.";"2022MerhoehtAAGLAA212-a";"neu"
"Punkt auf der Spiegelachse mit vorgegebenem Abstandsverhältnis zur Spiegelebene bestimmen";"Analytische Geometrie";"Spiegelung";"Einen Punkt auf der Geraden durch Punkt und Spiegelpunkt bestimmen, dessen Abstand zur Spiegelebene in einem vorgegebenen Verhältnis zum Abstand des Punktes steht.";"2022MerhoehtAAGLAA212-b";"neu"
"Geraden und Ebenen: Mittelsenkrechte einer Strecke parallel zu einer Koordinatenebene bestimmen";"Analytische Geometrie";"Orthogonalität";"Die Gleichung der Mittelsenkrechten einer Strecke aufstellen, deren Richtungsvektor parallel zu einer Koordinatenebene und senkrecht zur Strecke ist.";"2022MerhoehtAAGLAA213";"neu"
"Dreieck: Streckenverhältnis am Lot im Quadrat über ähnliche Dreiecke begründen";"Analytische Geometrie";"Orthogonalität";"Ein Streckenverhältnis am Lotfußpunkt in einer Quadratfigur ohne Koordinaten über die Ähnlichkeit rechtwinkliger Dreiecke begründen.";"2022MerhoehtAAGLAA221-a";"neu"
"Vektorterm für einen Punkt aus Lotfußpunkt, Abstand und Richtungsvektor angeben";"Analytische Geometrie";"Vektoren und Rechenoperationen";"Den Ortsvektor eines Punktes als Lotfußpunkt plus Abstand mal Einheitsvektor einer gegebenen Richtung angeben.";"2022MerhoehtAAGLAA221-b";"neu"
"Gemeinsame Gerade aller Ebenen einer Schar aus der Abbildung begründen";"Analytische Geometrie";"Scharen von Geraden und Ebenen";"Begründen, dass alle Ebenen einer Schar eine abgebildete Gerade enthalten, indem zwei abgelesene Punkte der Geraden die Schargleichung für jeden Parameter erfüllen.";"2022MerhoehtAAGLAA222-a";"neu"
"Darstellung einer Ebene im Schrägbild als Gerade beurteilen";"Analytische Geometrie";"Ebenen";"Beurteilen, ob eine Ebene im Schrägbild mit einer Geraden zusammenfällt, indem ein weiterer Punkt der Ebene projiziert wird.";"2022MerhoehtAAGLAA222-b";"neu"
"Verteilungen zweier Zufallsgrößen den Säulendiagrammen zuordnen";"Stochastik";"Zufallsgrößen und Verteilungen";"Zwei beschriebene Zufallsgrößen den passenden Säulendiagrammen zuordnen und die Zuordnung über Symmetrie und Verhältnisse einzelner Wahrscheinlichkeiten begründen.";"2022MerhoehtAStochastik11-b";"neu"
"Wahrscheinlichkeit für das Erreichen eines Feldes über die Pfadregel berechnen";"Stochastik";"Baumdiagramm und Pfadregeln";"Die Wahrscheinlichkeit berechnen, ein Feld eines Spielfelds zu erreichen, wenn nur ein Pfad von Zügen dorthin führt.";"2022MerhoehtAStochastik12-a";"neu"
"Wahrscheinlichkeit außerhalb eines symmetrischen Intervalls über die Symmetrie der Normalverteilung berechnen";"Stochastik";"Normalverteilung und Sigma-Regeln";"Aus der Wahrscheinlichkeit eines um den Erwartungswert symmetrischen Intervalls die Wahrscheinlichkeit einer Seite außerhalb über die Symmetrie berechnen.";"2022MerhoehtAStochastik13-a";"neu"
"Dichtefunktion mit gleichem Erwartungswert und größerer Standardabweichung skizzieren";"Stochastik";"Normalverteilung und Sigma-Regeln";"In die Abbildung einer Dichtefunktion eine zweite mit gleichem Erwartungswert und größerer Standardabweichung skizzieren (breiter und niedriger).";"2022MerhoehtAStochastik13-b";"neu"
"Kugelzahl für den größten Erwartungswert der Auszahlung ermitteln";"Stochastik";"Kenngrößen von Verteilungen";"Die vom Spieler wählbare Kugelzahl bestimmen, die den Erwartungswert der Auszahlung maximiert, wenn die Kugelzahl Wahrscheinlichkeit und Auszahlung zugleich bestimmt.";"2022MerhoehtAStochastik21";"neu"
"Term für das Gegenereignis einer festen Häufigkeitsverteilung bei mehreren Würfen angeben";"Stochastik";"Kombinatorik";"Einen Term für die Wahrscheinlichkeit angeben, dass eine vorgegebene Häufigkeitsverteilung der Ergebnisse nicht eintritt: Gegenereignis mit Anordnungen als Produkt von Binomialkoeffizienten.";"2022MerhoehtAStochastik22-b";"neu"
"Integralwert: Vorgehen zur grafischen Bestimmung eines Integrals beschreiben";"Analysis";"Flächeninhalt durch Integration";"Beschreiben, wie ein bestimmtes Integral aus dem Graphen bestimmt werden kann (Kästchen zählen, Kästchenfläche, Vorzeichen), ohne es auszuführen.";"2021MgrundlegendAAnalysis11-b";"neu"
"Nullstellen und Werte: Unpassende Graphen zu einem Funktionsterm ausschließen";"Analysis";"Funktionsklassen und Eigenschaften";"Unter vorgelegten Graphen die ausschließen, die nicht zum Term passen, über einen Funktionswert oder die Nichtkonstanz der Steigung.";"2021MgrundlegendAAnalysis12-a";"neu"
"Bestimmtes Integral einer trigonometrischen Funktion über eine Periode berechnen";"Analysis";"Stammfunktion und Hauptsatz";"Ein bestimmtes Integral über sin oder cos plus Konstante über eine volle Periode berechnen (der trigonometrische Anteil liefert null).";"2021MgrundlegendAAnalysis13-a";"neu"
"Transformation: Funktionsterm nach Streckung in x-Richtung und Verschiebung angeben";"Analysis";"Funktionsklassen und Eigenschaften";"Den Term der Funktion angeben, deren Graph durch Streckung in x-Richtung und Verschiebung in y-Richtung aus einem gegebenen Graphen entsteht.";"2021MgrundlegendAAnalysis13-b";"neu"
"Verflechtung: Verflechtungsmatrix aus dem Diagramm angeben";"Analytische Geometrie";"Matrizen und Übergangsprozesse";"Die Matrix einer Produktionsstufe aus den Bedarfsangaben eines Verflechtungsdiagramms angeben.";"2021MgrundlegendAAGLAA111-a";"neu"
"Verflechtung: Produktionsmengen aus dem Rohstoffverbrauch über ein Gleichungssystem ermitteln";"Analytische Geometrie";"Matrizen und Übergangsprozesse";"Die hergestellten Mengen der Endprodukte aus dem Rohstoffverbrauch über die Matrix-Vektor-Gleichung als lineares Gleichungssystem ermitteln.";"2021MgrundlegendAAGLAA111-b";"neu"
"Lage eines Punktes zu einem Vektorterm im Quader beschreiben";"Analytische Geometrie";"Vektoren und Rechenoperationen";"Die Lage des Punktes beschreiben, dessen Ortsvektor als Term aus den Ortsvektoren der Ecken eines Quaders gegeben ist (Mittelpunkt einer Strecke, Flächenmitte).";"2021MgrundlegendAAGLAA12-a";"neu"
"Punkt zu einem Vektorterm in das Schrägbild einzeichnen";"Analytische Geometrie";"Vektoren und Rechenoperationen";"Den Punkt mit einem als Vektorterm gegebenen Ortsvektor in das Schrägbild eines Körpers einzeichnen.";"2021MgrundlegendAAGLAA12-b";"neu"
"Abhängigkeit eines Skalarprodukts nur von der Seitenlänge allgemein begründen";"Analytische Geometrie";"Skalarprodukt und Winkel";"Ohne Koordinaten begründen, dass ein Skalarprodukt aus Ortsvektoren eines Körpers nur von einer Abmessung abhängt: ausmultiplizieren, Orthogonalität nutzen, Betrag deuten.";"2021MgrundlegendAAGLAA12-c";"neu"
"Lösungsmenge eines Gleichungssystems mit zwei Variablen als Gerade zeichnen und eine Lösung angeben";"Analytische Geometrie";"Lineare Gleichungssysteme";"Die unendlich vielen Lösungen eines Gleichungssystems mit zwei Variablen als Gerade darstellen und eine Lösung zu einem vorgegebenen Wert angeben.";"2021MgrundlegendAAGLAA211-a";"neu"
"Koeffizienten für ein unlösbares Gleichungssystem angeben und begründen";"Analytische Geometrie";"Lineare Gleichungssysteme";"Koeffizienten einer Gleichung so wählen, dass das Gleichungssystem keine Lösung hat (gleiche linke Seite bis auf einen Faktor, andere rechte Seite), und den Widerspruch zeigen.";"2021MgrundlegendAAGLAA211-b";"neu"
"Bayes-Term im Sachzusammenhang deuten";"Stochastik";"Bedingte Wahrscheinlichkeit und Bayes";"Einen Quotienten aus Pfadwahrscheinlichkeiten als bedingte Wahrscheinlichkeit im Sachzusammenhang deuten (Zähler ein Pfad, Nenner die Summe der Pfade zum Ereignis).";"2021MgrundlegendAStochastik11-b";"neu"
"Unpassende Säulendiagramme zu einer Binomialverteilung begründet ausschließen";"Stochastik";"Binomialverteilung";"Für vorgelegte Säulendiagramme begründen, dass sie nicht die Verteilung einer beschriebenen binomialverteilten Zufallsgröße zeigen (Lage des Maximums, Summe 1, Wertebereich).";"2021MgrundlegendAStochastik12-b";"neu"
"Tangentensteigung in einem Punkt über die Ableitung nachweisen";"Analysis";"Tangente, Normale, Schnittwinkel";"Die Steigung der Tangente in einem Punkt des Graphen über den Ableitungswert nachweisen.";"2021MerhoehtAAnalysis11-a";"neu"
"Fläche: Fläche zwischen Graph und zwei Tangenten berechnen";"Analysis";"Flächeninhalt durch Integration";"Den Inhalt der Fläche zwischen einem Graphen und zwei sich schneidenden Tangenten berechnen: Tangentengleichungen, Schnittpunkt, Integrale der Differenzen (auch über Symmetrie).";"2021MerhoehtAAnalysis11-b";"neu"
"Ableitung mit Parameter in faktorisierter Form nachweisen";"Analysis";"Ableitungsregeln";"Eine vorgegebene faktorisierte Ableitung einer ganzrationalen Funktion mit Parameter durch Ableiten und Ausklammern nachweisen.";"2021MerhoehtAAnalysis12-a";"neu"
"Scharparameter aus der y-Koordinate der Tiefpunkte ermitteln";"Analysis";"Funktionsscharen und Ortskurven";"Den Parameter einer Schar aus der vorgegebenen y-Koordinate der Extrempunkte ermitteln: Extremstellen mit Parameter, Funktionswert gleichsetzen.";"2021MerhoehtAAnalysis12-b";"neu"
"Ableitung eines Produkts mit e-Funktion in vorgegebener Form nachweisen";"Analysis";"Ableitungsregeln";"Eine vorgegebene erste oder zweite Ableitung eines Produkts aus Potenz oder Polynom und e-Funktion mit Produkt- und Kettenregel nachweisen und in die vorgegebene Form bringen.";"2021MerhoehtAAnalysis13-a";"neu"
"Zeitpunkt der größten Rate aus der Ableitung angeben";"Analysis";"Ableitung und Änderungsrate";"Den Zeitpunkt der größten Rate im Sachzusammenhang als Nullstelle der gegebenen Ableitung angeben.";"2021MerhoehtAAnalysis13-b";"neu"
"Term für einen Bestand aus einer Rate über ein Integral angeben";"Analysis";"Rekonstruktion von Beständen";"Einen Term für die in einem Zeitraum angefallene Menge als Integral über die Rate angeben, mit Grenzen aus dem Zeitraum und Umrechnung der Einheit.";"2021MerhoehtAAnalysis13-c";"neu"
"Symmetrie: Weiteren Extrempunkt aus der Symmetrie des Graphen angeben";"Analysis";"Funktionsklassen und Eigenschaften";"Aus einem bekannten Extrempunkt und der Achsen- oder Punktsymmetrie des Graphen einen weiteren Extrempunkt mit seiner Art angeben.";"2021MerhoehtAAnalysis21-a";"neu"
"Symmetrie: Symmetrie eines Produkts symmetrischer Funktionen allgemein nachweisen";"Analysis";"Funktionsklassen und Eigenschaften";"Ohne Terme nachweisen, welche Symmetrie ein aus achsen- und punktsymmetrischen Funktionen gebildetes Produkt hat (h(−x) umformen).";"2021MerhoehtAAnalysis21-b";"neu"
"Tangentensteigung aus dem Graphen der Ableitung ablesen";"Analysis";"Ableitungsgraph und Funktionsgraph";"Die Steigung der Tangente an einer Stelle als Wert des abgebildeten Ableitungsgraphen ablesen.";"2021MerhoehtAAnalysis22-a";"neu"
"Nullstelle der Tangente an einen gestreckten Graphen als parameterunabhängig nachweisen";"Analysis";"Tangente, Normale, Schnittwinkel";"Für eine in y-Richtung gestreckte Schar die Tangente in einem Punkt mit Parameter aufstellen und zeigen, dass ihre Nullstelle nicht vom Streckfaktor abhängt.";"2021MerhoehtAAnalysis22-b";"neu"
"Matrizenalgebra: Parameter für gleiche Spur von Matrix und Inverser bestimmen";"Analytische Geometrie";"Matrizen und Übergangsprozesse";"Die Inverse einer Parametermatrix über M · X = E bestimmen und den Parameter so wählen, dass Matrix und Inverse dieselbe Spur haben.";"2021MerhoehtAAGLAA111";"neu"
"Parallelität einer Geraden zu einer Koordinatenachse über die Koordinaten begründen";"Analytische Geometrie";"Geraden";"Begründen, dass die Gerade durch zwei Punkte parallel zu einer Koordinatenachse ist, weil die beiden anderen Koordinaten übereinstimmen.";"2021MerhoehtAAGLAA112-a";"neu"
"Dreieck: Punkte auf einer Koordinatenachse mit rechtem Winkel zu zwei Punkten bestimmen";"Analytische Geometrie";"Orthogonalität";"Alle Punkte einer Koordinatenachse bestimmen, von denen aus zwei gegebene Punkte unter einem rechten Winkel erscheinen (Skalarprodukt mit Parameter, quadratische Gleichung).";"2021MerhoehtAAGLAA112-b";"neu"
"Verflechtung: Rohstoffmenge aus den übrigen Rohstoffen über die Gesamtmatrix bestimmen";"Analytische Geometrie";"Matrizen und Übergangsprozesse";"Aus zwei bekannten Rohstoffverbräuchen die Produktionsmengen und daraus den dritten Verbrauch über die Gesamtmatrix bestimmen.";"2021MerhoehtAAGLAA113-a";"neu"
"Verflechtung: Unbekannte Bedarfe im Diagramm aus der Gesamtmatrix bestimmen";"Analytische Geometrie";"Matrizen und Übergangsprozesse";"Unbekannte Einträge eines Verflechtungsdiagramms aus der gegebenen Gesamtmatrix über die Wege durch die Zwischenstufe bestimmen.";"2021MerhoehtAAGLAA113-b";"neu"
"Ebene Figur: Parallelogramm über gleiche Verbindungsvektoren nachweisen";"Analytische Geometrie";"Punkte und Strecken im Koordinatensystem";"Nachweisen, dass vier Punkte ein Parallelogramm bilden, weil zwei gegenüberliegende Verbindungsvektoren gleich sind.";"2021MerhoehtAAGLAA121-a";"neu"
"Dreieck: Teilverhältnis eines Punktes auf einer Strecke aus einem rechten Winkel ermitteln";"Analytische Geometrie";"Orthogonalität";"Den Punkt einer Strecke mit Parameter ansetzen, aus einem rechten Winkel den Parameter bestimmen und in ein Teilverhältnis übersetzen.";"2021MerhoehtAAGLAA121-b";"neu"
"Spiegelpunkt an einer Ebene über die Lotgerade bestimmen";"Analytische Geometrie";"Spiegelung";"Den Spiegelpunkt eines Punktes an einer Ebene bestimmen: Lotgerade mit dem Normalenvektor, Schnitt mit der Ebene, Parameter verdoppeln.";"2021MerhoehtAAGLAA211-b";"neu"
"Scharparameter für Orthogonalität von Gerade und Ebene bestimmen";"Analytische Geometrie";"Scharen von Geraden und Ebenen";"Den Parameter einer Geradenschar so bestimmen, dass der Richtungsvektor kollinear zum Normalenvektor einer Ebene ist.";"2021MerhoehtAAGLAA213-a";"neu"
"Existenz eines Scharparameters für eine Gerade in der Ebene untersuchen";"Analytische Geometrie";"Scharen von Geraden und Ebenen";"Untersuchen, ob eine Gerade der Schar in einer Ebene liegt: Stützpunkt in der Ebene, Richtungsvektor senkrecht zum Normalenvektor als Gleichung im Parameter.";"2021MerhoehtAAGLAA213-b";"neu"
"Vierfeldertafel mit Parameter vervollständigen und einen Parameterwert ausschließen";"Stochastik";"Vierfeldertafel";"Eine Vierfeldertafel mit Einträgen in einem Parameter vervollständigen und einen Parameterwert über eine negative Wahrscheinlichkeit ausschließen.";"2021MerhoehtAStochastik11-a";"neu"
"Parameter für die Unabhängigkeit zweier Ereignisse aus der Vierfeldertafel ermitteln";"Stochastik";"Unabhängigkeit";"Den Parameter einer Vierfeldertafel so ermitteln, dass die Produktformel P(A) · P(B) = P(A∩B) gilt.";"2021MerhoehtAStochastik11-b";"neu"
"Standardabweichung einer Binomialverteilung aus n und Erwartungswert berechnen";"Stochastik";"Kenngrößen von Verteilungen";"Aus n und dem Erwartungswert p bestimmen und daraus die Standardabweichung berechnen.";"2021MerhoehtAStochastik12-a";"neu"
"Wahrscheinlichkeit eines symmetrischen Intervalls über die Symmetrie der Binomialverteilung berechnen";"Stochastik";"Binomialverteilung";"Für p = 0,5 die Wahrscheinlichkeit eines um den Erwartungswert symmetrischen Intervalls aus einer Randwahrscheinlichkeit über die Symmetrie berechnen.";"2021MerhoehtAStochastik12-b";"neu"
"Wahrscheinlichkeit p aus der Summe 1 im Diagramm nachweisen";"Stochastik";"Zufallsgrößen und Verteilungen";"Den Wert eines Parameters p nachweisen, mit dem die Säulenhöhen einer Verteilung angegeben sind, über die Summe 1.";"2021MerhoehtAStochastik13-a";"neu"
"Laplace-Experiment: Urnenmodell zu einer vorgegebenen Verteilung beschreiben";"Stochastik";"Zufallsexperimente und Urnenmodelle";"Ein Urnenexperiment mit farbigen Kugeln beschreiben, das eine vorgegebene Wahrscheinlichkeitsverteilung erzeugt (Kugelzahlen im Verhältnis der Wahrscheinlichkeiten, Zuordnung der Werte).";"2021MerhoehtAStochastik13-c";"neu"
"Laplace-Experiment: Kugelzahl aus zwei Wahrscheinlichkeitsbedingungen vor und nach einem Austausch ermitteln";"Stochastik";"Zufallsexperimente und Urnenmodelle";"Die Kugelzahl eines Behälters aus Anteilsangaben vor und nach dem Austausch von Kugeln ermitteln (Pfadwahrscheinlichkeit als Quadrat des Anteils, Bruchgleichung).";"2021MerhoehtAStochastik21-b";"neu"
"Erwartungswertgleichung für einen Glücksradparameter aus den Spielregeln herleiten";"Stochastik";"Kenngrößen von Verteilungen";"Aus Spielregeln mit unbekannter Sektorwahrscheinlichkeit die Auszahlungsfälle und ihre Wahrscheinlichkeiten bestimmen und die Gleichung Erwartungswert gleich Einsatz aufstellen.";"2021MerhoehtAStochastik22";"neu"
"Berührung des Graphen mit der x-Achse über die Extrempunkte begründen";"Analysis";"Kurvenuntersuchung";"Begründen, dass die x-Achse den Graphen in genau einem Punkt berührt: Berühren nur in einem Extrempunkt mit Funktionswert null, Funktionswerte der Extremstellen prüfen.";"2020MgrundlegendAAnalysis11-b";"neu"
"Quadratische Funktion aus Ursprung und Tangentengleichung bestimmen";"Analysis";"Rekonstruktion von Funktionsgleichungen";"Den Term einer quadratischen Funktion aus einem Punkt und einer Tangentengleichung (Funktionswert und Steigung an der Berührstelle) über ein Gleichungssystem bestimmen.";"2020MgrundlegendAAnalysis12";"neu"
"Matrizenalgebra: Matrix-Vektor-Produkt berechnen";"Analytische Geometrie";"Matrizen und Übergangsprozesse";"Das Produkt einer Matrix mit einem Vektor berechnen.";"2020MgrundlegendAAGLAA111-a";"neu"
"Matrizenalgebra: Inverse einer Vertauschungsmatrix angeben";"Analytische Geometrie";"Matrizen und Übergangsprozesse";"Die Inverse einer Vertauschungsmatrix angeben, die die Vertauschung rückgängig macht (Transponierte).";"2020MgrundlegendAAGLAA111-b";"neu"
"Matrizenalgebra: Aufbau von Vertauschungsmatrizen mit vorgegebener Wirkung beschreiben";"Analytische Geometrie";"Matrizen und Übergangsprozesse";"Beschreiben, wie Vertauschungsmatrizen mit einer vorgegebenen Wirkung auf einen Vektor aufgebaut sind (Lage der Einsen relativ zur Diagonale).";"2020MgrundlegendAAGLAA111-c";"neu"
"Matrizenalgebra: Inverse Matrix über A · B = E bestimmen";"Analytische Geometrie";"Matrizen und Übergangsprozesse";"Die Einträge der inversen Matrix über A · B = E bestimmen – Platzhalter einer vorgegebenen Form (auch über Kehrwerte) oder alle Einträge über das Gleichungssystem aus dem Produkt.";"2020MgrundlegendAAGLAA112-a";"neu"
"Matrizenalgebra: Ganzzahlige Einträge einer Matrix aus ihrem Quadrat bestimmen";"Analytische Geometrie";"Matrizen und Übergangsprozesse";"Alle ganzzahligen Einträge einer Matrix mit Platzhaltern aus dem vorgegebenen Quadrat der Matrix bestimmen: Produktgleichungen, Ganzzahligkeit als Fallunterscheidung.";"2020MgrundlegendAAGLAA12";"neu"
"Parallele Ebene mit vorgegebenem Volumenverhältnis eines Prismas ermitteln";"Analytische Geometrie";"Ebenen";"Die zur Grundfläche parallele Ebene ermitteln, die ein gerades Prisma in einem vorgegebenen Volumenverhältnis teilt (Höhenverhältnis, Punkt auf der Kante, Koordinatenform).";"2020MgrundlegendAAGLAA211-b";"neu"
"Körper: Volumen einer Pyramide über einem rechtwinkligen Dreieck mit Pythagoras berechnen";"Analytische Geometrie";"Flächeninhalt und Volumen im Raum";"Das Volumen einer Pyramide aus Seitenlängen ohne Koordinaten berechnen: fehlende Kathete mit Pythagoras, Grundfläche, Volumenformel.";"2020MgrundlegendAAGLAA212-a";"neu"
"Körper: Koordinaten der Eckpunkte eines beschriebenen Körpers wählen";"Analytische Geometrie";"Punkte und Strecken im Koordinatensystem";"Für einen nur durch Längen und rechte Winkel beschriebenen Körper passende Koordinaten der Eckpunkte angeben (rechte Winkel auf die Achsen legen).";"2020MgrundlegendAAGLAA212-b";"neu"
"Anteil aus Anteilen und bedingten Anteilen über die Vierfeldertafel berechnen";"Stochastik";"Vierfeldertafel";"Einen Anteil an der Gesamtheit aus gegebenen absoluten und bedingten Anteilen berechnen (Vierfeldertafel oder Baum).";"2020MgrundlegendAStochastik12-a";"neu"
"Einzelwahrscheinlichkeit einer Binomialverteilung aus n und Erwartungswert berechnen";"Stochastik";"Binomialverteilung";"Aus n und dem Erwartungswert p bestimmen und damit eine Einzelwahrscheinlichkeit berechnen.";"2020MgrundlegendAStochastik2-a";"neu"
"Flächeninhaltsterm eines Dreiecks unter dem Graphen begründen";"Analysis";"Extremalprobleme";"Den Term für den Flächeninhalt eines Dreiecks mit einer Ecke auf dem Graphen aus Grundseite und Höhe in Abhängigkeit vom Parameter begründen.";"2020MerhoehtAAnalysis11-a";"neu"
"Parameter für den größten Flächeninhalt über die Ableitung bestimmen";"Analysis";"Extremalprobleme";"Den Parameterwert bestimmen, für den eine vorgegebene Flächeninhaltsfunktion maximal wird (Ableitung, Nullstelle mit Einschränkung des Parameters).";"2020MerhoehtAAnalysis11-b";"neu"
"Tangente mit vorgegebener Steigung außerhalb eines Punktes angeben";"Analysis";"Tangente, Normale, Schnittwinkel";"Eine Tangente mit vorgegebener Steigung angeben, deren Berührpunkt nicht ein genannter Punkt ist (Stellen mit f' gleich Steigung, Tangentengleichung).";"2020MerhoehtAAnalysis12-b";"neu"
"Hochpunkt einer Schar mit Parameterfaktor bestimmen";"Analysis";"Funktionsscharen und Ortskurven";"Die x-Koordinate des Hochpunkts einer Schar bestimmen, deren Parameter ein Vorfaktor ist (Ableitung faktorisieren, Vorzeichenwechsel).";"2020MerhoehtAAnalysis13-a";"neu"
"Parameterunabhängigkeit der Fläche zwischen zwei Scharkurven nachweisen";"Analysis";"Funktionsscharen und Ortskurven";"Zeigen, dass die von zwei benachbarten Scharkurven eingeschlossene Fläche nicht vom Parameter abhängt (Differenz und Schnittstellen ohne Parameter).";"2020MerhoehtAAnalysis13-b";"neu"
"Stammfunktion durch Ableiten nachweisen";"Analysis";"Stammfunktion und Hauptsatz";"Zeigen, dass eine vorgegebene Funktion Stammfunktion ist, indem ihre Ableitung gebildet wird.";"2020MerhoehtAAnalysis21-a";"neu"
"Vorzeichen der Stammfunktionen einer Schar durch Fallunterscheidung untersuchen";"Analysis";"Funktionsscharen und Ortskurven";"Mit Skizzen untersuchen, für welche Parameterwerte es Stammfunktionen mit nur negativen (oder nur positiven) Werten gibt: allgemeine Stammfunktion mit Konstante, Fallunterscheidung nach dem Vorzeichen.";"2020MerhoehtAAnalysis21-b";"neu"
"Tangente an eine Verkettung aus zwei abgebildeten Graphen über die Kettenregel bestimmen";"Analysis";"Ableitungsregeln";"Die Tangente an den Graphen einer Verkettung g(f(x)) an einer Stelle bestimmen, wenn nur die Graphen von f und g abgebildet sind (Kettenregel mit abgelesenen Werten, Extremstelle als Nullstelle der Ableitung).";"2020MerhoehtAAnalysis22";"neu"
"Übergangsprozess: Unbekannte der Übergangsmatrix und des Bestands aus einem stationären Vektor bestimmen";"Analytische Geometrie";"Matrizen und Übergangsprozesse";"Aus der Bedingung M · v = v mit teilweise bekanntem Vektor v unbekannte Einträge der Übergangsmatrix und fehlende Komponenten des Bestands bestimmen (Gleichungssystem).";"2020MerhoehtAAGLAA11-b";"neu"
"Körper: Punkt auf dem Rand der Grundfläche eines Zylinders nachweisen";"Analytische Geometrie";"Punkte und Strecken im Koordinatensystem";"Nachweisen, dass ein Punkt auf dem Rand der Grundfläche eines Zylinders liegt: in der Grundebene und im Abstand des Radius vom Mittelpunkt.";"2020MerhoehtAAGLAA211-a";"neu"
"Nächsten und fernsten Punkt des Deckflächenrands eines Zylinders zu einem Randpunkt der Grundfläche bestimmen";"Analytische Geometrie";"Abstände";"Zu einem Punkt auf dem Grundflächenrand eines geraden Zylinders den nächsten (senkrecht darüber) und den fernsten (diametral gegenüber) Punkt des Deckflächenrands bestimmen.";"2020MerhoehtAAGLAA211-b";"neu"
"Gerade und Ebene: Schattenpunkt auf einer Wand als Schnitt von Lichtstrahl und Ebene untersuchen";"Analytische Geometrie";"Lagebeziehungen";"Den Schatten eines Punktes bei einer Punktlichtquelle als Schnittpunkt der Geraden Lichtquelle–Punkt mit einer Wandebene berechnen und prüfen, ob er innerhalb der Wandmaße liegt.";"2020MerhoehtAAGLAA212";"neu"
"Punkt und Ebene: Parameterwerte für gemeinsame Punkte einer Pyramidenschar mit einer Ebene untersuchen";"Analytische Geometrie";"Lagebeziehungen";"Untersuchen, für welche Parameterwerte eine Pyramide mit parameterabhängigen Ecken eine feste Ebene trifft: Spurgerade in der Grundebene, Lage der Ecken zur Ebene, Fallunterscheidung.";"2020MerhoehtAAGLAA22-b";"neu"
"Obere Grenze einer im Diagramm markierten kumulierten Wahrscheinlichkeit über den Erwartungswert ermitteln";"Stochastik";"Binomialverteilung";"Den Wert k ermitteln, bis zu dem Säulen einer Binomialverteilung ohne Achsenwerte markiert sind, wenn die Markierung an der höchsten Säule endet (Erwartungswert n · p).";"2020MerhoehtAStochastik11-b";"neu"
"Bedingung an p für das Verhältnis zweier symmetrisch liegender Einzelwahrscheinlichkeiten angeben";"Stochastik";"Binomialverteilung";"Angeben, für welche p eine Einzelwahrscheinlichkeit größer ist als die zu n/2 symmetrisch liegende (Symmetrie bei p = 0,5, Verschiebung des Maximums).";"2020MerhoehtAStochastik11-c";"neu"
"Wahrscheinlichkeit für mindestens oder höchstens einmal bei zwei Stufen über das Gegenereignis berechnen";"Stochastik";"Baumdiagramm und Pfadregeln";"In einem zweistufigen Experiment die Wahrscheinlichkeit für mindestens einmal oder höchstens einmal über das Gegenereignis (kein Treffer bzw. zweimal Treffer) berechnen oder nachweisen; die Stufen können eine Weiche haben.";"2020MerhoehtAStochastik12-a";"neu"
"Wahrscheinlichkeit einer vorgegebenen Augensumme bei zwei Würfen über Pfade berechnen";"Stochastik";"Baumdiagramm und Pfadregeln";"Die Wahrscheinlichkeit einer bestimmten Augensumme bei zwei Würfen eines unregelmäßig beschrifteten Würfels über die passenden Pfade berechnen.";"2020MerhoehtAStochastik13-a";"neu"
"Ziehen ohne Zurücklegen: Kugelzahl aus dem Vergleich der zweiten Zugwahrscheinlichkeit mit und ohne Zurücklegen berechnen";"Stochastik";"Zufallsexperimente und Urnenmodelle";"Die Kugelzahl bestimmen, wenn das Verhältnis der Wahrscheinlichkeiten für den zweiten Zug mit und ohne Zurücklegen vorgegeben ist (Terme in w, Bruchgleichung).";"2020MerhoehtAStochastik21-b";"neu"
"Faktoren eines kombinatorischen Terms im Sachzusammenhang deuten";"Stochastik";"Kombinatorik";"Die Faktoren eines Anzahlterms (Binomialkoeffizient, Anzahl der Aufteilungen) im Sachzusammenhang deuten.";"2020MerhoehtAStochastik22-a";"neu"
"Anzahl der Zusammensetzungen mit Mengenbedingungen je Sorte bestimmen";"Stochastik";"Kombinatorik";"Die Anzahl der Möglichkeiten bestimmen, eine feste Gesamtzahl auf Sorten mit Unter- und Obergrenzen aufzuteilen: zulässige Zerlegungen finden, Zuordnungen zählen.";"2020MerhoehtAStochastik22-b";"neu"
"Schnittstellen zweier Graphen durch Lösen einer quadratischen Gleichung nachweisen";"Analysis";"Gleichungen lösen";"Zeigen, dass zwei Graphen genau die genannten Schnittstellen haben, indem die Gleichsetzung auf eine quadratische Gleichung führt (höchstens zwei Lösungen, Werte einsetzen oder lösen).";"2019MgrundlegendAAnalysis11-a";"neu"
"Stellen mit vorgegebenem Funktionswert durch Ausklammern berechnen";"Analysis";"Gleichungen lösen";"Die Stellen bestimmen, an denen eine ganzrationale Funktion einen vorgegebenen Wert annimmt (Gleichung f(x) = c, Ausklammern, Satz vom Nullprodukt).";"2019MgrundlegendAAnalysis12-a";"neu"
"Kleinste Tangentensteigung über das Minimum der Ableitung bestimmen";"Analysis";"Ableitung und Änderungsrate";"Die kleinste (oder größte) Steigung aller Tangenten an einen Graphen bestimmen, indem die Ableitung als Funktion untersucht und ihr Extremwert ermittelt wird.";"2019MgrundlegendAAnalysis12-b";"neu"
"Gleichschenkligkeit des Dreiecks aus Tangente und Koordinatenachsen allgemein begründen";"Analysis";"Tangente, Normale, Schnittwinkel";"Für alle Tangenten einer beschriebenen Familie begründen, dass das mit den Koordinatenachsen gebildete Dreieck gleichschenklig ist (Steigung ±1 nachweisen, gleiche Achsenabschnitte folgern).";"2019MgrundlegendAAnalysis2-b";"neu"
"Übergangsprozess: Übergangsgleichung mit Matrix aus dem Diagramm aufstellen und Variablen deuten";"Analytische Geometrie";"Matrizen und Übergangsprozesse";"Zu einem Übergangsdiagramm die Gleichung v_{n+1} = M · v_n mit der Übergangsmatrix aufstellen und die Bedeutung aller Variablen im Sachzusammenhang angeben.";"2019MgrundlegendAAGLAA11-a";"neu"
"Übergangsprozess: Anteil nach zwei Übergängen aus dem Diagramm berechnen";"Analytische Geometrie";"Matrizen und Übergangsprozesse";"Den Anteil in einem Zustand nach zwei Schritten aus einer Startverteilung berechnen (Pfade im Übergangsdiagramm addieren oder M² anwenden).";"2019MgrundlegendAAGLAA11-b";"neu"
"Matrizenalgebra: Quadrat einer Matrix mit Parameter berechnen";"Analytische Geometrie";"Matrizen und Übergangsprozesse";"Das Produkt M · M für eine Matrix mit einem Parameter in den Einträgen ausrechnen und angeben.";"2019MgrundlegendAAGLAA12-a";"neu"
"Übergangsprozess: Langfristige Entwicklung aus M³ als Vielfachem der Einheitsmatrix durch Fallunterscheidung beschreiben";"Analytische Geometrie";"Matrizen und Übergangsprozesse";"Eine Gleichung M^n = c · E im Sachzusammenhang deuten (alle Anzahlen ändern sich je n Schritte mit dem Faktor c) und die langfristige Entwicklung nach dem Parameter unterscheiden (c < 1, c = 1, c > 1).";"2019MgrundlegendAAGLAA12-b";"neu"
"Untere Schranke für den Abstand zweier Punkte mit einer unbekannten Koordinate nachweisen";"Analytische Geometrie";"Abstände";"Zeigen, dass der Abstand zweier Punkte, von denen einer eine unbekannte Koordinate hat, einen Wert nicht unterschreitet (Abstandsterm aufstellen, nichtnegatives Quadrat abschätzen).";"2019MgrundlegendAAGLAA211-b";"neu"
"Dreieck: Nichtrechtwinkligkeit in einem Eckpunkt über das Skalarprodukt nachweisen";"Analytische Geometrie";"Orthogonalität";"Zeigen, dass ein Dreieck in einem Eckpunkt keinen rechten Winkel hat, indem das Skalarprodukt der Schenkelvektoren als ungleich null nachgewiesen wird.";"2019MgrundlegendAAGLAA212-a";"neu"
"Körper: Höhe eines Prismas aus dem Mantelflächeninhalt bestimmen";"Analytische Geometrie";"Flächeninhalt und Volumen im Raum";"Die Höhe eines geraden Prismas aus dem Inhalt der Mantelfläche bestimmen (Seitenlängen der Grundfläche über Beträge, Mantel gleich Umfang mal Höhe).";"2019MgrundlegendAAGLAA212-b";"neu"
"Punkt auf einer Geraden mit vorgegebenem Abstand zum Aufpunkt bestimmen";"Analytische Geometrie";"Geraden";"Einen Punkt der Geraden bestimmen, der vom Aufpunkt einen vorgegebenen Abstand hat (Betrag des Richtungsvektors, passendes Vielfaches ansetzen).";"2019MgrundlegendAAGLAA22-a";"neu"
"Punkte mit gleichem Abstand zu drei Eckpunkten eines rechtwinkligen Dreiecks über den Thaleskreis ermitteln";"Analytische Geometrie";"Abstände";"Punkte mit gleichem Abstand zu drei gegebenen Punkten ermitteln, wenn diese ein rechtwinkliges Dreieck bilden (Mittelpunkt der Hypotenuse als Umkreismittelpunkt, weitere Punkte auf dem Lot zur Dreiecksebene).";"2019MgrundlegendAAGLAA22-b";"neu"
"Ziehen ohne Zurücklegen: Anzahl einer Sorte aus der Wahrscheinlichkeit für zwei verschiedene Sorten bestimmen";"Stochastik";"Zufallsexperimente und Urnenmodelle";"Die unbekannte Anzahl einer Sorte in einer kleinen Gesamtheit aus der vorgegebenen Wahrscheinlichkeit bestimmen, beim zweimaligen Ziehen ohne Zurücklegen je eines von zwei Sorten zu erhalten (zwei Pfade, quadratische Gleichung).";"2019MgrundlegendAStochastik2-b";"neu"
"Fläche: Fläche zwischen Graph, x-Achse und waagerechter Gerade aus Rechteck und Integral berechnen";"Analysis";"Flächeninhalt durch Integration";"Den Inhalt einer von Graph, x-Achse und einer waagerechten Geraden begrenzten Fläche berechnen, indem sie in ein Rechteck und Flächenstücke unter dem Graphen zerlegt wird (Symmetrie, Betrag des Integrals).";"2019MerhoehtAAnalysis11-b";"neu"
"Fehlende Extrempunkte über eine positive Ableitung begründen";"Analysis";"Kurvenuntersuchung";"Begründen, dass der Graph keinen Extrempunkt hat, weil die Ableitung (etwa als e-Funktion) überall positiv ist.";"2019MerhoehtAAnalysis2-a";"neu"
"Wendepunkt über den Vorzeichenwechsel der zweiten Ableitung aus der Kettenregel am Graphen nachweisen";"Analysis";"Kurvenuntersuchung";"Für eine Funktion mit f' = e^g die zweite Ableitung mit der Kettenregel bilden und aus dem am Graphen von g ablesbaren Vorzeichenwechsel von g' einen Wendepunkt von f nachweisen.";"2019MerhoehtAAnalysis2-b";"neu"
"Übergangsprozess: Langfristige Verteilung aus dem Übergangsdiagramm beschreiben";"Analytische Geometrie";"Matrizen und Übergangsprozesse";"Aus einem Übergangsdiagramm (etwa mit absorbierendem Zustand) beschreiben, wie sich die Verteilung auf lange Sicht entwickelt, ohne zu rechnen.";"2019MerhoehtAAGLAA11-a";"neu"
"Übergangsprozess: Kleinsten Zeitpunkt für das Unterschreiten eines Anteils aus dem Matrixterm bestimmen";"Analytische Geometrie";"Matrizen und Übergangsprozesse";"Aus dem Term M · v den Faktor je Schritt für einen Anteil ablesen und den kleinsten Zeitpunkt bestimmen, zu dem der Anteil eine vorgegebene Schranke unterschreitet (Potenzen vergleichen).";"2019MerhoehtAAGLAA11-b";"neu"
"Matrizenalgebra: Orthogonalität einer Matrix über das Produkt mit der Transponierten nachweisen";"Analytische Geometrie";"Matrizen und Übergangsprozesse";"Mit den im Text definierten Begriffen transponierte Matrix und orthogonale Matrix nachweisen, dass eine gegebene Matrix orthogonal ist (M^T · M = E ausrechnen).";"2019MerhoehtAAGLAA12-a";"neu"
"Matrizenalgebra: Hohe Potenz einer Vertauschungsmatrix über das Quadrat gleich Einheitsmatrix bestimmen";"Analytische Geometrie";"Matrizen und Übergangsprozesse";"Eine hohe Potenz einer Matrix mit M² = E auf M oder E zurückführen und eine Eigenschaft (etwa Orthogonalität) der Potenz untersuchen.";"2019MerhoehtAAGLAA12-b";"neu"
"Schnittpunkt von Gerade und Ebene berechnen";"Analytische Geometrie";"Schnittmengen";"Den Schnittpunkt einer Geraden in Parameterform mit einer Ebene in Koordinatenform berechnen (Einsetzen, Parameter bestimmen, Punkt angeben).";"2019MerhoehtAAGLAA21-a";"neu"
"Punkt und Ebene: Punkt der Ebene mit drei gleichen Koordinaten bestimmen";"Analytische Geometrie";"Lagebeziehungen";"Den Punkt einer Ebene bestimmen, dessen Koordinaten übereinstimmen (x1 = x2 = x3 = a in die Koordinatengleichung einsetzen).";"2019MerhoehtAAGLAA22-a";"neu"
"Gerade und Ebene: Existenz unendlich vieler Ebenen ohne Punkt mit drei gleichen Koordinaten begründen";"Analytische Geometrie";"Lagebeziehungen";"Begründen, dass es unendlich viele Ebenen ohne Punkt mit übereinstimmenden Koordinaten gibt: die Punktmenge als Gerade durch den Ursprung erkennen, echt parallele Ebenen angeben.";"2019MerhoehtAAGLAA22-b";"neu"
"Einzelwahrscheinlichkeit aus dem Diagramm kumulierter Wahrscheinlichkeiten ermitteln";"Stochastik";"Binomialverteilung";"In einem Diagramm kumulierter Wahrscheinlichkeiten P(X ≤ k) den fehlenden letzten Wert 1 eintragen und eine Einzelwahrscheinlichkeit als Differenz benachbarter kumulierter Werte ablesen.";"2019MerhoehtAStochastik11-a";"neu"
"Trefferwahrscheinlichkeit aus einer Gleichung zweier Einzelwahrscheinlichkeiten berechnen";"Stochastik";"Binomialverteilung";"Bei bekanntem n den Wert von p aus einer vorgegebenen Gleichung zwischen zwei Einzelwahrscheinlichkeiten berechnen (Bernoulli-Terme, Kürzen, lineare Gleichung).";"2019MerhoehtAStochastik11-b";"neu"
"Pfadwahrscheinlichkeit einer vorgegebenen Ergebnisfolge als Produkt berechnen";"Stochastik";"Baumdiagramm und Pfadregeln";"Die Wahrscheinlichkeit einer in fester Reihenfolge vorgegebenen Folge von Ergebnissen als Produkt der Einzelwahrscheinlichkeiten berechnen, etwa erster Treffer erst beim k-ten Versuch.";"2019MerhoehtAStochastik12-a";"neu"
"Ziehen ohne Zurücklegen: Mögliche Anzahlen nach dem Umlegen zweier Kugeln angeben";"Stochastik";"Zufallsexperimente und Urnenmodelle";"Alle möglichen Anzahlen einer Farbe in einer Urne angeben, nachdem eine Kugel in eine andere Urne und eine von dort zurückgelegt wurde (Fälle nach den Farben der umgelegten Kugeln).";"2019MerhoehtAStochastik2-a";"neu"
"Transformation: Graph einer gestreckten und verschobenen Potenzfunktion skizzieren";"Analysis";"Funktionsklassen und Eigenschaften";"Den Graphen einer Funktion wie a/x^n + c ohne vorgegebenes Koordinatensystem skizzieren (Pol, Asymptote, Symmetrie aus dem Term erkennen).";"2018MgrundlegendAAnalysis11-a";"neu"
"Transformation: Wertebereich einer gestreckten und verschobenen Sinusfunktion angeben";"Analysis";"Funktionsklassen und Eigenschaften";"Den Wertebereich einer Funktion a + b · sin x aus dem Wertebereich [−1; 1] der Sinusfunktion über Streckung und Verschiebung angeben.";"2018MgrundlegendAAnalysis12-b";"neu"
"Zunahme eines Bestands aus dem Vorzeichen der Rate begründen";"Analysis";"Rekonstruktion von Beständen";"Begründen, dass ein Bestand in einem Zeitraum durchgehend zunimmt, weil die als Term gegebene Rate dort positiv ist (Rate als Ableitung des Bestands, Vorzeichen über Nullstellen).";"2018MgrundlegendAAnalysis2-a";"neu"
"Gleichung für den Zeitpunkt eines Bestandswerts über ein Integral der Rate angeben";"Analysis";"Rekonstruktion von Beständen";"Eine Gleichung mit Integral und variabler oberer Grenze angeben, aus der sich der Zeitpunkt berechnen lässt, zu dem ein Bestand einen vorgegebenen Wert erreicht (Anfangsbestand plus Integral der Rate).";"2018MgrundlegendAAnalysis2-b";"neu"
"Matrizenalgebra: Mögliche Formate einer Matrix aus der Bildbarkeit eines Produkts beschreiben";"Analytische Geometrie";"Matrizen und Übergangsprozesse";"Aus der Angabe, welche Produkte mit einer Matrix bildbar sind und welche nicht, alle möglichen Zeilen- und Spaltenzahlen der Matrix beschreiben.";"2018MgrundlegendAAGLAA111-b";"neu"
"Übergangsprozess: Quadrat der Übergangsmatrix berechnen und M² · v als Zustand nach zwei Schritten deuten";"Analytische Geometrie";"Matrizen und Übergangsprozesse";"Das Quadrat einer Übergangsmatrix ausrechnen und den Term M² · v als Zusammensetzung nach zwei Schritten im Sachzusammenhang beschreiben.";"2018MgrundlegendAAGLAA112-b";"neu"
"Übergangsprozess: Potenz der Übergangsmatrix gleich Einheitsmatrix als Zyklus deuten";"Analytische Geometrie";"Matrizen und Übergangsprozesse";"Eine Gleichung M^n = E im Sachzusammenhang deuten: die Zusammensetzung wiederholt sich nach n Schritten.";"2018MgrundlegendAAGLAA112-c";"neu"
"Matrizenalgebra: Parameter aus der Gültigkeit der binomischen Formel für zwei Matrizen bestimmen";"Analytische Geometrie";"Matrizen und Übergangsprozesse";"Den Parameterwert bestimmen, für den (A + B)² = A² + 2AB + B² gilt, indem (A + B)² als Produkt ausgerechnet und eintragsweise mit dem vorgegebenen Term verglichen wird.";"2018MgrundlegendAAGLAA12-a";"neu"
"Matrizenalgebra: Quadrat einer Summe zweier Matrizen mit C · D = −D · C vereinfachen";"Analytische Geometrie";"Matrizen und Übergangsprozesse";"(C + D)² für Matrizen mit C · D = −D · C als Summe ausmultiplizieren (ohne Kommutativität) und mit der Voraussetzung zu C² + D² vereinfachen.";"2018MgrundlegendAAGLAA12-b";"neu"
"Punkt: Länge einer Strecke aus einer Vektorbeziehung der Ortsvektoren berechnen";"Analytische Geometrie";"Punkte und Strecken im Koordinatensystem";"Die Länge einer Strecke berechnen, wenn ein Endpunkt nur über eine Beziehung der Ortsvektoren (etwa OC = 2 · OA) gegeben ist.";"2018MgrundlegendAAGLAA211-a";"neu"
"Eindeutigkeit einer Ebene durch vier Punkte über die Kollinearität dreier Punkte begründen";"Analytische Geometrie";"Ebenen";"Begründen, dass genau eine Ebene vier gegebene Punkte enthält, wenn drei davon auf einer Geraden liegen und der vierte nicht (Vielfachheit der Ortsvektoren prüfen).";"2018MgrundlegendAAGLAA211-b";"neu"
"Körper: Parallelität der Grundfläche einer Pyramide zu einer Koordinatenebene begründen und Höhe angeben";"Analytische Geometrie";"Punkte und Strecken im Koordinatensystem";"Aus übereinstimmenden dritten Koordinaten der Grundflächenecken die Parallelität zur Koordinatenebene begründen und die Höhe als Koordinatendifferenz zur Spitze angeben.";"2018MgrundlegendAAGLAA212-a";"neu"
"Körper: Lage des Höhenfußpunkts einer Pyramide über die Projektion in die Grundflächenebene entscheiden";"Analytische Geometrie";"Punkte und Strecken im Koordinatensystem";"Grundfläche und Spitze einer Pyramide mit achsenparalleler Höhe in die Grundflächenebene projizieren, in eine Abbildung eintragen und ablesen, ob der Höhenfußpunkt innerhalb der Grundfläche liegt.";"2018MgrundlegendAAGLAA212-b";"neu"
"Ziehen ohne Zurücklegen: Wahrscheinlichkeit für spätestens den dritten Zug über das Gegenereignis berechnen";"Stochastik";"Zufallsexperimente und Urnenmodelle";"Die Wahrscheinlichkeit, dass ein Merkmal spätestens beim dritten Zug ohne Zurücklegen auftritt, über das Gegenereignis (drei Züge ohne das Merkmal) berechnen.";"2018MgrundlegendAStochastik11-b";"neu"
"Mögliche Werte einer Auszahlung aus zweistufigen Spielregeln nachweisen";"Stochastik";"Zufallsgrößen und Verteilungen";"Alle möglichen Werte einer Auszahlung nachweisen, indem alle Ergebnisfolgen eines zweistufigen Spiels nach den Regeln durchgerechnet werden.";"2018MgrundlegendAStochastik12-a";"neu"
"Fehlenden Schnittpunkt zweier Graphen über eine unlösbare Gleichung begründen";"Analysis";"Gleichungen lösen";"Begründen, dass zwei Graphen keinen gemeinsamen Punkt haben, weil die Gleichsetzung auf eine unlösbare Gleichung führt (etwa e^x = −1).";"2018MerhoehtAAnalysis11-a";"neu"
"Anzahl der Schnittpunkte von Geraden durch den Wendepunkt mit dem Graphen nach der Steigung unterscheiden";"Analysis";"Kurvenuntersuchung";"Für Geraden durch den Wendepunkt einer kubischen Funktion die Anzahl der Schnittpunkte mit dem Graphen nach der Steigung angeben (Wendetangente als Grenzfall).";"2018MerhoehtAAnalysis12-b";"neu"
"Symmetrie: Höhe einer waagerechten Sekante aus dem Abstand ihrer Schnittpunkte über die Symmetrie bestimmen";"Analysis";"Funktionsklassen und Eigenschaften";"Die Höhe einer waagerechten Geraden bestimmen, deren Schnittpunkte mit einem achsensymmetrischen Graphen einen vorgegebenen Abstand haben (Schnittstellen ±d/2, Funktionswert).";"2018MerhoehtAAnalysis2-a";"neu"
"Berührpunkt der Tangente mit gleichschenkligem Achsendreieck über die Steigung −1 berechnen";"Analysis";"Tangente, Normale, Schnittwinkel";"Den Punkt bestimmen, in dem die Tangente mit den Koordinatenachsen ein gleichschenkliges Dreieck bildet (Gleichschenkligkeit als Steigung ±1 deuten, f'(u) = ∓1 lösen).";"2018MerhoehtAAnalysis2-b";"neu"
"Übergangsprozess: Übergangsdiagramm aus der Übergangstabelle zeichnen";"Analytische Geometrie";"Matrizen und Übergangsprozesse";"Aus einer Von-nach-Tabelle oder der Übergangsmatrix das Übergangsdiagramm mit Schleifen und Pfeilen zeichnen.";"2018MerhoehtAAGLAA111-a";"neu"
"Übergangsprozess: Monotone Entwicklung der Anteile aus der Übergangstabelle begründen";"Analytische Geometrie";"Matrizen und Übergangsprozesse";"Begründen, dass ein Anteil mit jedem Schritt kleiner und der andere größer wird, weil Übergänge nur in eine Richtung stattfinden (absorbierender Zustand).";"2018MerhoehtAAGLAA111-b";"neu"
"Übergangsprozess: Stationäre Verteilung bei absorbierendem Zustand angeben";"Analytische Geometrie";"Matrizen und Übergangsprozesse";"Eine Verteilung mit M · v = v angeben, wenn ein Zustand absorbierend ist (alles in diesem Zustand).";"2018MerhoehtAAGLAA111-c";"neu"
"Übergangsprozess: Quadrat der Übergangsmatrix aus dem Diagramm berechnen";"Analytische Geometrie";"Matrizen und Übergangsprozesse";"Die Übergangsmatrix aus dem Diagramm ablesen und ihr Quadrat ausrechnen.";"2018MerhoehtAAGLAA112-a";"neu"
"Übergangsprozess: Rückrechnung eines Verteilungsvektors über die Inverse von M² beschreiben";"Analytische Geometrie";"Matrizen und Übergangsprozesse";"Beschreiben, wie aus dem Verteilungsvektor zwei Schritte später der frühere Vektor bestimmt wird (inverse Matrix von M² anwenden).";"2018MerhoehtAAGLAA112-b";"neu"
"Matrizenalgebra: Abbildungsmatrix als Spiegelung an einer Koordinatenachse deuten";"Analytische Geometrie";"Matrizen und Übergangsprozesse";"Den Bildpunkt einer durch eine 2×2-Matrix gegebenen Abbildung allgemein berechnen und die Abbildung als Spiegelung an einer Koordinatenachse begründen.";"2018MerhoehtAAGLAA12-a";"neu"
"Matrizenalgebra: Abbildungsmatrix aus einer geometrischen Bedingung an den Bildpunkt bestimmen";"Analytische Geometrie";"Matrizen und Übergangsprozesse";"Die 2×2-Matrix bestimmen, die einen Punkt auf einen durch eine geometrische Bedingung (Spiegelung, Mittelpunkt, Streckung) beschriebenen Bildpunkt abbildet.";"2018MerhoehtAAGLAA12-b";"neu"
"Spiegelgerade einer Geraden an einer Ebene aus Fixpunkt und bekanntem Spiegelpunkt angeben";"Analytische Geometrie";"Spiegelung";"Die Gleichung des Spiegelbilds einer Geraden an einer Ebene angeben, wenn ihr Schnittpunkt mit der Ebene und der Spiegelpunkt eines weiteren Geradenpunkts bekannt sind.";"2018MerhoehtAAGLAA211-c";"neu"
"Koordinatengleichung einer Ebene aus Punkten oder Geraden bestimmen";"Analytische Geometrie";"Ebenen";"Die Koordinatengleichung einer Ebene bestimmen, die durch drei Punkte oder durch zwei sich schneidende Geraden gegeben ist: Normalenvektor aus zwei Richtungsvektoren (Skalarprodukte oder Ansatz mit Einsetzen), Konstante aus einem Punkt.";"2018MerhoehtAAGLAA212-b";"neu"
"Lage einer Figur in einer Koordinatenebene aus Eckpunkt und orthogonaler Geraden begründen";"Analytische Geometrie";"Ebenen";"Begründen, dass eine ebene Figur in einer Koordinatenebene liegt, wenn ein Eckpunkt darin liegt und eine zur Figurenebene orthogonale Gerade achsenparallel ist.";"2018MerhoehtAAGLAA22-a";"neu"
"Ebene Figur: Benachbarte Ecke eines Quadrats über den Diagonalenschnittpunkt als Spurpunkt nachweisen";"Analytische Geometrie";"Punkte und Strecken im Koordinatensystem";"Nachweisen, dass ein Punkt eine zu einer gegebenen Ecke benachbarte Ecke eines Quadrats ist: Diagonalenschnittpunkt als Spurpunkt einer Geraden bestimmen, gleiche Länge und Orthogonalität der Halbdiagonalen zeigen (schließt den gegenüberliegenden Eckpunkt aus).";"2018MerhoehtAAGLAA22-b";"neu"
"Parameter n aus Erwartungswert und Symmetrie einer Binomialverteilung ermitteln";"Stochastik";"Kenngrößen von Verteilungen";"Aus der Symmetrie einer Binomialverteilung p = 0,5 folgern und n aus dem Erwartungswert n · p berechnen.";"2018MerhoehtAStochastik11-b";"neu"
"Wahrscheinlichkeitsverteilung der Augensumme in einer Tabelle vervollständigen";"Stochastik";"Zufallsgrößen und Verteilungen";"Fehlende Wahrscheinlichkeiten in der Tabelle der Verteilung einer Summe aus zwei Laplace-Versuchen durch Abzählen der Paare ergänzen.";"2018MerhoehtAStochastik12-a";"neu"
"Stochastische Unabhängigkeit zweier Ereignisse über die Produktregel untersuchen";"Stochastik";"Unabhängigkeit";"Prüfen, ob zwei Ereignisse stochastisch unabhängig sind: über P(A ∩ B) = P(A) · P(B) oder gleichwertig über den Vergleich einer bedingten mit der unbedingten Wahrscheinlichkeit.";"2018MerhoehtAStochastik12-b";"neu"
"Erwartungswert aus einer Verteilung mit fehlender Wahrscheinlichkeit berechnen";"Stochastik";"Kenngrößen von Verteilungen";"Die fehlende Wahrscheinlichkeit einer Verteilung über die Summe 1 ergänzen und den Erwartungswert berechnen.";"2018MerhoehtAStochastik2-a";"neu"
"Wertebereich des Erwartungswerts aus Ungleichungen für die Wahrscheinlichkeiten bestimmen";"Stochastik";"Kenngrößen von Verteilungen";"Alle möglichen Erwartungswerte einer Zufallsgröße bestimmen, wenn für die Wahrscheinlichkeiten nur Ungleichungen vorliegen (Erwartungswert als Term in einer Wahrscheinlichkeit, Schranken einsetzen).";"2018MerhoehtAStochastik2-b";"neu"
"Monotonie über das Vorzeichen der Ableitung am Term nachweisen";"Analysis";"Kurvenuntersuchung";"Zeigen, dass ein Graph auf ganz IR monoton ist, indem die Ableitung gebildet und ihr Vorzeichen am Term begründet wird (etwa als Quadrat).";"2026MgrundlegendBAnalysisWTR1-1a";"neu"
"Tangentengleichung und Schnittwinkel der Tangente mit der x-Achse bestimmen";"Analysis";"Tangente, Normale, Schnittwinkel";"Die Tangente in einem Punkt aufstellen (Steigung aus der Ableitung, Achsenabschnitt gegeben oder berechnet) und ihren Schnittwinkel mit der x-Achse über tan α = m bestimmen.";"2026MgrundlegendBAnalysisWTR1-1c";"neu"
"Integralwert: Integral über die Summe aus ungerader Funktion und Konstante ohne Stammfunktion begründen";"Analysis";"Flächeninhalt durch Integration";"Ein Integral über ein zu 0 symmetrisches Intervall ohne Stammfunktion begründen: der ungerade Anteil liefert null (Punktsymmetrie), der konstante Anteil ein Rechteck.";"2026MgrundlegendBAnalysisWTR1-1e";"neu"
"Mittelpunkt eines den Graphen berührenden Kreises über die Normale im Berührpunkt bestimmen";"Analysis";"Tangente, Normale, Schnittwinkel";"Für einen Kreis, der einen Graphen in einem gegebenen Punkt berührt und dessen Mittelpunkt auf einer Achse liegt, den Mittelpunkt als Schnitt der Normalen im Berührpunkt mit der Achse berechnen.";"2026MgrundlegendBAnalysisWTR1-1f";"neu"
"Nullstellen und Werte: Funktionswert im Sachzusammenhang berechnen";"Analysis";"Funktionsklassen und Eigenschaften";"Den Wert einer Modellfunktion an einer Stelle berechnen oder angeben und mit Einheit im Sachzusammenhang nennen.";"2026MgrundlegendBAnalysisWTR1-2a";"neu"
"Transformation: Periode einer Kosinusfunktion im Sachzusammenhang deuten und Stelle stärkster Zunahme am Graphen angeben";"Analysis";"Funktionsklassen und Eigenschaften";"Aus dem Faktor im Argument einer trigonometrischen Modellfunktion die Periode bestimmen, sie als Zyklusdauer deuten (etwa Zyklen je Minute) und die Stelle größter Zunahme am Graphen (steigende Wendestelle) angeben.";"2026MgrundlegendBAnalysisWTR1-2b";"neu"
"Differenz und Differenzenquotient im Sachzusammenhang deuten";"Analysis";"Ableitung und Änderungsrate";"Eine Differenz f(b) − f(a) als absolute Änderung und den Differenzenquotienten als mittlere Änderungsrate mit Einheiten im Sachzusammenhang beschreiben.";"2026MgrundlegendBAnalysisWTR1-2c";"neu"
"Nullstellen und Werte: Nullstellenfreiheit und Wertemenge einer e-Funktion aus dem Term begründen";"Analysis";"Funktionsklassen und Eigenschaften";"Am Term begründen, dass eine Funktion (etwa a · e^x + c oder eine Summe stets positiver Bestandteile) keine Nullstelle hat, und, wenn verlangt, ihre Wertemenge angeben.";"2026MgrundlegendBAnalysisWTR2-1a";"neu"
"Flächeninhalt oder Umfang des Dreiecks aus Tangente und Koordinatenachsen berechnen";"Analysis";"Tangente, Normale, Schnittwinkel";"Die Tangente in einem Punkt aufstellen, ihre Achsenabschnitte bestimmen und daraus den Flächeninhalt oder den Umfang (Satz des Pythagoras) des von Tangente und Koordinatenachsen begrenzten Dreiecks berechnen; welches Maß, steht in der Zeile.";"2026MgrundlegendBAnalysisWTR2-1c";"neu"
"Fläche: Flächeninhalt zwischen Graph und waagerechter Gerade als Term in der Grenze nachweisen";"Analysis";"Flächeninhalt durch Integration";"Nachweisen, dass der Inhalt der Fläche zwischen Graph, waagerechter Gerade und einer variablen senkrechten Grenze durch einen vorgegebenen Term in der Grenze beschrieben wird (Integral der Differenz).";"2026MgrundlegendBAnalysisWTR2-1d";"neu"
"Fläche: Senkrechte Gerade zur Halbierung einer Fläche über den Flächenterm bestimmen";"Analysis";"Flächeninhalt durch Integration";"Die senkrechte Gerade x = a bestimmen, die eine Fläche halbiert, indem der Flächenterm in der Grenze gleich der halben Gesamtfläche gesetzt wird (Exponentialgleichung, Logarithmus).";"2026MgrundlegendBAnalysisWTR2-1e";"neu"
"Mittlere und momentane Änderungsrate im Sachzusammenhang vergleichen";"Analysis";"Ableitung und Änderungsrate";"Die mittlere Änderungsrate über ein Intervall und die momentane Änderungsrate am Intervallende berechnen und ihre relative Abweichung mit einer Schranke vergleichen.";"2026MgrundlegendBAnalysisWTR2-2b";"neu"
"Proportionalität zwischen Bestand und Änderungsrate im Sachzusammenhang nachweisen";"Analysis";"Ableitung und Änderungsrate";"Eine als Sachaussage formulierte Beziehung f(x) − c = k · f'(x) für eine Exponentialfunktion nachweisen, indem beide Terme verglichen werden.";"2026MgrundlegendBAnalysisWTR2-2c";"neu"
"Übergangsprozess: Term mit Matrixpotenz und Zugang im Sachzusammenhang auswählen und deuten";"Analytische Geometrie";"Matrizen und Übergangsprozesse";"Unter Termen wie P · (P · v + z), P · P · (v + z), P · P · v + z den auswählen, der eine Zugabe zu einem bestimmten Zeitpunkt beschreibt, und die anderen im Sachzusammenhang deuten.";"2026MgrundlegendBAGLAA1WTR-1c";"neu"
"Übergangsprozess: Exponentielles Wachstum aus einem Eigenvektor begründen und Kurve zuordnen";"Analytische Geometrie";"Matrizen und Übergangsprozesse";"Aus P · v0 = r · v0 mit r > 1 die Beziehung v_n = r^n · v0 herleiten, das exponentielle Wachstum einer Komponente begründen und unter abgebildeten Kurven die passende angeben.";"2026MgrundlegendBAGLAA1WTR-1e";"neu"
"Ebene Figur: Lage eines Dreiecks parallel zu einer Koordinatenebene und symmetrisch zu einer anderen begründen";"Analytische Geometrie";"Punkte und Strecken im Koordinatensystem";"Aus den Koordinaten der Eckpunkte begründen, dass ein Dreieck parallel zu einer Koordinatenebene liegt (gleiche Koordinate) und symmetrisch zu einer anderen ist (Vorzeichenwechsel einer Koordinate).";"2026MgrundlegendBAGLAA2WTR1-1a";"neu"
"Körper: Volumen eines geraden Prismas über einem Dreieck nachweisen";"Analytische Geometrie";"Flächeninhalt und Volumen im Raum";"Das Volumen eines geraden Prismas mit dreieckiger Grundfläche als Dreiecksfläche mal Kantenlänge nachweisen.";"2026MgrundlegendBAGLAA2WTR1-1b";"neu"
"Körper: Füllvolumen eines gedrehten Behälters am Graphen ergänzen und Grenzwinkel deuten";"Analytische Geometrie";"Flächeninhalt und Volumen im Raum";"Für einen als Körper modellierten, teilweise gefüllten Behälter, der um eine Kante gedreht wird, den Graphen Füllvolumen gegen Drehwinkel im konstanten Anfangsbereich ergänzen und den Winkel deuten, ab dem der Inhalt ausläuft.";"2026MgrundlegendBAGLAA2WTR1-1d";"neu"
"Winkel zwischen einer Seitenfläche und der Horizontalen als Grenzwinkel im Sachzusammenhang bestimmen";"Analytische Geometrie";"Skalarprodukt und Winkel";"Den Drehwinkel bestimmen, bei dem eine Seitenfläche eines Körpers waagerecht liegt, als Winkel zwischen der Ebene der Seitenfläche und einer Koordinatenebene über die Normalenvektoren, mit Erläuterung des Ansatzes.";"2026MgrundlegendBAGLAA2WTR1-1e";"neu"
"Ebene Figur: Trapez über parallele Seiten nachweisen und Flächeninhalt berechnen";"Analytische Geometrie";"Punkte und Strecken im Koordinatensystem";"Ein Viereck über kollineare Verbindungsvektoren zweier Seiten als Trapez nachweisen und, wenn verlangt, seinen Flächeninhalt mit der Trapezformel berechnen.";"2026MgrundlegendBAGLAA2WTR2-1a";"neu"
"Winkel zwischen zwei Kanten über das Skalarprodukt berechnen";"Analytische Geometrie";"Skalarprodukt und Winkel";"Den Winkel zwischen zwei Kanten eines Körpers mit gemeinsamem Eckpunkt über die Winkelformel des Skalarprodukts berechnen.";"2026MgrundlegendBAGLAA2WTR2-1b";"neu"
"Lotfußpunkt aus Geradengleichung und Orthogonalitätsbedingung im Gleichungspaar deuten";"Analytische Geometrie";"Abstände";"Ein vorgegebenes Gleichungspaar (Punkt auf einer Geraden, Skalarprodukt mit dem Richtungsvektor null) als Bestimmung des Lotfußpunkts eines Punktes auf die Gerade deuten.";"2026MgrundlegendBAGLAA2WTR2-1c";"neu"
"Punkt: Mittelpunkt einer Kante nachweisen und symmetrischen Schnittpunkt angeben";"Analytische Geometrie";"Punkte und Strecken im Koordinatensystem";"Nachweisen, dass ein Punkt Mittelpunkt einer Kante ist (Mittelpunktsformel), und einen weiteren Punkt über die Symmetrie des Körpers zu einer Koordinatenebene angeben.";"2026MgrundlegendBAGLAA2WTR2-1d";"neu"
"Kumulierte Binomialwahrscheinlichkeit mit dem Rechner ermitteln";"Stochastik";"Binomialverteilung";"Eine kumulierte Wahrscheinlichkeit einer Binomialverteilung (weniger als, mehr als, höchstens, mindestens) mit dem Rechner oder aus der Tabelle ermitteln; „mehr als“ über das Gegenereignis, ein Intervall als Differenz zweier kumulierter Werte mit richtig eingeschlossenen Grenzen.";"2026MgrundlegendBStochastikWTR1-1b";"neu"
"Wahrscheinlichkeit über die Verteilung der Gegenzufallsgröße im Diagramm erläutern";"Stochastik";"Binomialverteilung";"Erläutern, wie eine Wahrscheinlichkeit P(X = k) aus dem abgebildeten Diagramm der Verteilung von n − X (Trefferwahrscheinlichkeit 1 − p) abgelesen wird.";"2026MgrundlegendBStochastikWTR1-1c";"neu"
"Verhältnis zweier Pfadwahrscheinlichkeiten im Baumdiagramm prüfen";"Stochastik";"Baumdiagramm und Pfadregeln";"Eine Aussage über das Verhältnis zweier Pfadwahrscheinlichkeiten (etwa „sechsmal so groß“) durch Berechnen beider Pfade prüfen.";"2026MgrundlegendBStochastikWTR1-2a";"neu"
"Fehlenden Anteil im Baumdiagramm aus einer Randwahrscheinlichkeit berechnen";"Stochastik";"Baumdiagramm und Pfadregeln";"Einen unbekannten Ast-Anteil bestimmen, indem die Summe der Pfade zu einem Ergebnis der zweiten Stufe mit der gegebenen Randwahrscheinlichkeit gleichgesetzt wird.";"2026MgrundlegendBStochastikWTR1-2b";"neu"
"Monotonie einer bedingten Wahrscheinlichkeit bei Änderung eines Anteils beurteilen";"Stochastik";"Bedingte Wahrscheinlichkeit und Bayes";"Eine Aussage über das Wachsen einer bedingten Wahrscheinlichkeit beurteilen, indem sie als Bayes-Quotient in einem Parameter aufgestellt und die Monotonie des Bruchs begründet wird.";"2026MgrundlegendBStochastikWTR1-2c";"neu"
"Vierfeldertafel aus Anteilen vervollständigen";"Stochastik";"Vierfeldertafel";"Aus zwei Randanteilen und einem Schnittanteil – oder einem Randanteil und einem bedingten Anteil, aus dem der Schnittanteil folgt – alle Felder einer Vierfeldertafel ergänzen.";"2026MgrundlegendBStochastikWTR2-1a";"neu"
"Kumulierte Binomialsumme als Sachaussage formulieren";"Stochastik";"Binomialverteilung";"Eine gegebene Summe von Binomialtermen mit ihrem Wert als Wahrscheinlichkeitsaussage („höchstens k von n“) im Sachzusammenhang beschreiben.";"2026MgrundlegendBStochastikWTR2-1d";"neu"
"Fehlenden Wert aus dem arithmetischen Mittel berechnen";"Stochastik";"Lage- und Streumaße einer Stichprobe";"Aus dem arithmetischen Mittel einer Datenreihe und den übrigen Werten den fehlenden Wert berechnen (Gesamtsumme minus Teilsumme), gegebenenfalls mit Einheitenumrechnung.";"2026MgrundlegendBStochastikWTR2-1e";"neu"
"Scharparameter aus einem Punkt bestimmen und Wendepunkt nachweisen";"Analysis";"Funktionsscharen und Ortskurven";"Den Parameter einer Schar aus einem Punkt des Graphen berechnen und nachweisen, dass dieser Punkt Wendepunkt ist (f'' = 0, f''' ≠ 0).";"2026MerhoehtBAnalysisWTR1-1a";"neu"
"Gemeinsame Punkte aller Graphen einer Schar bestimmen";"Analysis";"Funktionsscharen und Ortskurven";"Zeigen, dass alle Graphen einer Schar genau bestimmte Punkte gemeinsam haben, indem zwei Scharfunktionen gleichgesetzt werden und der Parameter herausfällt.";"2026MerhoehtBAnalysisWTR1-1b";"neu"
"Tangentenabschnitt auf der x-Achse als Quotient f/f' am Graphen begründen";"Analysis";"Tangente, Normale, Schnittwinkel";"Mit Eintragungen im Steigungsdreieck begründen, dass der Abstand zwischen dem Lotfußpunkt eines Graphenpunkts und dem Schnittpunkt seiner Tangente mit der x-Achse gleich f(u)/f'(u) ist.";"2026MerhoehtBAnalysisWTR1-1d";"neu"
"Integral einer Rate berechnen und als Gesamtmenge im Sachzusammenhang deuten";"Analysis";"Rekonstruktion von Beständen";"Ein bestimmtes Integral über eine Ratenfunktion berechnen und den Wert als im Zeitraum umgesetzte Menge mit Einheit deuten.";"2026MerhoehtBAnalysisWTR1-2b";"neu"
"Transformation: Graphen einer periodischen Funktion mit vorgegebenem Maximum und Periode skizzieren";"Analysis";"Funktionsklassen und Eigenschaften";"In ein vorhandenes Koordinatensystem einen periodischen Graphen mit vorgegebenem Maximalwert und vorgegebener Periode (als Vielfaches einer gegebenen) skizzieren.";"2026MerhoehtBAnalysisWTR1-2c";"neu"
"Positivität, y-Achsenabschnitt und Steigung einer Schar begründen und berechnen";"Analysis";"Funktionsscharen und Ortskurven";"Für eine Schar aus e-Termen begründen, dass alle Graphen oberhalb der x-Achse liegen, und Achsenschnittpunkt und Steigung dort in Abhängigkeit vom Parameter angeben.";"2026MerhoehtBAnalysisWTR2-1a";"neu"
"Scharparameter den Graphen über den y-Achsenabschnitt zuordnen";"Analysis";"Funktionsscharen und Ortskurven";"Abgebildete Graphen einer Schar den Parameterwerten zuordnen, indem der parameterabhängige y-Achsenabschnitt geordnet wird.";"2026MerhoehtBAnalysisWTR2-1b";"neu"
"Verschobene Scharfunktion als gerade Funktion nachweisen";"Analysis";"Funktionsscharen und Ortskurven";"Rechnerisch zeigen, dass die um einen parameterabhängigen Wert verschobene Scharfunktion einen symmetrischen Term hat (Potenzgesetze mit ln), und die Achsensymmetrie nachweisen.";"2026MerhoehtBAnalysisWTR2-1c";"neu"
"Symmetrieachse einer Scharkurve aus der Verschiebung einer geraden Funktion begründen";"Analysis";"Funktionsscharen und Ortskurven";"Begründen, dass jeder Graph einer Schar achsensymmetrisch ist, weil er aus einer geraden Funktion durch Verschiebung entsteht, und die Achse in Abhängigkeit vom Parameter angeben.";"2026MerhoehtBAnalysisWTR2-1d";"neu"
"Fläche: Flächeninhalt einer Vorderansicht als Integral mit Maßstab und Abzug berechnen";"Analysis";"Flächeninhalt durch Integration";"Den realen Flächeninhalt einer modellierten Figur über ein Integral berechnen, mit dem quadratischen Maßstab umrechnen und vorgegebene Teilflächen abziehen.";"2026MerhoehtBAnalysisWTR2-2b";"neu"
"Winkel zwischen Graph und senkrechter Kante über die Ableitung berechnen";"Analysis";"Tangente, Normale, Schnittwinkel";"Den Winkel zwischen einem Graphen und einer senkrechten Geraden an ihrem Treffpunkt aus dem Steigungswinkel der Tangente berechnen.";"2026MerhoehtBAnalysisWTR2-2c";"neu"
"Abstand eines Punktes von einem Graphen über die Normalenbedingung deuten";"Analysis";"Tangente, Normale, Schnittwinkel";"Eine vorgelegte Rechnung deuten, in der der nächstgelegene Graphenpunkt über die Orthogonalität von Verbindungsstrecke und Tangente bestimmt und der Abstand berechnet wird.";"2026MerhoehtBAnalysisWTR2-2d";"neu"
"Monotonie, Nullstelle und Grenzwert einer e-Funktion am Term begründen";"Analysis";"Grenzwerte und Verhalten im Unendlichen";"Für eine gestreckte und verschobene e-Funktion Monotonie und Nullstelle am Term begründen und den Grenzwert für x → ∞ angeben.";"2026MerhoehtBAnalysisWTR3-1a";"neu"
"Bestimmtes Integral mit vorgegebener Stammfunktion berechnen";"Analysis";"Stammfunktion und Hauptsatz";"Ein bestimmtes Integral über den Hauptsatz mit einer vorgegebenen Stammfunktion berechnen.";"2026MerhoehtBAnalysisWTR3-1b";"neu"
"Integralwert: Eindeutige Lösung einer Flächengleichung über die Monotonie des Flächeninhalts begründen";"Analysis";"Flächeninhalt durch Integration";"Ohne Stammfunktion begründen, dass eine Gleichung zwischen einer festen Fläche und einer mit der Grenze wachsenden Fläche genau eine Lösung hat.";"2026MerhoehtBAnalysisWTR3-1c";"neu"
"Aufgabenstellung zu einem Rotationsvolumen-Anteil aus dem Lösungsweg formulieren";"Analysis";"Rotationsvolumen";"Zu einem vorgelegten Lösungsweg mit Rotationsvolumen und Zylindervolumen die passende Aufgabenstellung angeben.";"2026MerhoehtBAnalysisWTR3-1d";"neu"
"Definitionsbereich der Umkehrfunktion angeben und ihren Term nachweisen";"Analysis";"Umkehrfunktion";"Den Definitionsbereich der Umkehrfunktion als Wertemenge der Funktion angeben und den Term der Umkehrfunktion durch Auflösen nachweisen.";"2026MerhoehtBAnalysisWTR3-1e";"neu"
"Berührpunkt der Tangente mit vorgegebener Steigung berechnen";"Analysis";"Tangente, Normale, Schnittwinkel";"Den Punkt berechnen, in dem die Tangente eine vorgegebene Steigung hat (f'(x) = m lösen, Funktionswert).";"2026MerhoehtBAnalysisWTR3-1f";"neu"
"Tangente an Funktion und Umkehrfunktion über die Spiegelung an y = x begründen";"Analysis";"Umkehrfunktion";"Begründen, dass eine Tangente mit Steigung −1 auch den Graphen der Umkehrfunktion berührt, weil beide an y = x gespiegelt in sich bzw. ineinander übergehen.";"2026MerhoehtBAnalysisWTR3-1g";"neu"
"Flächeninhalt eines Vierecks aus Berührpunkten und Spiegelpunkten als Trapez begründen";"Analysis";"Umkehrfunktion";"Ein zu y = x symmetrisches Viereck aus Berührpunkt, Spiegelpunkt und zwei weiteren Punkten einzeichnen und seinen Flächeninhalt über Trapezformel und 45°-Dreieck begründen.";"2026MerhoehtBAnalysisWTR3-1h";"neu"
"Verbindungsvektor zweier Kantenmittelpunkte als Linearkombination der Kantenvektoren angeben";"Analytische Geometrie";"Vektoren und Rechenoperationen";"Die Strecke zwischen zwei Kantenmittelpunkten eines Quaders einzeichnen und ihren Vektor als Linearkombination der aufspannenden Vektoren angeben.";"2026MerhoehtBAGLAA1WTR-1a";"neu"
"Geraden und Ebenen: Höhe eines Quaders aus der Orthogonalität der Raumdiagonalen bestimmen und Volumen oder Oberflächeninhalt berechnen";"Analytische Geometrie";"Orthogonalität";"Die unbekannte Höhe eines Quaders aus dem verschwindenden Skalarprodukt zweier Raumdiagonalen bestimmen und daraus das Volumen oder den Oberflächeninhalt berechnen; welches Maß, steht in der Zeile.";"2026MerhoehtBAGLAA1WTR-1b";"neu"
"Verflechtung: Gesamtmatrix im Sachzusammenhang deuten";"Analytische Geometrie";"Matrizen und Übergangsprozesse";"Das Produkt zweier Bedarfsmatrizen als direkte Zuordnung von Endproduktmengen zu Rohstoffmengen beschreiben.";"2026MerhoehtBAGLAA1WTR-2b";"neu"
"Verflechtung: Maximale Produktionsmenge aus dem Rohstoffvorrat ermitteln";"Analytische Geometrie";"Matrizen und Übergangsprozesse";"Aus einem Rohstoffvorrat die maximal herstellbare Menge eines Endprodukts über den knappsten Rohstoff (Spalte der Gesamtmatrix) ermitteln.";"2026MerhoehtBAGLAA1WTR-2c";"neu"
"Verflechtung: Maximale Kostensteigerung eines Rohstoffs aus einer Kostenschranke bestimmen";"Analytische Geometrie";"Matrizen und Übergangsprozesse";"Die Rohstoffkosten je Produkteinheit heute und nach mehreren Jahren exponentiellen Preisanstiegs aufstellen und aus einer Kostenschranke den maximalen Wachstumsfaktor eines Rohstoffs bestimmen.";"2026MerhoehtBAGLAA1WTR-2d";"neu"
"Ebene Figur: Parallelogramm als Rechteck über das Skalarprodukt nachweisen";"Analytische Geometrie";"Punkte und Strecken im Koordinatensystem";"Zeigen, dass ein Parallelogramm ein Rechteck ist, indem das Skalarprodukt zweier benachbarter Seitenvektoren null ist.";"2026MerhoehtBAGLAA2WTR1-1a";"neu"
"Komponente des Normalenvektors aus der Orthogonalität zur Koordinatenebene begründen";"Analytische Geometrie";"Ebenen";"Ohne Rechnung begründen, dass eine Komponente des Normalenvektors null ist, weil die Ebene senkrecht zu einer Koordinatenebene steht.";"2026MerhoehtBAGLAA2WTR1-1c";"neu"
"Neigungswinkel einer Ebene gegen eine Koordinatenebene über die Normalenvektoren berechnen";"Analytische Geometrie";"Skalarprodukt und Winkel";"Den Winkel zwischen einer Ebene und einer Koordinatenebene über die Normalenvektoren berechnen.";"2026MerhoehtBAGLAA2WTR1-1d";"neu"
"Ebene Figur: Teilverhältnis auf einer Kante deuten und Teilfläche eines Rechtecks berechnen";"Analytische Geometrie";"Flächeninhalt und Volumen im Raum";"Einen vorgegebenen Parameterwert als Teilverhältnis auf einer Kante im Sachzusammenhang deuten und den Inhalt der entsprechenden Teilfläche eines Rechtecks berechnen.";"2026MerhoehtBAGLAA2WTR1-1e";"neu"
"Übereinstimmung einer Ebene mit einer Koordinatenebene beurteilen";"Analytische Geometrie";"Ebenen";"Beurteilen, ob eine durch eine Gleichung gegebene Ebene mit einer Koordinatenebene (etwa einer Symmetrieebene) übereinstimmt.";"2026MerhoehtBAGLAA2WTR1-1f";"neu"
"Sprungweite als Abstand zweier Punkte einer Parameterkurve in der Grundebene berechnen";"Analytische Geometrie";"Abstände";"Aus einer Parameterdarstellung einer Flugkurve den Auftreffpunkt (z = 0) und den Lotfußpunkt des Absprungs bestimmen und ihren Abstand als Weite berechnen.";"2026MerhoehtBAGLAA2WTR1-1g";"neu"
"Körper: Trapezgrundfläche nachweisen und Pyramidenvolumen berechnen";"Analytische Geometrie";"Flächeninhalt und Volumen im Raum";"Die Grundfläche einer Pyramide als Trapez nachweisen (kollineare Seiten) und das Volumen über Trapezfläche und Höhe berechnen.";"2026MerhoehtBAGLAA2WTR2-1a";"neu"
"Gerade und Ebene: Kreisbahn einer Drehung um eine Kante als Kreis in einer Ebene mit Mittelpunkt begründen";"Analytische Geometrie";"Lagebeziehungen";"Begründen, dass ein bei Drehung um eine Kante bewegter Punkt einen Kreis in der zur Kante senkrechten Ebene durch den Punkt beschreibt, mit dem Schnittpunkt von Kante und Ebene als Mittelpunkt.";"2026MerhoehtBAGLAA2WTR2-1d";"neu"
"Existenz eines Kreispunkts mit vorgegebener Koordinate über den Radius widerlegen";"Analytische Geometrie";"Abstände";"Eine Aussage über einen Kreispunkt mit vorgegebener Koordinate widerlegen, indem der Punkt in der Kreisebene angesetzt und sein Abstand zum Mittelpunkt mit dem Radius verglichen wird.";"2026MerhoehtBAGLAA2WTR2-1e";"neu"
"Absolute Anzahl aus einer Pfadwahrscheinlichkeit mit einer Schranke vergleichen";"Stochastik";"Baumdiagramm und Pfadregeln";"Aus einer Pfadwahrscheinlichkeit und einer Gesamtzahl entscheiden, ob eine absolute Anzahl eine Schranke unterschreitet.";"2026MerhoehtBStochastikWTR1-2a";"neu"
"Wahrscheinlichkeit eines Intervalls der Normalverteilung mit dem Rechner berechnen";"Stochastik";"Normalverteilung und Sigma-Regeln";"Für eine normalverteilte Zufallsgröße die Wahrscheinlichkeit eines Intervalls mit dem Rechner berechnen, etwa als Näherung einer diskreten Zufallsgröße.";"2026MerhoehtBStochastikWTR1-3a";"neu"
"Vernachlässigbare Wahrscheinlichkeit eines unrealistischen Werts als Modellargument begründen";"Stochastik";"Normalverteilung und Sigma-Regeln";"Begründen, dass eine positive, aber verschwindend kleine Wahrscheinlichkeit eines unrealistischen Werts kein Argument gegen ein Normalverteilungsmodell ist.";"2026MerhoehtBStochastikWTR1-3b";"neu"
"Wahrscheinlichkeit einer Abweichung um höchstens k über die Normalverteilung mit einer Schranke vergleichen";"Stochastik";"Normalverteilung und Sigma-Regeln";"Eine Sachbedingung „weicht um höchstens k ab“ in ein Intervall übersetzen, seine Wahrscheinlichkeit über die Normalverteilung berechnen und mit einer Schranke vergleichen.";"2026MerhoehtBStochastikWTR1-3c";"neu"
"Bedingte Anteile aus der Vierfeldertafel vergleichen";"Stochastik";"Bedingte Wahrscheinlichkeit und Bayes";"Zwei bedingte Wahrscheinlichkeiten aus einer Vierfeldertafel berechnen und vergleichen.";"2026MerhoehtBStochastikWTR2-1c";"neu"
"Medianklasse aus einem Säulendiagramm relativer Häufigkeiten begründen";"Stochastik";"Lage- und Streumaße einer Stichprobe";"Aus einem Säulendiagramm klassierter Anteile die Klasse angeben, in der der Median liegt, über kumulierte Anteile.";"2026MerhoehtBStochastikWTR2-1d";"neu"
"Gewichtete Summe der Intervallgrenzen als Schranke des Mittelwerts deuten";"Stochastik";"Lage- und Streumaße einer Stichprobe";"Eine Summe aus Intervallgrenzen mal Klassenanteilen mit dem Diagramm in Beziehung setzen und ihren Wert als untere oder obere Grenze des Mittelwerts deuten.";"2026MerhoehtBStochastikWTR2-1e";"neu"
"Entscheidungsregel eines einseitigen Signifikanztests bestimmen";"Stochastik";"Hypothesentests";"Für eine einseitige Nullhypothese (p ≤ p0 oder p ≥ p0) die Entscheidungsregel bestimmen: die Grenze des Ablehnungsbereichs über kumulierte Binomialwahrscheinlichkeiten so wählen, dass die Irrtumswahrscheinlichkeit das Signifikanzniveau nicht überschreitet; die Richtung steht in der Zeile.";"2026MerhoehtBStochastikWTR2-2a";"neu"
"Fehler zweiter Art aus dem Graphen der Ablehnwahrscheinlichkeit ermitteln";"Stochastik";"Hypothesentests";"Für ein selbst gewähltes p, bei dem die Nullhypothese falsch ist, die Wahrscheinlichkeit des Fehlers zweiter Art als Gegenwahrscheinlichkeit der abgelesenen Ablehnwahrscheinlichkeit ermitteln.";"2026MerhoehtBStochastikWTR2-2b";"neu"
"Konfidenzintervall aus dem Diagramm identifizieren und Stichprobenergebnis aus der Grenze berechnen";"Stochastik";"Konfidenzintervalle";"Unter abgebildeten Konfidenzintervallen das mit vorgegebener Grenze finden und aus der Grenzgleichung die absolute Häufigkeit der Stichprobe berechnen.";"2026MerhoehtBStochastikWTR3-2a";"neu"
"Anteil mit genau k von n Konfidenzintervallen verträglich aus dem Diagramm angeben";"Stochastik";"Konfidenzintervalle";"Im Diagramm mehrerer Konfidenzintervalle einen Wert angeben, der von genau k Intervallen überdeckt wird.";"2026MerhoehtBStochastikWTR3-2b";"neu"
"Anzahl überdeckender Konfidenzintervalle als binomialverteilt begründen und Wahrscheinlichkeit berechnen";"Stochastik";"Konfidenzintervalle";"Die Anzahl der Konfidenzintervalle, die den wahren Anteil überdecken, als binomialverteilt mit der Sicherheitswahrscheinlichkeit begründen und eine Wahrscheinlichkeit dazu berechnen.";"2026MerhoehtBStochastikWTR3-2c";"neu"
"Extremstellen berechnen und Monotonieverhalten angeben";"Analysis";"Kurvenuntersuchung";"Die Extremstellen einer Funktion über die Nullstellen der Ableitung berechnen und die Monotoniebereiche angeben.";"2025MgrundlegendBAnalysisWTR1-1a";"neu"
"Weiteren Schnittpunkt von Tangente und Graph aus einer vorgegebenen Faktorisierung begründen";"Analysis";"Tangente, Normale, Schnittwinkel";"Mit einer vorgegebenen Faktorisierung von f(x) − t(x) begründen, wie viele weitere gemeinsame Punkte Tangente und Graph neben dem Berührpunkt haben.";"2025MgrundlegendBAnalysisWTR1-1c";"neu"
"Integralwert: Lösung einer Integralgleichung über die Punktsymmetrie und ein Rechteck am Graphen begründen";"Analysis";"Flächeninhalt durch Integration";"Ohne Rechnung die Lösung einer Gleichung ∫_k^{k+1} f = c angeben und über die Punktsymmetrie des Graphen und ein eingezeichnetes Rechteck begründen.";"2025MgrundlegendBAnalysisWTR1-1d";"neu"
"Extrempunkte: Hochpunkt aus dem Graphen ablesen und im Sachzusammenhang deuten";"Analysis";"Funktionsklassen und Eigenschaften";"Die Koordinaten eines Hochpunkts aus der Abbildung ablesen und beide Koordinaten im Sachzusammenhang deuten.";"2025MgrundlegendBAnalysisWTR1-2a";"neu"
"Nullstellen und Werte: Bereich mit Funktionswerten über einer Schranke aus dem Graphen bestimmen";"Analysis";"Funktionsklassen und Eigenschaften";"Eine Sachbedingung als f(x) > c lesen und den zugehörigen Bereich der x-Werte am Graphen ablesen.";"2025MgrundlegendBAnalysisWTR1-2b";"neu"
"Nullstelle und Grenzverhalten eines Produkts aus Polynom und e-Funktion angeben";"Analysis";"Grenzwerte und Verhalten im Unendlichen";"Für ein Produkt aus linearem Faktor und e-Funktion die Nullstelle und das Verhalten für x → ±∞ angeben.";"2025MgrundlegendBAnalysisWTR2-1a";"neu"
"Hochpunkt eines Produkts aus Polynom und e-Funktion berechnen";"Analysis";"Kurvenuntersuchung";"Den Hochpunkt eines Produkts aus Polynom und e-Funktion über die notwendige Bedingung berechnen (Produktregel); die Art folgt aus der Abbildung oder dem Sachzusammenhang, die hinreichende Bedingung entfällt.";"2025MgrundlegendBAnalysisWTR2-1b";"neu"
"Integralwert: Näherungswert eines Integrals als Dreiecksfläche am Graphen begründen";"Analysis";"Flächeninhalt durch Integration";"Einen vorgegebenen Term als Flächeninhalt eines in die Abbildung eingezeichneten Dreiecks deuten und als Näherung des Integrals begründen.";"2025MgrundlegendBAnalysisWTR2-1c";"neu"
"Prozentuale Abweichung eines Näherungswerts vom exakten Wert berechnen";"Analysis";"Stammfunktion und Hauptsatz";"Die relative Abweichung eines Näherungswerts vom exakten Integralwert in Prozent berechnen (Nebenleistung).";"2025MgrundlegendBAnalysisWTR2-1d";"neu"
"Verlauf eines Graphen im Sachzusammenhang beschreiben";"Analysis";"Kurvenuntersuchung";"Monotonie, Krümmungswechsel und Sättigung eines abgebildeten Graphen in Worten des Sachzusammenhangs beschreiben.";"2025MgrundlegendBAnalysisWTR2-2a";"neu"
"Mittlere Änderungsrate aus dem Graphen im Sachzusammenhang bestimmen";"Analysis";"Ableitung und Änderungsrate";"Für ein Zeitintervall die Werte am Graphen ablesen oder aus einer Tabelle entnehmen und den Differenzenquotienten als Durchschnitt je Zeiteinheit berechnen.";"2025MgrundlegendBAnalysisWTR2-2b";"neu"
"Funktionalgleichung mit Zeitverschiebung grafisch lösen und im Sachzusammenhang deuten";"Analysis";"Gleichungen lösen";"Eine Gleichung der Form a(x + c) = a(x) + d am Graphen lösen (zwei Graphenpunkte mit festem Abstand in x und y) und im Sachzusammenhang deuten.";"2025MgrundlegendBAnalysisWTR2-2c";"neu"
"Übergangsprozess: Aussage über eine gleichbleibende Komponente aus einer Matrixzeile beurteilen";"Analytische Geometrie";"Matrizen und Übergangsprozesse";"Eine Aussage, dass eine Komponente unter einer Bedingung an den Vektor gleich bleibt, über eine Zeile der Übergangsmatrix allgemein beurteilen.";"2025MgrundlegendBAGLAA1WTR-1b";"neu"
"Ebene Figur: Rechteck mit Parameter nachweisen und Seitenlänge in Abhängigkeit vom Parameter berechnen";"Analytische Geometrie";"Punkte und Strecken im Koordinatensystem";"Ein Viereck mit Parameterkoordinaten als Rechteck nachweisen (Gegenseiten gleich, Skalarprodukt null) und eine Seitenlänge als Term im Parameter berechnen.";"2025MgrundlegendBAGLAA1WTR-2a";"neu"
"Ebene Figur: Parameter aus Seitenlänge und Flächeninhalt eines Rechtecks bestimmen";"Analytische Geometrie";"Flächeninhalt und Volumen im Raum";"Den Parameter eines Rechtecks aus einer bekannten Seitenlänge und dem Flächeninhalt über eine Wurzelgleichung bestimmen.";"2025MgrundlegendBAGLAA1WTR-2b";"neu"
"Ebene Figur: Symmetrisches Achteck in der Koordinatenebene vervollständigen";"Analytische Geometrie";"Punkte und Strecken im Koordinatensystem";"Eine zu beiden Koordinatenachsen symmetrische ebene Figur aus einem gegebenen Teil im Gitter vervollständigen.";"2025MgrundlegendBAGLAA2WTR1-1a";"neu"
"Körper: Gesamtlänge der Dachkanten einer Pyramide mit Zuschlag berechnen";"Analytische Geometrie";"Punkte und Strecken im Koordinatensystem";"Die Länge einer Kante als Vektorbetrag berechnen und mit Anzahl und Zuschlag zur Gesamtlänge im Sachzusammenhang hochrechnen.";"2025MgrundlegendBAGLAA2WTR1-1b";"neu"
"Normalenvektor einer Ebene aus zwei Richtungsvektoren über Skalarprodukte bestimmen";"Analytische Geometrie";"Ebenen";"Einen Normalenvektor einer durch drei Punkte gegebenen Ebene rechnerisch bestimmen, indem zwei Skalarprodukte null gesetzt werden.";"2025MgrundlegendBAGLAA2WTR1-1c";"neu"
"Lösungsansatz für eine bewegte Gerade durch einen festen Punkt erläutern und im Sachzusammenhang deuten";"Analytische Geometrie";"Geraden";"Einen vorgelegten Ansatz mit Streckenparameter und Geradenparameter erläutern: Positionen auf einer Strecke, Gerade von jeder Position aus, Punktprobe eines festen Punktes; im Sachzusammenhang deuten.";"2025MgrundlegendBAGLAA2WTR1-1e";"neu"
"Körper: Kürzeste und längste Kante und Volumen einer Pyramide über einem Drachenviereck berechnen";"Analytische Geometrie";"Flächeninhalt und Volumen im Raum";"Alle Kantenlängen einer Pyramide vergleichen und das Volumen über die Drachenfläche (halbes Diagonalenprodukt) und die Höhe berechnen.";"2025MgrundlegendBAGLAA2WTR2-1a";"neu"
"Ebene Figur: Ansatz für einen rechten Innenwinkel eines Vierecks über das Skalarprodukt mit unbekannter Koordinate erläutern";"Analytische Geometrie";"Punkte und Strecken im Koordinatensystem";"Einen vorgelegten Ansatz erläutern, in dem ein verschobener Eckpunkt mit unbekannter Koordinate angesetzt und der rechte Winkel über das Skalarprodukt der Nachbarseiten ausgedrückt wird.";"2025MgrundlegendBAGLAA2WTR2-1d";"neu"
"Totale Wahrscheinlichkeit über die Pfadregeln nachweisen";"Stochastik";"Baumdiagramm und Pfadregeln";"Eine vorgegebene Gesamtwahrscheinlichkeit als Summe der Pfadwahrscheinlichkeiten nachweisen.";"2025MgrundlegendBStochastikWTR1-1b";"neu"
"Aussage über die Stelle des Maximums der Binomialverteilung über den Erwartungswert beurteilen";"Stochastik";"Binomialverteilung";"Ohne Wahrscheinlichkeitsrechnung beurteilen, ob die Binomialverteilung an einer genannten Stelle ihr Maximum hat, über den Erwartungswert n · p.";"2025MgrundlegendBStochastikWTR1-1c";"neu"
"Grenze k einer kumulierten Wahrscheinlichkeit gegen eine Schranke mit dem Rechner ermitteln";"Stochastik";"Binomialverteilung";"Das kleinste bzw. größte k ermitteln, für das P(X ≤ k) oder P(X < k) eine vorgegebene Schranke über- bzw. unterschreitet, mit beiden Nachbarwerten am Rechner; die Richtung steht in der Zeile.";"2025MgrundlegendBStochastikWTR1-1d";"neu"
"Bayes-Term mit Parameter grafisch lösen und Parameter und Funktionswert im Sachzusammenhang deuten";"Stochastik";"Bedingte Wahrscheinlichkeit und Bayes";"Am Graphen eines Bayes-Quotienten mit Parameter die Stelle zu einem Funktionswert ablesen und Parameter (Änderung eines Anteils) und Funktionswert (bedingter Anteil) im Sachzusammenhang deuten.";"2025MgrundlegendBStochastikWTR1-1e";"neu"
"Laplace-Experiment: Wahrscheinlichkeit einer Augensumme beim Wurf zweier Würfel begründen";"Stochastik";"Zufallsexperimente und Urnenmodelle";"Die Wahrscheinlichkeit für bestimmte Augensummen beim Wurf zweier Würfel über das Abzählen der günstigen unter 36 Ergebnissen begründen.";"2025MgrundlegendBStochastikWTR2-1a";"neu"
"Achsen eines Verteilungsdiagramms über Erwartungswert und größte Einzelwahrscheinlichkeit skalieren";"Stochastik";"Binomialverteilung";"In einem unbeschrifteten Säulendiagramm einer Binomialverteilung je einen Achsenwert eintragen: Erwartungswert unter der höchsten Säule und deren Wahrscheinlichkeit.";"2025MgrundlegendBStochastikWTR2-1d";"neu"
"Anzahl der Kombinationen aus zwei getrennten Auswahlgruppen ermitteln";"Stochastik";"Kombinatorik";"Die Anzahl der Möglichkeiten ermitteln, wenn aus zwei Symbolgruppen unabhängig ausgewählt wird (Binomialkoeffizient mal Fallsumme).";"2025MgrundlegendBStochastikWTR2-1e";"neu"
"Aussage über ein Entweder-oder-Ereignis aus der Vierfeldertafel beurteilen";"Stochastik";"Vierfeldertafel";"Ein ausschließendes Oder als Summe zweier Felder der Vierfeldertafel berechnen und eine Aussage darüber beurteilen.";"2025MgrundlegendBStochastikWTR3-1b";"neu"
"Einzigen Wendepunkt einer Schar nachweisen und angeben";"Analysis";"Funktionsscharen und Ortskurven";"Rechnerisch zeigen, dass jeder Graph einer Schar genau einen Wendepunkt hat (f'' = 0 eindeutig, f''' ≠ 0), und seine parameterabhängigen Koordinaten angeben.";"2025MerhoehtBAnalysisWTR1-1b";"neu"
"Scharparameter aus einer Integralbedingung bestimmen";"Analysis";"Funktionsscharen und Ortskurven";"Den Parameter einer Schar bestimmen, für den ein bestimmtes Integral einen vorgegebenen Wert hat.";"2025MerhoehtBAnalysisWTR1-1c";"neu"
"Faktorisierung von f(x) − t(x) nachweisen und weiteren Schnittpunkt von Tangente und Graph begründen";"Analysis";"Tangente, Normale, Schnittwinkel";"Eine vorgegebene Faktorisierung der Differenz aus Funktion und Tangente durch Termumformung nachweisen und daraus die weiteren gemeinsamen Punkte begründen.";"2025MerhoehtBAnalysisWTR1-1d";"neu"
"Integralwert: Anzahl der Lösungen einer Integralgleichung über gleitende Streifen am Graphen untersuchen";"Analysis";"Flächeninhalt durch Integration";"Grafisch untersuchen, wie viele k eine Gleichung ∫_k^{k+1} f = c erfüllen, indem der Streifen der Breite 1 verschoben und sein Inhalt mit c verglichen wird.";"2025MerhoehtBAnalysisWTR1-1e";"neu"
"Nullstellen und Werte: Gleichheit zweier Sachgrößen als Bedingung an den Funktionswert übersetzen und Stelle am Graphen ablesen";"Analysis";"Funktionsklassen und Eigenschaften";"Aus der Gleichheit zweier über Faktoren skalierter Funktionswerte den gesuchten Funktionswert berechnen und die zugehörige Stelle am Graphen ablesen.";"2025MerhoehtBAnalysisWTR1-2b";"neu"
"Gerade senkrecht zu einer gegebenen Tangente durch einen Punkt aufstellen";"Analysis";"Tangente, Normale, Schnittwinkel";"Die Gleichung der Normalen in einem Graphenpunkt (Steigung −1/f'(x₀)) oder einer Geraden durch einen Punkt senkrecht zu einer gegebenen Tangente aufstellen.";"2025MerhoehtBAnalysisWTR2-1b";"neu"
"Umkehrbarkeit auf einem Intervall begründen und Definitions- und Wertebereich der Umkehrfunktion angeben";"Analysis";"Umkehrfunktion";"Begründen, dass eine Funktion auf IR nicht, auf einem Monotonieintervall aber umkehrbar ist, und Definitions- und Wertebereich der Umkehrfunktion angeben.";"2025MerhoehtBAnalysisWTR2-1c";"neu"
"Integralwert: Flächenterm einer an y = x gespiegelten Figur über Rechteck und Integral begründen";"Analysis";"Flächeninhalt durch Integration";"Einen vorgegebenen Term aus Rechteck und Integral als Flächeninhalt einer Figur begründen, deren Rand durch Spiegelung des Graphen an y = x entsteht.";"2025MerhoehtBAnalysisWTR2-1d";"neu"
"Fläche: Flächeninhalt aus einem vorgegebenen Term mit Stammfunktion berechnen";"Analysis";"Flächeninhalt durch Integration";"Einen vorgegebenen Flächenterm mit Integral über eine gegebene Stammfunktion auswerten.";"2025MerhoehtBAnalysisWTR2-1e";"neu"
"Scharparameter den Graphen über Spiegelung und Extremstelle zuordnen";"Analysis";"Funktionsscharen und Ortskurven";"Abgebildete Graphen einer Schar den Parameterwerten zuordnen, indem ein Graph als Spiegelbild eines bekannten erkannt und die Extremstellen verglichen werden.";"2025MerhoehtBAnalysisWTR2-2a";"neu"
"Punktsymmetrie zweier Scharkurven zueinander aus einer Identität nachweisen und deuten";"Analysis";"Funktionsscharen und Ortskurven";"Eine Identität der Form g_k(−x) = −g_{−k}(x) nachrechnen und als Punktsymmetrie der Graphen von g_k und g_{−k} zueinander deuten.";"2025MerhoehtBAnalysisWTR2-2b";"neu"
"Vorzeichen aller Funktionswerte einer Schar am Term begründen";"Analysis";"Funktionsscharen und Ortskurven";"Am Funktionsterm begründen, dass eine Schar für jeden Parameter nur Werte eines Vorzeichens annimmt.";"2025MerhoehtBAnalysisWTR3-1b";"neu"
"Hochpunkt im Ursprung über das Vorzeichen begründen und Tiefstelle einer Schar berechnen";"Analysis";"Funktionsscharen und Ortskurven";"Den Hochpunkt einer Schar im Ursprung über die Wertebeschränkung begründen und die Tiefstelle in Abhängigkeit vom Parameter aus der Ableitung berechnen.";"2025MerhoehtBAnalysisWTR3-1c";"neu"
"Scharparameter für einen Extrempunkt als Quadratecke bestimmen und Flächeninhalt berechnen";"Analysis";"Funktionsscharen und Ortskurven";"Den Parameter bestimmen, für den ein Extrempunkt gleiche Koordinaten hat (Ecke eines Quadrats mit Seiten auf den Achsen), und den Flächeninhalt des Quadrats berechnen.";"2025MerhoehtBAnalysisWTR3-1d";"neu"
"Zeitpunkt für einen Anteil des Maximalwerts einer Sinusfunktion berechnen";"Analysis";"Gleichungen lösen";"Eine Gleichung k(x) = c mit einer Sinusfunktion rechnerisch lösen, wobei c ein Anteil des Maximalwerts ist, und die Lösung als Uhrzeit angeben.";"2025MerhoehtBAnalysisWTR3-2a";"neu"
"Nullstellen und Werte: Schnittstellen zweier Graphen im Sachzusammenhang ablesen";"Analysis";"Funktionsklassen und Eigenschaften";"Die Stellen, an denen zwei abgebildete Graphen gleiche Werte haben, ablesen und im Sachzusammenhang angeben.";"2025MerhoehtBAnalysisWTR3-2b";"neu"
"Integralwert: Vorzeichen eines Differenzintegrals über Flächenvergleich am Graphen begründen und im Sachzusammenhang deuten";"Analysis";"Flächeninhalt durch Integration";"Das Vorzeichen von ∫(k − h) über die Flächenstücke zwischen den Graphen begründen und die Aussage im Sachzusammenhang (Bilanz) deuten.";"2025MerhoehtBAnalysisWTR3-2d";"neu"
"Übergangsprozess: Stationäre Verteilung mit vorgegebener Gesamtzahl berechnen und einen Anteil beurteilen";"Analytische Geometrie";"Matrizen und Übergangsprozesse";"Die stationäre Verteilung eines Übergangsprozesses bei fester Gesamtzahl über ein Gleichungssystem berechnen und einen Anteil mit einer Schranke vergleichen.";"2025MerhoehtBAGLAA1WTR-1b";"neu"
"Übergangsprozess: Größtmögliche Anzahl im Vorquartal über die inverse Matrix und Nichtnegativität bestimmen";"Analytische Geometrie";"Matrizen und Übergangsprozesse";"Eine parametrisierte Verteilung mit der inversen Matrix zurückrechnen und aus der Zulässigkeit aller Komponenten die größtmögliche Anzahl im Vorzustand bestimmen.";"2025MerhoehtBAGLAA1WTR-1c";"neu"
"Koordinaten gespiegelter Eckpunkte aus den Symmetrieebenen eines Körpers angeben";"Analytische Geometrie";"Spiegelung";"Die Koordinaten weiterer Eckpunkte eines Körpers aus den gegebenen Punkten und den Symmetrieebenen (Koordinatenebenen) angeben.";"2025MerhoehtBAGLAA1WTR-2a";"neu"
"Fehlende Koordinate eines Punktes aus der Parallelität zweier Kanten bestimmen";"Analytische Geometrie";"Vektoren und Rechenoperationen";"Eine unbekannte Koordinate so bestimmen, dass zwei Kantenvektoren kollinear sind.";"2025MerhoehtBAGLAA1WTR-2b";"neu"
"Normalenvektor aus der Orthogonalität zu Vielfachen der Spannvektoren begründen";"Analytische Geometrie";"Ebenen";"Begründen, dass ein Vektor, der zu zwei Vielfachen der Spannvektoren einer Ebene senkrecht ist, Normalenvektor dieser Ebene ist.";"2025MerhoehtBAGLAA2WTR-1b";"neu"
"Scharebene für einen Parameterwert angeben und Schnittfigur mit der Pyramide einzeichnen";"Analytische Geometrie";"Scharen von Geraden und Ebenen";"Für einen Parameterwert die Gleichung der Scharebene angeben und die Schnittfigur mit einem Körper in das Schrägbild einzeichnen.";"2025MerhoehtBAGLAA2WTR-1d";"neu"
"Scharparameter für den minimalen Flächeninhalt eines Schnittdreiecks über die Orthogonalität zur Kante ermitteln";"Analytische Geometrie";"Scharen von Geraden und Ebenen";"Den Parameter ermitteln, für den ein Schnittdreieck mit fester Grundseite minimalen Flächeninhalt hat, indem die Höhe als Lot und die Ebene senkrecht zur Kante angesetzt wird.";"2025MerhoehtBAGLAA2WTR-1e";"neu"
"Parameter aus der Dichtefunktion ablesen und Bedingungen an Wahrscheinlichkeiten der Normalverteilung prüfen";"Stochastik";"Normalverteilung und Sigma-Regeln";"μ und σ aus dem Term der Dichtefunktion ablesen und mehrere Bedingungen an Erwartungswert und Unterschreitungswahrscheinlichkeiten prüfen.";"2025MerhoehtBStochastikWTR1-2a";"neu"
"Implikation zweier Wahrscheinlichkeitsbedingungen der Normalverteilung über eine Schranke für σ begründen";"Stochastik";"Normalverteilung und Sigma-Regeln";"Begründen, dass aus einer Unterschreitungsbedingung eine zweite folgt, indem aus der ersten eine Schranke für σ gewonnen und die Monotonie in σ genutzt wird.";"2025MerhoehtBStochastikWTR1-2b";"neu"
"Einzelwahrscheinlichkeit der Binomialverteilung mit dem Rechner ermitteln";"Stochastik";"Binomialverteilung";"P(X = k) einer Binomialverteilung mit dem Rechner ermitteln.";"2025MerhoehtBStochastikWTR2-1a";"neu"
"Wahrscheinlichkeit einer relativen Abweichung vom Erwartungswert nach oben berechnen";"Stochastik";"Binomialverteilung";"Den Erwartungswert berechnen, eine relative Abweichung nach oben in eine ganzzahlige Schranke übersetzen und P(X ≥ k) ermitteln.";"2025MerhoehtBStochastikWTR2-1b";"neu"
"Mindestanteil für eine Schranke des Fehlers zweiter Art ermitteln und den Fehler im Sachzusammenhang beschreiben";"Stochastik";"Hypothesentests";"Den kleinsten Anteil ermitteln, für den die Wahrscheinlichkeit des Fehlers zweiter Art eine Schranke nicht überschreitet, und den Fehler zweiter Art im Sachzusammenhang beschreiben.";"2025MerhoehtBStochastikWTR2-2d";"neu"
"Konfidenzintervall aus den Graphen der Grenzfunktionen ablesen und eine Vermutung auf Verträglichkeit beurteilen";"Stochastik";"Konfidenzintervalle";"Aus den Graphen der unteren und oberen Grenzfunktion das Konfidenzintervall zu einem Stichprobenanteil ablesen und prüfen, ob ein vermuteter Anteil darin liegt.";"2025MerhoehtBStochastikWTR3-2c";"neu"
"Verträglichkeit zweier Annahmen mit demselben Stichprobenanteil über den Stichprobenumfang beurteilen";"Stochastik";"Konfidenzintervalle";"Mit zwei Grenzgleichungen begründen, für welche Stichprobenumfänge ein Anteil mit der einen Annahme verträglich und mit der anderen unverträglich ist.";"2025MerhoehtBStochastikWTR3-2d";"neu"
"Nullstellen einer e-Funktion nachweisen und Tiefstelle berechnen";"Analysis";"Kurvenuntersuchung";"Die Nullstellen eines Produkts aus Polynom und e-Funktion über das Nullprodukt nachweisen und die Tiefstelle aus der gegebenen Ableitung berechnen.";"2024MgrundlegendBAnalysisWTR1-1b";"neu"
"Transformation: Graph eines in y-Richtung gestreckten Scharmitglieds begründen und skizzieren";"Analysis";"Funktionsklassen und Eigenschaften";"Ein Scharmitglied als in y-Richtung gestreckte Fassung eines abgebildeten Graphen erkennen, Folgerungen für Extrempunkte begründen und den Graphen skizzieren.";"2024MgrundlegendBAnalysisWTR1-1d";"neu"
"Scharparameter für einen vorgegebenen Flächeninhalt zwischen Graph und x-Achse bestimmen";"Analysis";"Funktionsscharen und Ortskurven";"Den Parameter einer Schar bestimmen, für den das vom Graphen und der x-Achse eingeschlossene Flächenstück einen vorgegebenen Inhalt hat.";"2024MgrundlegendBAnalysisWTR1-1e";"neu"
"Stammfunktionen mit der x-Achse als Tangente über die Nullstellen der Funktion ermitteln";"Analysis";"Stammfunktion und Hauptsatz";"Die Konstanten der Stammfunktionen ermitteln, deren Graphen die x-Achse berühren, über die Bedingung H(x0) + c = 0 an den Nullstellen von h.";"2024MgrundlegendBAnalysisWTR1-1f";"neu"
"Nullstellen und Werte: Stelle zu einem Funktionswert am Graphen im Sachzusammenhang ablesen";"Analysis";"Funktionsklassen und Eigenschaften";"Die Stelle ablesen, an der ein abgebildeter Graph einen vorgegebenen Wert annimmt, und sie im Sachzusammenhang angeben.";"2024MgrundlegendBAnalysisWTR1-2a";"neu"
"Wendepunkt als Zeitpunkt stärkster Zu- oder Abnahme im Sachzusammenhang deuten";"Analysis";"Kurvenuntersuchung";"Die Bedeutung eines Wendepunkts als Zeitpunkt der stärksten Zunahme (steigender Bereich) oder der stärksten Abnahme (fallender Bereich) einer Größe im Sachzusammenhang beschreiben; die Wendestelle ist gegeben oder wird abgelesen.";"2024MgrundlegendBAnalysisWTR1-2b";"neu"
"Aussage über zwei Größen anhand von Funktionsgraph und Ableitungsgraph beurteilen";"Analysis";"Ableitungsgraph und Funktionsgraph";"Eine Aussage über das Zusammenspiel zweier Größen beurteilen, wenn von der einen der Graph und von der anderen der Ableitungsgraph vorliegt.";"2024MgrundlegendBAnalysisWTR1-2c";"neu"
"Anfangsbestand aus Endbestand und Fläche unter dem Ableitungsgraphen ermitteln";"Analysis";"Rekonstruktion von Beständen";"Einen Bestand zu Beginn aus einem späteren Bestand und der am Ableitungsgraphen geschätzten Fläche (Integral der Änderungsrate) ermitteln.";"2024MgrundlegendBAnalysisWTR1-2d";"neu"
"Tiefpunkt angeben und Fehlen weiterer Extrempunkte über die Ableitung nachweisen";"Analysis";"Kurvenuntersuchung";"Den Tiefpunkt aus der Abbildung angeben und über die faktorisierte Ableitung nachweisen, dass eine weitere Nullstelle der Ableitung kein Extrempunkt ist.";"2024MgrundlegendBAnalysisWTR2-1a";"neu"
"Tangenten durch einen Punkt der y-Achse an den Graphen skizzieren";"Analysis";"Tangente, Normale, Schnittwinkel";"In die Abbildung Tangenten an den Graphen skizzieren, die durch einen vorgegebenen Punkt außerhalb des Graphen verlaufen.";"2024MgrundlegendBAnalysisWTR2-1c";"neu"
"Transformation: Streckfaktoren aus der Zuordnung zweier Punkte deuten und berechnen";"Analysis";"Funktionsklassen und Eigenschaften";"Die Bedeutung der Faktoren in g(x) = a · f(b · x) als Streckungen angeben und a und b aus der Zuordnung eines Punktes berechnen.";"2024MgrundlegendBAnalysisWTR2-1d";"neu"
"Differenzfunktion und ihr Maximum aus einem Lösungsweg im Sachzusammenhang deuten";"Analysis";"Kurvenuntersuchung";"Die Differenz zweier Sachfunktionen und die Schritte einer Extremwertbestimmung an ihr im Sachzusammenhang deuten.";"2024MgrundlegendBAnalysisWTR2-2c";"neu"
"Zurückgelegte Strecke aus dem Integral der Geschwindigkeit und einer Phase konstanter Geschwindigkeit berechnen";"Analysis";"Rekonstruktion von Beständen";"Einen Weg als Integral einer Geschwindigkeitsfunktion über die Beschleunigungsphase plus Produkt aus konstanter Geschwindigkeit und Zeit berechnen.";"2024MgrundlegendBAnalysisWTR2-2d";"neu"
"Nullstelle eines Differenzintegrals als Zeitpunkt gleicher Strecke deuten und ihre Lage begründen";"Analysis";"Rekonstruktion von Beständen";"Die Nullstelle von ∫_0^z (f − h) als Zeitpunkt gleicher zurückgelegter Strecke deuten und ihre Lage relativ zum Schnittpunkt der Geschwindigkeiten begründen.";"2024MgrundlegendBAnalysisWTR2-2e";"neu"
"Übergangsprozess: Spanne einer Komponente nach einem Schritt bei teilweise bekannter Verteilung ermitteln";"Analytische Geometrie";"Matrizen und Übergangsprozesse";"Bei nur teilweise bekannter Verteilung die Komponente nach einem Übergangsschritt als linearen Term einer Unbekannten aufstellen und Mindest- und Höchstwert ermitteln.";"2024MgrundlegendBAGLAA1WTR-1c";"neu"
"Unterschiedliche Beträge von Vektoren mit fester Komponentensumme über ein Beispiel begründen";"Analytische Geometrie";"Vektoren und Rechenoperationen";"Mit einem Beispiel entscheiden, ob Vektoren mit gleicher Komponentensumme verschiedene Beträge haben können.";"2024MgrundlegendBAGLAA1WTR-1e";"neu"
"Aussagen über Winkel zwischen Vektoren mit fester Komponentensumme beurteilen";"Analytische Geometrie";"Skalarprodukt und Winkel";"Aussagen über Winkel von 0° (Kollinearität) und 90° (Skalarprodukt null) zwischen Vektoren mit fester Komponentensumme beurteilen.";"2024MgrundlegendBAGLAA1WTR-1f";"neu"
"Punkt: Teilpunkte einer Strecke in drei gleiche Abschnitte berechnen";"Analytische Geometrie";"Punkte und Strecken im Koordinatensystem";"Die Koordinaten der Punkte berechnen, die eine Strecke in gleiche Abschnitte teilen.";"2024MgrundlegendBAGLAA2WTR1-1b";"neu"
"Innenwinkel zwischen Dachebene und vertikaler Wand über den Neigungswinkel berechnen";"Analytische Geometrie";"Skalarprodukt und Winkel";"Den Neigungswinkel einer Ebene gegen die Horizontale über Normalenvektoren berechnen und zum verlangten Innenwinkel gegen eine vertikale Wand ergänzen.";"2024MgrundlegendBAGLAA2WTR1-1c";"neu"
"Koordinatengleichung einer parallelen Ebene durch einen Punkt aufstellen";"Analytische Geometrie";"Ebenen";"Die Koordinatengleichung einer zu einer gegebenen Ebene parallelen Ebene durch einen Punkt aufstellen (gleicher Normalenvektor, Punkt einsetzen; Nebenleistung).";"2024MgrundlegendBAGLAA2WTR1-1c";"neu"
"Gerade und Ebene: Spurpunkt einer Lichtgeraden als Schatten auf der Wand aus einem Lösungsweg erläutern";"Analytische Geometrie";"Lagebeziehungen";"Einen vorgelegten Lösungsweg erläutern, in dem der Schnittpunkt einer Geraden in Lichtrichtung mit einer Koordinatenebene als Schattenpunkt bestimmt und seine Lage über Koordinatenbereiche gedeutet wird.";"2024MgrundlegendBAGLAA2WTR1-1d";"neu"
"Körper: Eckenzahl der Schnittvielecke einer Ebenenschar mit einem Körper und Sonderfälle angeben";"Analytische Geometrie";"Punkte und Strecken im Koordinatensystem";"Für eine Schar von Ebenen die Eckenzahl des Schnittvielecks mit einem Körper in Abhängigkeit vom Parameter angeben und Sonderfälle (kongruente Schnitte, Symmetrieachsen) nennen.";"2024MgrundlegendBAGLAA2WTR1-1e";"neu"
"Körper: Oberflächeninhalt eines Prismas über einem rechtwinkligen Dreieck berechnen";"Analytische Geometrie";"Flächeninhalt und Volumen im Raum";"Den Oberflächeninhalt eines geraden Prismas aus zwei Dreiecksflächen und den Mantelrechtecken berechnen.";"2024MgrundlegendBAGLAA2WTR2-1a";"neu"
"Ebene Figur: Lage dreier Punkte auf einem Kreis über den Thaleskreis begründen";"Analytische Geometrie";"Punkte und Strecken im Koordinatensystem";"Begründen, dass drei Punkte auf einem Kreis mit gegebenem Mittelpunkt liegen, indem der Mittelpunkt als Streckenmitte und der rechte Winkel (Thales) erkannt werden.";"2024MgrundlegendBAGLAA2WTR2-1b";"neu"
"Punkt und Ebene: Aufgabenstellung zu einer Punktprobe auf einer Kante aus dem Lösungsweg formulieren";"Analytische Geometrie";"Lagebeziehungen";"Zu Lösungsschritten mit parametrisiertem Kantenpunkt und Einsetzen in eine Ebenengleichung die passende Aufgabenstellung angeben.";"2024MgrundlegendBAGLAA2WTR2-1d";"neu"
"Term und Ereignis: Schnittwahrscheinlichkeit zweier Ereignisse im Sachzusammenhang deuten";"Stochastik";"Zufallsexperimente und Urnenmodelle";"Eine Gleichung der Form P(A ∩ B) = c im Sachzusammenhang in Worte übersetzen.";"2024MgrundlegendBStochastikWTR1-1a";"neu"
"Baumdiagramm mit aus einer Pfadwahrscheinlichkeit erschlossener Einzelwahrscheinlichkeit erstellen";"Stochastik";"Baumdiagramm und Pfadregeln";"Ein zweistufiges Baumdiagramm erstellen, dessen Einzelwahrscheinlichkeit erst aus einer gegebenen Pfadwahrscheinlichkeit erschlossen werden muss.";"2024MgrundlegendBStochastikWTR1-2a";"neu"
"Wahrscheinlichkeit für k Treffer unmittelbar hintereinander unter n Versuchen berechnen";"Stochastik";"Baumdiagramm und Pfadregeln";"Die Wahrscheinlichkeit berechnen, dass unter n Versuchen genau k Treffer auftreten und diese unmittelbar aufeinander folgen (Pfad mal Anzahl der Blocklagen).";"2024MgrundlegendBStochastikWTR1-2b";"neu"
"Wahrscheinlichkeit des Gegenereignisses einer Vereinigung nachweisen und als Ereignis angeben";"Stochastik";"Ereignisse und Mengenoperationen";"P(nicht A ∩ nicht B) als 1 − P(A ∪ B) nachweisen und das Ereignis im Sachzusammenhang angeben.";"2024MgrundlegendBStochastikWTR2-1a";"neu"
"Kleinste Umgebungsbreite unterhalb des Erwartungswerts für eine Mindestwahrscheinlichkeit ermitteln";"Stochastik";"Binomialverteilung";"Das kleinste k ermitteln, für das P(μ − k ≤ X ≤ μ) eine vorgegebene Schranke erreicht.";"2024MgrundlegendBStochastikWTR2-2b";"neu"
"Achsen des Graphen der Standardabweichung in Abhängigkeit von p skalieren und erläutern";"Stochastik";"Kenngrößen von Verteilungen";"In der Abbildung von σ(p) = √(np(1 − p)) die Achsen skalieren (p von 0 bis 1, σ über einen berechneten Gitterwert) und das Vorgehen erläutern.";"2024MgrundlegendBStochastikWTR2-3";"neu"
"Nullstellenfreiheit und Grenzwerte eines Bruchs mit e-Funktion am Term begründen";"Analysis";"Grenzwerte und Verhalten im Unendlichen";"Am Term eines Bruchs mit e-Funktion im Nenner begründen, dass es keine Nullstelle gibt, und die Grenzwerte für x → ±∞ angeben.";"2024MerhoehtBAnalysisWTR1-1a";"neu"
"Mittlere Steigung berechnen und Tangentensteigung im Wendepunkt grafisch bestimmen";"Analysis";"Ableitung und Änderungsrate";"Die mittlere Steigung über ein Intervall als Differenzenquotient berechnen und die Steigung im Wendepunkt durch Anlegen einer Tangente grafisch bestimmen.";"2024MerhoehtBAnalysisWTR1-1b";"neu"
"Achsensymmetrie des Ableitungsgraphen aus f'(−x) = f'(x) deuten und Graphen skizzieren";"Analysis";"Ableitungsgraph und Funktionsgraph";"Die Beziehung f'(−x) = f'(x) als Achsensymmetrie des Graphen von f' deuten und den Ableitungsgraphen in die Abbildung skizzieren.";"2024MerhoehtBAnalysisWTR1-1c";"neu"
"Nullstellen und Werte: Lage eines Graphen unterhalb der x-Achse über eine Logarithmus-Abschätzung beurteilen";"Analysis";"Funktionsklassen und Eigenschaften";"Eine Aussage über die Lage eines Graphen gegenüber der x-Achse über eine Abschätzung mit ln(e^x + 1) > x beurteilen.";"2024MerhoehtBAnalysisWTR1-1e";"neu"
"Anfangswert angeben und Zeitpunkt für einen Bestand bei logistischem Wachstum berechnen";"Analysis";"Gleichungen lösen";"Den Anfangswert einer logistischen Funktion angeben und den Zeitpunkt für einen vorgegebenen Bestand über eine Exponentialgleichung berechnen.";"2024MerhoehtBAnalysisWTR1-2b";"neu"
"Näherung durch die Tangente mit dem Funktionswert im Sachzusammenhang vergleichen";"Analysis";"Tangente, Normale, Schnittwinkel";"Den Wert einer Tangente (lineare Näherung) an einer Stelle mit dem Funktionswert vergleichen und das Ergebnis im Sachzusammenhang einordnen.";"2024MerhoehtBAnalysisWTR1-2c";"neu"
"Gleichungen eines Bestimmungssystems für Scharparameter im Sachzusammenhang deuten";"Analysis";"Funktionsscharen und Ortskurven";"Gleichungen wie Anfangswert, Grenzwert und Wert an einer Stelle, die die Parameter einer Schar festlegen, im Sachzusammenhang deuten.";"2024MerhoehtBAnalysisWTR1-2d";"neu"
"Scharparameter aus Anfangswert und Grenzwert über das Vorzeichen des Exponenten bestimmen";"Analysis";"Funktionsscharen und Ortskurven";"Parameter einer Schar mit e^{cx} aus Anfangswert und Grenzwert bestimmen, wobei das Vorzeichen von c erst aus dem Vergleich beider Werte folgt.";"2024MerhoehtBAnalysisWTR1-2e";"neu"
"Tiefpunkt einer Schar mit zwei Parametern nachweisen und Hochpunkt über die Punktsymmetrie begründen";"Analysis";"Funktionsscharen und Ortskurven";"Einen Tiefpunkt an einer parameterabhängigen Stelle über f' und f'' nachweisen und den Hochpunkt über die Punktsymmetrie des Graphen begründen.";"2024MerhoehtBAnalysisWTR2-1b";"neu"
"Scharparameter aus einer Nullstelle und einem Flächeninhalt bestimmen";"Analysis";"Funktionsscharen und Ortskurven";"Zwei Parameter einer Schar oder einer symmetrisch angesetzten Parabel aus einer vorgegebenen Nullstelle und dem Inhalt eines Flächenstücks zwischen Graph und x-Achse bestimmen.";"2024MerhoehtBAnalysisWTR2-1c";"neu"
"Flächeninhalt des Dreiecks aus Tangente, Gerade und x-Achse berechnen";"Analysis";"Tangente, Normale, Schnittwinkel";"Die Tangente in einem Punkt aufstellen, ihren Schnittpunkt mit einer gegebenen Geraden berechnen und den Flächeninhalt des mit der x-Achse gebildeten Dreiecks bestimmen.";"2024MerhoehtBAnalysisWTR2-1d";"neu"
"Mittelpunkte der Strecken zum Ursprung auf einem gegebenen Graphen allgemein nachweisen";"Analysis";"Funktionsscharen und Ortskurven";"Allgemein nachweisen, dass die Mittelpunkte der Strecken von Graphenpunkten zum Ursprung auf dem Graphen einer angegebenen Funktion liegen (Ortskurve).";"2024MerhoehtBAnalysisWTR2-1e";"neu"
"Eignung eines Modells über das Vorzeichen der Änderungsrate nach einer Nullstelle beurteilen";"Analysis";"Ableitung und Änderungsrate";"Begründen, dass eine Ratenfunktion jenseits einer Nullstelle mit Vorzeichenwechsel im Sachzusammenhang ungeeignet ist.";"2024MerhoehtBAnalysisWTR2-2c";"neu"
"Sekantenwinkel gegen eine Schranke am Graphen beurteilen";"Analysis";"Ableitung und Änderungsrate";"Ohne Rechnung beurteilen, ob die Sekante zwischen zwei Graphenpunkten einen Winkel unter einer Schranke hat, durch Vergleich mit einer eingezeichneten Hilfsgeraden.";"2024MerhoehtBAnalysisWTR3-1b";"neu"
"Maximalen Neigungswinkel über die Wendestelle berechnen und mit einer Schranke vergleichen";"Analysis";"Kurvenuntersuchung";"Die Stelle größter Steigung als Wendestelle bestimmen, den Steigungswinkel dort berechnen und mit einer Schranke vergleichen.";"2024MerhoehtBAnalysisWTR3-1c";"neu"
"Länge der Normalen vom Graphenpunkt bis zur x-Achse berechnen";"Analysis";"Tangente, Normale, Schnittwinkel";"Die Normale in einem Graphenpunkt aufstellen, ihre Nullstelle bestimmen und die Länge der Strecke vom Punkt bis zur x-Achse berechnen.";"2024MerhoehtBAnalysisWTR3-1d";"neu"
"Extrempunkt einer Schar mit Art nach dem Parametervorzeichen bestimmen";"Analysis";"Funktionsscharen und Ortskurven";"Den Extrempunkt einer Schar berechnen und seine Art in Abhängigkeit vom Vorzeichen des Parameters angeben.";"2024MerhoehtBAnalysisWTR3-2b";"neu"
"Abstand der y-Achsenabschnitte zweier benachbarter Scharkurven berechnen";"Analysis";"Funktionsscharen und Ortskurven";"Die Differenz der y-Achsenabschnitte von G_k und G_{k+1} berechnen.";"2024MerhoehtBAnalysisWTR3-2c";"neu"
"Spiegelung an der x-Achse als Scharmitglied nachweisen";"Analysis";"Funktionsscharen und Ortskurven";"Nachweisen, dass das Spiegelbild eines Schargraphen an der x-Achse wieder zur Schar gehört (−f_k = f_{−k}).";"2024MerhoehtBAnalysisWTR3-2d";"neu"
"Fläche: Gerade zur Halbierung der Fläche zwischen Scharkurve und Koordinatenachsen ermitteln";"Analysis";"Flächeninhalt durch Integration";"Die Gleichung einer Geraden durch die Nullstelle ermitteln, die die Fläche zwischen Graph und Koordinatenachsen halbiert (Dreiecksfläche gleich halbes Integral).";"2024MerhoehtBAnalysisWTR3-2e";"neu"
"Aufgabenstellung zu einer Extremwertaufgabe mit Dreiecksfläche aus dem Lösungsweg formulieren und Schritte erläutern";"Analysis";"Extremalprobleme";"Zu Lösungsschritten (Zielfunktion, notwendige und hinreichende Bedingung, Maximalwert) die passende Extremwertaufgabe formulieren und die Schritte erläutern.";"2024MerhoehtBAnalysisWTR3-2f";"neu"
"Übergangsprozess: Matrixparameter aus einer Komponente nach zwei Schritten bestimmen";"Analytische Geometrie";"Matrizen und Übergangsprozesse";"Einen unbekannten Eintrag der Übergangsmatrix aus einer vorgegebenen Komponente des Vektors nach zwei Übergangsschritten bestimmen.";"2024MerhoehtBAGLAA1WTR-1b";"neu"
"Matrizenalgebra: Konstanten Faktor der Komponentensumme von Q · u über die Spaltensummen nachweisen";"Analytische Geometrie";"Matrizen und Übergangsprozesse";"Für einen allgemeinen Vektor u nachweisen, dass die Komponentensumme von Q · u ein festes Vielfaches der Komponentensumme von u ist (gleiche Spaltensummen).";"2024MerhoehtBAGLAA1WTR-1c";"neu"
"Übergangsprozess: Zeitpunkt für das Unterschreiten eines Anteils der Populationsgröße über einen konstanten Faktor bestimmen";"Analytische Geometrie";"Matrizen und Übergangsprozesse";"Aus einem konstanten Faktor je Schritt die Anzahl der Schritte bestimmen, nach der die Gesamtgröße erstmals unter einen Anteil des Anfangswerts fällt (Exponentialungleichung).";"2024MerhoehtBAGLAA1WTR-1d";"neu"
"Dreieck: Rechten Winkel aus der Lage zu den Koordinatenachsen begründen";"Analytische Geometrie";"Orthogonalität";"Einen rechten Winkel eines Dreiecks ohne Rechnung aus der Lage der Schenkel in einer Koordinatenebene und auf der dazu senkrechten Achse begründen.";"2024MerhoehtBAGLAA1WTR-2a";"neu"
"Ebene Figur: Eckpunkt auf einer Achse aus dem Umfang eines Dreiecks bestimmen";"Analytische Geometrie";"Punkte und Strecken im Koordinatensystem";"Die unbekannte Koordinate eines Eckpunkts auf einer Koordinatenachse aus einem vorgegebenen Umfang über eine Wurzelgleichung bestimmen.";"2024MerhoehtBAGLAA1WTR-2b";"neu"
"Punkt: Bildpunkte einer Drehung um eine Koordinatenachse mit vorgegebener Koordinate angeben";"Analytische Geometrie";"Punkte und Strecken im Koordinatensystem";"Punkte auf der Kreisbahn angeben, die ein Punkt bei Drehung um eine Koordinatenachse beschreibt, wenn eine Koordinate vorgegeben ist.";"2024MerhoehtBAGLAA1WTR-2c";"neu"
"Körper: Oberflächeninhalt einer quadratischen Pyramide berechnen";"Analytische Geometrie";"Flächeninhalt und Volumen im Raum";"Den Oberflächeninhalt einer quadratischen Pyramide aus Grundfläche und vier Seitendreiecken (Seitenhöhe über Pythagoras) berechnen.";"2024MerhoehtBAGLAA2WTR1-1a";"neu"
"Symmetrieebene eines Körpers unter vorgegebenen Gleichungen auswählen und eine ausschließen";"Analytische Geometrie";"Spiegelung";"Unter mehreren Ebenengleichungen die Symmetrieebene eines Körpers (Pyramide, Quader) auswählen und für eine andere über eine Punktprobe oder einen Kantenmittelpunkt begründen, dass sie keine ist.";"2024MerhoehtBAGLAA2WTR1-1b";"neu"
"Lösungsweg für den Punkt gleichen Abstands zu allen Seitenflächen einer Pyramide erläutern";"Analytische Geometrie";"Abstände";"Einen vorgelegten Lösungsweg mit Lotgerade, Lotfußpunkt und Abstandsgleichheit zur Grundfläche für den Mittelpunkt der Inkugel einer Pyramide erläutern.";"2024MerhoehtBAGLAA2WTR1-1d";"neu"
"Gemeinsamen Punkt aller Ebenen einer Schar nachweisen";"Analytische Geometrie";"Scharen von Geraden und Ebenen";"Durch Einsetzen nachweisen, dass ein Punkt in allen Ebenen einer Schar liegt.";"2024MerhoehtBAGLAA2WTR1-1e";"neu"
"Schnittwinkel einer Geraden mit allen Ebenen einer Schar als parameterunabhängig nachweisen";"Analytische Geometrie";"Scharen von Geraden und Ebenen";"Den Sinus des Schnittwinkels zwischen einer Geraden und den Scharebenen mit Parameter berechnen und zeigen, dass der Parameter herausfällt.";"2024MerhoehtBAGLAA2WTR1-1f";"neu"
"Lotfußpunkte vom Ursprung auf Spurgeraden von Scharebenen einzeichnen";"Analytische Geometrie";"Scharen von Geraden und Ebenen";"Für ausgewählte Parameterwerte die Spurgeraden der Scharebenen in einer Koordinatenebene und die Lotfußpunkte vom Ursprung in das Schrägbild einzeichnen.";"2024MerhoehtBAGLAA2WTR1-1g";"neu"
"Körper: Rotationskörper einer Scharfläche als halben Kegel beschreiben und Volumen bestimmen";"Analytische Geometrie";"Flächeninhalt und Volumen im Raum";"Den Körper beschreiben, der beim Durchlaufen eines Parameters durch Drehung eines Dreiecks um eine Achse entsteht (halber Kegel), und sein Volumen berechnen.";"2024MerhoehtBAGLAA2WTR1-1h";"neu"
"Bedingte Wahrscheinlichkeit über Bayes aus dem Baumdiagramm berechnen";"Stochastik";"Bedingte Wahrscheinlichkeit und Bayes";"Eine bedingte Wahrscheinlichkeit gegen die Richtung des Baumdiagramms als Quotient aus einem Pfad und der Summe der Pfade zum Ereignis berechnen.";"2024MerhoehtBStochastikWTR1-1b";"neu"
"Mindestumfang für eine Mindestwahrscheinlichkeit von mehr als k Treffern ermitteln";"Stochastik";"Binomialverteilung";"Den kleinsten Stichprobenumfang n ermitteln, für den P(X > k) eine vorgegebene Schranke erreicht, durch Probieren am Rechner.";"2024MerhoehtBStochastikWTR1-1c";"neu"
"Wahl der Nullhypothese aus der Sicht des Entscheiders begründen";"Stochastik";"Hypothesentests";"Angeben, welche Überlegung (welcher zu vermeidende Fehler) zur Wahl einer bestimmten Nullhypothese führt.";"2024MerhoehtBStochastikWTR1-2a";"neu"
"Lücke in einem Lösungsweg zur Ablehnungsgrenze begründen und ergänzen";"Stochastik";"Hypothesentests";"Begründen, dass der Nachweis P(Y ≥ k) ≤ α allein die Ablehnungsgrenze nicht festlegt, und den fehlenden Nachbarwert ergänzen.";"2024MerhoehtBStochastikWTR1-2b";"neu"
"Fehler zweiter Art für einen selbst gewählten Anteil berechnen und mit einer Schranke vergleichen";"Stochastik";"Hypothesentests";"Für einen selbst gewählten Anteil, bei dem die Nullhypothese falsch ist, die Wahrscheinlichkeit des Fehlers zweiter Art berechnen und nachweisen, dass sie eine Schranke überschreitet.";"2024MerhoehtBStochastikWTR1-2c";"neu"
"Anteil der Kennwörter aus einer Teilmenge der Zeichen mit Wiederholung berechnen";"Stochastik";"Kombinatorik";"Die Anzahl der Zeichenfolgen fester Länge mit Wiederholung als Potenz bilden und den Anteil einer Teilmenge der Zeichen berechnen.";"2024MerhoehtBStochastikWTR1-3a";"neu"
"Anzahl der Kennwörter mit fester Buchstabenfolge und zwei Zusatzzeichen berechnen";"Stochastik";"Kombinatorik";"Die Anzahl der Zeichenfolgen bestimmen, die eine feste Teilfolge in Reihenfolge enthalten und mit verschiedenen weiteren Zeichen aufgefüllt sind (Lagen mal Zeichenwahl).";"2024MerhoehtBStochastikWTR1-3b";"neu"
"Hypergeometrische Wahrscheinlichkeit für genau k Treffer über Binomialkoeffizienten nachweisen";"Stochastik";"Hypergeometrische Verteilung";"Die Wahrscheinlichkeit für genau k Treffer beim Ziehen ohne Zurücklegen als Quotient von Binomialkoeffizienten berechnen.";"2024MerhoehtBStochastikWTR2-1e";"neu"
"Quantil einer Normalverteilung bestimmen und Wahrscheinlichkeit dafür bei einer zweiten Verteilung beurteilen";"Stochastik";"Normalverteilung und Sigma-Regeln";"Aus P(V > c) = q den Wert c bestimmen und für eine zweite Normalverteilung die Wahrscheinlichkeit beurteilen, c zu erreichen.";"2024MerhoehtBStochastikWTR2-2b";"neu"
"Parameter einer Normalverteilung aus dem Graphen der Verteilungsfunktion ermitteln";"Stochastik";"Normalverteilung und Sigma-Regeln";"μ als Stelle des Werts 0,5 und σ aus einem weiteren abgelesenen Punkt des Graphen der Verteilungsfunktion ermitteln.";"2024MerhoehtBStochastikWTR2-2c";"neu"
"Nullstellen und Extremstelle einer Parabel berechnen";"Analysis";"Kurvenuntersuchung";"Die Nullstellen einer quadratischen Funktion über die Lösungsformel und die Extremstelle als Mitte der Nullstellen oder über die Ableitung berechnen.";"2023MgrundlegendBAnalysisWTR1-1a";"neu"
"Abstand zwischen Parabel und waagerechter Gerade über den Scheitel beschreiben";"Analysis";"Kurvenuntersuchung";"Beschreiben, dass der Abstand zwischen dem Graphen einer nach unten geöffneten Parabel und einer waagerechten Geraden oberhalb als Differenz von Geradenhöhe und y-Koordinate des Hochpunkts berechnet wird.";"2023MgrundlegendBAnalysisWTR1-1b";"neu"
"Schnittwinkel eines Graphen mit einer waagerechten Geraden über die Ableitung berechnen";"Analysis";"Tangente, Normale, Schnittwinkel";"Die Schnittstelle eines Graphen mit einer waagerechten Geraden bestimmen und den Schnittwinkel über tan φ = f'(x₀) berechnen.";"2023MgrundlegendBAnalysisWTR1-1c";"neu"
"Gemeinsame Tangente zweier Graphen im Schnittpunkt nachweisen und angeben";"Analysis";"Tangente, Normale, Schnittwinkel";"Für zwei Graphen mit gemeinsamem Punkt nachweisen, dass die Ableitungen dort übereinstimmen, und die Gleichung der gemeinsamen Tangente angeben.";"2023MgrundlegendBAnalysisWTR1-1d";"neu"
"Funktionswert an der Stelle stärkster Abnahme am Graphen ablesen";"Analysis";"Kurvenuntersuchung";"Den Wendepunkt im fallenden Bereich eines Graphen als Stelle stärkster Abnahme aufsuchen und seine y-Koordinate im Sachzusammenhang ablesen.";"2023MgrundlegendBAnalysisWTR1-2b";"neu"
"Relative Abweichung zwischen Tangente und Funktion als Ungleichung im Sachzusammenhang deuten";"Analysis";"Tangente, Normale, Schnittwinkel";"Eine Ungleichung der Form |t(x) − f(x)| / f(x) < c auf einem Intervall als Aussage über die Güte der Tangente als Näherung der Funktion im Sachzusammenhang interpretieren.";"2023MgrundlegendBAnalysisWTR1-2c";"neu"
"Einfluss eines additiven Scharparameters auf den Graphen beschreiben";"Analysis";"Funktionsscharen und Ortskurven";"Beschreiben, dass ein additiver Scharparameter den Graphen in y-Richtung verschiebt.";"2023MgrundlegendBAnalysisWTR1-3a";"neu"
"Scharparameter für den Mittelpunkt der Extrempunkte auf der x-Achse bestimmen";"Analysis";"Funktionsscharen und Ortskurven";"Den Scharparameter bestimmen, für den der Mittelpunkt der Strecke zwischen den beiden Extrempunkten auf der x-Achse liegt, über die Bedingung an die Summe der Funktionswerte.";"2023MgrundlegendBAnalysisWTR1-3b";"neu"
"Scharparameter für genau eine Nullstelle über die Lage der Extrempunkte angeben";"Analysis";"Funktionsscharen und Ortskurven";"Alle Werte eines additiven Scharparameters angeben, für die die Funktion genau eine Nullstelle hat, aus der Lage von Tief- und Hochpunkt zur x-Achse und dem Grenzverhalten.";"2023MgrundlegendBAnalysisWTR1-3c";"neu"
"Transformation: Anzahl verschiedener Ergebnisse bei vertauschter Reihenfolge von Spiegelung und Verschiebungen begründen";"Analysis";"Funktionsklassen und Eigenschaften";"Begründen, wie viele verschiedene Graphen entstehen, wenn Spiegelung an der x-Achse und Verschiebungen in x- und y-Richtung in allen Reihenfolgen ausgeführt werden.";"2023MgrundlegendBAnalysisWTR2-1e";"neu"
"Aufgabenstellung zu Extremstellen und Wertedifferenz aus dem Lösungsweg formulieren und erläutern";"Analysis";"Kurvenuntersuchung";"Zu einer Rechnung, die Extremstellen bestimmt und die Differenz der zugehörigen Funktionswerte bildet, eine passende Aufgabenstellung im Sachzusammenhang formulieren und die Schritte erläutern.";"2023MgrundlegendBAnalysisWTR2-2b";"neu"
"Nullstellen und Werte: Wertemenge und Häufigkeit der Werte einer Sinusfunktion auf einer Periode angeben";"Analysis";"Funktionsklassen und Eigenschaften";"Für eine gestreckte und verschobene Sinusfunktion auf einer Periode alle angenommenen Werte und angeben, wie oft jeder Wert angenommen wird.";"2023MgrundlegendBAnalysisWTR2-2c";"neu"
"Länge der Monotoniebereiche zweier Modellfunktionen vergleichen und eine Aussage beurteilen";"Analysis";"Kurvenuntersuchung";"Die Länge des Bereichs steigender Werte zweier Modellfunktionen aus ihren Extremstellen bestimmen und eine Aussage über den Unterschied beurteilen.";"2023MgrundlegendBAnalysisWTR2-2d";"neu"
"Körper: Volumen eines Prismas mit Trapezquerschnitt im Sachzusammenhang berechnen und mit einer Vorgabe vergleichen";"Analytische Geometrie";"Flächeninhalt und Volumen im Raum";"Das Volumen eines Körpers mit Trapezquerschnitt als Prisma berechnen und mit einer vorgegebenen Füllmenge vergleichen.";"2023MgrundlegendBAGLAA1WTR-1b";"neu"
"Erreichbarkeit der Grundfläche über den größten Abstand zu einem Punkt beurteilen";"Analytische Geometrie";"Abstände";"Die von einem Punkt am weitesten entfernten Ecken einer Fläche bestimmen, den Abstand berechnen und mit einer vorgegebenen Länge vergleichen.";"2023MgrundlegendBAGLAA1WTR-1c";"neu"
"Verflechtung: Eintrag der Gesamtmatrix aus dem Diagramm bestätigen und Nulleintrag begründen";"Analytische Geometrie";"Matrizen und Übergangsprozesse";"Einen Eintrag der Gesamtbedarfsmatrix als Summe der Pfadprodukte im Verflechtungsdiagramm nachrechnen und einen Nulleintrag über fehlende Pfade begründen.";"2023MgrundlegendBAGLAA1WTR-2a";"neu"
"Verflechtung: Höchstmenge aus einer Kostenschranke bei festem Mengenverhältnis ermitteln";"Analytische Geometrie";"Matrizen und Übergangsprozesse";"Bei festem Verhältnis der Produktionsmengen den Rohstoffbedarf und die Kosten als Term in einer Unbekannten ansetzen und die Höchstmengen aus einer Kostenschranke ermitteln.";"2023MgrundlegendBAGLAA1WTR-2b";"neu"
"Verflechtung: Format der Bedarfsmatrix aus der Anzahl der Stufenprodukte begründen";"Analytische Geometrie";"Matrizen und Übergangsprozesse";"Zeilen- und Spaltenzahl einer Bedarfsmatrix aus der Anzahl der Produkte der beteiligten Stufen angeben und begründen.";"2023MgrundlegendBAGLAA1WTR-2c";"neu"
"Ebene Figur: Drachenviereck über zwei Paare gleich langer Seiten nachweisen";"Analytische Geometrie";"Punkte und Strecken im Koordinatensystem";"Ein Viereck als Drachenviereck nachweisen, indem zwei Paare benachbarter gleich langer Seiten aus den Koordinaten berechnet werden.";"2023MgrundlegendBAGLAA2WTR1-1a";"neu"
"Symmetrieebene eines geraden Prismas über die Symmetrieachse der Grundfläche begründen";"Analytische Geometrie";"Spiegelung";"Begründen, dass eine Ebene Symmetrieebene eines geraden Prismas ist, weil sie die Symmetrieachse der Grundfläche enthält und senkrecht auf der Grundfläche steht.";"2023MgrundlegendBAGLAA2WTR1-1c";"neu"
"Körper: Volumenrechnung eines Prismas aus einem Lösungsweg erläutern";"Analytische Geometrie";"Flächeninhalt und Volumen im Raum";"Die Faktoren einer vorgegebenen Volumenrechnung eines Prismas geometrisch deuten (Grundfläche, Höhe, Zerlegung).";"2023MgrundlegendBAGLAA2WTR1-1d";"neu"
"Körper: Geschwindigkeit entlang einer Kante aus Kantenlänge und Zeit berechnen";"Analytische Geometrie";"Punkte und Strecken im Koordinatensystem";"Die Länge einer Kante aus den Koordinaten berechnen und mit einer Zeitangabe und Einheitenumrechnung eine mittlere Geschwindigkeit bestimmen.";"2023MgrundlegendBAGLAA2WTR1-1e";"neu"
"Schnittwinkel zwischen Gerade und Ebene über Richtungs- und Normalenvektor berechnen";"Analytische Geometrie";"Skalarprodukt und Winkel";"Den Winkel zwischen einer Geraden und einer Ebene über sin φ = |u · n| / (|u| · |n|) aus Richtungs- und Normalenvektor berechnen.";"2023MgrundlegendBAGLAA2WTR1-1f";"neu"
"Ebene Figur: Gleichschenkligkeit über Seitenlängen nachweisen und Parallelität einer Kante zur Grundfläche begründen";"Analytische Geometrie";"Punkte und Strecken im Koordinatensystem";"Ein Dreieck über gleiche Schenkellängen als gleichschenklig nachweisen und die Parallelität einer Kante zu einer Koordinatenebene über gleiche Koordinaten begründen.";"2023MgrundlegendBAGLAA2WTR2-1a";"neu"
"Spitze einer Pyramide als Schnittpunkt einer Kantengeraden mit einer Koordinatenachse berechnen";"Analytische Geometrie";"Schnittmengen";"Die Spitze einer Pyramide als Schnittpunkt der Geraden durch zwei Punkte einer Kante mit einer Koordinatenachse berechnen.";"2023MgrundlegendBAGLAA2WTR2-1d";"neu"
"Abstand eines Punktes zu einer Ebene über eine Schrägstrecke nach oben abschätzen";"Analytische Geometrie";"Abstände";"Begründen, dass der Abstand eines Punktes zu einer Ebene kleiner als die Länge einer nicht senkrechten Verbindungsstrecke zu einem Ebenenpunkt ist, und dies in einer Skizze veranschaulichen.";"2023MgrundlegendBAGLAA2WTR2-1e";"neu"
"Körper: Volumenverlauf eines Restkörpers in Abhängigkeit vom Parameter als linear begründen und Graphen zuordnen";"Analytische Geometrie";"Flächeninhalt und Volumen im Raum";"Das Volumen eines Restkörpers als Differenz eines konstanten Volumens und eines Pyramidenvolumens mit linear vom Parameter abhängiger Höhe darstellen und den passenden Graphen begründen.";"2023MgrundlegendBAGLAA2WTR2-1f";"neu"
"Anzahl geordneter Auswahlen ohne Wiederholung berechnen";"Stochastik";"Kombinatorik";"Die Anzahl der Möglichkeiten, k aus n Objekten in festgelegter Reihenfolge ohne Wiederholung auszuwählen, als Produkt n · (n − 1) · … berechnen.";"2023MgrundlegendBStochastikWTR1-1a";"neu"
"Wahrscheinlichkeit eines zweistufigen Prüfplans über Binomialwahrscheinlichkeiten berechnen";"Stochastik";"Binomialverteilung";"Die Annahmewahrscheinlichkeit eines Prüfplans mit einer ersten Stichprobe und einer bedingten zweiten Stichprobe als Summe von Binomialwahrscheinlichkeiten und einem Produkt berechnen.";"2023MgrundlegendBStochastikWTR1-2a";"neu"
"Wirkung eines kleineren Stichprobenumfangs auf eine Annahmewahrscheinlichkeit ohne Rechnung beurteilen";"Stochastik";"Binomialverteilung";"Ohne Rechnung beurteilen, wie sich ein kleinerer Stichprobenumfang bei gleicher Annahmezahl auf die Wahrscheinlichkeit „höchstens k Ausschuss“ auswirkt und für wen das vorteilhaft ist.";"2023MgrundlegendBStochastikWTR1-2b";"neu"
"Wahrscheinlichkeit eines Schnitts aus einem Randanteil und dem Anteil ohne beide Mängel nachweisen";"Stochastik";"Ereignisse und Mengenoperationen";"P(¬A ∩ B) als Differenz P(¬A) − P(¬A ∩ ¬B) nachweisen, wenn der Anteil ohne beide Merkmale und ein Randanteil gegeben sind.";"2023MgrundlegendBStochastikWTR1-2d";"neu"
"Binomialverteilung einer Zufallsgröße über die Bernoulli-Bedingungen begründen";"Stochastik";"Binomialverteilung";"Begründen, dass eine Zufallsgröße binomialverteilt ist (zwei Ergebnisse je Versuch, feste Trefferwahrscheinlichkeit, Unabhängigkeit), und p aus dem Sachzusammenhang ablesen.";"2023MgrundlegendBStochastikWTR2-1a";"neu"
"Erwartungswert der Augensumme aus dem Erwartungswert der Trefferzahl berechnen";"Stochastik";"Kenngrößen von Verteilungen";"Den Erwartungswert der Summe der erzielten Zahlen bei einem zweiwertigen Würfel aus E(X) = n · p und der Restanzahl berechnen.";"2023MgrundlegendBStochastikWTR2-1d";"neu"
"Term und Ereignis: Wahrscheinlichkeitsterm über das Gegenereignis gleicher Ergebnisse begründen";"Stochastik";"Zufallsexperimente und Urnenmodelle";"Begründen, dass ein Term der Form 1 − p^n − (1 − p)^n die Wahrscheinlichkeit dafür angibt, dass ein Spiel spätestens nach n Würfen entschieden ist (Gegenereignis: alle Ergebnisse gleich).";"2023MgrundlegendBStochastikWTR2-1e";"neu"
"Wahrscheinlichkeit eines Spielausgangs über Pfade mit Abbruch berechnen";"Stochastik";"Baumdiagramm und Pfadregeln";"Für ein Spiel mit abwechselnden Würfen und Abbruch beim ersten Wechsel die Wahrscheinlichkeit eines Ausgangs bei begrenzter Wurfzahl als Summe der Pfadwahrscheinlichkeiten berechnen.";"2023MgrundlegendBStochastikWTR2-1f";"neu"
"Relative Häufigkeit aus absoluten Häufigkeiten berechnen";"Stochastik";"Lage- und Streumaße einer Stichprobe";"Die relative Häufigkeit eines Ergebnisses aus der Gesamtzahl und den Häufigkeiten der übrigen Ergebnisse berechnen.";"2023MgrundlegendBStochastikWTR2-2a";"neu"
"Bedingte Restwahrscheinlichkeit nach bekannten Ergebnissen über die Binomialverteilung berechnen";"Stochastik";"Binomialverteilung";"Eine Anteilsbedingung für eine Gesamtserie, von der ein Teil mit bekanntem Ergebnis vorliegt, in eine Schranke für die restlichen Versuche übersetzen und die Wahrscheinlichkeit binomial berechnen.";"2023MgrundlegendBStochastikWTR2-2b";"neu"
"Wahrscheinlichkeit einer Vereinigung aus der Vierfeldertafel über das Gegenereignis berechnen";"Stochastik";"Vierfeldertafel";"P(A ∪ B) aus der Vierfeldertafel als 1 − P(¬A ∩ ¬B) berechnen.";"2023MgrundlegendBStochastikWTR3-1b";"neu"
"Bedingung an ein Anzahlverhältnis in eine Binomialwahrscheinlichkeit übersetzen";"Stochastik";"Binomialverteilung";"Eine Bedingung wie „mindestens viermal so viele wie“ in eine Ungleichung für die Trefferzahl übersetzen und die Wahrscheinlichkeit mit dem Rechner ermitteln.";"2023MgrundlegendBStochastikWTR3-1d";"neu"
"Summand eines Erwartungswertterms im Sachzusammenhang deuten";"Stochastik";"Kenngrößen von Verteilungen";"Einen Summanden eines gegebenen Erwartungswertterms als Produkt aus Auszahlung, Anzahl der Reihenfolgen und Wahrscheinlichkeiten im Sachzusammenhang erläutern.";"2023MgrundlegendBStochastikWTR3-2a";"neu"
"Zeitpunkt für einen vorgegebenen Bestand aus der Funktionsgleichung mit dem Rechner ermitteln";"Analysis";"Gleichungen lösen";"Die Gleichung f(x) = c für einen vorgegebenen Bestandswert mit dem Rechner numerisch lösen und die Lösung als Zeitpunkt mit Einheit angeben.";"2026MgrundlegendBAnalysisMMS1-1a";"neu"
"Gleichung für die mittlere Änderungsrate lösen und Lösung im Sachzusammenhang deuten";"Analysis";"Ableitung und Änderungsrate";"Eine Gleichung der Form (f(c) − f(0))/c = m mit dem Rechner lösen, den Quotienten als mittlere Änderungsrate über [0; c] und die Lösung als Zeitraum im Sachzusammenhang deuten.";"2026MgrundlegendBAnalysisMMS1-1b";"neu"
"Zeitpunkt und Größe der maximalen Rate über die Ableitung der Ratenfunktion berechnen";"Analysis";"Ableitung und Änderungsrate";"Die Stelle der größten Rate als Nullstelle der Ableitung der Ratenfunktion berechnen (ist der Bestand gegeben, der zweiten Ableitung), Randstellen prüfen und, wenn verlangt, den Wert der Rate dort angeben.";"2026MgrundlegendBAnalysisMMS1-1c";"neu"
"Länge des Zeitraums mit Mindeständerungsrate über die Lösungen von f'(x) = c berechnen";"Analysis";"Ableitung und Änderungsrate";"Die beiden Lösungen der Gleichung f'(x) = c mit dem Rechner bestimmen und ihre Differenz als Länge des Zeitraums angeben, in dem die Rate mindestens c beträgt.";"2026MgrundlegendBAnalysisMMS1-1d";"neu"
"Größten jährlichen Zuwachs einer Rate über die Rechtskrümmung des Graphen begründen";"Analysis";"Ableitungsgraph und Funktionsgraph";"Am Graphen einer Rate über die Rechtskrümmung begründen, dass der Zuwachs über ein Zeitintervall fester Länge am Anfang am größten ist, und ihn mit einer Schranke vergleichen.";"2026MgrundlegendBAnalysisMMS1-1e";"neu"
"Nullstellen und Werte: Schnittpunkt mit der y-Achse und Steigung des Graphen dort angeben";"Analysis";"Funktionsklassen und Eigenschaften";"Den Schnittpunkt eines Graphen mit der y-Achse als (0 | f(0)) angeben und, wenn verlangt, die Steigung dort als f'(0).";"2026MgrundlegendBAnalysisMMS1-2a";"neu"
"Ergebnis eines Lösungswegs als y-Achsenabschnitt der parallelen Tangente deuten";"Analysis";"Tangente, Normale, Schnittwinkel";"Einen vorgegebenen Lösungsweg (f'(x) = m, Punkt einsetzen) als Aufstellen der zu einer Geraden parallelen Tangente erkennen und das Ergebnis als y-Achsenabschnitt dieser Tangente deuten.";"2026MgrundlegendBAnalysisMMS1-2b";"neu"
"Fläche: Parallele Gerade zur Halbierung einer Fläche über ein Achsendreieck bestimmen";"Analysis";"Flächeninhalt durch Integration";"Eine zu einer gegebenen Geraden parallele Gerade so bestimmen, dass das von ihr mit den Achsen gebildete Dreieck die Hälfte der Fläche zwischen Graph und Achsen hat (Dreiecksfläche in a gleich halbem Integral).";"2026MgrundlegendBAnalysisMMS1-2c";"neu"
"Nullstellen und Werte: Nullstellen berechnen und Grenzverhalten einer ganzrationalen Funktion angeben";"Analysis";"Funktionsklassen und Eigenschaften";"Die Nullstellen einer ganzrationalen Funktion berechnen (Rechner oder Faktorisierung) und das Verhalten für x → ±∞ über Grad und Leitkoeffizient angeben.";"2026MgrundlegendBAnalysisMMS2-1a";"neu"
"Extrempunkte: Existenz eines Hochpunkts aus dem Grad und einem Tiefpunkt begründen und Koordinaten angeben";"Analysis";"Funktionsklassen und Eigenschaften";"Begründen, dass eine ganzrationale Funktion dritten Grades mit einem Tiefpunkt auch einen Hochpunkt hat, und dessen Koordinaten angeben.";"2026MgrundlegendBAnalysisMMS2-1b";"neu"
"Wendestelle nachweisen und Winkel der Wendetangente mit der x-Achse über die Steigung −1 zeigen";"Analysis";"Kurvenuntersuchung";"Eine vorgegebene Wendestelle über f'' = 0 nachweisen und über f' = ±1 zeigen, dass die Wendetangente mit der x-Achse einen Winkel von 45° einschließt.";"2026MgrundlegendBAnalysisMMS2-1c";"neu"
"Passung eines Profils in einen Karton über Breite und Tiefe aus Nullstellen und Tiefpunkt prüfen";"Analysis";"Kurvenuntersuchung";"Breite (aus den Nullstellen) und Tiefe (aus dem Tiefpunkt) eines durch einen Graphen beschriebenen Profils mit Maßstab berechnen und mit vorgegebenen Innenmaßen vergleichen.";"2026MgrundlegendBAnalysisMMS2-1e";"neu"
"Fläche: Aufgabenstellung zu einem Volumen aus Fläche zwischen Graph und Gerade und Maßstab formulieren und erläutern";"Analysis";"Flächeninhalt durch Integration";"Zu einem Lösungsweg aus Schnittstellen mit einer waagerechten Geraden, Integral der Differenz und Umrechnung mit Maßstab und Länge eine passende Aufgabenstellung im Sachzusammenhang formulieren und die Schritte erläutern.";"2026MgrundlegendBAnalysisMMS2-1f";"neu"
"Fläche: Radius eines flächengleichen Halbkreisprofils aus einem Integral bestimmen und Materialmasse berechnen";"Analysis";"Flächeninhalt durch Integration";"Den Radius eines Halbkreises mit gleichem Flächeninhalt wie eine Integralfläche (mit Maßstab) bestimmen und daraus mit Wanddicke, Länge und Dichte die Masse eines halben Kreisrings berechnen.";"2026MgrundlegendBAnalysisMMS2-1g";"neu"
"Übergangsprozess: Unmöglichkeit einer Verteilung über eine negative Vorgängerkomponente begründen";"Analytische Geometrie";"Matrizen und Übergangsprozesse";"Aus P · v₀ = v₁ den Vorgängervektor berechnen und aus einer negativen Komponente begründen, dass v₁ im Modell nicht auftreten kann.";"2026MgrundlegendBAGLAA1MMS-1c";"neu"
"Übergangsprozess: Konstante prozentuale Abnahme einer Gruppe ohne Zugänge aus der Matrix begründen";"Analytische Geometrie";"Matrizen und Übergangsprozesse";"Aus der Zeile einer Übergangsmatrix (Verbleibrate, keine Zugänge) begründen, dass eine Gruppe je Schritt um einen festen Prozentsatz abnimmt.";"2026MgrundlegendBAGLAA1MMS-1d";"neu"
"Punkt aus einer Linearkombination von Kantenvektoren in das Schrägbild einzeichnen";"Analytische Geometrie";"Vektoren und Rechenoperationen";"Einen durch eine Linearkombination von Kantenvektoren eines Körpers gegebenen Punkt in das Schrägbild einzeichnen.";"2026MgrundlegendBAGLAA2MMS2-1a";"neu"
"Körper: Parameter für einen Volumenanteil zweier gegenläufiger Pyramiden im Quader bestimmen";"Analytische Geometrie";"Flächeninhalt und Volumen im Raum";"Für zwei Pyramiden über Grund- und Deckfläche eines Quaders mit parameterabhängigen Spitzen den Parameter so bestimmen, dass die Summe ihrer Volumen einen vorgegebenen Anteil des Quadervolumens hat.";"2026MgrundlegendBAGLAA2MMS2-1e";"neu"
"Nullstellen und Werte: Nullstellen aus Linearfaktoren im Sachzusammenhang nennen und ihre Vollständigkeit über die Faktorstruktur begründen";"Analysis";"Funktionsklassen und Eigenschaften";"Die Nullstellen eines in Linearfaktoren gegebenen Terms als Zeitpunkte im Sachzusammenhang nennen und über die Anzahl und Gleichheit der Faktoren begründen, dass es keine weiteren gibt.";"2023MerhoehtBAnalysisWTR1-1a";"neu"
"Negativen Wert einer Änderungsrate im Sachzusammenhang deuten";"Analysis";"Ableitung und Änderungsrate";"Die Aussage f(x₀) < 0 für eine Änderungsrate als Abnahme der Bestandsgröße zu diesem Zeitpunkt deuten.";"2023MerhoehtBAnalysisWTR1-1b";"neu"
"Zeitpunkt des größten Bestands aus dem Vorzeichenwechsel der Rate begründen";"Analysis";"Rekonstruktion von Beständen";"Den Zeitpunkt des maximalen Bestands als die Nullstelle der Rate angeben, an der die Rate von positiv nach negativ wechselt, und dies über das Vorzeichen der Rate begründen.";"2023MerhoehtBAnalysisWTR1-1d";"neu"
"Funktion als Bestandsfunktion über Ableitung und Anfangswert begründen und Endwert bestätigen";"Analysis";"Rekonstruktion von Beständen";"Begründen, dass eine gegebene Funktion s den Bestand beschreibt, weil s' gleich der Rate ist und s zum Startzeitpunkt den Anfangsbestand hat, und einen Bestandswert (etwa null am Ende) nachrechnen.";"2023MerhoehtBAnalysisWTR1-1e";"neu"
"Zunahme eines Bestands als Differenz der Bestandsfunktion und mittlere Änderungsrate im Zeitraum berechnen";"Analysis";"Rekonstruktion von Beständen";"Die Zunahme eines Bestands in einem Zeitraum als Differenz zweier Werte der Bestandsfunktion und die durchschnittliche Änderungsrate als Quotient mit der Zeitspanne berechnen.";"2023MerhoehtBAnalysisWTR1-1f";"neu"
"Zeitpunkt gleichen Bestands am Ratengraphen über gleich große Flächen markieren und begründen";"Analysis";"Rekonstruktion von Beständen";"Am Graphen einer Änderungsrate den zweiten Zeitpunkt mit demselben Bestand markieren: die Fläche über der Achse bis zur Nullstelle und die Fläche unter der Achse danach müssen gleich groß sein; Begründung und Veranschaulichung in der Abbildung.";"2023MerhoehtBAnalysisWTR1-1g";"neu"
"Grenzverhalten einer Potenzschar nach der Parität des Exponenten begründen";"Analysis";"Funktionsscharen und Ortskurven";"Für eine Schar mit Leitterm x^k das Verhalten für x → −∞ getrennt nach geradem und ungeradem k angeben und über den Leitterm begründen.";"2023MerhoehtBAnalysisWTR1-2a";"neu"
"Aussage über den Ableitungsgraphen einer Schar als Tangente an den Scharfgraphen beurteilen";"Analysis";"Funktionsscharen und Ortskurven";"Beurteilen, für welche Parameterwerte der Graph der Ableitungsfunktion Tangente an den Scharfgraphen ist: Geradenfälle eingrenzen, Berührbedingung (gleicher Wert und gleiche Steigung) prüfen.";"2023MerhoehtBAnalysisWTR1-2c";"neu"
"Trapez aus Funktions- und Ableitungswerten einer Schar begründen und Flächengleichheit für k und k + 1 nachweisen";"Analysis";"Funktionsscharen und Ortskurven";"Vier Punkte aus Werten von h_k und h_k' an zwei Stellen als Trapez (parallele Seiten über gleiche x-Koordinaten) begründen und den Flächeninhalt als Term in k mit (−1)^k so auswerten, dass die Gleichheit für gerades k und k + 1 folgt.";"2023MerhoehtBAnalysisWTR1-2d";"neu"
"Nullstellen und Werte: Gesamtlänge aus einer Nullstelle und der Achsensymmetrie im Sachzusammenhang berechnen";"Analysis";"Funktionsklassen und Eigenschaften";"Aus der Nullstelle einer Modellfunktion (Ende eines Bauteils) und der Symmetrie des Modells die Gesamtlänge mit Maßstab berechnen.";"2023MerhoehtBAnalysisWTR2-1a";"neu"
"Transformation: Term und Intervall des an der y-Achse gespiegelten Graphen angeben";"Analysis";"Funktionsklassen und Eigenschaften";"Für ein spiegelbildliches Bauteil den Term r(−x) und das gespiegelte Definitionsintervall angeben.";"2023MerhoehtBAnalysisWTR2-1b";"neu"
"Fläche: Flächeninhalt zwischen Graph, x-Achse und senkrechter Gerade im Sachzusammenhang mit Maßstab berechnen";"Analysis";"Flächeninhalt durch Integration";"Den Inhalt einer von Graph, Achse und einer senkrechten Geraden begrenzten Fläche als Integral berechnen und mit dem quadratischen Maßstab in die Realität umrechnen.";"2023MerhoehtBAnalysisWTR2-1e";"neu"
"Gleichung für zwei Graphenpunkte mit festem horizontalem Abstand und Höhenunterschied aufstellen";"Analysis";"Gleichungen lösen";"Eine Gleichung der Form s(x) − s(x − d) = h angeben, deren Lösung die Stelle eines Graphenpunkts mit vorgegebenem horizontalem Abstand und Höhenunterschied zu einem zweiten Graphenpunkt ist (Maßstab beachten).";"2023MerhoehtBAnalysisWTR2-2b";"neu"
"Nullstellen und Werte: Summe von Funktionswerten mit Maßstab als Gesamtlänge im Sachzusammenhang deuten";"Analysis";"Funktionsklassen und Eigenschaften";"Einen Summenterm über Funktionswerte an äquidistanten Stellen mit Maßstabsfaktor als Gesamtlänge gleichartiger Bauteile deuten und die Stellen, Werte und den Faktor begründen.";"2023MerhoehtBAnalysisWTR2-2c";"neu"
"Länge eines Kreisbogens durch drei Punkte über den Winkel am Mittelpunkt berechnen";"Analytische Geometrie";"Skalarprodukt und Winkel";"Für einen Kreis mit gegebenem Mittelpunkt durch drei Punkte den Radius und den halben Mittelpunktswinkel über den Tangens bestimmen und die Bogenlänge als Anteil des Umfangs mit Maßstab berechnen.";"2023MerhoehtBAnalysisWTR2-2e";"neu"
"Verflechtung: Fehlenden Eintrag des Diagramms aus der Bedarfsmatrix angeben und deuten";"Analytische Geometrie";"Matrizen und Übergangsprozesse";"Einen im Verflechtungsdiagramm fehlenden Bedarfswert aus der zugehörigen Matrix ablesen und als Mengeneinheiten je Mengeneinheit deuten.";"2023MerhoehtBAGLAA1WTR-1a";"neu"
"Verflechtung: Nichtinvertierbarkeit der Gesamtmatrix im Sachzusammenhang deuten";"Analytische Geometrie";"Matrizen und Übergangsprozesse";"Die Nichtinvertierbarkeit der Bedarfsmatrix als Aussage deuten, dass nicht jede Rohstoffmenge restlos in Endprodukte umgesetzt werden kann.";"2023MerhoehtBAGLAA1WTR-1c";"neu"
"Verflechtung: Bedarf eines neuen Endprodukts an Zwischenprodukten aus der Produktgleichung der Matrizen ermitteln";"Analytische Geometrie";"Matrizen und Übergangsprozesse";"Aus C = A · B mit einer neuen Spalte für ein weiteres Endprodukt eine Gleichung für die unbekannten Zwischenproduktbedarfe gewinnen und die verlangte Größe (etwa ihre Summe) ermitteln.";"2023MerhoehtBAGLAA1WTR-1d";"neu"
"Verflechtung: Rohstoffbedarf in Abhängigkeit von einem Matrixparameter als Gerade darstellen und erläutern";"Analytische Geometrie";"Matrizen und Übergangsprozesse";"Für eine Bedarfsmatrix mit Parameter t den Bedarf eines Rohstoffs bei fester Produktion als linearen Term in t herleiten, grafisch darstellen und den Weg erläutern.";"2023MerhoehtBAGLAA1WTR-1e";"neu"
"Innenwinkel eines Dreiecks über gleiche Seitenlängen als gleichseitig bestimmen";"Analytische Geometrie";"Skalarprodukt und Winkel";"Die fehlenden Innenwinkel eines Dreiecks bestimmen, indem über die Beträge der Seitenvektoren die Gleichseitigkeit nachgewiesen wird.";"2023MerhoehtBAGLAA1WTR-2a";"neu"
"Ebene Figur: Eckpunkt eines flächen- und umfangsgleichen Dreiecks über eine Parallelverschiebung angeben";"Analytische Geometrie";"Punkte und Strecken im Koordinatensystem";"Einen Punkt T so angeben, dass das Dreieck OTQ zu OPQ flächen- und umfangsgleich ist, über die Ergänzung zum Parallelogramm (OT = PQ).";"2023MerhoehtBAGLAA1WTR-2b";"neu"
"Ebene Figur: Flächengleichheit zweier Dreiecke mit gemeinsamer Seite über gleiche Höhen an einer Skizze begründen";"Analytische Geometrie";"Flächeninhalt und Volumen im Raum";"Ohne Rechnung an einer Skizze begründen, dass zwei Dreiecke mit gemeinsamer Seite gleichen Flächeninhalt haben, weil die Höhen auf diese Seite gleich lang sind (dritter Punkt aus einer Vektorgleichung).";"2023MerhoehtBAGLAA1WTR-2c";"neu"
"Ebene Figur: Flächeninhalt eines Rechtecks aus Kantenlängen berechnen und rechten Winkel zweier Flächen prüfen";"Analytische Geometrie";"Flächeninhalt und Volumen im Raum";"Den Flächeninhalt eines Rechtecks im Raum aus zwei Kantenlängen (ein Eckpunkt ergänzt) berechnen und über das Skalarprodukt zweier Kanten prüfen, ob zwei Flächen einen rechten Winkel einschließen.";"2023MerhoehtBAGLAA2WTR1-1a";"neu"
"Abstand einer vertikalen Fläche zu einer Achse über den Mittelpunkt der Oberkante begründen";"Analytische Geometrie";"Abstände";"Begründen, dass der Abstand einer vertikalen Fläche zu einer vertikalen Achse gleich dem Abstand des Mittelpunkts ihrer Oberkante ist, über die Symmetrie der Endpunkte zur Achse und die Vertikalität.";"2023MerhoehtBAGLAA2WTR1-1c";"neu"
"Neigungswinkel einer Strecke gegen die Horizontale über ihre Projektion berechnen";"Analytische Geometrie";"Skalarprodukt und Winkel";"Den Winkel einer Sichtlinie oder Strecke gegenüber der Horizontalen als Winkel zwischen ihrem Richtungsvektor und dessen Projektion in die Grundebene berechnen.";"2023MerhoehtBAGLAA2WTR1-1d";"neu"
"Rechenweg für den Schnittpunkt einer Geraden mit einer Ebene durch drei Punkte beschreiben";"Analytische Geometrie";"Schnittmengen";"Beschreiben, wie ein Punkt als Schnittpunkt einer Kantengeraden mit einer durch drei Punkte gegebenen Ebene über das Gleichsetzen der Parameterformen berechnet wird.";"2023MerhoehtBAGLAA2WTR1-1e";"neu"
"Achsenparallele Ebene einer Bewegung aus der Parameterdarstellung angeben";"Analytische Geometrie";"Ebenen";"Aus einer Bewegungsgleichung mit konstanter Koordinate die Ebene der Bewegung als achsenparallele Ebene beschreiben und ihre Gleichung angeben.";"2023MerhoehtBAGLAA2WTR1-1f";"neu"
"Punkt: Lage eines bewegten Punktes gegenüber einer Mauer über Zeitpunkt und Höhe untersuchen";"Analytische Geometrie";"Punkte und Strecken im Koordinatensystem";"Aus einer Bewegungsgleichung den Zeitpunkt des Erreichens einer Ebene bestimmen und über die Höhe zu diesem Zeitpunkt entscheiden, ob ein Hindernis getroffen wird.";"2023MerhoehtBAGLAA2WTR1-1g";"neu"
"Ebene Figur: Flächenterm eines Dreiecks als Quadrat minus Randdreiecke in der Abbildung veranschaulichen";"Analytische Geometrie";"Flächeninhalt und Volumen im Raum";"Einen vorgegebenen Flächenterm (umbeschriebenes Quadrat minus rechtwinklige Eckdreiecke) durch Eintragungen in die Abbildung des Körpers veranschaulichen.";"2023MerhoehtBAGLAA2WTR2-1c";"neu"
"Körper: Volumen aus Prisma und aufgesetzter Pyramide berechnen";"Analytische Geometrie";"Flächeninhalt und Volumen im Raum";"Das Volumen eines Körpers mit ebener Grundfläche und schräger Deckfläche als Summe aus einem geraden Prisma und einer Pyramide berechnen.";"2023MerhoehtBAGLAA2WTR2-1d";"neu"
"Parameterbereich, in dem eine Ebenenschar dieselben Kanten eines Körpers schneidet, bestimmen";"Analytische Geometrie";"Scharen von Geraden und Ebenen";"Für eine Ebenenschar durch eine Achse den größten Parameterbereich bestimmen, in dem die Ebenen dieselben Kanten eines Körpers schneiden, über die Parameterwerte, bei denen die Ebene durch Eckpunkte läuft.";"2023MerhoehtBAGLAA2WTR2-1e";"neu"
"Dreieck: Koordinate eines Punktes auf einer Kante für einen rechten Winkel über das Skalarprodukt berechnen";"Analytische Geometrie";"Orthogonalität";"Die unbekannte Koordinate eines Punktes auf einer Kante so berechnen, dass ein Dreieck dort einen rechten Winkel hat (Skalarprodukt der Schenkelvektoren null, quadratische Gleichung, Bereich prüfen).";"2023MerhoehtBAGLAA2WTR2-1f";"neu"
"Aufgabenstellung zu einer Drehung um eine Kante aus Lotfußpunkt und Rechenweg formulieren";"Analytische Geometrie";"Abstände";"Einen Rechenweg aus Lotfußpunkt auf eine Kante und Verschiebung um den Abstand in Achsenrichtung als Drehung eines Eckpunkts deuten, eine passende Aufgabenstellung formulieren und den Lotfußpunkt benennen.";"2023MerhoehtBAGLAA2WTR2-1g";"neu"
"Wahrscheinlichkeit für mehrere Wiederholungen ohne Abbruch als Potenz berechnen";"Stochastik";"Baumdiagramm und Pfadregeln";"Die Wahrscheinlichkeit, dass ein Abbruchereignis in n Wiederholungen nicht eintritt, als Potenz der Gegenwahrscheinlichkeit berechnen.";"2023MerhoehtBStochastikWTR1-3a";"neu"
"Erwartungswert einer weiteren Runde mit dem sicheren Betrag vergleichen und eine Empfehlung begründen";"Stochastik";"Kenngrößen von Verteilungen";"Den Erwartungswert der Auszahlung bei einer weiteren Spielrunde berechnen, mit dem sicheren Betrag bei Abbruch vergleichen und daraus eine Empfehlung begründen.";"2023MerhoehtBStochastikWTR1-3b";"neu"
"Aussage über gleiche Erwartungswerte aufeinanderfolgender Parameterwerte über eine Gleichung beurteilen";"Stochastik";"Kenngrößen von Verteilungen";"Eine Aussage über gleiche Erwartungswerte für aufeinanderfolgende n beurteilen, indem E(n) = E(n + 1) gelöst und die Eindeutigkeit der Lösung genutzt wird.";"2023MerhoehtBStochastikWTR1-3c";"neu"
"Obere Grenze eines Konfidenzintervalls über den Stichprobenanteil begründen und Verträglichkeit einer Annahme beschreiben";"Stochastik";"Konfidenzintervalle";"Aus der Lage des Stichprobenanteils im Konfidenzintervall eine Aussage über eine Intervallgrenze begründen und beschreiben, ob eine Annahme über p mit dem Intervall verträglich ist.";"2023MerhoehtBStochastikWTR1-4a";"neu"
"Kleinsten Stichprobenumfang für die Unverträglichkeit eines Anteils mit einer Annahme über die Näherungsformel ermitteln";"Stochastik";"Konfidenzintervalle";"Den kleinsten Stichprobenumfang ermitteln, ab dem ein beobachteter Anteil nicht mehr mit einer Annahme p verträglich ist, über |h − p| > 1,96 · √(p(1 − p)/n).";"2023MerhoehtBStochastikWTR1-4b";"neu"
"Anzahlvergleich zweier Teilgruppen über Pfadwahrscheinlichkeiten nachweisen";"Stochastik";"Baumdiagramm und Pfadregeln";"Nachweisen, welche von zwei Teilgruppen größer ist, indem die zugehörigen Pfadwahrscheinlichkeiten als Anteile an der Gesamtgruppe verglichen werden.";"2023MerhoehtBStochastikWTR2-1b";"neu"
"Anteil für stochastische Unabhängigkeit ohne Rechnung angeben und begründen";"Stochastik";"Unabhängigkeit";"Den Wert eines bedingten Anteils angeben, für den zwei Ereignisse unabhängig sind, und ohne Rechnung über die Gleichheit der bedingten Anteile begründen.";"2023MerhoehtBStochastikWTR2-1c";"neu"
"Restwahrscheinlichkeit und Erwartungswert eines Teilgewinns aus dem Gesamterwartungswert bestimmen";"Stochastik";"Kenngrößen von Verteilungen";"Die Wahrscheinlichkeit des verbleibenden Ausgangs als Gegenwahrscheinlichkeit nachweisen und aus dem bekannten Gesamterwartungswert den Erwartungswert des zugehörigen Teilgewinns über eine Gleichung bestimmen.";"2023MerhoehtBStochastikWTR2-2a";"neu"
"Kleinsten Radius einer symmetrischen Umgebung um den Erwartungswert für eine Mindestwahrscheinlichkeit ermitteln";"Stochastik";"Binomialverteilung";"Das kleinste ganzzahlige c ermitteln, für das P(μ − c ≤ X ≤ μ + c) eine vorgegebene Schranke erreicht, mit Nachbarwerten am Rechner.";"2023MerhoehtBStochastikWTR2-2b";"neu"
"Nutzen eines größeren Stichprobenumfangs über den Fehler zweiter Art an den Gütekurven begründen";"Stochastik";"Hypothesentests";"Anhand der Graphen der Ablehnwahrscheinlichkeit für zwei Stichprobenumfänge begründen, dass der größere Umfang den Fehler zweiter Art verkleinert, und die Bedingung nennen, unter der er sich trotz höherer Kosten lohnt.";"2023MerhoehtBStochastikWTR2-2c";"neu"
"Aufgabenstellung zu einer Potenz der Gegenwahrscheinlichkeit formulieren und Ansatz erläutern";"Stochastik";"Binomialverteilung";"Zu einer Rechnung der Form (1 − p)ⁿ eine passende Aufgabenstellung im Sachzusammenhang formulieren und den Ansatz (Gegenwahrscheinlichkeit, n unabhängige Wiederholungen) erläutern.";"2023MerhoehtBStochastikWTR3-1a";"neu"
"Mindestanzahl aus einer Erwartungswertbedingung n · p > c ermitteln";"Stochastik";"Kenngrößen von Verteilungen";"Die kleinste Anzahl n ermitteln, für die der Erwartungswert n · p eine vorgegebene Schranke überschreitet (Ungleichung lösen, aufrunden).";"2023MerhoehtBStochastikWTR3-1b";"neu"
"Fehlerwahrscheinlichkeit einer Einheit binomial berechnen und als Trefferwahrscheinlichkeit einer zweiten Binomialverteilung verwenden";"Stochastik";"Binomialverteilung";"Die Wahrscheinlichkeit, dass eine Verpackungseinheit fehlerhaft ist, über eine Binomialverteilung berechnen und mit ihr als p die Wahrscheinlichkeit für eine Anzahl fehlerhafter Einheiten in einer Lieferung bestimmen (Anteilsbedingung in eine Anzahl übersetzen).";"2023MerhoehtBStochastikWTR3-1c";"neu"
"Eignung der Normalverteilung trotz negativer Werte im Definitionsbereich begründen";"Stochastik";"Normalverteilung und Sigma-Regeln";"Begründen, dass die Normalverteilung für eine nichtnegative Größe sinnvoll ist, weil die Wahrscheinlichkeit negativer Werte vernachlässigbar klein ist.";"2023MerhoehtBStochastikWTR3-2b";"neu"
"Dichtefunktionen zu verschobenem Erwartungswert und kleinerer Standardabweichung skizzieren und Wirkung auf eine Wahrscheinlichkeit begründen";"Stochastik";"Normalverteilung und Sigma-Regeln";"Zu zwei Änderungsvorschlägen (größeres μ bzw. kleineres σ) je eine Dichtefunktion in die Abbildung skizzieren und über die Fläche unter der Dichte begründen, dass eine Unterschreitungswahrscheinlichkeit sinkt.";"2023MerhoehtBStochastikWTR3-2c";"neu"
"Kleinstes n, für das die Wahrscheinlichkeit lauter verschiedener Ergebnisse unter eine Schranke fällt, ermitteln";"Stochastik";"Kombinatorik";"Die Wahrscheinlichkeit, dass n zufällige Auswahlen aus n Möglichkeiten alle verschieden sind, als n!/nⁿ ansetzen und das kleinste n ermitteln, für das sie eine Schranke unterschreitet.";"2023MerhoehtBStochastikWTR3-3";"neu"
"Nullstellen und Werte: Funktionswert und Änderungsbeträge zweier Zeitabschnitte im Sachzusammenhang vergleichen";"Analysis";"Funktionsklassen und Eigenschaften";"Einen Funktionswert einer Modellfunktion berechnen und die Differenzen der Funktionswerte über zwei gleich lange Zeitabschnitte berechnen und vergleichen.";"2022MerhoehtBAnalysisWTR1-1a";"neu"
"Zeitpunkt stärkster Abnahme über das Minimum der Ableitung berechnen";"Analysis";"Kurvenuntersuchung";"Den Zeitpunkt der stärksten Abnahme einer Größe rechnerisch als Minimum der Ableitung bestimmen (Nullstellensymmetrie der quadratischen Ableitung oder zweite Ableitung).";"2022MerhoehtBAnalysisWTR1-1b";"neu"
"Zurückgelegte Strecke als Integral der Geschwindigkeit mit Umrechnung der Einheiten berechnen";"Analysis";"Rekonstruktion von Beständen";"Die in einem Zeitraum zurückgelegte Strecke als Integral über die Geschwindigkeitsfunktion berechnen und die Zeiteinheit (Minuten gegen Stunden) umrechnen.";"2022MerhoehtBAnalysisWTR1-1c";"neu"
"Aussage über den Bremsweg bei konstanter Abnahme über die Tangente und ein Dreieck untersuchen";"Analysis";"Tangente, Normale, Schnittwinkel";"Eine gleichbleibende Abnahme ab einem Zeitpunkt als Tangente modellieren, den Stillstand als Nullstelle der Tangente bestimmen und den Weg als Dreiecksfläche unter der Tangente mit Einheitenumrechnung prüfen.";"2022MerhoehtBAnalysisWTR1-1d";"neu"
"Bedingungen für den sprungfreien Übergang von Funktionswert und Ableitung angeben";"Analysis";"Funktionsscharen und Ortskurven";"Aus dem sprungfreien Anschluss an einen konstanten Verlauf die Bedingungen f_p(x₀) = c und f_p'(x₀) = 0 angeben.";"2022MerhoehtBAnalysisWTR1-1e";"neu"
"Scharparameter der Ausgangsfunktion angeben und Eignung zweier Scharfunktionen am Graphen beurteilen";"Analysis";"Funktionsscharen und Ortskurven";"Den Parameterwert angeben, für den die Schar die Ausgangsfunktion liefert, und für zwei abgebildete Scharfunktionen über Extrempunkte im Intervall beurteilen, ob sie den Sachverhalt beschreiben können.";"2022MerhoehtBAnalysisWTR1-1f";"neu"
"Eignung der Scharfunktionen über die Lage einer dritten Extremstelle beurteilen";"Analysis";"Funktionsscharen und Ortskurven";"Mit vorgegebenen Informationen über die parameterabhängige dritte Nullstelle der Ableitung die Parameterwerte angeben, für die im Intervall kein Extremum liegt, und daraus die Eignung beurteilen.";"2022MerhoehtBAnalysisWTR1-1g";"neu"
"Parameter einer Sinusfunktion aus zwei aufeinanderfolgenden Extrempunkten bestimmen";"Analysis";"Rekonstruktion von Funktionsgleichungen";"Amplitude als halbe Differenz der Extremwerte und den Frequenzparameter aus dem Abstand zweier aufeinanderfolgender Extremstellen (halbe Periode) bestimmen.";"2022MerhoehtBAnalysisWTR1-2a";"neu"
"Integralwert: Integralwert über die Punktsymmetrie und ein Quadrat geometrisch begründen";"Analysis";"Flächeninhalt durch Integration";"Den Wert eines Integrals über ein zum Symmetriepunkt symmetrisches Intervall geometrisch begründen: gleich große Flächenstücke über die Punktsymmetrie umlegen, sodass ein Quadrat entsteht.";"2022MerhoehtBAnalysisWTR1-2b";"neu"
"Wendestellen einer Sinusfunktion als ganzzahlig nachweisen und die beiden Wendetangentensteigungen zeigen";"Analysis";"Kurvenuntersuchung";"Die Wendestellen einer verschobenen Sinusfunktion über die Nullstellen des Sinus als Vielfache einer ganzen Zahl nachweisen und über die Ableitung zeigen, dass die Steigung dort nur zwei Werte annimmt.";"2022MerhoehtBAnalysisWTR1-2c";"neu"
"Tangente durch einen entfernten Punkt über die Rationalität der Steigung ausschließen";"Analysis";"Tangente, Normale, Schnittwinkel";"Für Geraden durch die Wendepunkte und einen festen Punkt die Steigung allgemein bilden und über rational gegen irrational (±π/2) ausschließen, dass eine davon Tangente ist.";"2022MerhoehtBAnalysisWTR1-2d";"neu"
"Symmetrie: Punktsymmetrie über f(−x) = −f(x) nachweisen, eindeutige Nullstelle begründen und Grenzwert angeben";"Analysis";"Funktionsklassen und Eigenschaften";"Am Term f(−x) = −f(x) nachweisen, über den positiven Exponentialfaktor die einzige Nullstelle begründen und den Grenzwert für x → +∞ angeben.";"2022MerhoehtBAnalysisWTR2-1a";"neu"
"Ableitung eines Produkts aus x und einer e-Funktion mit Produkt- und Kettenregel bilden";"Analysis";"Ableitungsregeln";"Die Ableitung eines Terms p(x) · e^(g(x)) (p Polynom, auch nur x) mit Produkt- und Kettenregel bilden und den gemeinsamen Faktor ausklammern.";"2022MerhoehtBAnalysisWTR2-1b";"neu"
"Koordinatenachsen zu einem gegebenen Graphen ergänzen und skalieren";"Analysis";"Kurvenuntersuchung";"In eine Abbildung eines Graphen ohne Koordinatensystem die Achsen so einzeichnen und skalieren, dass Symmetrie und berechnete markante Punkte (etwa ein Hochpunkt) stimmen.";"2022MerhoehtBAnalysisWTR2-1c";"neu"
"Integral über eine vorgegebene Regel für g' · e^g berechnen";"Analysis";"Integrationsregeln";"Einen Integranden in die Form g'(x) · e^(g(x)) bringen (Vorzeichen anpassen) und das Integral mit der vorgegebenen Regel [e^(g(x))] berechnen.";"2022MerhoehtBAnalysisWTR2-1d";"neu"
"Näherung eines Integrals mit großer oberer Grenze durch ein festes Integral geometrisch deuten";"Analysis";"Uneigentliche Integrale";"Die Aussage F(w) − F(0) ≈ ∫₀^c f für alle w > c als Aussage über Flächenstücke unter einem gegen null gehenden Graphen deuten.";"2022MerhoehtBAnalysisWTR2-1e";"neu"
"Steigung und Achsenschnittpunkt des linearen Sonderfalls einer Schar angeben";"Analysis";"Funktionsscharen und Ortskurven";"Für den Parameterwert, bei dem die Scharfunktion linear wird, Steigung und Schnittpunkt mit der y-Achse angeben.";"2022MerhoehtBAnalysisWTR2-2b";"neu"
"Folgerungen aus gemeinsamen Eigenschaften einer Schar für den Verlauf der Graphen angeben";"Analysis";"Funktionsscharen und Ortskurven";"Vorgegebene Aussagen über Funktionswerte, Ableitungswerte und gemeinsame Punkte der Scharfunktionen in Aussagen über die Lage der Graphen zueinander übersetzen.";"2022MerhoehtBAnalysisWTR2-2c";"neu"
"Gleichmäßige Streckung eines Scharfgraphen als Graph einer anderen Scharfunktion nachweisen";"Analysis";"Funktionsscharen und Ortskurven";"Nachweisen, dass k · f_a(x/k) wieder eine Funktion der Schar ist, und den zugehörigen Parameter angeben.";"2022MerhoehtBAnalysisWTR2-2d";"neu"
"Parameterwerte nach der Anzahl der Extrempunkte über die Lösbarkeit der Extremstellengleichung begründen";"Analysis";"Funktionsscharen und Ortskurven";"Aus der Lösungsanzahl einer vorgegebenen Gleichung für die Extremstellen (etwa a · x² = 1) die Parameterbereiche mit zwei bzw. keinem Extrempunkt angeben und begründen.";"2022MerhoehtBAnalysisWTR2-2e";"neu"
"Ortskurve der Extrempunkte einer Schar als Gerade über Sonderfall und Streckungseigenschaft begründen";"Analysis";"Funktionsscharen und Ortskurven";"Begründen, dass alle Extrempunkte einer Schar auf y = x liegen, über einen Sonderfall mit bekanntem Extrempunkt und Symmetrie sowie die Streckungseigenschaft der Schar.";"2022MerhoehtBAnalysisWTR2-2f";"neu"
"Scharparameter für einen vorgegebenen Flächeninhalt eines Vierecks aus Hochpunkt und Achsenpunkten bestimmen";"Analysis";"Funktionsscharen und Ortskurven";"Ein Viereck aus Hochpunkt, Achsenpunkten und Ursprung skizzieren, seinen Flächeninhalt als Term in der Extremstelle ausdrücken, aus dem vorgegebenen Inhalt die Extremstelle und daraus den Parameter bestimmen.";"2022MerhoehtBAnalysisWTR2-2g";"neu"
"Anfangswert angeben und Stelle für einen vorgegebenen Wert einer Exponentialfunktion berechnen";"Analysis";"Gleichungen lösen";"Den Wert einer Exponentialfunktion an der Stelle 0 angeben und die Stelle zu einem vorgegebenen Funktionswert über den Logarithmus berechnen.";"2022MerhoehtBAnalysisWTR3-1a";"neu"
"Logarithmus einer Exponentialfunktion als lineare Funktion nachweisen und Steigung und Achsenabschnitt angeben";"Analysis";"Kurvenuntersuchung";"Mit den Logarithmengesetzen zeigen, dass h ↦ ln(c · e^(kh)) linear ist, und Steigung und Schnittpunkt mit der y-Achse angeben.";"2022MerhoehtBAnalysisWTR3-1c";"neu"
"Stammfunktion eines Polynomterms nach dem Ausmultiplizieren angeben";"Analysis";"Stammfunktion und Hauptsatz";"Einen in Klammern gegebenen Integranden ausmultiplizieren und gliedweise eine Stammfunktion angeben.";"2022MerhoehtBAnalysisWTR3-2a";"neu"
"Integranden als Querschnittsfläche über den Satz des Pythagoras deuten und Umrechnungsfaktor erläutern";"Analysis";"Rotationsvolumen";"Den Integranden eines Volumenintegrals als Flächeninhalt eines Kreisschnitts deuten, den Radius an der Abbildung über den Satz des Pythagoras begründen und einen Vorfaktor als Einheitenumrechnung erläutern.";"2022MerhoehtBAnalysisWTR3-2b";"neu"
"Wendestelle einer Integralfunktion über die Ableitung des Integranden begründen und Funktionswert berechnen";"Analysis";"Stammfunktion und Hauptsatz";"Die Wendestelle einer Integralfunktion über die Nullstelle der Ableitung des Integranden (zweite Ableitung) begründen und den Funktionswert dort berechnen.";"2022MerhoehtBAnalysisWTR3-2c";"neu"
"Nullstellen und Werte: Minimalwert einer verschobenen Sinusfunktion begründen";"Analysis";"Funktionsklassen und Eigenschaften";"Den kleinsten Wert von a · sin(bx) + c über den Wertebereich des Sinus begründen.";"2022MerhoehtBAnalysisWTR3-3a";"neu"
"Alle Zeitpunkte für einen Wert einer Sinusfunktion in einem Intervall berechnen";"Analysis";"Gleichungen lösen";"Die Gleichung a · sin(bx) + c = d nach dem Sinus auflösen, alle Lösungen über die Symmetrie zu π/2 und die Periode bilden und die im Intervall liegenden angeben.";"2022MerhoehtBAnalysisWTR3-3b";"neu"
"Nullstellen und Werte: Wert einer Funktion berechnen und die zugehörige Stelle einer zweiten Funktion am Graphen ablesen";"Analysis";"Funktionsklassen und Eigenschaften";"Einen Funktionswert eines ersten Modells berechnen und am Graphen eines zweiten Modells die Stelle ablesen, an der dieser Wert angenommen wird (Verkettung zweier Modelle).";"2022MerhoehtBAnalysisWTR3-3c";"neu"
"Rechten Winkel zwischen zwei Seiten einer Figur über das Skalarprodukt nachweisen";"Analytische Geometrie";"Skalarprodukt und Winkel";"Nachweisen, dass zwei Seiten einer Figur einen rechten Winkel einschließen, indem das Skalarprodukt der Seitenvektoren null ist.";"2022MerhoehtBAGLAA1WTR-1a";"neu"
"Vierten Eckpunkt eines Quadrats über eine Vektoraddition bestimmen";"Analytische Geometrie";"Vektoren und Rechenoperationen";"Den fehlenden Eckpunkt eines Quadrats aus drei gegebenen Ecken über die Addition eines Seitenvektors bestimmen.";"2022MerhoehtBAGLAA1WTR-1b";"neu"
"Gleichschenkligkeit eines dritten Dreiecks aus zwei Gleichschenkligkeiten begründen";"Analytische Geometrie";"Abstände";"Ohne Rechnung begründen, dass aus gleichen Abständen eines Punktes zu B und C sowie zu B und D auch die Gleichheit der Abstände zu C und D folgt.";"2022MerhoehtBAGLAA1WTR-1c";"neu"
"Übergangsprozess: Verhältnis der Anfangsbestände aus einer Gleichverteilung nach einem Übergang bestimmen";"Analytische Geometrie";"Matrizen und Übergangsprozesse";"Aus M · v = w mit teilweise bekanntem v und bekanntem w die unbekannten Komponenten von v über ein Gleichungssystem bestimmen und ihr Verhältnis angeben.";"2022MerhoehtBAGLAA1WTR-2b";"neu"
"Matrizenalgebra: Parameterbereich für endliche Grenzwerte der Matrixpotenzen über eine Potenzfolge bestimmen";"Analytische Geometrie";"Matrizen und Übergangsprozesse";"Aus der vorgegebenen Form der Matrixpotenzen die Parameterwerte bestimmen, für die alle Einträge für k → ∞ endlich bleiben (Grenzverhalten einer geometrischen Folge).";"2022MerhoehtBAGLAA1WTR-2c";"neu"
"Übergangsprozess: Übergangsverhalten einer parametrisierten Matrix nach Fällen im Sachzusammenhang beschreiben";"Analytische Geometrie";"Matrizen und Übergangsprozesse";"Die Übergänge einer Matrix mit Parameter nach Fällen (Randwerte, Zwischenbereich) im Sachzusammenhang beschreiben, einschließlich des langfristigen Verhaltens aus der Grenzmatrix.";"2022MerhoehtBAGLAA1WTR-2d";"neu"
"Ebene Figur: Gleichschenkligkeit über kongruente rechtwinklige Dreiecke begründen";"Analytische Geometrie";"Punkte und Strecken im Koordinatensystem";"Die Gleichschenkligkeit eines Dreiecks begründen, indem zwei Seiten als Hypotenusen kongruenter rechtwinkliger Dreiecke mit gleichen Katheten erkannt werden.";"2022MerhoehtBAGLAA2WTR1-1a";"neu"
"Scharparameter für einen vorgegebenen Schnittwinkel zwischen Achse und Ebene ermitteln";"Analytische Geometrie";"Scharen von Geraden und Ebenen";"Den Parameter einer Ebenenschar so bestimmen, dass der Winkel zwischen einer Koordinatenachse und der Ebene einen vorgegebenen Wert hat (Sinusformel mit parameterabhängigem Normalenvektor).";"2022MerhoehtBAGLAA2WTR1-1d";"neu"
"Anzahl der Eckpunkte der Schnittfigur einer Ebenenschar mit einem Quader nach Parameterbereichen angeben";"Analytische Geometrie";"Scharen von Geraden und Ebenen";"Die Parameterwerte bestimmen, bei denen eine Ebene der Schar Quaderecken enthält, und für die Bereiche dazwischen die Eckenzahl der Schnittfigur angeben.";"2022MerhoehtBAGLAA2WTR1-1f";"neu"
"Punkt: Koordinaten eines Punktes auf einer Strecke in Abhängigkeit von seiner Höhe ermitteln";"Analytische Geometrie";"Punkte und Strecken im Koordinatensystem";"Einen Punkt auf einer Strecke (etwa der Mittellinie einer Pyramidenfläche) in Abhängigkeit von seiner Höhe über die Parameterform der Strecke ermitteln.";"2022MerhoehtBAGLAA2WTR1-1g";"neu"
"Symmetrie zweier Punkte bezüglich einer Koordinatenachse über die Koordinaten begründen";"Analytische Geometrie";"Spiegelung";"Begründen, dass zwei Punkte symmetrisch zu einer Koordinatenachse liegen, weil zwei Koordinaten entgegengesetzt und die dritte gleich sind.";"2022MerhoehtBAGLAA2WTR2-1a";"neu"
"Körper: Länge eines Streckenzugs aus Kanten und Diagonalen eines Quaders im Sachzusammenhang berechnen";"Analytische Geometrie";"Punkte und Strecken im Koordinatensystem";"Die Gesamtlänge eines Streckenzugs aus mehreren Strecken über die Beträge der Verbindungsvektoren mit Maßstab berechnen.";"2022MerhoehtBAGLAA2WTR2-1b";"neu"
"Winkel zwischen zwei spiegelbildlichen Ebenen als Term im Neigungswinkel angeben";"Analytische Geometrie";"Skalarprodukt und Winkel";"Für zwei zur Grundebene spiegelbildliche Ebenen den Winkel zwischen ihnen als Term im Neigungswinkel gegen die Grundebene angeben (180° − 2φ).";"2022MerhoehtBAGLAA2WTR2-1d";"neu"
"Körper: Volumenanteil einer Pyramide am Quader ohne Volumenberechnung begründen";"Analytische Geometrie";"Flächeninhalt und Volumen im Raum";"Den Anteil eines pyramidenförmigen Teilkörpers am Quader über Grundfläche als halbe Seitenfläche und Faktor 1/3 begründen, ohne Volumina zu berechnen.";"2022MerhoehtBAGLAA2WTR2-1e";"neu"
"Blickrichtungsvektoren zu schematischen Ansichten angeben und eine weitere Ansicht zeichnen";"Analytische Geometrie";"Vektoren und Rechenoperationen";"Zu schematischen Ansichten eines Streckenzugs passende Blickrichtungsvektoren angeben und die Ansicht aus einer weiteren Richtung (von oben) zeichnen.";"2022MerhoehtBAGLAA2WTR2-1f";"neu"
"Lösungsweg für einen Punkt mit gleichem Abstand zu drei Strecken über Lotfußpunkt und Abstandsgleichheit erläutern";"Analytische Geometrie";"Abstände";"Ein vorgegebenes Gleichungssystem (Punkt auf einer Strecke, Lotbedingung, Gleichheit zweier Abstände) als Weg zum Punkt mit gleichem Abstand zu mehreren Strecken erläutern.";"2022MerhoehtBAGLAA2WTR2-1g";"neu"
"Aussage über die Halbierung einer Potenzwahrscheinlichkeit bei doppeltem Umfang allgemein widerlegen";"Stochastik";"Binomialverteilung";"Über das Potenzgesetz q^(2n) = q^n · q^n allgemein zeigen, dass die Wahrscheinlichkeit für null Treffer bei doppeltem Umfang für kein n halb so groß ist.";"2022MerhoehtBStochastikWTR1-1f";"neu"
"Stichprobenumfang eines Tests aus Ablehnungsgrenze und Fehler erster Art am Graphen ermitteln";"Stochastik";"Hypothesentests";"Den Fehler erster Art an der Grenze der Nullhypothese am Graphen ablesen und den Stichprobenumfang durch Vergleich kumulierter Wahrscheinlichkeiten für benachbarte n ermitteln.";"2022MerhoehtBStochastikWTR1-2a";"neu"
"Tabelle mit drei Spalten analog zur Vierfeldertafel aus Anteilen vervollständigen";"Stochastik";"Vierfeldertafel";"Eine Tafel mit zwei Zeilen und drei Spalten aus Rand-, Schnitt- und bedingten Anteilen vollständig ausfüllen.";"2022MerhoehtBStochastikWTR2-1a";"neu"
"Anteil eines Entweder-oder-Ereignisses aus einer Tafel berechnen";"Stochastik";"Ereignisse und Mengenoperationen";"Den Anteil für „entweder A oder B“ (ausschließendes Oder) als Summe der passenden Felder einer Tafel berechnen.";"2022MerhoehtBStochastikWTR2-1c";"neu"
"Anzahl der Zahlenkombinationen mit einer vierfachen Ziffer aus drei Ziffern berechnen";"Stochastik";"Kombinatorik";"Die Anzahl der Ziffernfolgen fester Länge berechnen, in denen drei vorgegebene Ziffern vorkommen und eine davon mehrfach: Wahl der Mehrfachziffer, Plätze der übrigen, deren Reihenfolge.";"2022MerhoehtBStochastikWTR2-2";"neu"
"Maximale Wahrscheinlichkeit eines Intervalls fester Länge über die Lage um den Erwartungswert begründen";"Stochastik";"Normalverteilung und Sigma-Regeln";"Begründen, dass ein Intervall fester Länge symmetrisch um den Erwartungswert die größte Wahrscheinlichkeit hat, diese unabhängig von μ berechnen und mit einer Schranke vergleichen.";"2022MerhoehtBStochastikWTR2-3a";"neu"
"Erwartungswert einer Normalverteilung aus einer Wahrscheinlichkeitsvorgabe ermitteln und weitere Wahrscheinlichkeit berechnen";"Stochastik";"Normalverteilung und Sigma-Regeln";"Bei bekannter Standardabweichung μ aus einer vorgegebenen Unterschreitungswahrscheinlichkeit ermitteln (Probieren oder Quantil) und damit eine weitere Wahrscheinlichkeit berechnen.";"2022MerhoehtBStochastikWTR2-3b";"neu"
"Nullstellen einer Schar am Term begründen und Tangentensteigungen dort nachweisen";"Analysis";"Funktionsscharen und Ortskurven";"Aus dem faktorisierten Term einer Schar begründen, dass nur die angegebenen Nullstellen existieren, und die Steigungen in diesen Punkten über die Ableitung nachweisen (etwa die x-Achse als Tangente).";"2026MerhoehtBAnalysisMMS1-1a";"neu"
"Scharparameter aus einem vorgegebenen Flächeninhalt zwischen Graph und x-Achse berechnen";"Analysis";"Funktionsscharen und Ortskurven";"Das Integral zwischen den parameterabhängigen Nullstellen als Term im Parameter berechnen, gleich dem vorgegebenen Flächeninhalt setzen und den Parameter bestimmen.";"2026MerhoehtBAnalysisMMS1-1b";"neu"
"Scharparameter für einen Wendepunkt auf einer Geraden berechnen";"Analysis";"Funktionsscharen und Ortskurven";"Die Wendestelle einer Schar als Term im Parameter bestimmen und den Parameter so berechnen, dass der Wendepunkt eine gegebene Geradengleichung erfüllt.";"2026MerhoehtBAnalysisMMS1-1c";"neu"
"Transformation: Streckfaktoren aus dem Term ablesen und Flächengleichheit der Bilddreiecke über das Produkt der Faktoren beurteilen";"Analysis";"Funktionsklassen und Eigenschaften";"Aus w(x) = s · f(k · (c − x)) die Streckfaktoren in x- und y-Richtung angeben und beurteilen, ob ein Dreieck aus Graphenpunkten und sein Bild flächengleich sind (Grundseite mit s_x, Höhe mit s_y gestreckt, Produkt der Faktoren).";"2026MerhoehtBAnalysisMMS1-1d";"neu"
"Nullstellen und Werte: Aussage über eine Rate aus dem Nullabschnitt einer abschnittsweise definierten Funktion begründen";"Analysis";"Funktionsklassen und Eigenschaften";"Eine Sachaussage (ab einem Zeitpunkt passiert nichts mehr) damit begründen, dass die abschnittsweise definierte Ratenfunktion dort den Wert null hat; Zeitpunkt in die Modellvariable umrechnen.";"2026MerhoehtBAnalysisMMS1-1e";"neu"
"Gleichheit der Flächen unter Eingangs- und Ausgangsrate als gleiche Gesamtzahl im Sachzusammenhang erläutern";"Analysis";"Rekonstruktion von Beständen";"Die Flächen unter zwei Ratengraphen als Gesamtzahlen (Zugänge, Abgänge) deuten und daraus erläutern, dass zwei Teilflächen gleich groß sind, weil die Gesamtzahlen übereinstimmen.";"2026MerhoehtBAnalysisMMS1-1g";"neu"
"Maximum einer Integralfunktion über die Nullstelle des Integranden begründen und im Sachzusammenhang deuten";"Analysis";"Stammfunktion und Hauptsatz";"Für D(x) = ∫(g − h) begründen, dass das Maximum an der Schnittstelle der Graphen von g und h liegt (D' = g − h mit Vorzeichenwechsel von plus nach minus), und das Maximum als größten Bestand deuten.";"2026MerhoehtBAnalysisMMS1-1h";"neu"
"Nullstellen und Werte: Ungleichung für einen Funktionswert im Sachzusammenhang deuten";"Analysis";"Funktionsklassen und Eigenschaften";"Eine Aussage der Form f(t0) < c für eine Modellfunktion in Worten des Sachzusammenhangs mit Zeitpunkt, Größe und Einheit angeben.";"2026MerhoehtBAnalysisMMS2-1a";"neu"
"Gleichung f(t) = f(t − c) für gleiche Werte im Abstand c mit dem Rechner lösen und im Graphen darstellen";"Analysis";"Gleichungen lösen";"Die Bedingung, dass eine Größe zu einem Zeitpunkt denselben Wert hat wie c Zeiteinheiten davor, als Gleichung f(t) = f(t − c) ansetzen, numerisch lösen und beide Punkte im Graphen markieren.";"2026MerhoehtBAnalysisMMS2-1b";"neu"
"Integralfunktion einer Rate und ihren Grenzwert als Bestand und Endwert im Sachzusammenhang deuten";"Analysis";"Rekonstruktion von Beständen";"Die Funktion w mit w' = r und w(0) = 0 als Zunahme des Bestands seit dem Start deuten und den Grenzwert von w plus Anfangswert als Endwert des Bestands angeben.";"2026MerhoehtBAnalysisMMS2-1d";"neu"
"Nullstellen einer Schar angeben und Vorzeichen des y-Achsenabschnitts begründen";"Analysis";"Funktionsscharen und Ortskurven";"Die Nullstellen einer Schar aus einem Faktor angeben und begründen, dass der Schnittpunkt mit der y-Achse für jeden Parameterwert unterhalb (oder oberhalb) der x-Achse liegt.";"2026MerhoehtBAnalysisMMS2-2a";"neu"
"Parameter einer Logarithmusfunktion aus einer gemeinsamen Tangente mit einer Scharkurve berechnen und Tangentengleichung angeben";"Analysis";"Tangente, Normale, Schnittwinkel";"Den Parameter k in k · ln x so berechnen, dass der Graph mit einem anderen Graphen in einem gemeinsamen Punkt dieselbe Tangente hat (Steigungen gleichsetzen), und die Tangentengleichung angeben.";"2026MerhoehtBAnalysisMMS2-2b";"neu"
"Anzahl der gemeinsamen Punkte zweier Graphen aus dem Vergleich ihrer Ableitungsgraphen begründen";"Analysis";"Ableitungsgraph und Funktionsgraph";"Aus abgebildeten Ableitungsgraphen (eine Ableitung durchgehend größer als die andere) und einem bekannten gemeinsamen Punkt über die Monotonie der Differenz begründen, wie viele gemeinsame Punkte die Graphen haben.";"2026MerhoehtBAnalysisMMS2-2c";"neu"
"Scharparameter für Hoch- und Tiefpunkt als Gegenecken eines achsenparallelen Quadrats bestimmen";"Analysis";"Funktionsscharen und Ortskurven";"Die Extremstellen einer Schar als Terme im Parameter bestimmen und den Parameter so berechnen, dass waagerechter und senkrechter Abstand der Extrempunkte gleich sind.";"2026MerhoehtBAnalysisMMS2-2d";"neu"
"Fläche: Prozentuale Abweichung einer Dreiecksnäherung vom Flächeninhalt zwischen Scharkurve und Achsen als parameterunabhängig nachweisen";"Analysis";"Flächeninhalt durch Integration";"Den Inhalt des Dreiecks aus Ursprung und Achsenschnittpunkten und den Inhalt der vom Graphen und den Achsen eingeschlossenen Fläche als Terme im Parameter berechnen, den Quotienten kürzen und die Abweichung in Prozent angeben.";"2026MerhoehtBAnalysisMMS2-2e";"neu"
"Punkt und Ebene: Aussage über das Innere eines Dreiecks unter Koordinatentausch mit einem Gegenbeispiel widerlegen";"Analytische Geometrie";"Lagebeziehungen";"Eine Allaussage über Punkte im Innern eines Achsendreiecks widerlegen: einen inneren Punkt über Ebenengleichung und positive Koordinaten wählen und zeigen, dass der Punkt mit vertauschten Koordinaten die Ebenengleichung nicht erfüllt.";"2026MerhoehtBAGLAA2MMS2-1c";"neu"
"Scharparameter für einen vorgegebenen Winkel zwischen Ebene und Scharebene berechnen";"Analytische Geometrie";"Scharen von Geraden und Ebenen";"Über die Kosinusformel für die Normalenvektoren alle Parameterwerte berechnen, für die eine Ebene der Schar mit einer festen Ebene einen vorgegebenen Winkel einschließt (Betragsgleichung, zwei Lösungen).";"2026MerhoehtBAGLAA2MMS2-1e";"neu"
"Mögliche Lage des Achsendreiecks einer Ebenenschar über die Vorzeichen der Achsenabschnitte entscheiden und den Parameterbereich bestimmen";"Analytische Geometrie";"Scharen von Geraden und Ebenen";"Die Achsenschnittpunkte einer Ebenenschar als Terme im Parameter angeben, aus ihren Vorzeichen begründen, welche abgebildete Lage des Achsendreiecks unmöglich ist, und für die mögliche Lage den Parameterbereich über Ungleichungen bestimmen.";"2026MerhoehtBAGLAA2MMS2-1f";"neu"
"Grenzen eines Konfidenzintervalls aus dem Stichprobenergebnis über die Näherungsformel berechnen und im Diagramm zuordnen";"Stochastik";"Konfidenzintervalle";"Aus absoluter Häufigkeit und Umfang den Stichprobenanteil bilden, die Gleichung |h − p| = 1,96 · √(p(1 − p)/n) nach p lösen und das Intervall unter abgebildeten Konfidenzintervallen wiederfinden.";"2026MerhoehtBStochastikMMS3-2a";"neu"
"Streckenlänge im Raum berechnen";"Analytische Geometrie";"Abstände";"Die Länge einer Strecke im Raum als Betrag des Verbindungsvektors berechnen.";"2018-bb-ea-A1.2b";"neu"
"Nullstellen einer Funktionenschar mit Fallunterscheidung ermitteln";"Analysis";"Funktionsscharen und Ortskurven";"Die Anzahl und Lage der Nullstellen einer Schar in Abhängigkeit vom Parameter mit Fallunterscheidung bestimmen.";"2018-bb-ea-B2.1a";"neu"
"Graphen einer Schar beschriften";"Analysis";"Funktionsscharen und Ortskurven";"Abgebildete Graphen einer Schar den ermittelten Parameterwerten zuordnen und im Koordinatensystem kennzeichnen.";"2018-bb-ea-B2.1b";"neu"
"Krümmungsverhalten aus der zweiten Ableitung deuten";"Analysis";"Kurvenuntersuchung";"Aus dem Vorzeichen der zweiten Ableitung Krümmung, Wendepunkte und Flachpunkte eines Graphen erschließen.";"2018-bb-ea-B2.1e";"neu"
"Stellen mit maximalem Funktionswert einschließlich Rand bestimmen";"Analysis";"Kurvenuntersuchung";"Die Stellen des größten Funktionswerts auf einem Intervall bestimmen und dabei lokale Extrema und Randwerte vergleichen.";"2018-bb-ea-B2.1g";"neu"
"Integralfunktion im Sachzusammenhang deuten";"Analysis";"Rotationsvolumen";"Ein Integral mit variabler Grenze als Größe im Sachkontext deuten.";"2018-bb-ea-B2.1h";"neu"
"Umbeschriebenes Prisma zu einem Rotationskörper bestimmen";"Analysis";"Rotationsvolumen";"Aus dem maximalen Radius eines Rotationskörpers die Grundfläche und das Mindestvolumen eines umbeschriebenen Prismas bestimmen.";"2018-bb-ea-B2.1i";"neu"
"Flächeninhalt eines regelmäßigen Sechsecks aus dem Inkreisradius berechnen";"Analysis";"Rotationsvolumen";"Den Flächeninhalt eines regelmäßigen Sechsecks über die Zerlegung in Dreiecke aus dem Inkreisradius berechnen.";"2018-bb-ea-B2.1i";"neu"
"Sachzusammenhang durch Skizze und Gleichung darstellen";"Analysis";"Rotationsvolumen";"Einen geometrischen Zusammenhang durch eine eigene Skizze und eine Gleichung darstellen.";"2018-bb-ea-B2.1i";"neu"
"Laplace-Experiment: Sektorenzahlen eines Glücksrads aus Wahrscheinlichkeiten ermitteln";"Stochastik";"Zufallsexperimente und Urnenmodelle";"Aus dem Sektorenwinkel die Gesamtzahl der Sektoren bestimmen und die geforderten Wahrscheinlichkeiten in Anzahlen der einzelnen Farben umrechnen.";"2018-bb-ea-A1.3a";"neu"
"Erwartungswert einer Zufallsgröße im Sachzusammenhang berechnen";"Stochastik";"Kenngrößen von Verteilungen";"Die Werte einer Zufallsgröße aus einem Sachtext ablesen und den Erwartungswert als Summe der mit ihren Wahrscheinlichkeiten gewichteten Werte bilden.";"2018-bb-ea-A1.3b";"neu"
"Grenzverhalten einer Potenzfunktion untersuchen";"Analysis";"Grenzwerte und Verhalten im Unendlichen";"Das Verhalten der Funktionswerte einer Potenzfunktion mit negativem Exponenten für x gegen unendlich bestimmen, einschließlich der Annäherungsrichtung.";"2018-bb-ea-B2.2a";"neu"
"Ausschluss eines Parameterwerts über das Grenzverhalten begründen";"Analysis";"Grenzwerte und Verhalten im Unendlichen";"Begründen, dass kein Parameterwert eine geforderte Gleichheit von Grenzwerten erfüllt, indem die möglichen Grenzwerte der Schar mit dem festen Grenzwert der Vergleichsfunktion verglichen werden.";"2018-bb-ea-B2.2a";"neu"
"Stellen mit vorgegebenem Tangentenanstieg nachweisen";"Analysis";"Tangente, Normale, Schnittwinkel";"Die erste Ableitung einem vorgegebenen Anstieg gleichsetzen und über die Diskriminante der entstehenden Gleichung die Anzahl der Lösungen nachweisen.";"2018-bb-ea-B2.2d";"neu"
"Parameterwert für genau eine waagerechte Tangente bestimmen";"Analysis";"Funktionsscharen und Ortskurven";"Den Parameter einer Schar so bestimmen, dass die quadratische Gleichung f_a′(x) = 0 genau eine Lösung hat, also die Diskriminante null wird.";"2018-bb-ea-B2.2e";"neu"
"Nachweisverfahren für einen Sattelpunkt erläutern";"Analysis";"Kurvenuntersuchung";"In Worten beschreiben, mit welchen Bedingungen an zweite und dritte Ableitung oder über einen Vorzeichenwechsel sich ein Sattelpunkt nachweisen lässt, ohne die Rechnung auszuführen.";"2018-bb-ea-B2.2e";"neu"
"Umschließendes achsenparalleles Rechteck zu einer krummlinig begrenzten Fläche bestimmen";"Analysis";"Kurvenuntersuchung";"Die Seitenlängen des kleinsten achsenparallelen Rechtecks bestimmen, das eine von Funktionsgraphen begrenzte Fläche enthält, über die Randpunkte und die Extremstellen der Randkurven.";"2018-bb-ea-B2.2f";"neu"
"Ganzrationale Funktion aus Symmetrie und Randbedingungen rekonstruieren";"Analysis";"Rekonstruktion von Funktionsgleichungen";"Aus einer geforderten Symmetrie den Ansatz verkürzen und die verbliebenen Koeffizienten aus Funktions- und Ableitungswerten über ein lineares Gleichungssystem bestimmen.";"2018-bb-ea-B2.2h";"neu"
"Steigungswinkel in einen Anstieg umrechnen";"Analysis";"Tangente, Normale, Schnittwinkel";"Einen in Grad gegebenen Steigungswinkel über den Tangens in den Anstieg umrechnen und dabei das Vorzeichen aus der Lage im Sachzusammenhang bestimmen.";"2018-bb-ea-B2.2h";"neu"
"Gegebene Rechnung zum Geradenschnittpunkt erläutern";"Analytische Geometrie";"Schnittmengen";"Eine abgedruckte Rechnung als Gleichsetzen zweier Geraden in Parameterform deuten und benennen, welche Geraden und welcher Punkt damit bestimmt werden.";"2018-bb-ea-B3.1a";"neu"
"Ebene Figur: Höhe eines Dreiecks im Raum über den Flächeninhalt berechnen";"Analytische Geometrie";"Flächeninhalt und Volumen im Raum";"Den Flächeninhalt eines Dreiecks im Raum bestimmen und daraus die Höhe auf einer vorgegebenen Seite als doppelten Flächeninhalt geteilt durch die Seitenlänge gewinnen.";"2018-bb-ea-B3.1c";"neu"
"Körper: Pyramidenvolumen aus Grundfläche und Höhe berechnen";"Analytische Geometrie";"Flächeninhalt und Volumen im Raum";"Das Volumen einer Pyramide im Koordinatensystem aus dem Flächeninhalt der Grundfläche und dem Abstand der Spitze zu deren Ebene bestimmen.";"2018-bb-ea-B3.1d";"neu"
"Körper: Bedarfsgröße aus einem Volumen im Sachzusammenhang nachweisen";"Analytische Geometrie";"Flächeninhalt und Volumen im Raum";"Aus einem berechneten Volumen über einen Dreisatz eine Bedarfsgröße wie Leistung oder Menge bestimmen und gegen einen vorgegebenen Wert prüfen.";"2018-bb-ea-B3.1d";"neu"
"Punkt auf einer Strecke mit vorgegebenem Abstand zu einer Ebene bestimmen";"Analytische Geometrie";"Abstände";"Den Parameter eines Punktes auf einer Strecke so bestimmen, dass sein über die Hessesche Normalform berechneter Abstand zu einer gegebenen Ebene einen vorgegebenen Wert annimmt.";"2018-bb-ea-B3.1f";"neu"
"Parametergleichung einer Ebene aus Punkten angeben";"Analytische Geometrie";"Ebenen";"Aus gegebenen Punkten einer Ebene einen Stützvektor und zwei nicht parallele Spannvektoren wählen und die Parameterform aufschreiben.";"2018-bb-ea-B3.2a";"neu"
"Parameter einer Geradenschar aus einem vorgegebenen Durchstoßpunkt bestimmen";"Analytische Geometrie";"Scharen von Geraden und Ebenen";"Den Scharparameter so bestimmen, dass eine Gerade der Schar einen vorgegebenen Punkt trifft, indem die Parameterform diesem Punkt gleichgesetzt wird.";"2018-bb-ea-B3.2b";"neu"
"Punkt: Mittelpunkt einer Strecke im Raum bestimmen";"Analytische Geometrie";"Punkte und Strecken im Koordinatensystem";"Den Mittelpunkt einer Strecke – auch einer Diagonalen eines Vierecks, also den Mittelpunkt der Figur – als halbe Summe der Ortsvektoren der Endpunkte berechnen.";"2018-bb-ea-B3.2b";"neu"
"Schnittwinkel zweier Geraden über das Skalarprodukt berechnen";"Analytische Geometrie";"Skalarprodukt und Winkel";"Den Winkel zwischen zwei Geraden aus dem Betrag des Skalarprodukts ihrer Richtungsvektoren und deren Beträgen bestimmen, sodass der spitze Winkel entsteht.";"2018-bb-ea-B3.2b";"neu"
"Wahrscheinlichkeit beim Ziehen ohne Zurücklegen über das Gegenereignis berechnen";"Stochastik";"Hypergeometrische Verteilung";"Eine Auswahl ohne Zurücklegen als hypergeometrische Situation erkennen und die Wahrscheinlichkeit für höchstens oder mindestens eine Trefferzahl über das Gegenereignis bestimmen.";"2018-bb-ea-B4.1d";"neu"
"Trefferwahrscheinlichkeit beim Wechsel der Trefferdefinition anpassen";"Stochastik";"Binomialverteilung";"Bei einer nach dem Gegenmerkmal gefragten Anzahl die Trefferwahrscheinlichkeit auf die Gegenwahrscheinlichkeit umstellen oder gleichwertig die Trefferzahl umrechnen.";"2018-bb-ea-B4.2b";"neu"
"Wahrscheinlichkeiten über den Erwartungswert vergleichen";"Stochastik";"Kenngrößen von Verteilungen";"Zwei Einzelwahrscheinlichkeiten einer Binomialverteilung ohne Rechnung vergleichen, indem ihre Abstände zum Erwartungswert betrachtet werden.";"2018-bb-ea-B4.2c";"neu"
"Ziehen ohne Zurücklegen: Mindestanzahl beim Ziehen ohne Zurücklegen über das Gegenereignis bestimmen";"Stochastik";"Zufallsexperimente und Urnenmodelle";"Die kleinste Anzahl zu ziehender Elemente bestimmen, für die eine geforderte Mindestwahrscheinlichkeit erreicht wird, über das Gegenereignis und eine Ungleichung.";"2018-bb-ea-B4.2e";"neu"
"Nullstelle einer Exponentialfunktion durch Logarithmieren bestimmen";"Analysis";"Gleichungen lösen";"Eine Gleichung der Form c · e^(kx) + d = 0 nach der Exponentialfunktion auflösen und durch Logarithmieren die Nullstelle exakt angeben.";"2017-bb-ea-A1.1a";"neu"
"Ebene Figur: Flächeninhalt eines Dreiecks aus den Spurpunkten einer Ebene berechnen";"Analytische Geometrie";"Flächeninhalt und Volumen im Raum";"Aus den Spurpunkten einer Ebene auf zwei Koordinatenachsen und dem Koordinatenursprung ein rechtwinkliges Dreieck bilden und seinen Flächeninhalt aus den Achsenabschnitten bestimmen.";"2017-bb-ea-A1.2a";"neu"
"Spurpunkte einer Ebene auf den Koordinatenachsen bestimmen";"Analytische Geometrie";"Schnittmengen";"Aus der Koordinatengleichung einer Ebene die Schnittpunkte mit den Koordinatenachsen bestimmen, indem die jeweils anderen Koordinaten null gesetzt werden.";"2017-bb-ea-A1.2a";"neu"
"Normalenvektor als Ortsvektor eines Ebenenpunktes bestimmen";"Analytische Geometrie";"Ebenen";"Ein Vielfaches des Normalenvektors als Ortsvektor ansetzen, in die Koordinatengleichung der Ebene einsetzen und den Faktor bestimmen.";"2017-bb-ea-A1.2b";"neu"
"Wahrscheinlichkeit bei zweistufigem Umlegen zwischen Urnen berechnen";"Stochastik";"Baumdiagramm und Pfadregeln";"Ein zweistufiges Urnenexperiment mit Umlegen einer Kugel als Baum auffassen, die durch den ersten Zug veränderten Inhalte berücksichtigen und die Pfadwahrscheinlichkeiten zusammenfassen.";"2017-bb-ea-A1.3a";"neu"
"Nullstellen und Werte: Definitionsbereich einer Logarithmusfunktion angeben";"Analysis";"Funktionsklassen und Eigenschaften";"Den größtmöglichen Definitionsbereich einer Logarithmusfunktion aus der Bedingung bestimmen, dass das Argument positiv sein muss, gegebenenfalls in Abhängigkeit von einem Parameter.";"2017-bb-ea-B2.1a";"neu"
"Gemeinsamen Extrempunkt einer Funktionenschar nachweisen";"Analysis";"Funktionsscharen und Ortskurven";"Die Ableitung der Schar bilden, ihre Nullstelle als parameterunabhängig nachweisen und aus dem zugehörigen Funktionswert den für alle Graphen gemeinsamen Extrempunkt angeben.";"2017-bb-ea-B2.1b";"neu"
"Schranke für den Anstieg der Tangenten einer Schar begründen";"Analysis";"Tangente, Normale, Schnittwinkel";"Den Tangentenanstieg an einer festen Stelle als Term im Scharparameter aufstellen und durch Umformen oder Grenzwertbetrachtung zeigen, dass er eine Schranke nicht überschreitet.";"2017-bb-ea-B2.1c";"neu"
"Flächeninhalt des von Tangente, Normale und y-Achse begrenzten Dreiecks berechnen";"Analysis";"Tangente, Normale, Schnittwinkel";"Die Achsenschnittpunkte von Tangente und Normale bestimmen und aus der Strecke auf der Achse als Grundseite und dem Abstand des Berührpunktes als Höhe den Flächeninhalt berechnen.";"2017-bb-ea-B2.1c";"neu"
"Fehlerhaftes Verfahren zur Volumenberechnung beurteilen und berichtigen";"Analysis";"Rotationsvolumen";"Die Teilschritte einer vorgelegten fremden Rechnung einzeln auf Richtigkeit prüfen, die fehlerhaften benennen und die richtige Vorgehensweise beschreiben.";"2017-bb-ea-B2.1f";"neu"
"Rotationsvolumen um die y-Achse über die Umkehrfunktion aufstellen";"Analysis";"Rotationsvolumen";"Für die Rotation einer Fläche um die y-Achse den Funktionsterm nach x² auflösen und das Volumenintegral über y aufstellen und auswerten.";"2017-bb-ea-B2.1f";"neu"
"Volumenmaßstab zwischen Modell und Wirklichkeit umrechnen";"Analysis";"Rotationsvolumen";"Aus dem Längenmaßstab eines Modells den Volumenmaßstab als dritte Potenz bilden und ein in Volumeneinheiten berechnetes Volumen in Realmaße umrechnen.";"2017-bb-ea-B2.1f";"neu"
"Fehlen von Wendepunkten über die zweite Ableitung nachweisen";"Analysis";"Kurvenuntersuchung";"Zeigen, dass ein Graph keine Wendepunkte besitzt, indem die zweite Ableitung als nirgends null nachgewiesen wird.";"2017-bb-ea-B2.2b";"neu"
"Dreieck zu Schnittpunkten mit einer Parallelen zur x-Achse einzeichnen";"Analysis";"Extremalprobleme";"In ein vorgegebenes Koordinatensystem mit Graph eine Parallele zur x-Achse, ihre beiden Schnittpunkte mit dem Graphen und das daraus mit einem festen Punkt gebildete Dreieck eintragen.";"2017-bb-ea-B2.2c";"neu"
"Existenz eines Flächenmaximums ohne Rechnung begründen";"Analysis";"Extremalprobleme";"Aus dem Verhalten einer Flächenfunktion an den offenen Rändern des zulässigen Bereichs begründen, dass ein größter Wert angenommen wird, ein kleinster dagegen nicht.";"2017-bb-ea-B2.2c";"neu"
"Näherungsweise tangentiale Einmündung einer Geraden nachweisen";"Analysis";"Tangente, Normale, Schnittwinkel";"Zeigen, dass eine Gerade an einer Anschlussstelle näherungsweise Tangente eines Graphen ist, indem Funktionswert und Anstieg mit den Werten der Geraden verglichen werden.";"2017-bb-ea-B2.2d";"neu"
"Gleichungssystem zur Bestimmung einer Parabelgleichung aufstellen";"Analysis";"Lineare Gleichungssysteme";"Aus Punktbedingungen und einer Anstiegsbedingung ein lineares Gleichungssystem für die Koeffizienten einer quadratischen Funktion aufstellen, ohne es zu lösen.";"2017-bb-ea-B2.2e";"neu"
"Fläche: Abschnittsweise begrenzte Fläche durch Integration berechnen";"Analysis";"Flächeninhalt durch Integration";"Eine Fläche, deren oberer Rand abschnittsweise durch verschiedene Funktionen gegeben ist, in Teilintegrale zerlegen und die Teilflächen addieren.";"2017-bb-ea-B2.2f";"neu"
"Fläche: Flächenmaßstab eines Modells auf eine Realfläche anwenden";"Analysis";"Flächeninhalt durch Integration";"Aus dem Längenmaßstab eines Modells den Flächenmaßstab als zweite Potenz bilden und eine in Flächeneinheiten berechnete Fläche in Realmaße umrechnen.";"2017-bb-ea-B2.2f";"neu"
"Körper: Körper in ein räumliches Koordinatensystem einzeichnen";"Analytische Geometrie";"Punkte und Strecken im Koordinatensystem";"Einen durch Koordinaten gegebenen Körper als Schrägbild in ein vorgegebenes räumliches Koordinatensystem eintragen.";"2017-bb-ea-B3.1a";"neu"
"Punkt mit gleichem Abstand zu allen Seitenflächen über die Symmetrieachse bestimmen";"Analytische Geometrie";"Abstände";"Aus der Symmetrie eines Körpers schließen, dass der gesuchte Punkt auf der Mittelsenkrechten liegt, und seine verbleibende Koordinate aus einer Abstandsbedingung zu einer Seitenfläche bestimmen.";"2017-bb-ea-B3.1c";"neu"
"Abstand eines Punktes von einer Ebene mit der Hesseschen Normalform berechnen";"Analytische Geometrie";"Abstände";"Die Koordinatengleichung einer Ebene normieren und den Abstand eines Punktes durch Einsetzen seiner Koordinaten bestimmen.";"2017-bb-ea-B3.1c";"neu"
"Lage eines Punktes auf einer Strecke über eine Linearkombination nachweisen";"Analytische Geometrie";"Linearkombination und lineare Abhängigkeit";"Eine Linearkombination zweier Ortsvektoren mit der Nebenbedingung, dass die Koeffizienten zusammen eins ergeben, in die Parameterform einer Strecke umformen und so die Lage des Punktes nachweisen.";"2017-bb-ea-B3.1d";"neu"
"Strecke in einer geneigten Ebene über einen Höhenschnitt bestimmen";"Analytische Geometrie";"Abstände";"Zu einer vorgegebenen Höhe den zugehörigen Punkt einer geneigten Ebene bestimmen und die Länge der Strecke von einer Grundkante dorthin in der Ebene berechnen.";"2017-bb-ea-B3.1e";"neu"
"Ganzzahligen Scharparameter aus einer Bereichsbedingung an den Durchstoßpunkt bestimmen";"Analytische Geometrie";"Scharen von Geraden und Ebenen";"Den Parameter im Richtungsvektor einer Geradenschar so bestimmen, dass der Durchstoßpunkt durch eine Ebene in einem vorgegebenen Bereich liegt, und daraus zulässige ganzzahlige Werte angeben.";"2017-bb-ea-B3.1f";"neu"
"Koordinatengleichung einer Ebene aus Gerade und Punkt nachweisen";"Analytische Geometrie";"Ebenen";"Eine vorgegebene Koordinatengleichung als Ebene durch eine Gerade und einen Punkt bestätigen, indem Punktproben durchgeführt und Richtungsvektor und Normalenvektor als orthogonal nachgewiesen werden.";"2017-bb-ea-B3.2c";"neu"
"Lotgerade von einem Punkt auf eine Ebene angeben";"Analytische Geometrie";"Abstände";"Die Gerade durch einen Punkt mit dem Normalenvektor einer Ebene als Richtungsvektor aufstellen, auf der der Punkt kleinsten Abstands liegt.";"2017-bb-ea-B3.2d";"neu"
"Mindestanzahl von Versuchen einer Bernoulli-Kette über das Gegenereignis bestimmen";"Stochastik";"Binomialverteilung";"Die kleinste Zahl unabhängiger Wiederholungen bestimmen, für die mindestens ein Treffer mit vorgegebener Mindestwahrscheinlichkeit auftritt, über das Gegenereignis und Logarithmieren.";"2017-bb-ea-B4.2b";"neu"
"Modalwert einer Binomialverteilung bestimmen";"Stochastik";"Binomialverteilung";"Die Trefferzahl mit der größten Einzelwahrscheinlichkeit bestimmen, indem die Werte in der Umgebung des Erwartungswerts verglichen werden.";"2017-bb-ea-B4.2d";"neu"
"Ungeeignetheit des Binomialmodells begründen";"Stochastik";"Binomialverteilung";"Begründen, dass eine Situation nicht binomialverteilt ist, weil ohne Zurücklegen gezogen wird und die Trefferwahrscheinlichkeit deshalb nicht gleich bleibt.";"2017-bb-ea-B4.2e";"neu"
"Nullstellen und Werte: Vertikalen Abstand zweier Punkte als Differenz von Funktionswerten berechnen";"Analysis";"Funktionsklassen und Eigenschaften";"Den senkrechten Abstand zweier Punkte, die dieselbe x-Koordinate haben, als Differenz der zugehörigen Funktionswerte berechnen.";"2018-be-gk-B1.1a";"neu"
"Lage und Art aller lokalen Extrempunkte bestimmen";"Analysis";"Kurvenuntersuchung";"Alle Stellen mit waagerechter Tangente über die erste Ableitung bestimmen, ihre Art mit der zweiten Ableitung entscheiden und die Extrempunkte mit beiden Koordinaten angeben.";"2018-be-gk-B1.1c";"neu"
"Extrempunkt einem Punkt im Sachzusammenhang zuordnen";"Analysis";"Kurvenuntersuchung";"Aus mehreren berechneten Extrempunkten denjenigen auswählen, der einem im Sachtext benannten Punkt entspricht, und die Auswahl begründen.";"2018-be-gk-B1.1c";"neu"
"Quadratische Funktion aus knickfreiem Übergang und einer Wertbedingung rekonstruieren";"Analysis";"Rekonstruktion von Funktionsgleichungen";"Aus der Forderung, dass zwei Graphen an einer Stelle ohne Knick ineinander übergehen, die Bedingungen gleicher Funktionswert und gleicher Anstieg gewinnen und mit einer weiteren Bedingung die Gleichung einer quadratischen Funktion bestimmen.";"2018-be-gk-B1.1e";"neu"
"Schnittpunkt zweier Graphen über eine biquadratische Gleichung berechnen";"Analysis";"Gleichungen lösen";"Zwei Funktionsterme gleichsetzen, die entstehende Gleichung vierten Grades mit der Substitution u = x² auf eine quadratische zurückführen und die brauchbare Lösung zurücksubstituieren.";"2018-be-gk-B1.1f";"neu"
"Graphen einer Funktion in ein vorgegebenes Koordinatensystem einzeichnen";"Analysis";"Kurvenuntersuchung";"Den Verlauf einer Funktion mit Hilfe einiger berechneter Punkte in ein vorgegebenes Koordinatensystem eintragen, das bereits andere Graphen enthält.";"2018-be-gk-B1.1f";"neu"
"Maximalen vertikalen Abstand zweier Graphen über die Differenzfunktion nachweisen";"Analysis";"Extremalprobleme";"Die Differenz zweier Funktionen als Zielfunktion aufstellen, ihre Extremstelle bestimmen und den größten vertikalen Abstand gegen eine vorgegebene Schranke prüfen.";"2018-be-gk-B1.1g";"neu"
"Schnittwinkel zwischen Tangente und Gerade über die Anstiege berechnen";"Analysis";"Tangente, Normale, Schnittwinkel";"Den Anstieg der Tangente über die Ableitung bestimmen und den Winkel zur gegebenen Geraden aus beiden Anstiegen berechnen, über die Differenz der Steigungswinkel oder über die Tangensformel.";"2018-be-gk-B1.2b";"neu"
"Nullstellen und Werte: Einzige Nullstelle über den positiven Exponentialfaktor nachweisen";"Analysis";"Funktionsklassen und Eigenschaften";"Bei einem Produkt aus Polynom und Exponentialfunktion begründen, dass nur der Polynomfaktor null werden kann, und daraus die vollständige Nullstellenmenge angeben.";"2018-be-gk-B1.2c";"neu"
"Sekantengleichung durch zwei Punkte eines Graphen ermitteln";"Analysis";"Ableitung und Änderungsrate";"Zu zwei Stellen die Funktionswerte berechnen, daraus den Anstieg der Sekante als Differenzenquotient bilden und die Geradengleichung aufstellen.";"2018-be-gk-B1.2e";"neu"
"Mittlere Änderungsraten zweier Modelle vergleichen";"Analysis";"Ableitung und Änderungsrate";"Für zwei Funktionen auf demselben Intervall den Differenzenquotienten bilden und die Beträge der mittleren Änderungsraten vergleichen.";"2018-be-gk-B1.2g";"neu"
"Geraden und Ebenen: Orthogonalität zweier Ebenen über die Normalenvektoren nachweisen";"Analytische Geometrie";"Orthogonalität";"Zeigen, dass zwei Ebenen senkrecht aufeinander stehen, indem das Skalarprodukt ihrer Normalenvektoren null ergibt.";"2018-be-gk-B2.1b";"neu"
"Existenz eines Geradenschnittpunkts über die gemeinsame Ebene begründen";"Analytische Geometrie";"Geraden";"Begründen, dass zwei Geraden sich schneiden müssen, weil sie in einer gemeinsamen Ebene liegen und ihre Richtungsvektoren keine Vielfachen voneinander sind.";"2018-be-gk-B2.1c";"neu"
"Zeit bis zum Erreichen einer Ebene aus dem Geradenparameter bestimmen";"Analytische Geometrie";"Schnittmengen";"Eine geradlinige und gleichförmige Bewegung als Gerade beschreiben, den Parameter des Durchstoßpunkts mit einer Ebene bestimmen und ihn als Vielfaches der bekannten Zeitspanne in eine Zeit umrechnen.";"2018-be-gk-B2.1e";"neu"
"Schattenpunkt bei paralleler Projektion bestimmen";"Analytische Geometrie";"Schnittmengen";"Aus einem Punkt und seinem bekannten Schattenpunkt die Richtung der parallelen Lichtstrahlen gewinnen und damit den Schattenpunkt eines weiteren Punktes als Durchstoßpunkt mit der Grundebene berechnen.";"2018-be-gk-B2.2d";"neu"
"Ebene Figur: Schatten einer Fläche in eine Abbildung einzeichnen";"Analytische Geometrie";"Punkte und Strecken im Koordinatensystem";"Die berechneten Schattenpunkte in ein vorgegebenes Schrägbild eintragen und zur Schattenfläche verbinden.";"2018-be-gk-B2.2d";"neu"
"Lösungsweg zur Bestimmung eines Punktes auf einer Geraden beschreiben";"Analytische Geometrie";"Geraden";"Ohne Zahlenrechnung beschreiben, wie ein gesuchter Punkt über einen Teilpunkt, eine Gerade durch zwei Punkte und deren Schnitt mit einer weiteren Geraden bestimmt und daraus eine Länge gewonnen wird.";"2018-be-gk-B2.2e";"neu"
"Behauptung zur Monotonie einer Wahrscheinlichkeit an Beispielwerten prüfen";"Stochastik";"Binomialverteilung";"Eine Behauptung über das Wachsen oder Fallen einer von der Versuchszahl abhängigen Wahrscheinlichkeit prüfen, indem zwei Werte berechnet und verglichen werden.";"2018-be-gk-B3.1c";"neu"
"Wahrscheinlichkeit für wenigstens einen Treffer über das Gegenereignis berechnen";"Stochastik";"Binomialverteilung";"Die Wahrscheinlichkeit für mindestens einen Treffer in einer Bernoulli-Kette als Gegenwahrscheinlichkeit zu keinem Treffer angeben.";"2018-be-gk-B3.1c";"neu"
"Aussage zur Änderung einer Wahrscheinlichkeit bei größerer Stichprobe beurteilen";"Stochastik";"Binomialverteilung";"Beurteilen, wie sich eine Wahrscheinlichkeit ändert, wenn der Stichprobenumfang um eins wächst, und die Antwort allgemein über den Faktor der Potenz begründen.";"2018-be-gk-B3.2c";"neu"
"Trefferwahrscheinlichkeit aus einer Bedingung an die Wahrscheinlichkeit für null Treffer bestimmen";"Stochastik";"Binomialverteilung";"Aus einer Mindestwahrscheinlichkeit für das Ausbleiben jedes Treffers die zulässige Trefferwahrscheinlichkeit bestimmen, indem der Ansatz (1 − p)ⁿ nach p aufgelöst wird.";"2018-be-gk-B3.2d";"neu"
"Extremstellen aus den Nullstellen der Ableitung berechnen";"Analysis";"Kurvenuntersuchung";"Die Extremstellen einer Funktion allein über die Nullstellen der ersten Ableitung berechnen, wenn ihre Anzahl vorgegeben ist und weder Art noch Monotonie verlangt werden.";"2023-bebb-gk-A1.3a";"neu"
"Ebene Figur: Gleichschenkligkeit oder Gleichseitigkeit eines Dreiecks über die Seitenlängen prüfen";"Analytische Geometrie";"Punkte und Strecken im Koordinatensystem";"Die Beträge der Verbindungsvektoren eines Dreiecks berechnen und vergleichen, um Gleichschenkligkeit (zwei gleiche Seiten) oder Gleichseitigkeit nachzuweisen oder zu widerlegen.";"2023-bebb-gk-A1.5a";"neu"
"Ebene Figur: Vierten Eckpunkt einer Raute zu einem gleichschenkligen Dreieck über die Punktspiegelung am Seitenmittelpunkt bestimmen";"Analytische Geometrie";"Punkte und Strecken im Koordinatensystem";"Zu einem Dreieck ABC mit |CA| = |CB| den Punkt D ≠ C mit |DA| = |DB| = |CA| bestimmen, indem C am Mittelpunkt von AB gespiegelt wird (D = A + B − C); ADBC ist dann eine Raute.";"2023-bebb-gk-A1.5b";"neu"
"Wahrscheinlichkeit für zwei gleichfarbige Kugeln beim Ziehen mit Zurücklegen als Summe zweier Pfade berechnen";"Stochastik";"Baumdiagramm und Pfadregeln";"Beim zweimaligen Ziehen mit Zurücklegen die Wahrscheinlichkeit für zwei gleiche Farben als Summe der Pfade Farbe-Farbe berechnen, jeder Pfad als Quadrat des Anteils.";"2023-bebb-gk-A1.6a";"neu"
"Ziehen ohne Zurücklegen: Wahrscheinlichkeit für eine Mehrheit einer Sorte beim dreimaligen Ziehen ohne Zurücklegen berechnen";"Stochastik";"Zufallsexperimente und Urnenmodelle";"Beim dreimaligen Ziehen ohne Zurücklegen die Wahrscheinlichkeit dafür berechnen, dass eine Sorte in der Mehrheit ist (genau zwei oder drei), über Pfade mit Reihenfolgen oder Binomialkoeffizienten.";"2023-bebb-gk-A1.6b";"neu"
"Wahrscheinlichkeit eines Intervalls aus dem Säulendiagramm einer Verteilung ablesen";"Stochastik";"Binomialverteilung";"Aus dem Säulendiagramm einer Wahrscheinlichkeitsverteilung die Höhen der zu einem Intervall gehörenden Säulen ablesen und addieren; strikte Ungleichungen in die passenden ganzzahligen Werte übersetzen.";"2023-bebb-gk-A1.7a";"neu"
"Grenzverhalten eines Produkts aus Polynom und e-Funktion angeben";"Analysis";"Grenzwerte und Verhalten im Unendlichen";"Für ein Produkt aus Polynom und e^x das Verhalten der Funktionswerte für x → +∞ und x → −∞ angeben (die e-Funktion bestimmt das Verhalten, für x → −∞ Annäherung an die x-Achse).";"2023-bebb-gk-B2.1a";"neu"
"Nullstellen und Werte: Schnittpunkte des Graphen mit beiden Koordinatenachsen berechnen";"Analysis";"Funktionsklassen und Eigenschaften";"Den Schnittpunkt mit der y-Achse als (0 | f(0)) und die Nullstellen über den Satz vom Nullprodukt berechnen und als Punkte angeben.";"2023-bebb-gk-B2.1b";"neu"
"Nullstellen und Werte: Fehlende Ecke einer Raute aus drei Achsenschnittpunkten angeben";"Analysis";"Funktionsklassen und Eigenschaften";"Zu drei auf den Koordinatenachsen liegenden Punkten den vierten Punkt angeben, der sie zu einer Raute ergänzt (Spiegelpunkt am Ursprung des Punktes auf der anderen Achse).";"2023-bebb-gk-B2.1b";"neu"
"Waagerechte Tangente an einer vorgegebenen Stelle nachweisen und Funktionswert berechnen";"Analysis";"Tangente, Normale, Schnittwinkel";"Für eine genannte Stelle (auch mit Wurzelterm) durch Einsetzen in die gegebene Ableitung f'(x0) = 0 zeigen und den Funktionswert f(x0) berechnen; Art und Existenz sind nicht verlangt.";"2023-bebb-gk-B2.1c";"neu"
"Aussagen über Funktions- und Ableitungswert nahe dem Tiefpunkt ohne Rechnung beurteilen";"Analysis";"Kurvenuntersuchung";"Aussagen über f(x) und f'(x) an einer Stelle nahe einer bekannten Extremstelle allein aus der Lage zum Extrempunkt und der Monotonie beurteilen, ohne Werte zu berechnen.";"2023-bebb-gk-B2.1d";"neu"
"Monotonieverhalten aus einem bekannten Extrempunkt angeben";"Analysis";"Kurvenuntersuchung";"Die Monotoniebereiche einer Funktion auf einem Intervall angeben, wenn der einzige Extrempunkt dort schon bekannt ist.";"2023-bebb-gk-B2.1e";"neu"
"Wendepunkte über die zweite Ableitung berechnen";"Analysis";"Kurvenuntersuchung";"Die zweite Ableitung bilden (bei Produkten mit e^x mit der Produktregel), ihre Nullstellen berechnen und die Wendepunkte mit beiden Koordinaten angeben; die Existenz ist vorgegeben oder wird über den Vorzeichenwechsel gesichert.";"2023-bebb-gk-B2.1f";"neu"
"Dreiecke aus Wendetangente, Normale und Koordinatenachsen einzeichnen und ihre Ähnlichkeit begründen";"Analysis";"Tangente, Normale, Schnittwinkel";"Tangente und Normale in einem Graphenpunkt in die Abbildung zeichnen, die von ihnen mit den Achsen begrenzten Dreiecke markieren und an der Zeichnung begründen, dass beide rechtwinklig sind und in einem weiteren Winkel übereinstimmen, also ähnlich sind.";"2023-bebb-gk-B2.1g";"neu"
"Beziehung f'(a) · f''(a) = −1 als Orthogonalität der Tangenten an Graph und Ableitungsgraph deuten";"Analysis";"Ableitungsgraph und Funktionsgraph";"Die Gleichung f'(a) = −1/f''(a) in das Produkt der Steigungen −1 umformen und als Senkrechtstehen der Tangente an den Funktionsgraphen und der Tangente an den Ableitungsgraphen an derselben Stelle erläutern.";"2023-bebb-gk-B2.1h";"neu"
"Transformation: Terme der an den Koordinatenachsen gespiegelten Randlinien angeben";"Analysis";"Funktionsklassen und Eigenschaften";"Für eine zu beiden Achsen symmetrische Figur, deren eine Randlinie ein Graph von f ist, die Terme der übrigen Randlinien als f(−x), −f(x) und −f(−x) angeben.";"2023-bebb-gk-B2.1i";"neu"
"Schnittwinkel zweier Graphen im gemeinsamen Punkt über die Tangentensteigungen berechnen";"Analysis";"Tangente, Normale, Schnittwinkel";"Den Winkel zwischen zwei Graphen in ihrem gemeinsamen Punkt aus den Tangentensteigungen berechnen (Steigungswinkel über den Tangens, Differenz oder bei Spiegelbildern das Doppelte).";"2023-bebb-gk-B2.1j";"neu"
"Volumen eines umschließenden Quaders aus den Achsenschnittpunkten mit Maßstab berechnen";"Analysis";"Kurvenuntersuchung";"Aus den äußersten Punkten einer krummlinig begrenzten Figur (Achsenschnittpunkte) und einer gegebenen Höhe die Maße eines umschließenden Quaders bestimmen, mit dem Maßstab umrechnen und das Volumen in der verlangten Einheit angeben.";"2023-bebb-gk-B2.1k";"neu"
"Stammfunktion aus einer vorgegebenen Integralgleichung ermitteln";"Analysis";"Stammfunktion und Hauptsatz";"Aus einer vorgegebenen Stammfunktion eines Termbestandteils (etwa ∫ 0,5x² e^x dx) durch Zerlegen des Funktionsterms und Ergänzen der übrigen Summanden eine Stammfunktion der ganzen Funktion aufstellen.";"2023-bebb-gk-B2.1l";"neu"
"Fläche: Flächeninhalt einer symmetrischen Figur als Vielfaches eines Integrals mit Maßstab berechnen";"Analysis";"Flächeninhalt durch Integration";"Den Flächeninhalt einer zu den Achsen symmetrischen Figur als Vielfaches des Integrals über ein Randstück berechnen (Betrag bei Flächen unter der x-Achse) und mit dem Maßstab in cm² umrechnen.";"2023-bebb-gk-B2.1l";"neu"
"Fläche: An der Sehne gespiegelte Randlinien skizzieren und Lösungsweg für den Flächenzuwachs beschreiben";"Analysis";"Flächeninhalt durch Integration";"Die Spiegelbilder krummliniger Randlinien an der Sehne durch ihre Endpunkte skizzieren und beschreiben, wie der Flächenzuwachs als Vielfaches der Fläche zwischen Sehne und Graph (Dreieck minus Integral) berechnet wird.";"2023-bebb-gk-B2.1m";"neu"
"Nullstellen und Werte: y-Achsenschnittpunkt angeben und Anzahl der Nullstellen aus der faktorisierten Form ermitteln";"Analysis";"Funktionsklassen und Eigenschaften";"Den Schnittpunkt mit der y-Achse als (0 | f(0)) angeben und aus einer vorgegebenen Faktorisierung die Nullstellen bestimmen, wobei mehrfache Nullstellen nur einmal zählen.";"2023-bebb-gk-B2.2a";"neu"
"Tangente aufstellen und weiteren gemeinsamen Punkt mit dem Graphen berechnen";"Analysis";"Tangente, Normale, Schnittwinkel";"Die Tangente in einem Graphenpunkt aus Funktionswert und Ableitung aufstellen und den weiteren gemeinsamen Punkt von Tangente und Graph über f(x) − t(x) = 0 berechnen (Ausklammern, Berührstelle als doppelte Lösung).";"2023-bebb-gk-B2.2d";"neu"
"Graphen skizzieren und Aussage über die Anzahl gemeinsamer Punkte von Tangente und Graph beurteilen";"Analysis";"Kurvenuntersuchung";"Den Graphen aus bekannten Extrem- und Wendepunkten auf einem Intervall skizzieren und an der Skizze eine Aussage über die Anzahl gemeinsamer Punkte von Tangenten mit dem Graphen beurteilen (Wendetangente als Gegenbeispiel).";"2023-bebb-gk-B2.2e";"neu"
"Sattelpunkt über die Berührnullstelle des Ableitungsgraphen begründen";"Analysis";"Ableitungsgraph und Funktionsgraph";"Aus dem abgebildeten Graphen der Ableitung mit einer Berührnullstelle begründen, dass die Funktion dort ihre einzige waagerechte Tangente, aber keinen Extrempunkt hat (kein Vorzeichenwechsel der Ableitung).";"2023-bebb-gk-B2.2f";"neu"
"Lösungsmenge einer Ungleichung zwischen zwei Funktionstermen über die faktorisierte Differenz bestimmen";"Analysis";"Gleichungen lösen";"Die Differenz zweier Funktionsterme bilden, faktorisieren (Ausklammern, binomische Formel) und aus den Vorzeichen der Faktoren die Lösungsmenge der Ungleichung f(x) > g(x) angeben.";"2023-bebb-gk-B2.2g";"neu"
"Mittleren Wert einer periodisch schwankenden Größe am Graphen ablesen";"Analysis";"Kurvenuntersuchung";"Aus einem abgebildeten Graphen, der um eine Mittellage schwankt, den Durchschnittswert der Größe auf einem Abschnitt näherungsweise ablesen.";"2023-bebb-gk-B2.2h";"neu"
"Integralwert: Mittelwert einer Funktion als Integral geteilt durch die Intervalllänge berechnen und deuten";"Analysis";"Flächeninhalt durch Integration";"Den Term 1/(b − a) · ∫ von a bis b f(x) dx über eine Stammfunktion berechnen und als Durchschnittswert der Funktion auf dem Intervall im Sachzusammenhang deuten.";"2023-bebb-gk-B2.2i";"neu"
"Transformation: Streckfaktor und Verschiebung aus zwei Termen durch Koeffizientenvergleich ermitteln und die Abbildung beschreiben";"Analysis";"Funktionsklassen und Eigenschaften";"Für h(x) = c · (f(x) + d) die Parameter c und d durch Vergleich der Koeffizienten zweier gegebener Terme bestimmen und die Entstehung des Graphen (Verschiebung in y-Richtung, dann Streckung) beschreiben.";"2023-bebb-gk-B2.2j";"neu"
"Ganzrationale Funktion dritten Grades aus Wert-, Steigungs- und Extrempunktbedingungen rekonstruieren";"Analysis";"Rekonstruktion von Funktionsgleichungen";"Aus dem allgemeinen Ansatz dritten Grades die vier Koeffizienten über Funktionswerte, Ableitungswerte und die Bedingungen eines Extrempunkts (Wert und Ableitung null) bestimmen.";"2023-bebb-gk-B2.2k";"neu"
"Parallelität zweier Ebenen über die Normalenvektoren und eine Punktprobe begründen";"Analytische Geometrie";"Ebenen";"Für zwei Ebenen in Koordinatenform aus kollinearen Normalenvektoren die Parallelität folgern und mit der Punktprobe eines Ebenenpunktes ausschließen, dass die Ebenen identisch sind.";"2023-bebb-gk-B3b";"neu"
"Abstand zweier Punkte auf parallelen Ebenen mit dem Abstand der Ebenen vergleichen";"Analytische Geometrie";"Abstände";"Für je einen Punkt auf zwei parallelen Ebenen entscheiden, ob ihr Abstand größer als der Abstand der Ebenen ist: rechnerisch über Streckenlänge und Ebenenabstand oder über das Lot als kürzeste Verbindung.";"2023-bebb-gk-B3c";"neu"
"Punkt und Ebene: Lage eines Punktes zwischen zwei parallelen Ebenen über Einsetzen in die Koordinatengleichungen begründen";"Analytische Geometrie";"Lagebeziehungen";"Begründen, dass ein Punkt im Inneren eines von zwei parallelen Ebenen und den Koordinatenebenen begrenzten Körpers liegt, über die Vorzeichen beim Einsetzen in die Koordinatengleichungen und die Vorzeichen der Koordinaten.";"2023-bebb-gk-B3f";"neu"
"Körper: Volumenansatz als Differenz zweier Pyramiden erläutern und Parameter bestimmen";"Analytische Geometrie";"Flächeninhalt und Volumen im Raum";"Einen vorgelegten Volumenterm als Differenz einer großen und einer ähnlichen kleinen Pyramide über rechtwinkligen Dreiecken erläutern und den Parameter der kleinen Pyramide aus den Achsenschnittpunkten bestimmen.";"2023-bebb-gk-B3g";"neu"
"Abstand eines Punktes von einer Geraden über Lotgerade und Schnittpunkt aus einem Lösungsweg erläutern";"Analytische Geometrie";"Abstände";"Eine vorgelegte Rechnung (Lotgerade durch den Punkt senkrecht zur Geraden, Schnittpunkt als Lotfußpunkt, Streckenlänge) Schritt für Schritt erläutern und das Ergebnis als Abstand des Punktes von der Geraden, etwa als Höhe eines Trapezes, deuten.";"2023-bebb-gk-B3h";"neu"
"Punkt: Bildpunkt einer Drehung um eine Kante in eine Koordinatenebene über Lotfußpunkt und Abstand berechnen";"Analytische Geometrie";"Punkte und Strecken im Koordinatensystem";"Den Bildpunkt eines Eckpunkts bei Drehung um eine Kante berechnen, wenn er in einer Koordinatenebene landen soll: Lotfußpunkt auf der Kante, Abstand als Radius, Einheitsvektor senkrecht zur Kante in der Zielebene, Vorzeichen aus der Bedingung.";"2023-bebb-gk-B3i";"neu"
"Ziehen ohne Zurücklegen: Wahrscheinlichkeit für ausschließlich eine Sorte beim mehrfachen Ziehen als Produkt berechnen";"Stochastik";"Zufallsexperimente und Urnenmodelle";"Beim mehrfachen Ziehen ohne Zurücklegen die Wahrscheinlichkeit dafür berechnen, dass alle gezogenen Objekte zu einer Sorte gehören, als Produkt fallender Brüche oder als Quotient von Binomialkoeffizienten (Lotto-Modell).";"2023-bebb-gk-B4.1g";"neu"
"Ziehen ohne Zurücklegen: Wahrscheinlichkeit für höchstens k einer Sorte über Binomialkoeffizienten berechnen";"Stochastik";"Zufallsexperimente und Urnenmodelle";"Beim mehrfachen Ziehen ohne Zurücklegen die Wahrscheinlichkeit für höchstens k Objekte einer Sorte als Summe über die günstigen Auswahlen (Produkte von Binomialkoeffizienten) geteilt durch alle Auswahlen berechnen (Lotto-Modell).";"2023-bebb-gk-B4.1h";"neu"
"Mittlere Änderungsrate aus dem Funktionsterm im Sachzusammenhang berechnen";"Analysis";"Ableitung und Änderungsrate";"Den Differenzenquotienten einer Funktion über ein vorgegebenes Intervall aus den Funktionswerten des Terms berechnen und als mittlere Änderung je Zeiteinheit im Sachzusammenhang angeben.";"2017MerhoehtAAnalysis12-a";"neu"
"Stelle mit vorgegebener momentaner Änderungsrate über die Ableitung berechnen";"Analysis";"Ableitung und Änderungsrate";"Die Stelle bestimmen, an der die Ableitung einen vorgegebenen Wert annimmt (Ableitung bilden, Gleichung lösen), und sie im Sachzusammenhang als Zeitpunkt deuten.";"2017MerhoehtAAnalysis12-b";"neu"
"Fläche: Flächeninhalt zwischen Graph, x-Achse und senkrechter Gerade über das Integral nachweisen";"Analysis";"Flächeninhalt durch Integration";"Den vorgegebenen Inhalt einer Fläche zwischen Graph, x-Achse und einer senkrechten Geraden durch Berechnen des bestimmten Integrals über eine Stammfunktion bestätigen.";"2017MerhoehtAAnalysis2-a";"neu"
"Fläche: Achsenschnittpunkt einer Geraden aus einer Flächenbedingung über Rechteck und Dreieck bestimmen";"Analysis";"Flächeninhalt durch Integration";"Den Achsenschnittpunkt einer Geraden durch einen Graphenpunkt so bestimmen, dass eine Fläche zwischen Graph, Achse und Gerade einen vorgegebenen Inhalt hat, indem die Fläche in Rechteck, bekanntes Integral und Dreieck zerlegt wird.";"2017MerhoehtAAnalysis2-b";"neu"
"Lineares Gleichungssystem mit drei Variablen lösen";"Analytische Geometrie";"Lineare Gleichungssysteme";"Ein lineares Gleichungssystem mit drei Gleichungen und drei Variablen durch Einsetzen oder Subtraktion lösen und die Lösungsmenge angeben.";"2017MerhoehtAAGLAA111-a";"neu"
"Übergangsprozess: Übergangsmatrix aus dem Übergangsdiagramm aufstellen";"Analytische Geometrie";"Matrizen und Übergangsprozesse";"Aus einem Übergangsdiagramm mit mehreren Zuständen die vollständige Übergangsmatrix aufstellen (Spalten als Ausgangszustände, Spaltensummen 1).";"2017MerhoehtAAGLAA112-a";"neu"
"Übergangsprozess: Diagramm der zeitlichen Entwicklung eines Zustands aus dem Übergangsdiagramm auswählen und begründen";"Analytische Geometrie";"Matrizen und Übergangsprozesse";"Unter mehreren Punktdiagrammen das auswählen, das die Entwicklung eines Zustands beschreibt, indem die ersten Schritte des Prozesses aus dem Übergangsdiagramm verfolgt und mit den Diagrammen verglichen werden.";"2017MerhoehtAAGLAA112-b";"neu"
"Spurgerade einer Ebene in einer Koordinatenebene in das Schrägbild einzeichnen";"Analytische Geometrie";"Schnittmengen";"Die Schnittgerade einer Ebene in Koordinatenform mit einer Koordinatenebene über ihre beiden Spurpunkte auf den Achsen bestimmen und in ein Schrägbild einzeichnen.";"2017MerhoehtAAGLAA211-a";"neu"
"Ebene Figur: Flächeninhalt eines rechtwinkligen Dreiecks über die Kathetenlängen nachweisen";"Analytische Geometrie";"Flächeninhalt und Volumen im Raum";"Für ein Dreieck mit bekanntem rechten Winkel die beiden Katheten als Vektorbeträge berechnen und den Flächeninhalt als halbes Produkt nachweisen.";"2017MerhoehtAAGLAA212-a";"neu"
"Aussage über den Ausgleich eines beobachteten Anteils bei weiteren Versuchen über die Unabhängigkeit beurteilen";"Stochastik";"Unabhängigkeit";"Eine Aussage, nach der ein zu kleiner beobachteter Anteil bei den nächsten Versuchen durch einen zu großen ausgeglichen werden müsse, als falsch beurteilen, weil die Einzelwahrscheinlichkeit bei jeder Wiederholung gleich bleibt.";"2017MerhoehtAStochastik11-c";"neu"
"Wendepunkt an vorgegebener Stelle nachweisen und Wendetangente aufstellen";"Analysis";"Kurvenuntersuchung";"Für eine genannte Stelle über zweite und dritte Ableitung nachweisen, dass dort ein Wendepunkt liegt, und die Gleichung der Tangente in diesem Punkt aufstellen.";"2018MgrundlegendBAnalysisWTR-1a";"neu"
"Symmetrie: Punktsymmetrie zum Wendepunkt über die Verschiebung einer ungeraden Funktion begründen";"Analysis";"Funktionsklassen und Eigenschaften";"Die Verschiebung angeben, mit der ein Graph aus dem Graphen einer nur ungerade Potenzen enthaltenden Funktion hervorgeht, und daraus die Punktsymmetrie zum Wendepunkt folgern.";"2018MgrundlegendBAnalysisWTR-1b";"neu"
"Körper: Oberflächeninhalt des Rotationskegels eines rechtwinkligen Dreiecks berechnen";"Analytische Geometrie";"Flächeninhalt und Volumen im Raum";"Den Körper erkennen, der bei Rotation eines rechtwinkligen Dreiecks um eine Kathete entsteht (Kegel), und seinen Oberflächeninhalt aus Radius, Höhe und Mantellinie berechnen; die Maße kommen aus Koordinaten oder Funktionswerten.";"2018MgrundlegendBAnalysisWTR-1c";"neu"
"Integralwert: Ungleichung zweier Integrale über das Vorzeichen des Teilintegrals am Graphen begründen";"Analysis";"Flächeninhalt durch Integration";"Ohne Rechnung begründen, dass ein Integral über ein größeres Intervall kleiner ist als über ein Teilintervall, weil das hinzukommende Teilintegral am Graphen negativ ist.";"2018MgrundlegendBAnalysisWTR-1e";"neu"
"Lage zweier Graphen aus dem Graphen ihrer Differenzfunktion beschreiben";"Analysis";"Kurvenuntersuchung";"Aus dem abgebildeten Graphen von h − f die gegenseitige Lage der Graphen von f und h beschreiben: Nullstellen als gemeinsame Punkte, Vorzeichen als Lage über oder unter, Extremstellen als größter Abstand.";"2018MgrundlegendBAnalysisWTR-1f";"neu"
"Nullstellen und Werte: Stelle zu einem vorgegebenen Funktionswert am Graphen ablesen";"Analysis";"Funktionsklassen und Eigenschaften";"Aus einer Abbildung die Stelle ablesen, an der eine Funktion einen vorgegebenen Wert annimmt, gegebenenfalls nach Umrechnung der Einheit.";"2018MgrundlegendBAnalysisWTR-2a";"neu"
"Aussage über die Zunahme der Zusatzkosten über Differenzen von Funktionswerten beurteilen";"Analysis";"Ableitung und Änderungsrate";"Eine Aussage über das Wachsen der Kosten je zusätzlicher Einheit beurteilen, indem Differenzen aufeinanderfolgender Funktionswerte (oder die Steigung) verglichen werden, etwa mit einem Gegenbeispiel.";"2018MgrundlegendBAnalysisWTR-2c";"neu"
"Nullstellen und Werte: Gleichheit zweier Funktionswerte durch Einsetzen im Sachzusammenhang nachweisen";"Analysis";"Funktionsklassen und Eigenschaften";"Durch Einsetzen einer Stelle in zwei Funktionsterme (etwa Erlös und Kosten) nachweisen, dass die Werte übereinstimmen, und das im Sachzusammenhang deuten (kein Gewinn).";"2018MgrundlegendBAnalysisWTR-2d";"neu"
"Gewinnbereich als Bereich zwischen den Schnittstellen von Erlösgerade und Kostengraph zeichnerisch bestimmen";"Analysis";"Kurvenuntersuchung";"Die Erlösgerade in die Abbildung des Kostengraphen einzeichnen und den Bereich ablesen, in dem sie oberhalb des Kostengraphen liegt (Gewinnzone zwischen den Schnittstellen).";"2018MgrundlegendBAnalysisWTR-2e";"neu"
"Maximum einer Gewinnfunktion über die Ableitung berechnen";"Analysis";"Kurvenuntersuchung";"Die Gewinnfunktion als Differenz von Erlös und Kosten aufstellen, die Stelle des größten Gewinns über die Nullstellen der Ableitung berechnen und die Lösung im zulässigen Bereich auswählen.";"2018MgrundlegendBAnalysisWTR-2f";"neu"
"Übergangsprozess: Wechselzahlen nach einem Übergang berechnen und Gleichgewicht deuten";"Analytische Geometrie";"Matrizen und Übergangsprozesse";"Aus Bestandszahlen und Wechselanteilen die Anzahl der Wechsler je Zustand berechnen und gleiche Wechselzahlen als unveränderte Bestände (Gleichgewicht) deuten.";"2018MgrundlegendBAGLAA1WTR-1b";"neu"
"Übergangsprozess: Gleichungssystem für die Verteilung vor einem Übergang aufstellen";"Analytische Geometrie";"Matrizen und Übergangsprozesse";"Aus M · v = w mit bekannter Verteilung w nach dem Übergang das lineare Gleichungssystem für die unbekannte Verteilung v davor angeben, ohne es zu lösen.";"2018MgrundlegendBAGLAA1WTR-1c";"neu"
"Übergangsprozess: Verteilung nach einem Übergang berechnen und einen Anteil angeben";"Analytische Geometrie";"Matrizen und Übergangsprozesse";"Mit der Übergangsmatrix die Bestände nach einem Schritt berechnen (auch über die feste Gesamtzahl) und den prozentualen Anteil eines Zustands angeben.";"2018MgrundlegendBAGLAA1WTR-1d";"neu"
"Übergangsprozess: Zustand mit dem kleinsten Wechselanteil aus der Matrix ablesen";"Analytische Geometrie";"Matrizen und Übergangsprozesse";"Aus den Diagonaleinträgen der Übergangsmatrix den Zustand mit dem größten Bleibeanteil bestimmen und den zugehörigen Wechselanteil als Komplement angeben.";"2018MgrundlegendBAGLAA1WTR-1e";"neu"
"Übergangsprozess: Potenz der Übergangsmatrix als mehrschrittigen Übergang deuten";"Analytische Geometrie";"Matrizen und Übergangsprozesse";"Einen Term wie M · M · M im Sachzusammenhang als Übergang über entsprechend viele Schritte (etwa ein Vierteljahr) beschreiben.";"2018MgrundlegendBAGLAA1WTR-1f";"neu"
"Übergangsprozess: Bereich eines Anteils in Abhängigkeit vom Matrixparameter über die Randwerte ermitteln";"Analytische Geometrie";"Matrizen und Übergangsprozesse";"Einen Bestand oder Anteil als Term im Parameter der Übergangsmatrix aufstellen (etwa als Rest zur Gesamtzahl) und aus der Monotonie des Terms den Wertebereich über die Randwerte des Parameters angeben.";"2018MgrundlegendBAGLAA1WTR-1g";"neu"
"Übergangsprozess: Matrixparameter aus einer Komponente nach einem Schritt bestimmen";"Analytische Geometrie";"Matrizen und Übergangsprozesse";"Den unbekannten Eintrag einer Übergangsmatrix aus einer bekannten Komponente der Verteilung nach einem Schritt über eine lineare Gleichung bestimmen.";"2018MgrundlegendBAGLAA1WTR-1h";"neu"
"Ebene Figur: Rechtwinkliges gleichschenkliges Dreieck aus den Koordinaten begründen und Flächeninhalt angeben";"Analytische Geometrie";"Punkte und Strecken im Koordinatensystem";"Aus achsenparallelen Koordinaten (etwa einem Quadrat) begründen, dass ein Dreieck rechtwinklig und gleichschenklig ist, und seinen Flächeninhalt ohne Vektorrechnung angeben.";"2018MgrundlegendBAGLAA2WTR1-1a";"neu"
"Geradengleichung durch zwei Punkte aufstellen und windschiefe Lage begründen";"Analytische Geometrie";"Geraden";"Die Parametergleichung einer Geraden durch zwei Punkte angeben und begründen, dass sie zu einer anderen Geraden windschief ist (kein gemeinsamer Punkt, nicht parallel), etwa über die Lage in einer Koordinatenebene.";"2018MgrundlegendBAGLAA2WTR1-1b";"neu"
"Koordinate eines Punktes aus der Schnittfigur zeichnerisch ermitteln und Vorgehen beschreiben";"Analytische Geometrie";"Schnittmengen";"Beschreiben, wie eine Koordinate eines Punktes aus dem Schrägbild einer Schnittfigur gewonnen wird, etwa durch Verlängern einer Schnittkante bis zu einer Geraden.";"2018MgrundlegendBAGLAA2WTR1-1c";"neu"
"Körper: Volumen eines Teilkörpers als Differenz zweier Pyramiden berechnen und erläutern";"Analytische Geometrie";"Flächeninhalt und Volumen im Raum";"Das Volumen eines durch eine Ebene abgeschnittenen Teilkörpers eines Quaders als Differenz einer großen Pyramide und einer kleineren Ergänzungspyramide berechnen und den Ansatz erläutern.";"2018MgrundlegendBAGLAA2WTR1-1d";"neu"
"Spurpunkt einer Scharebene auf einer Koordinatenachse nachweisen";"Analytische Geometrie";"Scharen von Geraden und Ebenen";"Für einen Parameterwert einer Ebenenschar nachweisen, dass ein gegebener Punkt auf einer Koordinatenachse liegt und die Ebenengleichung erfüllt.";"2018MgrundlegendBAGLAA2WTR1-1e";"neu"
"Ziehen ohne Zurücklegen: Wahrscheinlichkeit für genau k einer Sorte beim mehrfachen Ziehen über Pfade berechnen";"Stochastik";"Zufallsexperimente und Urnenmodelle";"Beim mehrfachen Ziehen ohne Zurücklegen die Wahrscheinlichkeit für genau k Objekte einer Sorte als Pfadprodukt mal Anzahl der Reihenfolgen berechnen.";"2018MgrundlegendBStochastikWTR1-1f";"neu"
"Verhältnis der Varianzen zweier Binomialverteilungen aus dem Erwartungswert im Diagramm bestimmen";"Stochastik";"Kenngrößen von Verteilungen";"Aus dem Säulendiagramm einer Binomialverteilung den Erwartungswert ablesen, daraus p bestimmen, eine zweite Verteilung über eine Erwartungswertbedingung festlegen und das Verhältnis der Varianzen n · p · (1 − p) berechnen.";"2018MgrundlegendBStochastikWTR1-2";"neu"
"Gegenereignis einer Vereinigung im Sachzusammenhang beschreiben";"Stochastik";"Ereignisse und Mengenoperationen";"Ein als Gegenereignis einer Vereinigung notiertes Ereignis (Überstrich über dem ganzen Term) im Sachzusammenhang beschreiben, indem es nach De Morgan als Schnitt der Gegenereignisse gelesen wird.";"2018MgrundlegendBStochastikWTR3-1d";"neu"
"Laplace-Experiment: Wahrscheinlichkeiten zweier Extremsummen über die Häufigkeit der Beschriftung vergleichen";"Stochastik";"Zufallsexperimente und Urnenmodelle";"Für einen Würfel mit ungleich verteilten Beschriftungen begründen, welche von zwei nur durch eine einzige Ergebnisfolge erreichbaren Summen wahrscheinlicher ist.";"2018MgrundlegendBStochastikWTR3-2a";"neu"
"Summenbedingung bei wiederholtem Wurf in eine Binomialwahrscheinlichkeit übersetzen und nachweisen";"Stochastik";"Binomialverteilung";"Eine Bedingung an die Summe mehrerer Würfe eines zweiwertigen Würfels in eine Bedingung an die Trefferzahl übersetzen und die Wahrscheinlichkeit als kumulierte Binomialwahrscheinlichkeit nachweisen.";"2018MgrundlegendBStochastikWTR3-2b";"neu"
"Term und Ereignis: Ereignis zu einem gegebenen Wahrscheinlichkeitswert als Potenz angeben";"Stochastik";"Zufallsexperimente und Urnenmodelle";"Einen vorgegebenen Wahrscheinlichkeitswert als Potenz einer Einzelwahrscheinlichkeit erkennen und ein Ereignis (Ergebnisfolge) angeben, das diese Wahrscheinlichkeit hat.";"2018MgrundlegendBStochastikWTR3-2c";"neu"
"Aussagen über Bernoulli-Experiment und Bernoulli-Kette im Sachzusammenhang beurteilen";"Stochastik";"Binomialverteilung";"Beurteilen, ob ein beschriebenes Zufallsexperiment ein Bernoulli-Experiment und ob eine Wiederholung eine Bernoulli-Kette ist, über die Anzahl der möglichen Ergebnisse.";"2018MgrundlegendBStochastikWTR3-2d";"neu"
"Ganzrationale Funktion dritten Grades aus drei Nullstellen und einem Punkt rekonstruieren";"Analysis";"Rekonstruktion von Funktionsgleichungen";"Aus drei am Graphen abgelesenen Nullstellen den Produktansatz a · (x − x1)(x − x2)(x − x3) aufstellen und den Streckfaktor aus einem weiteren Punkt bestimmen.";"2018MerhoehtBAnalysisWTR1-1a";"neu"
"Ganzzahlige Nullstellen einer Integralfunktion über gleiche Grenzen und Symmetrie begründen";"Analysis";"Stammfunktion und Hauptsatz";"Die Nullstellen einer Integralfunktion angeben und begründen: die untere Grenze (Integral mit gleichen Grenzen) und die Stelle, an der sich wegen der Punktsymmetrie des Integranden die Flächenstücke ober- und unterhalb der Achse aufheben.";"2018MerhoehtBAnalysisWTR1-1d";"neu"
"Weitere Nullstelle einer Integralfunktion über die Flächenbilanz am Graphen begründen";"Analysis";"Stammfunktion und Hauptsatz";"Mithilfe des Graphen des Integranden begründen, dass die Integralfunktion eine weitere Nullstelle hat, weil die Flächenbilanz bei wachsender oberer Grenze wieder null wird.";"2018MerhoehtBAnalysisWTR1-1e";"neu"
"Höchstzahl der Nullstellen einer Integralfunktion über den Grad begründen";"Analysis";"Stammfunktion und Hauptsatz";"Aus dem Grad des Integranden den Grad der Integralfunktion ableiten und daraus die Höchstzahl ihrer Nullstellen begründen.";"2018MerhoehtBAnalysisWTR1-1f";"neu"
"Sinusfunktion mit gleichen Nullstellen und gleichem Flächeninhalt wie ein Graph bestimmen";"Analysis";"Rekonstruktion von Funktionsgleichungen";"Eine Funktion a · sin(bx) so bestimmen, dass sie auf einem Intervall dieselben Nullstellen wie ein gegebener Graph hat (b aus der halben Periode) und dieselbe Fläche mit der x-Achse einschließt (a aus dem Integral).";"2018MerhoehtBAnalysisWTR1-1g";"neu"
"Gemeinsamen Punkt zweier Graphen über gleiche Flächeninhalte indirekt begründen";"Analysis";"Kurvenuntersuchung";"Indirekt begründen, dass zwei Graphen mit gleichen Randnullstellen und gleichem Flächeninhalt über einem Intervall dort einen gemeinsamen Punkt haben: läge einer ganz oberhalb, wären die Flächeninhalte verschieden.";"2018MerhoehtBAnalysisWTR1-1h";"neu"
"Strenge Monotonie einer Schar über die Diskriminante der Ableitung für einen Parameterbereich nachweisen";"Analysis";"Funktionsscharen und Ortskurven";"Für eine Funktionenschar zeigen, dass die Ableitung für einen Parameterbereich keine Nullstelle hat (Diskriminante negativ) und wegen eines positiven Werts überall positiv ist, die Schar also streng monoton wächst.";"2018MerhoehtBAnalysisWTR1-2f";"neu"
"Nullstellen und Werte: Länge der Verbindungsstrecke zweier Graphenpunkte als Näherung der Bogenlänge berechnen";"Analysis";"Funktionsklassen und Eigenschaften";"Zwei Punkte eines Graphen über ihre Funktionswerte bestimmen und den Abstand als Näherung für die Länge des Graphenbogens berechnen.";"2018MerhoehtBAnalysisWTR2-1a";"neu"
"Exponentialgleichung für einen Funktionswert durch Logarithmieren lösen und als Abstand im Sachzusammenhang angeben";"Analysis";"Gleichungen lösen";"Die Stelle zu einem vorgegebenen Funktionswert einer Exponentialfunktion durch Logarithmieren berechnen und daraus einen Abstand zu einem Bezugspunkt im Sachzusammenhang angeben.";"2018MerhoehtBAnalysisWTR2-1b";"neu"
"Nullstellen und Werte: Aussage zur Modellgüte über die Summe vorzeichenbehafteter Abweichungen beurteilen";"Analysis";"Funktionsklassen und Eigenschaften";"Beurteilen, ob ein kleiner Betrag der Summe der Abweichungen zwischen Messwerten und Modellwerten eine gute Modellbeschreibung belegt; Gegenargument: Abweichungen mit verschiedenen Vorzeichen heben sich auf.";"2018MerhoehtBAnalysisWTR2-1c";"neu"
"Parameter einer Parabelschar aus dem knickfreien Übergang zu einem Graphen bestimmen";"Analysis";"Funktionsscharen und Ortskurven";"Den Koeffizienten einer Parabelschar aus der Bedingung bestimmen, dass der Übergang zu einem anderen Graphen an der Nahtstelle knickfrei ist (gleiche Ableitung).";"2018MerhoehtBAnalysisWTR2-1d";"neu"
"Auftreffwinkel einer Flugkurve über die Ableitung an der Nullstelle berechnen";"Analysis";"Tangente, Normale, Schnittwinkel";"Den Winkel, unter dem eine als Graph modellierte Flugkurve auf den Boden trifft, aus der Ableitung an der Auftreffstelle über den Tangens berechnen.";"2018MerhoehtBAnalysisWTR2-1f";"neu"
"Hochpunkt einer Parabelschar mit Parameterkoordinaten nachweisen";"Analysis";"Funktionsscharen und Ortskurven";"Für eine Parabelschar nachweisen, dass ein in Abhängigkeit vom Parameter angegebener Punkt Hochpunkt ist: Ableitung dort null, Funktionswert bestätigen, Öffnung nach unten.";"2018MerhoehtBAnalysisWTR2-1g";"neu"
"Steigung der Ortsgeraden der Hochpunkte einer Schar aus zwei Hochpunkten berechnen";"Analysis";"Funktionsscharen und Ortskurven";"Die Steigung der Geraden, auf der alle Hochpunkte einer Schar liegen, aus zwei konkreten Hochpunkten (oder durch Eliminieren des Parameters) berechnen.";"2018MerhoehtBAnalysisWTR2-1h";"neu"
"Gleichung zwischen Scharparameter und Nullstelle aus der Nullstellenbedingung herleiten";"Analysis";"Funktionsscharen und Ortskurven";"Aus p_a(s) = 0 eine vorgegebene Gleichung herleiten, die den Scharparameter a durch die Nullstelle s ausdrückt.";"2018MerhoehtBAnalysisWTR2-1i";"neu"
"Scharparameter aus der Weite berechnen und Höhe des Hochpunkts angeben";"Analysis";"Funktionsscharen und Ortskurven";"Aus einer vorgegebenen Nullstelle (Weite) über die Beziehung zwischen Parameter und Nullstelle den Parameter bestimmen und daraus die Höhe des Hochpunkts angeben.";"2018MerhoehtBAnalysisWTR2-1j";"neu"
"Nullstellen und Werte: Aussage über das Verhältnis zweier Funktionswerte durch Einsetzen widerlegen";"Analysis";"Funktionsklassen und Eigenschaften";"Eine Aussage über das Verhältnis der Funktionswerte an zwei Stellen mit festem Abstand durch Berechnen oder Ablesen eines Gegenbeispiels widerlegen.";"2018MerhoehtBAnalysisWTR2-1k";"neu"
"Fläche: Flächeninhalt zwischen Graph, Achse und zwei Parallelen über Rechtecke und Integral berechnen";"Analysis";"Flächeninhalt durch Integration";"Zwei Parallelen zur Abszissenachse durch Graphenpunkte einzeichnen und den Inhalt des von Graph, Ordinatenachse und den Parallelen berandeten Flächenstücks als Summe und Differenz von Rechtecken und einem Integral berechnen.";"2018MerhoehtBAnalysisWTR2-1l";"neu"
"Wasservolumen als Differenz aus Rotationsvolumen und Kugelvolumen nach unten abschätzen";"Analysis";"Rotationsvolumen";"Aus der Sachlage (Kugel vollständig unter Wasser) eine Untergrenze des Wasserstands gewinnen, das Rotationsvolumen bis dorthin berechnen und das Kugelvolumen abziehen.";"2018MerhoehtBAnalysisWTR2-2a";"neu"
"Gleichung für die Füllhöhe aus einem Rotationsvolumen zwischen variablen Grenzen aufstellen";"Analysis";"Rotationsvolumen";"Den Volumenzuwachs einer Schicht als Rotationsintegral mit variablen Grenzen t und t + 1 ansetzen und mit dem eingefüllten Volumen gleichsetzen, ohne die Gleichung zu lösen.";"2018MerhoehtBAnalysisWTR2-2b";"neu"
"Ebene Figur: Viereck in ein Schrägbild einzeichnen";"Analytische Geometrie";"Punkte und Strecken im Koordinatensystem";"Die Eckpunkte eines Vierecks aus ihren Koordinaten in ein vorgegebenes Schrägbild eintragen und verbinden.";"2018MerhoehtBAGLAA1WTR-1a";"neu"
"Endpunkt der Schnittstrecke eines Vierecks mit einer achsenparallelen Ebene bestimmen";"Analytische Geometrie";"Schnittmengen";"Für eine zu einer Koordinatenebene parallele Ebene den Punkt bestimmen, in dem sie eine Seite eines Vierecks schneidet, über den Parameter der Seite.";"2018MerhoehtBAGLAA1WTR-1b";"neu"
"Lotfußpunkt auf einer Geraden über das Skalarprodukt mit dem Richtungsvektor berechnen";"Analytische Geometrie";"Abstände";"Den Punkt einer Geraden berechnen, dessen Verbindung zu einem gegebenen Punkt senkrecht zur Geraden steht: Punkt mit Parameter ansetzen, Skalarprodukt mit dem Richtungsvektor null setzen.";"2018MerhoehtBAGLAA1WTR-1c";"neu"
"Matrizenalgebra: Einträge einer Faktormatrix aus dem Produkt mit einer bekannten Matrix bestimmen";"Analytische Geometrie";"Matrizen und Übergangsprozesse";"Die unbekannten Einträge einer Matrix F aus der Gleichung H · F = J mit bekannten Matrizen H und J durch Ausmultiplizieren und Vergleich bestimmen.";"2018MerhoehtBAGLAA1WTR-2a";"neu"
"Übergangsprozess: Zustände nach einem und zwei Schritten aus einem Anfangszustand berechnen";"Analytische Geometrie";"Matrizen und Übergangsprozesse";"Aus einem Anfangszustand durch ein- und zweimaliges Anwenden der Übergangsmatrix die Zustände der beiden folgenden Schritte berechnen.";"2018MerhoehtBAGLAA1WTR-2b";"neu"
"Übergangsprozess: Unmöglichkeit eines konstanten Zustands über eine negative Lösung begründen";"Analytische Geometrie";"Matrizen und Übergangsprozesse";"Untersuchen, ob eine Komponente des Zustands nach einem Übergang unverändert bleiben kann, indem die zugehörige Gleichung gelöst und die Lösung im Sachzusammenhang (negative Anzahl) verworfen wird.";"2018MerhoehtBAGLAA1WTR-2c";"neu"
"Übergangsprozess: Anteil zu entfernender Individuen für einen stationären Zustand berechnen";"Analytische Geometrie";"Matrizen und Übergangsprozesse";"Den Anteil bestimmen, um den eine Komponente vor dem Übergang verringert werden muss, damit der Zustand nach dem Übergang dem vor dem Eingriff gleicht: Gleichungssystem J · (S; P') = (S; P) aufstellen und P'/P berechnen.";"2018MerhoehtBAGLAA1WTR-2d";"neu"
"Aufgabenstellung zum Abstand eines Punktes von einer Scharebene aus dem Lösungsweg formulieren";"Analytische Geometrie";"Abstände";"Einen vorgelegten Lösungsweg (Hessesche Normalform mit eingesetzten Koordinaten, gleich einem Abstand) als Abstandsbedingung erkennen und eine passende Aufgabenstellung formulieren.";"2018MerhoehtBAGLAA2WTR1-1g";"neu"
"Ebene Figur: Flächeninhalt eines ebenen Vierecks mit zwei parallelen senkrechten Seiten aus Seitenlänge und Pfahlabstand berechnen";"Analytische Geometrie";"Flächeninhalt und Volumen im Raum";"Den Flächeninhalt eines ebenen Vierecks berechnen, dessen zwei gegenüberliegende Seiten senkrecht stehen und gleich lang sind (Parallelogramm): Seitenlänge mal Abstand der Trägergeraden.";"2018MerhoehtBAGLAA2WTR2-1e";"neu"
"Höhe des Endpunkts einer Strecke auf einer senkrechten Geraden über den Schnitt mit einer Kante berechnen";"Analytische Geometrie";"Schnittmengen";"Die unbekannte Höhe eines Punktes auf einer senkrechten Geraden berechnen, wenn die Strecke von einem bekannten Punkt zu ihm eine gegebene Kante berührt: Gerade mit der Höhe als Variable ansetzen, Schnitt mit der Kantengeraden, dritte Gleichung auflösen.";"2018MerhoehtBAGLAA2WTR2-1f";"neu"
"Ebene Figur: Zuschauerzahl aus dem Flächeninhalt eines Trapezes im Raum und dem Platzbedarf berechnen";"Analytische Geometrie";"Flächeninhalt und Volumen im Raum";"Den Flächeninhalt eines Trapezes im Raum über die Trapezformel mit der Höhe als Abstand der Mittelpunkte der parallelen Seiten berechnen und durch den Platzbedarf je Person teilen.";"2018MerhoehtBAGLAA2WTR3-1b";"neu"
"Lotfußpunkt außerhalb einer Figur als Grund für größere Abstände aller Figurpunkte zeichnerisch begründen";"Analytische Geometrie";"Abstände";"Anhand einer Zeichnung begründen, dass kein Punkt einer ebenen Figur von einem Punkt den Abstand hat, den dieser zur Trägerebene hat, weil der Lotfußpunkt außerhalb der Figur liegt.";"2018MerhoehtBAGLAA2WTR3-1d";"neu"
"Gerade und Ebene: Berühren einer Geraden mit einem Netz über die Höhe des Durchstoßpunkts in der Netzebene untersuchen";"Analytische Geometrie";"Lagebeziehungen";"Rechnerisch untersuchen, ob eine geradlinige Bahn ein Netz berührt: Parameter für das Erreichen der Netzebene bestimmen und die Höhe des Punktes dort mit der Netzhöhe vergleichen.";"2018MerhoehtBAGLAA2WTR3-1e";"neu"
"Punkt und Ebene: Auftreffpunkt einer Bahnkurve auf der Grundebene berechnen und Lage innerhalb des Spielfelds prüfen";"Analytische Geometrie";"Lagebeziehungen";"Für eine durch Punkte X_t beschriebene Bahn den Zeitpunkt mit x3 = 0 aus einer quadratischen Gleichung bestimmen und prüfen, ob der Auftreffpunkt innerhalb vorgegebener Koordinatenschranken liegt.";"2018MerhoehtBAGLAA2WTR3-1g";"neu"
"Mindestanzahl von Versuchen für mindestens drei Treffer mit vorgegebener Wahrscheinlichkeit durch Probieren ermitteln";"Stochastik";"Binomialverteilung";"Die kleinste Anzahl n bestimmen, für die P(Y ≥ 3) bei Y ~ B(n; p) eine Schranke erreicht, durch Prüfen der ersten in Frage kommenden Werte von n.";"2018MerhoehtBStochastikWTR1-1b";"neu"
"Laplace-Experiment: Wahrscheinlichkeit für drei verschiedene Ergebnisse über Pfadprodukt und Reihenfolgen nachweisen";"Stochastik";"Zufallsexperimente und Urnenmodelle";"Die Wahrscheinlichkeit, bei drei Durchgängen drei verschiedene Ergebnisse zu erhalten, als Produkt der Einzelwahrscheinlichkeiten mal Anzahl der Reihenfolgen (3!) nachweisen.";"2018MerhoehtBStochastikWTR1-2a";"neu"
"Mindestwert einer Erkennungswahrscheinlichkeit aus einer Bedingung an eine bedingte Wahrscheinlichkeit bestimmen";"Stochastik";"Bedingte Wahrscheinlichkeit und Bayes";"Eine bedingte Wahrscheinlichkeit (Bayes) mit der Erkennungswahrscheinlichkeit x als Parameter aufstellen und aus einer Schranke an diese Wahrscheinlichkeit den kleinsten zulässigen Wert von x berechnen.";"2018MerhoehtBStochastikWTR2-1e";"neu"
"Länge eines Konfidenzintervalls bei doppeltem Stichprobenumfang über den Faktor 1/√2 begründen";"Stochastik";"Konfidenzintervalle";"Aus der Näherungsformel für die Intervallgrenzen begründen, dass die Länge des Konfidenzintervalls bei doppeltem Stichprobenumfang und gleichem Stichprobenanteil um den Faktor 1/√2 kleiner, also kürzer, aber nicht halb so lang wird.";"2018MerhoehtBStochastikWTR2-1g";"neu"
"Transformation: Funktionsterm nach Verschiebung in x-Richtung durch den Ursprung ermitteln";"Analysis";"Funktionsklassen und Eigenschaften";"Die Nullstelle einer Funktion bestimmen und den Term der Funktion angeben, deren Graph durch Verschiebung entlang der x-Achse um diese Nullstelle durch den Ursprung verläuft (h(x) = f(x + x0)).";"2024-bebb-gk-A1.7b";"neu"
"Ebene Figur: Zwei Ecken eines gleichschenkligen Dreiecks mit gleichem Abstand zu einem Mittelpunkt angeben";"Analytische Geometrie";"Punkte und Strecken im Koordinatensystem";"Zu einem Punkt A und einem Mittelpunkt M zwei Punkte B und C angeben, die von M denselben Abstand wie A haben und mit A ein gleichschenkliges Dreieck bilden (offene Aufgabe mit vielen Lösungen; etwa Gegenpunkt von A und ein zu AM senkrechter Vektor gleicher Länge).";"2024-bebb-gk-A1.8a";"neu"
"Nullstellen und Werte: Nullstelle und y-Achsenschnittpunkt eines Produkts mit e-Funktion angeben";"Analysis";"Funktionsklassen und Eigenschaften";"Die Nullstelle eines Produkts aus linearem Faktor und e-Funktion angeben (der e-Faktor hat keine Nullstelle) und den Schnittpunkt mit der y-Achse berechnen.";"2024-bebb-gk-B2.1a";"neu"
"Zweite Ableitung nachweisen und Wendepunkt an vorgegebener Stelle zeigen";"Analysis";"Kurvenuntersuchung";"Eine vorgegebene zweite Ableitung mit Produkt- und Kettenregel nachweisen und für einen genannten Punkt zeigen, dass er Wendepunkt ist (f'' = 0 mit Vorzeichenwechsel oder f''' ≠ 0, Funktionswert).";"2024-bebb-gk-B2.1c";"neu"
"Aussagen über die Normale an der Wendestelle und den Wertebereich der Ableitung beurteilen";"Analysis";"Kurvenuntersuchung";"Zwei Aussagen prüfen: ob eine Gerade durch zwei Graphenpunkte senkrecht zur Tangente an der Wendestelle (stärkstes Gefälle) steht, und ob waagerechte Geraden unterhalb des Minimums von f' den Ableitungsgraphen meiden (Randfall am Tiefpunkt von f').";"2024-bebb-gk-B2.1d";"neu"
"Aussage über den Krümmungswechsel der Stammfunktionen über das Vorzeichen von f am Graphen beurteilen";"Analysis";"Stammfunktion und Hauptsatz";"Beurteilen, wie oft der Graph einer Stammfunktion das Krümmungsverhalten ändert, über die Vorzeichenwechsel von f' (zweite Ableitung der Stammfunktion) am abgebildeten Graphen.";"2024-bebb-gk-B2.1f";"neu"
"Transformation: An der x-Achse gespiegelte Funktion angeben und Durchmesser aus dem Funktionswert mit Maßstab berechnen";"Analysis";"Funktionsklassen und Eigenschaften";"Für ein an der x-Achse symmetrisches Profil die gespiegelte Funktion g = −f angeben und einen Durchmesser als doppelten Funktionswert an einer Stelle mit Maßstab in eine Längeneinheit umrechnen.";"2024-bebb-gk-B2.1g";"neu"
"Maße und Masse eines umschließenden Quaders eines Rotationskörpers aus Hochpunkt und Bereich mit Maßstab berechnen";"Analysis";"Kurvenuntersuchung";"Die Mindestmaße eines Quaders, der einen Rotationskörper umschließt, aus der Länge des Definitionsbereichs und dem doppelten Hochpunktwert bestimmen, mit Maßstab umrechnen und aus Volumen und Dichte die Masse berechnen.";"2024-bebb-gk-B2.1h";"neu"
"Öffnungswinkel an der Spitze eines Rotationskörpers über die Tangentensteigung prüfen";"Analysis";"Tangente, Normale, Schnittwinkel";"Den Winkel an der Spitze eines zur x-Achse symmetrischen Profils als doppelten Steigungswinkel der Tangente in der Spitze berechnen und mit einer Vorgabe vergleichen.";"2024-bebb-gk-B2.1i";"neu"
"Fläche: Querschnittsfläche eines Rotationskörpers als doppeltes Integral mit Maßstab berechnen";"Analysis";"Flächeninhalt durch Integration";"Den Inhalt einer zur x-Achse symmetrischen Querschnittsfläche als doppeltes Integral über den Profilbereich berechnen und mit dem Flächenmaßstab in cm² umrechnen.";"2024-bebb-gk-B2.1j";"neu"
"Nullstellen und Werte: Nullstelle über die Symmetrie begründen und übrige Nullstellen einer biquadratischen Funktion bestimmen";"Analysis";"Funktionsklassen und Eigenschaften";"Aus einer bekannten Nullstelle über die Achsensymmetrie die gespiegelte Nullstelle begründen und die übrigen Nullstellen einer biquadratischen Funktion durch Substitution bestimmen.";"2024-bebb-gk-B2.2b";"neu"
"Fläche: Lösungsschritte zu einem Flächenverhältnis von Segment und Dreieck geometrisch deuten und Flächen einzeichnen";"Analysis";"Flächeninhalt durch Integration";"Vorgelegte Lösungsschritte (Schnittstellen einer Sekante mit dem Graphen, Integral der Differenz, Dreiecksfläche, Verhältnis) geometrisch deuten und die beiden Flächen in eine Abbildung einzeichnen.";"2024-bebb-gk-B2.2e";"neu"
"Transformation: Streckfaktor aus einer Flächenbedingung für den gestauchten Graphen bestimmen";"Analysis";"Funktionsklassen und Eigenschaften";"Den Faktor a einer Stauchung in y-Richtung (h = a · f) aus der Bedingung bestimmen, dass der Graph von h mit der x-Achse über einem Intervall eine Fläche vorgegebenen Inhalts begrenzt.";"2024-bebb-gk-B2.2f";"neu"
"Lösungsweg für den Gültigkeitsbereich einer Näherung über eine Betragsungleichung beschreiben";"Analysis";"Gleichungen lösen";"Beschreiben, wie alle Stellen ermittelt werden, an denen eine Näherungsfunktion einer Toleranz genügt: Betragsungleichung für die Differenz aufstellen, Betrag über das Vorzeichen auflösen, Randgleichung lösen und den Bereich angeben.";"2024-bebb-gk-B2.2h";"neu"
"Körper: Netz einer Pyramide vervollständigen";"Analytische Geometrie";"Punkte und Strecken im Koordinatensystem";"Ein teilweise gezeichnetes Netz einer Pyramide um die fehlenden Seitenflächen ergänzen, mit Kantenlängen aus den Koordinaten.";"2024-bebb-gk-B3c";"neu"
"Körper: Kantenlänge eines Würfels mit einer Ecke auf einer Pyramidenkante berechnen und Lage im Inneren begründen";"Analytische Geometrie";"Punkte und Strecken im Koordinatensystem";"Für einen Würfel mit drei Seitenflächen in den Koordinatenebenen die Kantenlänge k bestimmen, für die die Ecke (k | k | k) auf einer Pyramidenkante liegt, und begründen, dass der Würfel ganz in der Pyramide liegt (Ecken gegen die Seitenflächenebenen prüfen, Konvexität).";"2024-bebb-gk-B3f";"neu"
"Nullstellen und Werte: Nullstellen einer ganzrationalen Funktion durch Ausklammern und Faktorisieren berechnen";"Analysis";"Funktionsklassen und Eigenschaften";"Die Nullstellen einer ganzrationalen Funktion ohne konstantes Glied berechnen: x ausklammern, den verbleibenden quadratischen Faktor lösen.";"2022-bebb-gk-A1.1a";"neu"
"Werte für einen Ableitungswert und eine Wendestelle am Graphen ablesen";"Analysis";"Kurvenuntersuchung";"Aus einem abgebildeten Graphen einen Ableitungswert (etwa null an einer Extremstelle) und eine Stelle mit f'' = 0 (Wendestelle) angeben.";"2022-bebb-gk-A1.2a";"neu"
"Wendepunkt mit negativer Steigung am Graphen markieren und begründen";"Analysis";"Kurvenuntersuchung";"Auf einem abgebildeten Graphen einen Punkt markieren, der Wendepunkt ist und in dem der Graph fällt, und beide Bedingungen (Krümmungswechsel, negative Steigung) begründen.";"2022-bebb-gk-A1.2b";"neu"
"Ziehen ohne Zurücklegen: Entfernte Kugel aus einer Wahrscheinlichkeit für verschiedene Farben entscheiden";"Stochastik";"Zufallsexperimente und Urnenmodelle";"Aus der Wahrscheinlichkeit, beim zweimaligen Ziehen ohne Zurücklegen zwei verschiedene Farben zu erhalten, entscheiden, welche Kugel zuvor aus der Urne entfernt wurde (Fallunterscheidung).";"2022-bebb-gk-A1.6b";"neu"
"Achsenschnittpunkte angeben und Hochpunkt aus der gegebenen Ableitung begründen";"Analysis";"Kurvenuntersuchung";"Die Schnittpunkte eines Graphen mit beiden Achsen angeben und mit der vorgegebenen Ableitung (Nullstelle mit Vorzeichenwechsel) begründen, dass ein Hochpunkt vorliegt, samt Koordinaten.";"2022-bebb-gk-B2.1a";"neu"
"Grenzwert für x gegen unendlich angeben und Verlauf des Graphen beschreiben";"Analysis";"Grenzwerte und Verhalten im Unendlichen";"Den Grenzwert einer Funktion für x → +∞ angeben und den Verlauf des Graphen dort beschreiben (Annäherung an eine Asymptote).";"2022-bebb-gk-B2.1b";"neu"
"Schnittstelle von Graph und Ableitungsgraph nachweisen";"Analysis";"Gleichungen lösen";"Nachweisen, dass sich die Graphen von f und f' an einer genannten Stelle schneiden, durch Lösen von f(x) = f'(x) (gemeinsamen Faktor kürzen).";"2022-bebb-gk-B2.1d";"neu"
"Integralwert: Integrale der Ableitung über das Vorzeichen des Ableitungsgraphen vergleichen";"Analysis";"Flächeninhalt durch Integration";"Zwei Integrale über f' ohne Rechnung vergleichen, indem das Vorzeichen von f' auf den Intervallen am Graphen abgelesen wird.";"2022-bebb-gk-B2.1f";"neu"
"Umfang des Achsendreiecks einer Tangente berechnen und Umkreismittelpunkt angeben";"Analysis";"Tangente, Normale, Schnittwinkel";"Für die Tangente in einem Punkt das von ihr und den Achsen begrenzte Dreieck bestimmen, seinen Umfang berechnen und den Punkt gleichen Abstands zu den Ecken (Hypotenusenmitte) angeben.";"2022-bebb-gk-B2.1g";"neu"
"Achsenparalleles Rechteck maximaler Fläche zwischen Ursprung und Graphenpunkt bestimmen";"Analysis";"Extremalprobleme";"Den Punkt eines Graphen bestimmen, für den das achsenparallele Rechteck mit dem Ursprung als Gegenecke maximalen Flächeninhalt hat (Zielfunktion u · f(u), Ableitung, Nullstelle).";"2022-bebb-gk-B2.1h";"neu"
"Integralwert: Existenz eines Flächenstücks mit vorgegebenem Inhalt über die Stammfunktion begründen";"Analysis";"Flächeninhalt durch Integration";"Begründen, dass eine von einem Graphen, den Achsen und einer beweglichen Geraden x = b begrenzte Fläche einen vorgegebenen Inhalt annimmt: Flächenterm als Differenz von Stammfunktionswerten, Monotonie und Grenzwert.";"2022-bebb-gk-B2.1i";"neu"
"Maximum eines Bestands an vorgegebener Stelle im Sachzusammenhang nachweisen";"Analysis";"Kurvenuntersuchung";"Für eine genannte Stelle nachweisen, dass eine Sachgröße dort ihr Maximum annimmt (Ableitung null, Art über zweite Ableitung oder Abbildung), und den Maximalwert berechnen.";"2022-bebb-gk-B2.1j";"neu"
"Nullstellen und Werte: Zurückgelegten Weg aus Hin- und Rückbewegung über Funktionswerte berechnen";"Analysis";"Funktionsklassen und Eigenschaften";"Den in einem Zeitraum zurückgelegten Weg einer Bewegung mit Richtungswechsel als Summe der Beträge der Änderungen der Ortsfunktion aus Funktionswerten berechnen.";"2022-bebb-gk-B2.1k";"neu"
"Grenzverhalten einer ganzrationalen Funktion angeben";"Analysis";"Grenzwerte und Verhalten im Unendlichen";"Das Verhalten der Funktionswerte einer ganzrationalen Funktion für x → +∞ und x → −∞ aus dem Leitterm angeben.";"2022-bebb-gk-B2.2a";"neu"
"Fläche: Flächengleichheit zweier Flächenstücke aus Nullstellen und einem Stammfunktionswert begründen";"Analysis";"Flächeninhalt durch Integration";"Aus den Nullstellen des Integranden und einem verschwindenden Integral (F(b) = F(a)) begründen, dass zwei von Graph, x-Achse und einer senkrechten Geraden begrenzte Flächenstücke gleich groß sind.";"2022-bebb-gk-B2.2d";"neu"
"Steigungswinkel und y-Achsenabschnitt der Wendetangente berechnen";"Analysis";"Tangente, Normale, Schnittwinkel";"Für die Tangente im gegebenen Wendepunkt den Winkel mit der x-Achse über den Arkustangens der Steigung und den y-Achsenabschnitt berechnen.";"2022-bebb-gk-B2.2e";"neu"
"Bereich der Stellen mit Mindeststeigungswinkel der Tangente über eine quadratische Ungleichung ermitteln";"Analysis";"Tangente, Normale, Schnittwinkel";"Den Bereich der Stellen bestimmen, an denen die Tangente mindestens einen vorgegebenen Steigungswinkel hat: Winkel in eine Steigung umrechnen und f'(x) ≥ m lösen.";"2022-bebb-gk-B2.2f";"neu"
"Lineare Funktion durch zwei Punkte nachweisen";"Analysis";"Rekonstruktion von Funktionsgleichungen";"Nachweisen, dass eine vorgegebene lineare Gleichung die Gerade durch zwei gegebene Punkte beschreibt (Steigung und Achsenabschnitt oder Punktproben).";"2022-bebb-gk-B2.2g";"neu"
"Fläche: Querschnittsfläche zwischen Graph und Streckenzug als Integral minus Trapez und Dreieck berechnen";"Analysis";"Flächeninhalt durch Integration";"Den Inhalt einer Fläche berechnen, die oben von einem Graphen und unten von einem Streckenzug aus Geraden begrenzt wird: Integral des Graphen minus elementargeometrische Teilflächen, mit Vorzeichen unterhalb der Achse.";"2022-bebb-gk-B2.2h";"neu"
"Fläche: Änderung eines Flächeninhalts beim Ersetzen des Graphen durch die Sehne untersuchen";"Analysis";"Flächeninhalt durch Integration";"Untersuchen, ob ein Flächeninhalt größer, kleiner oder gleich bleibt, wenn ein Graphenbogen durch die Sehne zwischen seinen Endpunkten ersetzt wird (Integral unter der Sehne mit dem Integral vergleichen).";"2022-bebb-gk-B2.2i";"neu"
"Lösungsweg für eine gemeinsame Normale zweier Kurven erläutern";"Analysis";"Tangente, Normale, Schnittwinkel";"Erläutern, wie eine Gerade gefunden wird, die einen Graphen und eine Gerade jeweils senkrecht schneidet: Steigung aus der Orthogonalität zur Geraden, Stellen mit passender Tangentensteigung über f'(x) = m.";"2022-bebb-gk-B2.2j";"neu"
"Ganzrationale Funktion mit zwei Parametern aus einem Punkt und knickfreiem Übergang rekonstruieren";"Analysis";"Rekonstruktion von Funktionsgleichungen";"Die Parameter einer Ansatzfunktion (etwa a · x⁴ + b · x²) aus einem Punkt und der Steigung eines knickfrei anschließenden Kurvenstücks über ein Gleichungssystem bestimmen.";"2022-bebb-gk-B2.2k";"neu"
"Ebene Figur: Flächenverhältnis zweier Quadrate aus den Seitenlängen nachweisen";"Analytische Geometrie";"Flächeninhalt und Volumen im Raum";"Die Seitenlängen zweier Quadrate im Raum aus Koordinaten berechnen und ein behauptetes Verhältnis ihrer Flächeninhalte nachweisen.";"2022-bebb-gk-B3a";"neu"
"Ebene Figur: Raute über vier gleich lange Seiten nachweisen";"Analytische Geometrie";"Punkte und Strecken im Koordinatensystem";"Ein Viereck im Raum als Raute nachweisen: gegenüberliegende Seitenvektoren gleich (Parallelogramm) und alle vier Seiten gleich lang.";"2022-bebb-gk-B3d";"neu"
"Ebene Figur: Innenwinkel einer Raute und Gesamtfläche der Dachflächen berechnen";"Analytische Geometrie";"Flächeninhalt und Volumen im Raum";"Einen Innenwinkel einer Raute im Raum über das Skalarprodukt und den Flächeninhalt mehrerer gleicher Rauten (Kreuzprodukt oder Diagonalen) berechnen.";"2022-bebb-gk-B3f";"neu"
"Verhältnis zweier Abstände über den Strahlensatz an der Pyramidenspitze begründen";"Analytische Geometrie";"Abstände";"Das Verhältnis der Abstände zweier Punktepaare auf Geraden durch eine gemeinsame Spitze über den Strahlensatz (Höhenverhältnis) begründen, ohne die Punkte zu berechnen.";"2022-bebb-gk-B3g";"neu"
"Körper: Volumenterm eines Dachs als Pyramide minus Eckpyramiden begründen";"Analytische Geometrie";"Flächeninhalt und Volumen im Raum";"Einen vorgegebenen Volumenterm als Zerlegung eines Körpers deuten: umschließende Pyramide über einem größeren Quadrat minus die überstehenden Eckpyramiden, Zahlen aus den Koordinaten begründen.";"2022-bebb-gk-B3h";"neu"
"Lösungsweg für den Lotfußpunkt eines Punktes auf einer Geraden beschreiben";"Analytische Geometrie";"Abstände";"Beschreiben, wie der Punkt einer Geraden mit kleinstem Abstand zu einem gegebenen Punkt bestimmt wird: Punkt der Geraden mit Parameter, Orthogonalität des Verbindungsvektors zum Richtungsvektor.";"2022-bebb-gk-B3i";"neu"
"Prozentuale Abweichung einer Anzahl vom Erwartungswert berechnen";"Stochastik";"Kenngrößen von Verteilungen";"Den Erwartungswert n · p einer Binomialverteilung berechnen und die relative Abweichung einer beobachteten Anzahl davon in Prozent angeben.";"2022-bebb-gk-B4c";"neu"
"Wahrscheinlichkeit für mindestens einen von zwei unabhängigen Erfolgen über das Gegenereignis berechnen";"Stochastik";"Baumdiagramm und Pfadregeln";"Für zwei unabhängige Wiederholungen eines Experiments, dessen Erfolgswahrscheinlichkeit selbst eine Potenz (null Treffer in n Versuchen) ist, die Wahrscheinlichkeit für mindestens einen Erfolg über das Gegenereignis berechnen.";"2022-bebb-gk-B4f";"neu"
"Term und Ereignis: Bedingte Wahrscheinlichkeit und Schnittwahrscheinlichkeit im Sachzusammenhang deuten";"Stochastik";"Zufallsexperimente und Urnenmodelle";"Die Terme P_A(B) und P(A ∩ B) im Sachzusammenhang in Worte fassen und voneinander unterscheiden.";"2022-bebb-gk-B4g";"neu"
"Unabhängigkeit über den Vergleich zweier bedingter Anteile untersuchen";"Stochastik";"Unabhängigkeit";"Aus einer Vierfeldertafel die Anteile eines Merkmals unter den Trägern und den Nichtträgern eines zweiten Merkmals berechnen und aus dem Vergleich auf Abhängigkeit schließen.";"2022-bebb-gk-B4i";"neu"
"Anteil in der Restgruppe über die totale Wahrscheinlichkeit einordnen";"Stochastik";"Baumdiagramm und Pfadregeln";"Aus einem Gesamtanteil und den Anteilen in zwei Teilgruppen den Anteil in der verbleibenden Gruppe über die totale Wahrscheinlichkeit berechnen oder gegen den Gesamtanteil einordnen.";"2022-bebb-gk-B4j";"neu"
