"id";"jahr";"papier";"block";"aufgabe";"titel";"teilaufgabe";"seite";"punkte";"stern";"hilfsmittel";"afb_amtlich";"leitidee";"thema";"typ";"typ_neben";"stichwoerter";"voraussetzungen";"format";"operator";"antwort";"material";"skizze";"kontext";"textumfang";"gegeben";"gesucht";"verfahren";"schritte";"zahlenraum";"einheiten";"abhaengig_von";"ergebnis";"zwischenergebnis";"niveau_geschaetzt";"fehlerquelle";"bemerkung"
"2026-C-1a";"2026";"C";"";"1";"Differentialrechnung";"a";"2";"3";"";"ja";"";"Differentialrechnung";"Graph zeichnen und zuordnen";"Graph einer ganzrationalen Funktion zuordnen";"Verhalten im Unendlichen bestimmen";"Graph zuordnen|Ursprung|Verhalten im Unendlichen|Begründung";"Funktionswert einsetzen|Grad und Vorzeichen des Leitkoeffizienten deuten";"Ankreuzen|Begründung";"Wählen Sie aus|Begründen Sie";"Text";"Diagramm";"vier gleich große Koordinatensysteme ohne Achsenbeschriftung nebeneinander, beschriftet Abbildung 1 bis 4, jeweils nur Achsenstriche als Skala; Abbildung 1: von links oben steil fallend, Nullstelle links, Tiefpunkt links der y-Achse, Hochpunkt auf der y-Achse unterhalb der x-Achse, danach Sattelstelle rechts, dann steil fallend; Abbildung 2: Spiegelbild dazu, von links unten steigend, Hochpunkt links, Tiefpunkt nahe der y-Achse unterhalb der x-Achse, Sattelstelle, dann steil steigend; Abbildung 3: wie Abbildung 1, aber der Hochpunkt liegt im Koordinatenursprung auf der x-Achse; Abbildung 4: wie Abbildung 2, aber der Tiefpunkt liegt im Koordinatenursprung auf der x-Achse";"ohne";"kurz";"f(x) = −6x^5 + 18,75x^4 + 20x^3 − 90x^2; x aus IR; vier Abbildungen zur Auswahl, nur eine zeigt Gf";"passende Abbildung|Begründung der Wahl";"Gf muss durch den Ursprung verlaufen, da kein absolutes Glied vorhanden ist; wegen des negativen Leitkoeffizienten bei ungeradem Grad gilt f(x) gegen +unendlich für x gegen −unendlich und gegen −unendlich für x gegen +unendlich";"2";"negativ|Potenz";"";"";"Abbildung 3, da Gf durch den Ursprung verläuft und für x gegen −unendlich gegen +unendlich sowie für x gegen +unendlich gegen −unendlich strebt (amtlich)";"";"II";"nur die Form vergleichen und das Verhalten im Unendlichen nicht prüfen";"Gutachten: Auswählen der richtigen Abbildung mit Begründung 3 BE"
"2026-C-1b";"2026";"C";"";"1";"Differentialrechnung";"b";"2";"3";"";"ja";"";"Differentialrechnung";"Symmetrie nachweisen";"Punktsymmetrie am Funktionsterm beurteilen";"Nullstellen und y-Achsenschnitt unterscheiden|Zahl der Krümmungs- und Monotoniewechsel vergleichen";"Aussage I Graph nicht punktsymmetrisch zum Ursprung|Aussage II alle Schnittpunkte mit der x-Achse sind auch Schnittpunkte mit der y-Achse|Aussage III Krümmung wechselt öfter als die Monotonie";"gerade und ungerade Exponenten unterscheiden|Zahl der Extrem- und Wendestellen abschätzen";"Begründung";"Begründen Sie";"Text";"keins";"keine";"ohne";"mittel";"f(x) = −6x^5 + 18,75x^4 + 20x^3 − 90x^2; x aus IR; drei Aussagen über Gf, je wahr oder falsch zu begründen";"Bewertung wahr oder falsch je Aussage mit Begründung";"Aussage I über die Exponenten prüfen (gerade Exponenten verhindern Punktsymmetrie); Aussage II über die Zahl der Nullstellen; Aussage III über die Zahl der Monotonie- und Krümmungswechsel";"3";"Potenz";"";"";"I wahr, da auch gerade Exponenten vorkommen|II falsch, da es mehr als eine Nullstelle gibt|III wahr, die Monotonie wechselt zweimal, die Krümmung dreimal (amtlich)";"";"II";"Aussage II bejahen, weil der Ursprung Schnittpunkt beider Achsen ist";"Gutachten: Begründet Entscheiden über 3 Aussagen 3 BE; Erwartungshorizont je Aussage 1 BE"
"2026-C-1c";"2026";"C";"";"1";"Differentialrechnung";"c";"2";"3";"";"ja";"";"Differentialrechnung";"Ableitungen bilden";"Ableitung ganzrationale Funktion";"";"Potenzregel|Faktorregel|Summenregel|dritte Ableitung";"";"Rechnung";"Notieren Sie";"Term";"keins";"keine";"ohne";"kurz";"f(x) = −6x^5 + 18,75x^4 + 20x^3 − 90x^2; x aus IR";"erste, zweite und dritte Ableitung von f";"Potenz-, Faktor- und Summenregel dreimal hintereinander anwenden";"3";"dezimal|negativ|Potenz";"";"";"f'(x) = −30x^4 + 75x^3 + 60x^2 − 180x|f''(x) = −120x^3 + 225x^2 + 120x − 180|f'''(x) = −360x^2 + 450x + 120 (amtlich)";"";"I";"Exponenten nicht um eins senken oder den Faktor 18,75 nicht mit 4 multiplizieren";"Gutachten: Notieren der ersten bis dritten Ableitung 3 BE"
"2026-C-1d";"2026";"C";"";"1";"Differentialrechnung";"d";"2";"3";"";"ja";"";"Differentialrechnung";"Anstieg und Tangente";"Punktprobe am Graphen";"Tangentengleichung im Punkt";"Punktprobe|Anstieg|Tangente|Geradengleichung";"Ableitung einsetzen|lineare Gleichung nach dem absoluten Glied lösen";"Rechnung";"Ermitteln Sie|Bestimmen Sie";"Text|Term";"keins";"keine";"ohne";"mittel";"f(x) = −6x^5 + 18,75x^4 + 20x^3 − 90x^2; x aus IR; Punkte A(3; −200) und B(−2; −28)";"welcher der beiden Punkte auf Gf liegt|Tangentengleichung an Gf in diesem Punkt";"beide x-Werte in f einsetzen und mit dem y-Wert vergleichen; für den passenden Punkt f' an der Stelle als Anstieg berechnen und das absolute Glied aus der Punktprobe bestimmen";"4";"dezimal|negativ|Potenz";"";"2026-C-1c";"B liegt auf Gf, da f(−2) = −28|t(x) = −480x − 988 (amtlich)";"f(−2) = −28|f(3) = −209,25|f'(−2) = −480";"II";"die Tangente an der Stelle des nicht passenden Punktes bilden";"Gutachten: Nachweisen eines Punktes des Graphen 1 BE, Ermitteln einer Tangentengleichung 2 BE; f(3) = −209,25 ist eigene Rechnung, im Erwartungshorizont nicht genannt"
"2026-C-1e";"2026";"C";"";"1";"Differentialrechnung";"e";"2";"8";"";"ja";"";"Differentialrechnung";"Extrem- und Sattelpunkte";"Extrem- und Sattelpunkte über zweite Ableitung";"Monotonieverhalten angeben";"notwendige Bedingung|zweite Ableitung|Sattelpunkt|Monotonie";"Funktionswert berechnen|dritte Ableitung für den Sattelpunkt auswerten";"Rechnung|Kurzantwort";"Weisen Sie nach|Untersuchen Sie|Geben Sie an";"Zahl|Text";"keins";"keine";"ohne";"mittel";"f(x) = −6x^5 + 18,75x^4 + 20x^3 − 90x^2; x aus IR; die Stellen x1 = −1,5; x2 = 0 und x3 = 2";"Nachweis, dass der Anstieg an diesen Stellen Null ist|Art der Punkte mit vollständigen Koordinaten|Monotonieverhalten von f";"f' an den drei Stellen auswerten; das Vorzeichen von f'' entscheidet über Hoch- und Tiefpunkt, bei f'' = 0 entscheidet f''' ungleich Null über den Sattelpunkt; Funktionswerte einsetzen; Monotonie aus dem Vorzeichen von f' zwischen den Stellen";"9";"dezimal|negativ|Potenz";"";"2026-C-1c";"f'(−1,5) = f'(0) = f'(2) = 0|T(−1,5; −129,52) ist Tiefpunkt|H(0; 0) ist Hochpunkt|S(2; −92) ist Sattelpunkt|monoton fallend für x < −1,5, monoton steigend für −1,5 < x < 0, monoton fallend für x > 0 (amtlich)";"f''(−1,5) = 551,25 > 0|f''(0) = −180 < 0|f''(2) = 0 und f'''(2) = −420";"II";"bei f'' = 0 auf einen Extrempunkt schließen statt f''' zu prüfen";"Gutachten: Nachweisen eines TP, HP und SP mit Koordinatenangabe 6 BE, Angeben des Monotonieverhaltens 2 BE"
"2026-C-1f";"2026";"C";"";"1";"Differentialrechnung";"f";"2";"7";"";"ja";"";"Differentialrechnung";"Wendepunkte";"Wendepunkte über zweite Ableitung";"Nullstellen mit Polynomdivision";"Wendepunkt|Polynomdivision|Hornerschema|dritte Ableitung";"quadratische Gleichung lösen|ganzzahlige Nullstelle raten oder übernehmen";"Rechnung";"Ermitteln Sie";"Zahl";"keins";"keine";"ohne";"mittel";"f(x) = −6x^5 + 18,75x^4 + 20x^3 − 90x^2; x aus IR; Gf hat im Intervall −3 <= x <= 3 drei Stellen mit Wechsel der Krümmungsart, eine davon ist ganzzahlig";"Koordinaten der Wendepunkte von Gf";"f'' = 0 setzen, die ganzzahlige Nullstelle x = 2 nutzen und durch Polynomdivision oder Hornerschema abspalten, die restliche quadratische Gleichung lösen, f''' ungleich Null prüfen und die Funktionswerte berechnen";"8";"dezimal|negativ|Potenz";"";"2026-C-1c|2026-C-1e";"W1(−0,93; −75,73)|W2(0,81; −42,44) (amtlich); der Sattelpunkt bei x = 2 muss nicht erneut nachgewiesen werden";"x1 = 2 aus 1e oder Wertetabelle|nach Polynomdivision 0 = x^2 + 1/8 x − 3/4|x2 ist etwa −0,93 und x3 etwa 0,81|f'''(−0,93) ist etwa −609,86 und f'''(0,81) etwa 248,3";"III";"die dritte Wendestelle bei x = 2 als Wendepunkt angeben statt als Sattelpunkt zu erkennen";"Gutachten: Aufwändiges Ermitteln der drei Nullstellen der zweiten Ableitung 5 BE, Nachweisen der zwei Wendepunkte mit Koordinatenangabe 2 BE"
"2026-C-2a";"2026";"C";"";"2";"Integralrechnung";"a";"4";"4";"";"ja";"";"Differentialrechnung";"Graph zeichnen und zuordnen";"Wertetabelle ergänzen";"Graph nach Wertetabelle skizzieren";"Wertetabelle|Skizze|Achseneinteilung selbst wählen";"Funktionswerte mit dritter Potenz berechnen|Koordinatensystem selbst anlegen";"Tabelle|Zeichnen";"Ergänzen Sie|Skizzieren Sie";"Zahl|Grafik";"Tabelle";"vorgegebene zweizeilige Wertetabelle, Kopfzeile x mit den Werten −3,5; −2,5; −1,5; −0,5; 0; 0,5; 1,5; 2,5; 3,5; 4, zweite Zeile f(x) leer; kein Koordinatensystem vorgedruckt, die Einteilung der y-Achse wählt der Prüfling selbst";"ohne";"mittel";"f(x) = x^3 − 12,25x; x aus IR; Gf punktsymmetrisch zum Koordinatenursprung; vorgegebene Wertetabelle mit zehn x-Werten; Intervall −3,5 <= x <= 4";"Funktionswerte zu den zehn x-Werten|Skizze von Gf im Intervall −3,5 <= x <= 4";"die x-Werte in f einsetzen und die Punkte in ein selbst gewähltes Koordinatensystem eintragen";"10";"dezimal|negativ|Potenz";"";"";"f-Werte in Reihenfolge der Tabelle: 0; 15; 15; 6; 0; −6; −15; −15; 0; 15|Graph mit Nullstellen bei −3,5; 0 und 3,5, Hochpunkt bei x ist etwa −2,02 mit y ist etwa 16,50 und Tiefpunkt bei x ist etwa 2,02 mit y ist etwa −16,50 (amtlich)";"";"II";"bei negativen x-Werten das Vorzeichen der dritten Potenz verlieren";"Gutachten: Aufstellen einer Wertetabelle 1 BE, Skizzieren des Graphen im Koordinatensystem 3 BE; Hoch- und Tiefpunkt sind eigene Rechnung, der Erwartungshorizont zeigt nur den Graphen"
"2026-C-2b";"2026";"C";"";"2";"Integralrechnung";"b";"4";"4";"";"ja";"";"Integralrechnung";"Fläche zwischen Graph und x-Achse";"Fläche zwischen Graph und x-Achse berechnen";"Flächengleichheit mit Punktsymmetrie begründen";"bestimmtes Integral|Stammfunktion|Punktsymmetrie|Flächeninhalt";"Stammfunktion bilden|Nullstellen als Grenzen erkennen|Betrag bei negativem Integral";"Begründung|Rechnung";"Begründen Sie|Berechnen Sie";"Text|Zahl";"keins";"keine";"ohne";"mittel";"f(x) = x^3 − 12,25x; x aus IR; Gf punktsymmetrisch zum Koordinatenursprung; zwischen der x-Achse und Gf sind zwei Flächen vollständig eingeschlossen";"Begründung für den gleichen Flächeninhalt beider Flächen|Maßzahl des Gesamtinhalts";"aus der Punktsymmetrie zum Ursprung folgt die Gleichheit beider Flächen; eine Fläche von 0 bis 3,5 als bestimmtes Integral berechnen, den Betrag nehmen und verdoppeln";"4";"dezimal|negativ|Potenz";"FE";"2026-C-2a";"beide Flächen sind wegen der Punktsymmetrie des Graphen zum Ursprung gleich groß|Gesamtinhalt 75,04 FE (amtlich)";"Integral von 0 bis 3,5 über f ist etwa −37,52";"II";"über beide Flächen in einem Integral rechnen und dadurch Null erhalten";"Gutachten: Begründen gleicher Flächeninhalte mit Symmetrie 1 BE, Berechnen des Gesamtflächeninhalts 3 BE"
"2026-C-2c";"2026";"C";"";"2";"Integralrechnung";"c";"4";"6";"";"ja";"";"Differentialrechnung";"Funktionsgleichung bestimmen";"Funktionsgleichung aus drei Punkten über LGS";"";"quadratische Funktion|Ansatz|lineares Gleichungssystem|drei Punkte";"LGS mit drei Unbekannten lösen";"Rechnung";"Ermitteln Sie";"Term";"keins";"keine";"ohne";"mittel";"Graph Gg einer quadratischen Funktion g durch P(0; −10), Q(1; 6) und R(4; 6)";"eine Funktionsgleichung für g";"allgemeinen Ansatz g(x) = ax^2 + bx + c aufstellen, die drei Punkte einsetzen und das lineare Gleichungssystem lösen; alternativ über die Scheitelpunktform";"5";"ganz|negativ|Potenz";"";"";"g(x) = −4x^2 + 20x − 10 (amtlich)";"c = −10|a = −4|b = 20";"II";"das absolute Glied nicht direkt aus P(0; −10) ablesen und das LGS unnötig aufblähen";"Gutachten: Angeben einer allgemeinen Funktionsgleichung 1 BE, Aufstellen des LGS 3 BE, Lösen des LGS 2 BE; das Heft nennt g(x) als Kontrollergebnis"
"2026-C-2d";"2026";"C";"";"2";"Integralrechnung";"d";"4";"7";"";"ja";"";"Integralrechnung";"Fläche zwischen zwei Graphen";"Fläche zwischen zwei Graphen berechnen";"Punkte und Parabel einzeichnen|Differenzfunktion aufstellen";"Differenzfunktion|bestimmtes Integral|zwei Graphen|Fläche markieren";"Stammfunktion einer ganzrationalen Funktion|Skizze aus Teilaufgabe a weiterverwenden";"Zeichnen|Rechnung";"Zeichnen Sie|Skizzieren Sie|Markieren Sie|Weisen Sie nach";"Grafik|Zahl";"keins";"kein eigenes Material; der Prüfling ergänzt das in Teilaufgabe a selbst angelegte Koordinatensystem um P(0; −10), Q(1; 6), R(4; 6), den Verlauf der nach unten geöffneten Parabel Gg zwischen diesen Punkten und die Markierung der Fläche zwischen Gf und Gg im Intervall 1 <= x <= 3";"ohne";"mittel";"f(x) = x^3 − 12,25x; x aus IR; Gf punktsymmetrisch zum Koordinatenursprung; g(x) = −4x^2 + 20x − 10 mit den Punkten P(0; −10), Q(1; 6), R(4; 6); Gf und Gg schneiden sich im Intervall 1 <= x <= 3 nicht; Kontrollwert: rund 54,33 FE";"Eintragen der drei Punkte und Skizze von Gg|Markierung der eingeschlossenen Fläche|Nachweis des Flächeninhalts von rund 54,33 FE";"Differenzfunktion h = f − g bilden und von 1 bis 3 integrieren, den Betrag als Flächeninhalt deuten";"5";"dezimal|negativ|Potenz";"FE";"2026-C-2a|2026-C-2c";"drei Punkte eingetragen, Gg als nach unten geöffnete Parabel skizziert, Fläche zwischen Gf und Gg im Intervall 1 <= x <= 3 markiert|Flächeninhalt rund 54,33 FE (amtlich)";"h(x) = x^3 + 4x^2 − 32,25x + 10|Integral von 1 bis 3 über h ist etwa −54,33";"III";"die Differenz in der falschen Reihenfolge bilden und das negative Vorzeichen als Fläche angeben";"Gutachten: Einzeichnen von 3 Punkten, Skizzieren von Gg, Markieren einer Fläche 3 BE, Aufstellen der Differenzfunktion 1 BE, Nachweisen des vorgegebenen Flächeninhalts 3 BE"
"2026-C-2e";"2026";"C";"";"2";"Integralrechnung";"e";"4";"2";"";"ja";"";"Integralrechnung";"Körpervolumen aus Grundfläche und Länge";"Volumen aus Querschnittsfläche und Länge";"Masse aus Volumen und Dichte";"Querschnitt|Prisma|Einheiten umrechnen|Dichte|Aluminiumprofil";"mm^3 in cm^3 umrechnen|Längeneinheit im Koordinatensystem deuten";"Rechnung";"Berechnen Sie";"Zahl";"keins";"keine";"Bauteil/Autobau";"mittel";"die Fläche aus Teilaufgabe d ist der Querschnitt eines Aluminiumprofils, rund 54,33 FE; eine Längeneinheit im Koordinatensystem entspricht einem Millimeter; Profillänge 2 m; ein Kubikzentimeter Aluminium wiegt 2,7 g";"Masse eines zwei Meter langen Aluminiumprofils";"Querschnittsfläche in mm^2 mit der Länge in mm multiplizieren, das Volumen in cm^3 umrechnen und mit der Dichte multiplizieren";"3";"dezimal";"mm^2|mm|mm^3|cm^3|g";"2026-C-2d";"Masse rund 293,38 g (amtlich)";"V = 54,33 mm^2 · 2000 mm = 108 660 mm^3 = 108,66 cm^3";"II";"mm^3 mit dem Faktor 10 statt 1000 in cm^3 umrechnen";"Gutachten: Berechnen von Volumen und Masse eines Bauteils 2 BE"
"2026-C-3a";"2026";"C";"";"3";"Stochastik";"a";"7";"4";"";"ja";"";"Stochastik";"Statistische Kenngrößen";"Mittelwert aus Häufigkeitstabelle";"Median aus Häufigkeitstabelle|Standardabweichung aus Häufigkeitstabelle";"arithmetisches Mittel|Median|Standardabweichung|absolute Häufigkeit";"gewichtete Summe bilden|Wurzel ziehen";"Rechnung";"Bestimmen Sie";"Zahl";"Tabelle";"vorgedruckte zweizeilige Tabelle, Zeile 1 reduzierter Verkaufspreis mit 15,99 € (PG 1), 23,99 € (PG 2), 31,99 € (PG 3), Zeile 2 Anzahl mit 24, 10, 6";"Einzelhandel/Preise";"mittel";"Preistabelle: reduzierter Verkaufspreis 15,99 € (PG 1) mit Anzahl 24, 23,99 € (PG 2) mit Anzahl 10, 31,99 € (PG 3) mit Anzahl 6; insgesamt 40 T-Shirts";"arithmetischer Mittelwert|Median|Standardabweichung der Verkaufspreise";"gewichtete Summe der Preise durch 40 teilen; Median als Mitte der 40 geordneten Werte; Standardabweichung aus den mit den Anzahlen gewichteten quadratischen Abweichungen vom Mittelwert";"4";"dezimal";"€";"";"Mittelwert 20,39 €|Median 15,99 €, also Preisgruppe 1|Standardabweichung rund 5,92 € (amtlich)";"Summe der Verkaufspreise 815,60 € bei 40 T-Shirts";"II";"den Median als mittleren der drei Preise statt der 40 Werte bestimmen";"Gutachten: Bestimmen des arithmetischen Mittelwerts und des Medians 2 BE, Bestimmen der Standardabweichung 2 BE; Erwartungshorizont nennt als Alternative mit der n-1-Formel rund 5,99 €"
"2026-C-3b";"2026";"C";"";"3";"Stochastik";"b";"7";"2";"";"ja";"";"Grundlagen";"Prozentrechnung";"Grundwert aus Prozentwert berechnen";"Differenzbetrag aus Stückzahlen berechnen";"Rabatt 20 %|Grundwert|Originalpreis|Mehreinnahme";"verminderten Grundwert erkennen|mit Anzahlen multiplizieren";"Rechnung";"Ermitteln Sie|Berechnen Sie";"Zahl";"Tabelle";"Preistabelle aus dem Aufgabenstamm wird weiterverwendet";"Einzelhandel/Rabatt";"mittel";"Preistabelle: reduzierter Verkaufspreis 15,99 € (PG 1) mit Anzahl 24, 23,99 € (PG 2) mit Anzahl 10, 31,99 € (PG 3) mit Anzahl 6; insgesamt 40 T-Shirts; die Preisreduzierung betrug 20 %";"Originalpreise aller drei Preisgruppen|Mehreinnahmen bei gleichen Verkaufszahlen ohne Reduzierung";"die reduzierten Preise entsprechen 80 %, also mit 100 durch 80 auf den Originalpreis hochrechnen; die Preisdifferenzen mit den Anzahlen multiplizieren und summieren";"4";"dezimal|Prozent";"€";"";"Originalpreise 19,99 €, 29,99 € und 39,99 €|Mehreinnahmen 204 € (amtlich)";"Preisdifferenzen 4 €, 6 € und 8 €";"II";"20 % auf den reduzierten Preis aufschlagen statt den Grundwert zu berechnen";"Gutachten: Ermitteln der Originalpreise und Mehreinnahmen 2 BE; eigene Rechnung mit ungerundeten Originalpreisen ergibt 203,90 €, der Erwartungshorizont rechnet mit den gerundeten Preisen und erhält 204 €"
"2026-C-3c";"2026";"C";"";"3";"Stochastik";"c";"7";"4";"";"ja";"";"Stochastik";"Daten darstellen und aufbereiten";"Relative Häufigkeit berechnen";"Häufigkeitsdiagramm zeichnen";"relative Häufigkeit|Anteil|Säulendiagramm|Achsenbeschriftung";"Anteil als Dezimalzahl und Prozentwert angeben|Diagrammart selbst wählen";"Rechnung|Zeichnen";"Ermitteln Sie|Stellen Sie dar";"Zahl|Grafik";"Tabelle";"Preistabelle aus dem Aufgabenstamm wird weiterverwendet, kein Diagrammraster vorgedruckt";"Einzelhandel/Preise";"kurz";"Preistabelle: reduzierter Verkaufspreis 15,99 € (PG 1) mit Anzahl 24, 23,99 € (PG 2) mit Anzahl 10, 31,99 € (PG 3) mit Anzahl 6; insgesamt 40 T-Shirts";"relative Häufigkeiten der drei Preisgruppen|geeignete grafische Darstellung";"jede Anzahl durch 40 teilen und die drei Anteile in einem Säulendiagramm darstellen";"4";"dezimal|Prozent";"";"";"0,6 = 60 % für 15,99 €|0,25 = 25 % für 23,99 €|0,15 = 15 % für 31,99 €|Säulendiagramm mit den Preisgruppen auf der Rechtsachse und der relativen Häufigkeit in Prozent auf der Hochachse (amtlich)";"";"I";"die Anteile auf eine einzelne Preisgruppe statt auf alle 40 T-Shirts beziehen";"Gutachten: Ermitteln relativer Häufigkeiten 1 BE, Darstellen im Diagramm 3 BE; der Erwartungshorizont zeigt ein Säulendiagramm, die Aufgabe lässt die Diagrammart offen"
"2026-C-3d";"2026";"C";"";"3";"Stochastik";"d";"7";"6";"";"ja";"";"Stochastik";"Baumdiagramm und Pfadregeln";"Baumdiagramm zweistufig darstellen";"Pfadregel zweistufig anwenden|Gegenereignis nutzen";"Baumdiagramm|Pfadregel|Gegenereignis|zwei Stufen|drei Äste";"Wahrscheinlichkeit der mittleren Gruppe als Rest bestimmen|Unabhängigkeit der Ziehungen annehmen";"Zeichnen|Rechnung";"Stellen Sie dar|Bestimmen Sie";"Grafik|Zahl";"keins";"kein Material vorgedruckt; der Prüfling zeichnet ein zweistufiges Baumdiagramm mit je drei Ästen PG1, PG2, PG3 und den Wahrscheinlichkeiten 0,6; 0,25; 0,15 an jedem Ast beider Stufen";"Einzelhandel/Preise";"lang";"ein verkauftes T-Shirt stammt mit 60 % aus PG 1 und mit 15 % aus PG 3; einige Kunden kauften zwei T-Shirts; Ereignis A beide aus PG 2, Ereignis B beide aus verschiedenen Preisgruppen";"Baumdiagramm für den Verkauf von zwei T-Shirts|P(A)|P(B)";"P(PG 2) als Rest zu 1 bestimmen; zweistufiges Baumdiagramm mit gleichen Wahrscheinlichkeiten auf beiden Stufen zeichnen; P(A) mit der Pfadregel; P(B) über das Gegenereignis gleicher Preisgruppen";"5";"dezimal|Prozent";"";"";"zweistufiges Baumdiagramm mit je drei Ästen und den Wahrscheinlichkeiten 0,6; 0,25; 0,15|P(A) = 0,0625, also rund 6 %|P(B) = 0,555, also rund 56 % (amtlich)";"P(PG 2) = 0,25|Summe der Pfade gleicher Preisgruppen 0,36 + 0,0625 + 0,0225 = 0,445";"II";"P(B) als Summe von drei Pfaden statt über das Gegenereignis bestimmen und Paare doppelt zählen";"Gutachten: Erstellen eines Baumdiagramms 3 BE, Bestimmen der Wahrscheinlichkeit eines Elementarereignisses 1 BE, Bestimmen der Wahrscheinlichkeit eines Ereignisses 2 BE; der Erwartungshorizont notiert P(A) als 1/16 und P(B) als 111/200"
"2026-C-3e";"2026";"C";"";"3";"Stochastik";"e";"7";"4";"";"ja";"";"Stochastik";"Unabhängigkeit von Ereignissen";"Vierfeldertafel vervollständigen";"Stochastische Unabhängigkeit prüfen";"Vierfeldertafel|Randhäufigkeit|Unabhängigkeit|Produkt der Wahrscheinlichkeiten";"Gegenereignis bilden|Wahrscheinlichkeit als Anteil an 40 angeben";"Rechnung|Begründung";"Ermitteln Sie|Prüfen Sie";"Zahl|Text";"Tabelle";"Preistabelle aus dem Aufgabenstamm wird weiterverwendet, keine Vierfeldertafel vorgedruckt";"Einzelhandel/Kundschaft";"lang";"Preistabelle: reduzierter Verkaufspreis 15,99 € (PG 1) mit Anzahl 24, 23,99 € (PG 2) mit Anzahl 10, 31,99 € (PG 3) mit Anzahl 6; insgesamt 40 T-Shirts; von den 24 T-Shirts der PG 1 kauften 16 Frauen; 6 Männer kauften teurere T-Shirts, also nicht aus PG 1; Ereignis F ein T-Shirt wird von einer Frau gekauft, Ereignis G ein T-Shirt der PG 1 wird gekauft";"Anzahl der an Frauen und an Männer verkauften T-Shirts|Prüfung, ob F und G stochastisch unabhängig sind";"Vierfeldertafel mit den Randsummen 24, 16 und 40 füllen; dann P(G) · P(F) mit P(G und F) vergleichen";"5";"dezimal|Bruch";"";"";"26 T-Shirts an Frauen und 14 an Männer|P(G) · P(F) = 0,39 ist ungleich P(G und F) = 0,4, also sind F und G stochastisch abhängig (amtlich)";"Vierfeldertafel: PG 1 und Frau 16, PG 1 und Mann 8, teurer und Frau 10, teurer und Mann 6|P(G) = 24/40, P(F) = 26/40, P(G und F) = 16/40";"III";"die 6 Männer der PG 1 zuordnen und dadurch falsche Randsummen erhalten";"Gutachten: Ermitteln der Verkaufszahlen an Frauen und Männern 2 BE, Prüfen der Bedingung für stochastische Unabhängigkeit 2 BE"
"2026-B-1a";"2026";"B";"";"1";"Differentialrechnung";"a";"2";"3";"";"ja";"";"Differentialrechnung";"Symmetrie nachweisen";"Achsensymmetrie am Funktionsterm beurteilen";"Verhalten im Unendlichen bestimmen";"gerade Exponenten|Achsensymmetrie|Grenzwert|Leitkoeffizient";"gerade und ungerade Exponenten unterscheiden";"Begründung|Kurzantwort";"Begründen Sie|Geben Sie an";"Text";"keins";"keine";"ohne";"kurz";"f(x) = 0,4x^4 − 3,5x^2 + 5; x aus IR; der Graph der Funktion heißt Gf";"Begründung, weshalb Gf symmetrisch zur y-Achse verläuft|Verhalten der Funktionswerte für x gegen minus und plus unendlich";"auf die ausschließlich geraden Exponenten verweisen; aus Grad 4 und positivem Leitkoeffizienten beide Grenzwerte angeben";"2";"dezimal|negativ|Potenz";"";"";"Gf ist achsensymmetrisch zur y-Achse, weil nur gerade Exponenten von x vorkommen|f(x) → ∞ für x → −∞ und für x → +∞ (amtlich)";"";"I";"wegen des negativen Koeffizienten von x^2 für x gegen minus unendlich den Grenzwert minus unendlich angeben";"Gutachten: Begründen der Symmetrie zur y-Achse 1 BE, Angeben des Verhaltens im Unendlichen 2 BE"
"2026-B-1b";"2026";"B";"";"1";"Differentialrechnung";"b";"2";"6";"";"ja";"";"Differentialrechnung";"Nullstellen ganzrationaler Funktionen";"Nullstellen über Substitution biquadratisch";"Schnittpunkt mit der y-Achse berechnen";"biquadratische Gleichung|Substitution|Rücksubstitution|Achsenschnittpunkte";"quadratische Gleichung mit der Lösungsformel lösen|beide Wurzelvorzeichen berücksichtigen";"Rechnung";"Ermitteln Sie";"Zahl";"keins";"keine";"ohne";"kurz";"f(x) = 0,4x^4 − 3,5x^2 + 5; x aus IR";"Koordinaten aller Schnittpunkte von Gf mit den Koordinatenachsen";"f(0) für den Schnittpunkt mit der y-Achse berechnen; f(x) = 0 durch 0,4 teilen, mit z = x^2 substituieren, die quadratische Gleichung lösen und rücksubstituieren";"4";"dezimal|negativ|Potenz|Wurzel";"";"";"Sy(0; 5)|Sx1/2(±2,64; 0)|Sx3/4(±1,34; 0) (amtlich)";"z^2 − 8,75z + 12,5 = 0|z1 ≈ 6,95|z2 ≈ 1,8";"II";"nach der Rücksubstitution nur die positiven Wurzeln angeben und zwei der vier Nullstellen verlieren";"Gutachten: Angeben des Schnittpunkts mit der y-Achse 1 BE, Ermitteln der Schnittpunkte mit der x-Achse 5 BE; der Erwartungshorizont teilt 1 + 4 + 1. Thema nicht trennscharf: der Schnittpunkt mit der y-Achse ist keine Nullstelle, die Themenliste hat dafür keinen eigenen Eintrag"
"2026-B-1c";"2026";"B";"";"1";"Differentialrechnung";"c";"2";"3";"";"ja";"";"Differentialrechnung";"Ableitungen bilden";"Ableitung ganzrationale Funktion";"";"Potenzregel|Faktorregel|Summenregel|dritte Ableitung";"";"Rechnung";"Notieren Sie";"Term";"keins";"keine";"ohne";"kurz";"f(x) = 0,4x^4 − 3,5x^2 + 5; x aus IR";"erste, zweite und dritte Ableitung von f";"Potenz-, Faktor- und Summenregel dreimal hintereinander anwenden";"3";"dezimal|negativ|Potenz";"";"";"f'(x) = 1,6x^3 − 7x|f''(x) = 4,8x^2 − 7|f'''(x) = 9,6x (amtlich)";"";"I";"das absolute Glied 5 beim ersten Ableiten mitführen, obwohl es wegfällt";"Gutachten: Notieren der ersten bis dritten Ableitung 3 BE"
"2026-B-1d";"2026";"B";"";"1";"Differentialrechnung";"d";"2";"3";"";"ja";"";"Differentialrechnung";"Extrem- und Sattelpunkte";"Extrem- und Sattelpunkte über zweite Ableitung";"";"Extremstellen vorgegeben|hinreichende Bedingung|Hochpunkt|Tiefpunkt";"zweite Ableitung aus Teilaufgabe c nutzen";"Rechnung";"Bestimmen Sie";"Zahl";"keins";"keine";"ohne";"kurz";"f(x) = 0,4x^4 − 3,5x^2 + 5; x aus IR; f besitzt bei x1 = 0 und x2/3 ≈ ± 2,09 ihre Extremstellen";"Art und vollständige Koordinaten der drei Extrempunkte";"die gegebenen Extremstellen in f'' einsetzen und über das Vorzeichen die Art bestimmen, dann die Funktionswerte mit f berechnen";"3";"dezimal|negativ";"";"2026-B-1c";"T1(−2,09; −2,66)|H(0; 5)|T2(2,09; −2,66) (amtlich)";"f''(±2,09) ≈ 13,97 > 0|f''(0) = −7 < 0";"II";"ein positives Vorzeichen von f'' als Hochpunkt deuten";"Gutachten: Bestimmen der Art und der Koordinaten der drei EP 3 BE"
"2026-B-1e";"2026";"B";"";"1";"Differentialrechnung";"e";"2";"6";"";"ja";"";"Differentialrechnung";"Wendepunkte";"Wendepunkte über zweite Ableitung";"Krümmungsverhalten angeben";"notwendige Bedingung|dritte Ableitung|Linkskrümmung|Rechtskrümmung|Intervalle";"zweite und dritte Ableitung aus Teilaufgabe c nutzen|Intervalle als Ungleichung schreiben";"Rechnung|Kurzantwort";"Weisen Sie nach|Bestimmen Sie|Geben Sie an";"Zahl|Text";"keins";"keine";"ohne";"mittel";"f(x) = 0,4x^4 − 3,5x^2 + 5; x aus IR";"Nachweis, dass Gf zwei Wendepunkte hat|vollständige Koordinaten der Wendepunkte|Krümmungsverhalten von Gf in geeigneten Intervallen";"f''(x) = 0 lösen, die Stellen mit f''' ungleich null bestätigen, die Funktionswerte berechnen und das Vorzeichen von f'' in den drei Intervallen deuten";"4";"dezimal|negativ|Wurzel";"";"2026-B-1c";"W1(−1,21; 0,73)|W2(1,21; 0,73)|Gf ist für x < −1,21 und für x > 1,21 linksgekrümmt und für −1,21 < x < 1,21 rechtsgekrümmt (amtlich)";"f''(x) = 0 = 4,8x^2 − 7|x1/2 ≈ ± 1,21|f'''(±1,21) ≈ ± 11,62 ungleich 0";"II";"die Krümmungsintervalle vertauschen, weil das Vorzeichen von f'' nicht geprüft wird";"Gutachten: Nachweisen der zwei Wendepunkte mit Koordinaten 4 BE, Angeben des Krümmungsverhaltens 2 BE; der Erwartungshorizont teilt 2 + 2 + 2"
"2026-B-1f";"2026";"B";"";"1";"Differentialrechnung";"f";"2";"3";"";"ja";"";"Differentialrechnung";"Graph zeichnen und zuordnen";"Graph ganzrationaler Funktion im Intervall zeichnen";"";"kartesisches Koordinatensystem|Zeichenintervall|Achseneinteilung selbst wählen|markante Punkte";"eigene Wertetabelle anlegen|Achseneinteilung zum Wertebereich wählen";"Zeichnen";"Zeichnen Sie";"Grafik";"keins";"zu zeichnen ist Gf über −3 <= x <= 3 in einem selbst angelegten kartesischen Koordinatensystem; der Graph ist achsensymmetrisch zur y-Achse, hat den Hochpunkt H(0; 5), die Tiefpunkte T(±2,09; −2,66), die Wendepunkte W(±1,21; 0,73), die Nullstellen ±1,34 und ±2,64 und steigt zu den Rändern auf f(±3) = 5,9";"ohne";"kurz";"f(x) = 0,4x^4 − 3,5x^2 + 5; x aus IR; Zeichenintervall −3 <= x <= 3";"Graph von Gf im Intervall −3 <= x <= 3";"die in den Teilaufgaben b, d und e berechneten Punkte eintragen, mit weiteren Funktionswerten ergänzen und den Verlauf durchzeichnen";"2";"dezimal|negativ";"";"2026-B-1b|2026-B-1d|2026-B-1e";"Graph durch H(0; 5), T(±2,09; −2,66), W(±1,21; 0,73), die Nullstellen ±1,34 und ±2,64 und die Randpunkte (±3; 5,9) (amtlich)";"f(±3) = 5,9";"II";"die y-Achse so grob einteilen, dass die Tiefpunkte bei −2,66 nicht mehr erkennbar sind";"Gutachten: Zeichnen des Graphen von f im gegebenen Intervall 3 BE; der Erwartungshorizont zeigt im selben Bild bereits die Tangente aus Teilaufgabe g"
"2026-B-1g";"2026";"B";"";"1";"Differentialrechnung";"g";"2";"3";"";"ja";"";"Differentialrechnung";"Anstieg und Tangente";"Tangenteneigenschaft einer Geraden nachweisen";"Tangente in das Koordinatensystem einzeichnen";"Berührbedingung|gleicher Funktionswert|gleicher Anstieg|Tangente einzeichnen";"erste Ableitung aus Teilaufgabe c nutzen|Anstieg einer Geraden aus der Gleichung ablesen";"Rechnung|Zeichnen";"Zeigen Sie|Zeichnen Sie";"Text|Grafik";"keins";"die Gerade g wird in das Koordinatensystem aus Teilaufgabe f eingezeichnet und berührt Gf im Punkt (1; 1,9)";"ohne";"mittel";"f(x) = 0,4x^4 − 3,5x^2 + 5; x aus IR; Gerade g mit g(x) = −5,4x + 7,3; betrachtete Stelle x = 1";"rechnerischer Nachweis, dass g Tangente an Gf an der Stelle x = 1 ist|Einzeichnen der Tangente in das Koordinatensystem aus Teilaufgabe f";"f'(1) mit dem Anstieg von g und f(1) mit g(1) vergleichen; stimmen Anstieg und Funktionswert überein, ist g Tangente";"3";"dezimal|negativ";"";"2026-B-1c|2026-B-1f";"f'(1) = −5,4 ist gleich dem Anstieg von g und f(1) = g(1) = 1,9, also ist g eine Tangente an Gf an der Stelle x = 1|Tangente im Koordinatensystem aus Teilaufgabe f eingezeichnet (amtlich)";"";"II";"nur den Anstieg vergleichen und den gemeinsamen Funktionswert nicht prüfen";"Gutachten: Nachweisen der Tangente an Stelle x = 1 2 BE, Einzeichnen der Tangente 1 BE"
"2026-B-1h";"2026";"B";"";"1";"Differentialrechnung";"h";"2";"3";"";"ja";"";"Differentialrechnung";"Anstieg und Tangente";"Dreiecksfläche aus Achsenabschnitten einer Geraden";"";"Nullstelle der Geraden|y-Achsenabschnitt|rechtwinkliges Dreieck|Flächeneinheiten";"lineare Gleichung lösen|Formel für die Dreiecksfläche anwenden";"Rechnung";"Berechnen Sie";"Zahl";"keins";"keine";"ohne";"kurz";"Gerade g mit g(x) = −5,4x + 7,3; g schließt mit den Koordinatenachsen ein Dreieck ein";"Flächeninhalt dieses Dreiecks";"die Nullstelle von g und den y-Achsenabschnitt als die beiden Katheten nehmen und die halbe Produktfläche berechnen";"2";"dezimal";"FE";"2026-B-1g";"A ≈ 4,93 FE (amtlich)";"Nullstelle von g bei x ≈ 1,35";"II";"den Faktor ein halb vergessen und die Rechteckfläche angeben";"Gutachten: Berechnen des Flächeninhalts eines Dreiecks 3 BE; der Erwartungshorizont gibt 1971/400 ≈ 4,93 FE an, dieser Bruch beruht auf der gerundeten Nullstelle 1,35, exakt sind 53,29/10,8 ≈ 4,93 FE, gerundet also gleich. Thema nicht trennscharf: die Dreiecksfläche ist Elementargeometrie, die Themenliste hat dafür keinen Eintrag"
"2026-B-2a";"2026";"B";"";"2";"Differential- und Integralrechnung";"a";"5";"5";"";"ja";"";"Differentialrechnung";"Funktionsgleichung bestimmen";"Funktionsgleichung mit Symmetriebedingung über LGS";"";"Punktsymmetrie zum Ursprung|Ansatz dritten Grades|LGS mit zwei Gleichungen|Kontrollergebnis";"aus der Punktsymmetrie auf ungerade Exponenten schließen|LGS mit zwei Unbekannten lösen";"Rechnung";"Ermitteln Sie";"Term";"Skizze";"Abbildung 2 zeigt die Seitenwand als Skizze: ein Koordinatensystem mit x-Achse und senkrechter y-Achse am rechten Rand, darüber der Graph Gf als gekrümmter Bogen vom Punkt A links auf der x-Achse bis zum Punkt B rechts auf der x-Achse nahe dem Ursprung; auf dem Bogen sind D links und C oben beschriftet; in der Fläche ein Quadrat als Fenster und ein Rechteck mit Kreis als Tür. Abbildung 1 daneben zeigt als Piktogramm einen Radfahrer, der einen Anhänger in Wohnwagenform zieht";"Fahrradanhänger/Nachhaltigkeitsprojekt";"lang";"eine Schul-AG entwickelt einen Fahrradanhänger in Wohnwagenform; die obere gekrümmte Begrenzung der Seitenwand wird durch Gf beschrieben, die untere durch die x-Achse im zweiten Quadranten, nach rechts begrenzt eine Senkrechte durch B; eine Einheit im Koordinatensystem entspricht 0,5 m in der Wirklichkeit; f ist ganzrational dritten Grades, Gf liegt punktsymmetrisch zum Koordinatenursprung und verläuft durch C(−2; 2) und D(−4; 1,6)";"eine passende Funktionsgleichung für f";"aus der Punktsymmetrie den Ansatz f(x) = ax^3 + bx aufstellen, beide Punkte einsetzen und das entstehende LGS lösen";"3";"dezimal|negativ|Potenz";"";"";"f(x) = 0,05x^3 − 1,2x (amtlich)";"Ansatz f(x) = ax^3 + bx|2 = −8a − 2b|1,6 = −64a − 4b|a = 0,05; b = −1,2";"II";"den vollständigen Ansatz mit vier Koeffizienten wählen, statt ihn über die Punktsymmetrie zu verkürzen";"Gutachten: Angeben der allgemeinen Form einer Funktion dritten Grades mit Punktsymmetrie zum Koordinatenursprung 1 BE, Aufstellen eines LGS 2 BE, Lösen des LGS und Angeben der Funktionsgleichung 2 BE; das Ergebnis steht im Heft als Kontrollergebnis"
"2026-B-2b";"2026";"B";"";"2";"Differential- und Integralrechnung";"b";"5";"5";"";"ja";"";"Differentialrechnung";"Nullstellen ganzrationaler Funktionen";"Nullstellen durch Ausklammern";"Streckenlänge im Koordinatensystem in Meter umrechnen";"x ausklammern|Satz vom Nullprodukt|Lösung verwerfen|Maßstab 0,5 m";"Lösungen am Sachzusammenhang prüfen|Abstand zweier Punkte auf der x-Achse bilden";"Rechnung";"Bestimmen Sie|Ermitteln Sie";"Zahl";"Skizze";"wie 2026-B-2a; für diese Teilaufgabe zählen A links und B rechts auf der x-Achse";"Fahrradanhänger/Nachhaltigkeitsprojekt";"mittel";"f(x) = 0,05x^3 − 1,2x; die Seitenwand wird links durch den Punkt A auf der x-Achse und rechts durch B(−0,5; 0) begrenzt; eine Einheit im Koordinatensystem entspricht 0,5 m in der Wirklichkeit";"Koordinaten des Punktes A|Länge der Seitenwand zwischen A und B in m";"f(x) = 0 durch Ausklammern von x lösen, die Lösungen 0 und +4,9 nach der Aufgabenstellung verwerfen, dann den Abstand zu B in Längeneinheiten mit 0,5 m multiplizieren";"4";"dezimal|negativ|Potenz|Wurzel";"LE|m";"2026-B-2a";"A(−4,9; 0)|Länge der Seitenwand 2,2 m (amtlich)";"x · (0,05x^2 − 1,2) = 0|x1 = 0, x2/3 ≈ ± 4,9|Abstand 4,4 LE";"II";"alle drei Nullstellen als Punkt A anbieten, ohne die Lage im zweiten Quadranten zu prüfen";"Gutachten: Bestimmen des Punktes A über die Nullstellenberechnung 3 BE, Ermitteln der Länge der Seitenwand zwischen A und B in m 2 BE"
"2026-B-2c";"2026";"B";"";"2";"Differential- und Integralrechnung";"c";"5";"5";"";"ja";"";"Differentialrechnung";"Extrem- und Sattelpunkte";"Extrem- und Sattelpunkte über zweite Ableitung";"Streckenlänge im Koordinatensystem in Meter umrechnen";"notwendige Bedingung|Hochpunkt|Lösung verwerfen|maximale Höhe|Maßstab";"erste Ableitung bilden|Lösung am Sachzusammenhang verwerfen";"Rechnung";"Bestimmen Sie|Ermitteln Sie";"Zahl";"Skizze";"wie 2026-B-2a; der Hochpunkt liegt auf dem Bogen zwischen D und C";"Fahrradanhänger/Nachhaltigkeitsprojekt";"mittel";"f(x) = 0,05x^3 − 1,2x; Gf beschreibt die obere Begrenzung der Seitenwand im zweiten Quadranten; eine Einheit im Koordinatensystem entspricht 0,5 m in der Wirklichkeit";"Koordinaten des Hochpunktes von Gf|maximale Höhe der Seitenwand in m";"f'(x) = 0 lösen, die positive Lösung nach der Aufgabenstellung verwerfen, den Funktionswert berechnen und die Höhe mit 0,5 m je Längeneinheit umrechnen";"4";"dezimal|negativ|Potenz|Wurzel";"LE|m";"2026-B-2a";"H(−2,83; 2,26)|maximale Höhe der Seitenwand 1,13 m (amtlich)";"f'(x) = 0,15x^2 − 1,2|x1/2 ≈ ± 2,83";"II";"die Lösung +2,83 nicht verwerfen und den Punkt im vierten Quadranten angeben";"Gutachten: Bestimmen der Koordinaten des Hochpunktes 4 BE, Ermitteln der Maximalhöhe der Seitenwand in m 1 BE; der Erwartungshorizont teilt 1 + 3 + 1 und verzichtet auf die hinreichende Bedingung, weil die Art des Punktes aus dem Sachzusammenhang folgt"
"2026-B-2d";"2026";"B";"";"2";"Differential- und Integralrechnung";"d";"5";"5";"";"ja";"";"Integralrechnung";"Fläche zwischen Graph und x-Achse";"Fläche zwischen Graph und x-Achse berechnen";"Flächeninhalt im Koordinatensystem in Quadratmeter umrechnen|Volumen aus Querschnittsfläche und Länge";"bestimmtes Integral|Stammfunktion|Nachweis 7,05 FE|Maßstab quadriert|Prismenvolumen";"Stammfunktion einer ganzrationalen Funktion bilden|90 cm in m umrechnen";"Rechnung";"Weisen Sie nach|Geben Sie an|Berechnen Sie";"Zahl";"Skizze";"wie 2026-B-2a; die gesuchte Fläche liegt zwischen dem Bogen Gf und der x-Achse von A bis zur Senkrechten durch B";"Fahrradanhänger/Nachhaltigkeitsprojekt";"lang";"f(x) = 0,05x^3 − 1,2x; die Seitenwand liegt zwischen Gf und der x-Achse von A(−4,9; 0) bis B(−0,5; 0); eine Einheit im Koordinatensystem entspricht 0,5 m in der Wirklichkeit; für die Wohnkabine werden zwei identische Seitenwände im Abstand von 90 cm verbaut, die Materialdicke wird vernachlässigt";"Nachweis, dass die Maßzahl des Flächeninhalts der Seitenwand etwa 7,05 FE beträgt|Flächeninhalt in m^2|Volumen des Innenraums";"das bestimmte Integral von −4,9 bis −0,5 über f bilden, die Maßzahl mit 0,5 m mal 0,5 m in Quadratmeter umrechnen und mit dem Abstand 0,90 m zum Volumen multiplizieren";"4";"dezimal|negativ|Potenz";"FE|m^2|cm|m|m^3";"2026-B-2a|2026-B-2b";"Maßzahl der Fläche ≈ 7,05 FE|Flächeninhalt etwa 1,76 m^2|Volumen etwa 1,58 m^3 (amtlich)";"Stammfunktion F(x) = (1/80)x^4 − (3/5)x^2|F(−0,5) ≈ −0,15|F(−4,9) ≈ −7,2";"III";"den Maßstab beim Flächeninhalt nur einfach statt quadriert anwenden";"Gutachten: Nachweisen des Flächeninhaltes der Seitenwand 3 BE, Angeben des Flächeninhalts in m^2 1 BE, Berechnen des Volumens in m^3 1 BE; eigene Rechnung mit der ungerundeten Fläche 1,7627 m^2 ergibt 1,59 m^3, der Erwartungshorizont rechnet mit der gerundeten Fläche 1,76 m^2 weiter und erhält 1,58 m^3"
"2026-B-3a";"2026";"B";"";"3";"Stochastik";"a";"7";"3";"";"ja";"";"Stochastik";"Statistische Kenngrößen";"Mittelwert aus Werteliste";"Standardabweichung aus Werteliste";"arithmetisches Mittel|Varianz|Standardabweichung|sechs Wochenwerte";"Summe durch Anzahl teilen|Wurzel aus der Varianz ziehen";"Rechnung";"Berechnen Sie";"Zahl";"Tabelle";"vorgedruckte Tabelle mit zwei Zeilen, Woche 1 bis 6 und Stückzahl 150, 100, 250, 100, 100, 200; rechts oben ein Piktogramm eines Gewürzstreuers";"Einzelhandel/Verkaufszahlen";"kurz";"Verkaufszahlen eines Gewürzstreuers in sechs Testwochen: 150, 100, 250, 100, 100 und 200 Stück; insgesamt 900 Stück";"arithmetischer Mittelwert der wöchentlichen Verkaufszahlen|Standardabweichung";"die sechs Werte summieren und durch sechs teilen, dann die quadratischen Abweichungen vom Mittelwert summieren, durch sechs teilen und die Wurzel ziehen";"3";"ganz|dezimal|Wurzel";"Stück";"";"Mittelwert 150 Stück|Standardabweichung s ≈ 57,73 (amtlich)";"Varianz s^2 ≈ 3333,33";"II";"durch die Anzahl minus eins teilen und 63,25 erhalten";"Gutachten: Berechnen des arithmetischen Mittels und der Standardabweichung 3 BE; der Erwartungshorizont nennt als Hinweis auch die Formel mit n − 1 und s ≈ 63,25. Eigene Rechnung ergibt s ≈ 57,74; der Erwartungshorizont schneidet die 57,735 auf 57,73 ab statt zu runden"
"2026-B-3b";"2026";"B";"";"3";"Stochastik";"b";"7";"4";"";"ja";"";"Stochastik";"Daten darstellen und aufbereiten";"Relative Häufigkeit berechnen";"Häufigkeitsdiagramm zeichnen";"relative Häufigkeit|Anteil an 900|Diagrammart selbst wählen|Achsenbeschriftung";"Bruch in Dezimalzahl umrechnen|Achsen selbst einteilen";"Rechnung|Zeichnen";"Geben Sie an|stellen Sie dar";"Zahl|Grafik";"Tabelle";"zu zeichnen ist ein selbst gewähltes Häufigkeitsdiagramm mit den Wochen 1 bis 6 auf der x-Achse und der relativen Häufigkeit von 0 bis 0,3 auf der y-Achse; der Erwartungshorizont zeigt ein Säulendiagramm mit beschrifteten Achsen";"Einzelhandel/Verkaufszahlen";"kurz";"Verkaufszahlen eines Gewürzstreuers in sechs Testwochen: 150, 100, 250, 100, 100 und 200 Stück; insgesamt 900 Stück";"relative Häufigkeit der Stückzahl jeder Woche|grafische Darstellung in einem geeigneten Häufigkeitsdiagramm";"jede Wochenstückzahl durch 900 teilen und die sechs Werte in einem selbst angelegten Diagramm als Säulen eintragen";"2";"dezimal|Bruch";"";"";"relative Häufigkeiten ≈ 0,17; 0,11; 0,28; 0,11; 0,11 und 0,22|Säulendiagramm mit beschrifteten Achsen (amtlich)";"";"I";"die Stückzahlen durch sechs statt durch 900 teilen";"Gutachten: Angeben der relativen Häufigkeiten 1 BE, Darstellen der relativen Häufigkeiten im Diagramm 3 BE"
"2026-B-3c";"2026";"B";"";"3";"Stochastik";"c";"7";"9";"";"ja";"";"Stochastik";"Baumdiagramm und Pfadregeln";"Baumdiagramm zweistufig darstellen";"Pfadregel zweistufig anwenden|Gegenereignis nutzen";"zweistufiges Ziehen|Pfadregel|Summenregel|mindestens ein|Gegenereignis";"den Anteil der Paprikastreuer mit 55 % selbst ergänzen|sehr große Menge als Ziehen mit Zurücklegen deuten";"Zeichnen|Rechnung|Kurzantwort";"Veranschaulichen Sie|Berechnen Sie|Formulieren Sie|Geben Sie an";"Grafik|Zahl|Text";"keins";"zu zeichnen ist ein vollständiges zweistufiges Baumdiagramm mit den drei Ästen M 15 %, C 30 % und P 55 % in jeder Stufe, also neun Pfaden";"Großhandel/Gewürzstreuer";"lang";"eine sehr große Lieferung Gewürzstreuer enthält 15 % Majoranstreuer und 30 % Currystreuer, der Rest sind Paprikastreuer; eine Kundin greift ohne hinzuschauen zwei beliebige Streuer heraus; Ereignis A die Kundin erhält zwei Streuer mit gleichen Gewürzen, Ereignis B die Kundin erhält mindestens einen Currystreuer";"vollständiges Baumdiagramm der zweistufigen Zusammenstellung|P(A)|P(B)|Gegenereignis zu A in Worten und dessen Wahrscheinlichkeit";"den Anteil der Paprikastreuer als 55 % ergänzen, das zweistufige Baumdiagramm zeichnen, für A die drei Pfade gleicher Gewürze addieren, für B die Pfade mit mindestens einem Currystreuer addieren und für das Gegenereignis zu A von 100 % abziehen";"5";"dezimal|Prozent";"";"";"P(A) = 41,5 %|P(B) = 51 %|Gegenereignis: die Kundin erhält zwei unterschiedliche Gewürzstreuer, P = 58,5 % (amtlich)";"Anteil Paprikastreuer 55 %|P(A) = 0,15^2 + 0,30^2 + 0,55^2";"III";"bei mindestens einem Currystreuer den Pfad Curry-Curry doppelt zählen";"Gutachten: Erstellen eines vollständigen Baumdiagramms 3 BE, Berechnen der Wahrscheinlichkeiten von A und B 4 BE, Formulieren des Gegenereignisses von A und Angeben der Wahrscheinlichkeit 2 BE; der Erwartungshorizont berechnet P(B) als Summe der Pfade mit Curry, nicht über das Gegenereignis"
"2026-B-3d";"2026";"B";"";"3";"Stochastik";"d";"7";"2";"";"ja";"";"Stochastik";"Kombinatorische Abzählverfahren";"Kombination mit Wiederholung berechnen";"";"drei Sorten|fünf Streuer|Kombination mit Wiederholung|Binomialkoeffizient";"die Reihenfolge als unwesentlich erkennen|Binomialkoeffizient berechnen";"Rechnung";"Ermitteln Sie";"Zahl";"keins";"keine";"Großhandel/Gewürzstreuer";"kurz";"eine sehr große Lieferung mit drei Gewürzsorten; ein Kunde greift rein zufällig fünf Gewürzstreuer heraus";"Anzahl aller möglichen Zusammenstellungen";"Kombination mit Wiederholung für n = 3 Sorten und k = 5 Streuer über den Binomialkoeffizienten von n + k − 1 über k berechnen";"1";"ganz";"";"";"21 mögliche Zusammenstellungen (amtlich)";"Binomialkoeffizient 7 über 5";"II";"die Reihenfolge mitzählen und 3^5 = 243 angeben";"Gutachten: Ermitteln von Kombinationen mit Wiederholung 2 BE; erste Fundstelle des Themas Kombinatorische Abzählverfahren im Bestand"
"2026-B-3e";"2026";"B";"";"3";"Stochastik";"e";"7";"2";"";"ja";"";"Stochastik";"Kombinatorische Abzählverfahren";"Permutation mit Wiederholung berechnen";"";"30 Streuer|je 10 Stück|Permutation mit Wiederholung|Fakultät";"Fakultät im Taschenrechner nutzen|Ergebnis als Zehnerpotenz angeben";"Rechnung";"Bestimmen Sie";"Zahl";"keins";"keine";"Einzelhandel/Schaufenster";"kurz";"eine Kette aus 30 Gewürzstreuern für die Schaufensterdekoration, von jeder der drei Sorten 10 Stück";"Anzahl der unterschiedlichen Reihenfolgen für die Kette";"30 Fakultät durch das Produkt aus dreimal 10 Fakultät teilen";"1";"ganz|Potenz";"";"";"etwa 5,55 · 10^12 unterschiedliche Reihenfolgen (amtlich)";"";"II";"nur 30 Fakultät angeben und die gleichartigen Streuer je Sorte nicht herausdividieren";"Gutachten: Bestimmen von Permutationen mit Wiederholung 2 BE"
"2025-C-1a";"2025";"C";"";"1";"Differentialrechnung";"a";"2";"4";"";"ja";"";"Differentialrechnung";"Symmetrie nachweisen";"Punktsymmetrie am Funktionsterm beurteilen";"Verhalten im Unendlichen bestimmen";"ungerade Exponenten|Absolutglied null|Symmetrieart entscheiden|Grenzwerte";"f(−x) bilden oder die Exponenten deuten";"Begründung|Kurzantwort";"Entscheiden und begründen Sie|Geben Sie an";"Text";"keins";"keine";"ohne";"kurz";"f(x) = −(1/4)x^5 + 2x^3; x aus IR; der Graph der Funktion heißt Gf";"Entscheidung mit Begründung, ob Gf achsensymmetrisch zur y-Achse oder punktsymmetrisch zum Koordinatenursprung verläuft|Verhalten der Funktionswerte im Unendlichen";"über f(−x) = −f(x) oder über die ausschließlich ungeraden Exponenten bei fehlendem Absolutglied auf Punktsymmetrie schließen; aus Grad 5 und negativem Leitkoeffizienten die beiden Grenzwerte angeben";"2";"Bruch|negativ|Potenz";"";"";"Gf ist punktsymmetrisch zum Koordinatenursprung, weil nur ungerade Exponenten auftreten und das Absolutglied null ist|f(x) → ∞ für x → −∞ und f(x) → −∞ für x → +∞ (amtlich)";"";"I";"beide Grenzwerte gleich angeben, obwohl der Grad ungerade ist";"Gutachten: Prüfen der Symmetrie 2 BE, Angeben des Verhaltens im Unendlichen 2 BE; anders als 2026-B-1a ist die Symmetrieart nicht vorgegeben, sondern zu wählen"
"2025-C-1b";"2025";"C";"";"1";"Differentialrechnung";"b";"2";"3";"";"ja";"";"Differentialrechnung";"Nullstellen ganzrationaler Funktionen";"Nullstelle durch Einsetzen nachweisen";"Weitere Nullstellen über Symmetrie angeben";"Wurzel aus 8|Nullstellennachweis|Punktsymmetrie nutzen|Ausklammern als Alternative";"mit Wurzeltermen potenzieren|Punktsymmetrie aus Teilaufgabe a nutzen";"Rechnung|Kurzantwort";"Weisen Sie nach|Ermitteln Sie";"Zahl";"keins";"keine";"ohne";"kurz";"f(x) = −(1/4)x^5 + 2x^3; x aus IR; behauptete Nullstelle x = √8";"Nachweis, dass x = √8 eine Nullstelle von f ist|die beiden weiteren Nullstellen von f";"√8 in f einsetzen und null erhalten; aus der Punktsymmetrie −√8 und 0 als weitere Nullstellen angeben";"3";"Bruch|negativ|Potenz|Wurzel";"";"2025-C-1a";"f(√8) = 0, also ist √8 eine Nullstelle|x2 = −√8|x3 = 0 (amtlich)";"";"II";"√8 nur gerundet einsetzen und deshalb nicht genau null erhalten";"Gutachten: Nachweisen der gegebenen Nullstelle 1 BE, Ermitteln der zwei weiteren Nullstellen 2 BE; der Erwartungshorizont nennt als Alternative das Ausklammern von x^3 mit anschließendem Wurzelziehen"
"2025-C-1c";"2025";"C";"";"1";"Differentialrechnung";"c";"2";"3";"";"ja";"";"Differentialrechnung";"Ableitungen bilden";"Ableitung ganzrationale Funktion";"";"Potenzregel|Faktorregel|Bruchkoeffizient|dritte Ableitung";"";"Rechnung";"Geben Sie an";"Term";"keins";"keine";"ohne";"kurz";"f(x) = −(1/4)x^5 + 2x^3; x aus IR";"erste, zweite und dritte Ableitung von f";"Potenz-, Faktor- und Summenregel dreimal hintereinander anwenden";"3";"Bruch|negativ|Potenz";"";"";"f'(x) = −(5/4)x^4 + 6x^2|f''(x) = −5x^3 + 12x|f'''(x) = −15x^2 + 12 (amtlich)";"";"I";"den Bruch 1/4 nicht mit dem Exponenten 5 multiplizieren";"Gutachten: Notieren der ersten bis dritten Ableitung 3 BE"
"2025-C-1d";"2025";"C";"";"1";"Differentialrechnung";"d";"2";"11";"";"ja";"";"Differentialrechnung";"Extrem- und Sattelpunkte";"Extrem- und Sattelpunkte über zweite Ableitung";"Nullstellen durch Ausklammern|Monotonieverhalten angeben";"x^2 ausklammern|Tiefpunkt|Hochpunkt|Sattelpunkt über dritte Ableitung|Monotonieintervalle";"Ableitungen aus Teilaufgabe c nutzen|Intervalle als Ungleichung schreiben";"Rechnung|Kurzantwort";"Ermitteln Sie|Weisen Sie nach|Geben Sie an";"Zahl|Text";"keins";"keine";"ohne";"mittel";"f(x) = −(1/4)x^5 + 2x^3; x aus IR";"vollständige Koordinaten und Art der beiden Extrempunkte|Nachweis und Koordinaten des Sattelpunktes|Monotonieverhalten von Gf";"f'(x) = 0 durch Ausklammern von x^2 lösen, die drei Stellen in f'' einsetzen, bei f''(0) = 0 über f'''(0) ungleich null den Sattelpunkt nachweisen, die Funktionswerte berechnen und aus dem Vorzeichen von f' die Monotonieintervalle angeben";"6";"Bruch|dezimal|negativ|Wurzel";"";"2025-C-1c";"T(−2,19; −8,41) Tiefpunkt|H(2,19; 8,41) Hochpunkt|Sattelpunkt S(0; 0)|Gf fällt für x < −2,19, steigt für −2,19 < x < 2,19 und fällt für x > 2,19 (amtlich)";"f'(x) = x^2 · (−(5/4)x^2 + 6)|x1 = 0; x2/3 ≈ ± 2,19|f''(−2,19) ≈ 26,24 > 0|f''(2,19) ≈ −26,24 < 0|f'''(0) = 12 ungleich 0";"III";"die doppelte Nullstelle x = 0 von f' als Extremstelle deuten, ohne f''' zu prüfen";"Gutachten: Ermitteln der drei Nullstellen von f' 3 BE, Ermitteln der Art und der Koordinaten der zwei EP 3 BE, Nachweisen und Angeben des Sattelpunktes 3 BE, Angeben des Monotonieverhaltens 2 BE; mit 11 BE die punktstärkste Teilaufgabe im Bestand"
"2025-C-1e";"2025";"C";"";"1";"Differentialrechnung";"e";"2";"3";"";"ja";"";"Differentialrechnung";"Graph zeichnen und zuordnen";"Graph ganzrationaler Funktion im Intervall zeichnen";"";"kartesisches Koordinatensystem|Zeichenintervall|geeignete Achseneinteilung|markante Punkte";"eigene Wertetabelle anlegen|die Achsen unterschiedlich einteilen";"Zeichnen";"Zeichnen Sie";"Grafik";"keins";"zu zeichnen ist Gf über −3 <= x <= 3 in einem selbst angelegten kartesischen Koordinatensystem mit geeigneter Achseneinteilung; der Graph ist punktsymmetrisch zum Ursprung, hat den Tiefpunkt T(−2,19; −8,41), den Sattelpunkt S(0; 0), den Hochpunkt H(2,19; 8,41), die Nullstellen 0 und ±2,83 und die Randpunkte (−3; 6,75) und (3; −6,75)";"ohne";"kurz";"f(x) = −(1/4)x^5 + 2x^3; x aus IR; Zeichenintervall −3 <= x <= 3";"Graph von Gf im Intervall −3 <= x <= 3 mit geeigneter Achseneinteilung";"die in den Teilaufgaben b und d berechneten Punkte eintragen, mit weiteren Funktionswerten ergänzen und den Verlauf durchzeichnen";"2";"Bruch|dezimal|negativ";"";"2025-C-1b|2025-C-1d";"Graph durch T(−2,19; −8,41), S(0; 0), H(2,19; 8,41), die Nullstellen 0 und ±2,83 sowie die Randpunkte (−3; 6,75) und (3; −6,75) (amtlich)";"f(−3) = 6,75|f(3) = −6,75";"II";"beide Achsen gleich einteilen, obwohl die Funktionswerte bis ±8,41 reichen";"Gutachten: Zeichnen des Graphen von f 3 BE; die Aufgabe verlangt ausdrücklich eine geeignete Achseneinteilung"
"2025-C-1f";"2025";"C";"";"1";"Differentialrechnung";"f";"2";"6";"";"ja";"";"Differentialrechnung";"Anstieg und Tangente";"Tangentengleichung im Punkt";"Schnittpunkte zweier Funktionsgraphen berechnen|Tangente in das Koordinatensystem einzeichnen";"Anstieg an der Stelle 2|Tangente durch den Ursprung|zwei weitere Schnittpunkte|Tangente einzeichnen";"erste Ableitung aus Teilaufgabe c nutzen|Geradengleichung aus Anstieg und Punkt aufstellen";"Rechnung|Kurzantwort|Zeichnen";"Ermitteln Sie|bestimmen Sie|Geben Sie an|Zeichnen Sie";"Zahl|Term|Grafik";"keins";"die Tangente t wird in das Koordinatensystem aus Teilaufgabe e eingezeichnet; sie verläuft durch den Ursprung und berührt Gf bei x = 2";"ohne";"mittel";"f(x) = −(1/4)x^5 + 2x^3; x aus IR; betrachtete Stelle x = 2; Gf und die Tangente t schneiden sich an zwei weiteren Stellen";"Anstieg von f an der Stelle x = 2|Gleichung der Tangente t an Gf an dieser Stelle|Koordinaten der beiden weiteren Schnittpunkte von Gf und t|Einzeichnen von t in das Koordinatensystem aus Teilaufgabe e";"f'(2) als Anstieg berechnen, mit f(2) den Achsenabschnitt bestimmen, dann f(x) = t(x) lösen oder die Schnittpunkte am Graphen ablesen und t eintragen";"5";"Bruch|negativ|Potenz";"";"2025-C-1c|2025-C-1e";"f'(2) = 4|t(x) = 4x|S1(0; 0)|S2(−2; −8)|Tangente im Koordinatensystem aus Teilaufgabe e eingezeichnet (amtlich)";"f(2) = 8|n = 0";"III";"die Berührstelle x = 2 als einen der beiden weiteren Schnittpunkte mitzählen";"Gutachten: Ermitteln des Anstiegs 1 BE, Bestimmen einer Tangentengleichung 2 BE, Angeben von zwei Schnittpunkten von Tangente und Graph 2 BE, Einzeichnen der Tangente 1 BE. Der Erwartungshorizont nennt die Schnittpunkte ohne Rechenweg; rechnerisch ist f(x) − t(x) = −(1/4)x · (x^2 − 4)^2, die Tangente berührt Gf wegen der Punktsymmetrie auch bei x = −2, das Heft führt diesen Punkt gleichwohl als Schnittpunkt"
"2025-C-2a";"2025";"C";"";"2";"Differential- und Integralrechnung";"a";"5";"3";"";"ja";"";"Differentialrechnung";"Nullstellen ganzrationaler Funktionen";"Nullstelle durch Einsetzen nachweisen";"Funktionswert im Sachzusammenhang deuten";"Tunnelbreite 1 m|Nullstellenabstand|Tunnelhöhe 1,20 m|eine Einheit gleich ein Meter";"den Nullstellenabstand als Breite deuten|die Maßzahl als Meterangabe lesen";"Rechnung";"Weisen Sie nach";"Zahl";"Foto";"Abbildung 1 ist ein Foto des Tunneleingangs im Fels: ein spitzbogenförmiger Eingang, davor ein Gitter aus sieben senkrechten und mehreren waagerechten Eisenstangen, in der Mitte ein rundes Bergbausymbol. Abbildung 2 zeigt ein Koordinatensystem mit waagerechter x-Achse auf dem Tunnelboden und senkrechter y-Achse in der Tunnelmitte, darin der Querschnitt als Bogen durch (−0,5; 0), (0; 1,2) und (0,5; 0); keine Achsenskalierung angegeben";"Besucherbergwerk/Tunnelquerschnitt";"lang";"beim Ausbau eines Besucherbergwerks wird ein Belüftungstunnel entdeckt; sein Querschnitt bleibt über die gesamte Länge gleich, ist am Boden 1 m breit und in der Mitte 1,20 m hoch; der Querschnitt wird mit f(x) = 4,8x^4 − 6x^2 + 1,2; x aus IR simuliert; die x-Achse liegt auf dem Boden, die y-Achse senkrecht in der Tunnelmitte; eine Einheit im Koordinatensystem entspricht einem Meter in der Wirklichkeit";"Nachweis, dass der entsprechende Teil des Graphen die gemessene Breite und Höhe des Tunnels genau wiedergibt";"f(−0,5) und f(0,5) berechnen und den Nullstellenabstand als Breite deuten; f(0) berechnen und als Höhe in der Mitte deuten";"3";"dezimal|negativ|Potenz";"m";"";"f(−0,5) = f(0,5) = 0, der Nullstellenabstand entspricht 1 m|f(0) = 1,2 entspricht 1,2 m (amtlich)";"";"II";"nur eine Nullstelle prüfen und die Breite mit 0,5 m angeben";"Gutachten: Nachweisen der Tunnelbreite 2 BE, Nachweisen der Tunnelhöhe 1 BE"
"2025-C-2b";"2025";"C";"";"2";"Differential- und Integralrechnung";"b";"5";"6";"";"ja";"";"Grundlagen";"Größen und Einheiten";"Funktionswert im Sachzusammenhang deuten";"Gleichung vierten Grades über Substitution lösen";"sieben Stangen im Raster 12,5 cm|Stangenlänge als Funktionswert|Gleichung f(x) = 0,6|Länge als doppelter Abstand";"die Position der Stange aus dem Raster bestimmen|Zentimeter in Meter umrechnen|Lösungen außerhalb des Tunnels verwerfen";"Rechnung";"Bestimmen Sie|Berechnen Sie";"Zahl";"Foto";"wie 2025-C-2a; im Foto sind die sieben senkrechten und die waagerechte Eisenstange des Gitters zu erkennen";"Besucherbergwerk/Gitter";"lang";"f(x) = 4,8x^4 − 6x^2 + 1,2; x aus IR; der Tunnel ist am Boden 1 m breit, eine Einheit im Koordinatensystem entspricht einem Meter; das Gitter im Tunneleingang besteht aus 7 senkrechten Eisenstangen im Abstand von je 12,5 cm, deren Dicke vernachlässigt wird; die waagerechte Eisenstange befindet sich in einer Höhe von 60 cm";"Länge der vorletzten senkrechten Eisenstange auf der rechten Seite|Länge der waagerechten Eisenstange";"die vorletzte Stange rechts liegt bei x = 0,25, ihr Länge ist f(0,25); für die waagerechte Stange f(x) = 0,6 auf 4,8x^4 − 6x^2 + 0,6 = 0 bringen, mit z = x^2 substituieren und aus den beiden Lösungen im Tunnel die Länge als doppelten Abstand zur Mitte bilden";"5";"dezimal|negativ|Potenz|Wurzel";"cm|m";"2025-C-2a";"vorletzte senkrechte Eisenstange 0,84 m lang|waagerechte Eisenstange 0,66 m lang (amtlich)";"Position der sechsten Stange bei x = 0,25|f(0,25) = 27/32 ≈ 0,84|4,8z^2 − 6z + 0,6 = 0|z1 ≈ 0,11 mit x1/2 ≈ ± 0,33|z2 ≈ 1,14 mit x3/4 ≈ ± 1,07 entfällt";"III";"das Stangenraster in der Tunnelmitte beginnen lassen und dadurch die falsche Position für die vorletzte Stange erhalten";"Gutachten: Bestimmen der Länge einer senkrechten Geraden 2 BE, Berechnen der Länge einer waagerechten Geraden 4 BE; der Punktschwerpunkt liegt auf dem Gleichungsteil, typ bildet nach Profil § 7 die erste Teilleistung ab"
"2025-C-2c";"2025";"C";"";"2";"Differential- und Integralrechnung";"c";"5";"5";"";"ja";"";"Integralrechnung";"Fläche zwischen Graph und x-Achse";"Fläche zwischen Graph und x-Achse berechnen";"Volumen aus Querschnittsfläche und Länge|Masse aus Volumen und Dichte";"bestimmtes Integral|Nachweis 0,76 Quadratmeter|Tunnellänge 150 m|2,8 Tonnen je Kubikmeter";"Stammfunktion bilden|die Flächeneinheit als Quadratmeter deuten";"Rechnung";"Zeigen Sie|Bestimmen Sie|Berechnen Sie";"Zahl";"Foto";"wie 2025-C-2a; die Querschnittsfläche liegt zwischen dem Bogen und der x-Achse von −0,5 bis 0,5";"Besucherbergwerk/Gesteinsmasse";"mittel";"f(x) = 4,8x^4 − 6x^2 + 1,2; x aus IR; der Tunnelquerschnitt liegt zwischen dem Graphen und der x-Achse von −0,5 bis 0,5; eine Einheit entspricht einem Meter; der Tunnel ist 150 m lang; ein Kubikmeter Gestein wiegt 2,8 Tonnen";"Nachweis, dass sich ein Tunnelquerschnitt von 0,76 m^2 ergibt|Volumen des gesamten Tunnels|Masse des beim Bau abtransportierten Gesteins";"das bestimmte Integral von −0,5 bis 0,5 über f bilden, die Fläche mit der Länge 150 m zum Volumen multiplizieren und mit 2,8 Tonnen je Kubikmeter die Masse berechnen";"4";"dezimal|negativ|Potenz|Bruch";"FE|m^2|m|m^3|t";"2025-C-2a";"Querschnitt 0,76 FE entspricht 0,76 m^2|Volumen 114 m^3|Masse 319,2 t (amtlich)";"Stammfunktion F(x) = (24/25)x^5 − 2x^3 + 1,2x|F(0,5) = 19/50|F(−0,5) = −19/50";"II";"das Integral nur von 0 bis 0,5 bilden und die halbe Fläche angeben";"Gutachten: Nachweisen des Tunnelquerschnitts 3 BE, Berechnen von Volumen und Masse des Gesteins 2 BE"
"2025-C-2d";"2025";"C";"";"2";"Differential- und Integralrechnung";"d";"5";"4";"";"ja";"";"Differentialrechnung";"Funktionsgleichung bestimmen";"Markante Punkte im Sachzusammenhang markieren und ablesen";"Funktionsgleichung mit Symmetriebedingung über LGS";"drei markante Punkte|Achsensymmetrie also b gleich null|quadratische Funktion|Kontrollergebnis";"Breite und Höhe des alten Tunnels übernehmen|aus der Achsensymmetrie b = 0 schließen";"Eintragen|Rechnung";"Markieren Sie|notieren Sie|Bestimmen Sie";"Zahl|Term";"Koordinatensystem";"in Abbildung 2 sind drei markante Punkte zu markieren und mit Koordinaten zu beschriften: A(−0,5; 0) und C(0,5; 0) auf der x-Achse, B(0; 1,2) auf der y-Achse; das Koordinatensystem enthält den Bogen des Querschnitts";"Besucherbergwerk/neuer Tunnel";"mittel";"für die weitere Nutzung wird ein zusätzlicher Belüftungstunnel benötigt; er soll den Querschnitt einer achsensymmetrischen quadratischen Funktion g bekommen und dieselbe Höhe 1,2 m und Breite 1 m wie der historische Tunnel erhalten; Abbildung 2 zeigt das Koordinatensystem";"drei markante Punkte des neuen Tunnelquerschnitts mit ihren Koordinaten|Gleichung einer passenden Funktion g durch alle drei Punkte";"die beiden Randpunkte auf der x-Achse und den höchsten Punkt auf der y-Achse markieren, aus der Achsensymmetrie b = 0 setzen, mit dem höchsten Punkt c bestimmen und mit einem Randpunkt a berechnen";"4";"dezimal|negativ|Potenz";"";"2025-C-2a";"A(−0,5; 0), B(0; 1,2) und C(0,5; 0)|g(x) = −4,8x^2 + 1,2 (amtlich)";"Ansatz g(x) = ax^2 + bx + c|b = 0|c = 1,2|0 = a · 0,5^2 + 1,2";"II";"den vollständigen Ansatz mit b ungleich null aufstellen und die Symmetrie nicht nutzen";"Gutachten: Markieren und Koordinatenangabe von 3 Punkten 1 BE, Ermitteln einer quadratischen Funktionsgleichung 3 BE; das Ergebnis steht im Heft als Kontrollergebnis"
"2025-C-2e";"2025";"C";"";"2";"Differential- und Integralrechnung";"e";"5";"2";"";"ja";"";"Integralrechnung";"Körpervolumen aus Grundfläche und Länge";"Länge aus Volumen und Querschnittsfläche berechnen";"";"Volumengleichheit|Querschnitt 0,8 Quadratmeter|gesuchte Tunnellänge";"das Volumen aus Teilaufgabe c übernehmen|lineare Gleichung lösen";"Rechnung";"Ermitteln Sie";"Zahl";"keins";"keine";"Besucherbergwerk/neuer Tunnel";"kurz";"der neue Tunnel hat eine Querschnittsfläche von 0,8 m^2 und soll genau das gleiche Volumen wie der alte Tunnel mit 114 m^3 haben";"geplante Länge des neuen Tunnels";"das Volumen des alten Tunnels durch die neue Querschnittsfläche teilen";"1";"dezimal";"m^2|m^3|m";"2025-C-2c";"Länge des neuen Tunnels 142,5 m (amtlich)";"";"I";"Querschnittsfläche und Volumen multiplizieren statt zu teilen";"Gutachten: Ermitteln der Tunnellänge 2 BE"
"2025-C-3a";"2025";"C";"";"3";"Stochastik";"a";"7";"5";"";"ja";"";"Stochastik";"Statistische Kenngrößen";"Mittelwert aus Häufigkeitstabelle";"Median aus Häufigkeitstabelle|Modalwert aus Häufigkeitstabelle|Standardabweichung aus Häufigkeitstabelle";"30 Bewerbungen|gewichtetes Mittel|Median|Modalwert|Standardabweichung";"die Einzelwerte aus der Häufigkeitstabelle ordnen|mit den Anzahlen gewichten";"Rechnung|Kurzantwort";"Bestimmen Sie|geben Sie an|Berechnen Sie";"Zahl";"Tabelle";"zwei nebeneinander abgebildete Notizzettel: links eine Tabelle mit Note 1 bis 6 und Anzahl 4, 10, 9, 4, 3, 0 für die 30 Personen in Altstadt; rechts ein Raster mit den 16 Einzelnoten aus Neustadt 3, 1, 4, 2 / 4, 2, 4, 2 / 1, 3, 2, 3 / 2, 5, 3, 1";"Bewerbung/Eignungstest";"mittel";"eine Supermarktkette lässt alle Bewerberinnen und Bewerber einen Eignungstest schreiben, der mit einer Schulnote bewertet wird; in Altstadt sind es 30 Personen mit den Anzahlen 4 für Note 1, 10 für Note 2, 9 für Note 3, 4 für Note 4, 3 für Note 5 und 0 für Note 6";"arithmetischer Mittelwert der Ergebnisse in Altstadt|Median|Modalwert|Standardabweichung";"die mit den Anzahlen gewichtete Notensumme durch 30 teilen; den Median als mittleren Wert der geordneten Liste und den Modalwert als häufigste Note ablesen; die gewichteten quadratischen Abweichungen durch 30 teilen und die Wurzel ziehen";"4";"ganz|dezimal|Bruch|Wurzel";"";"";"Mittelwert 41/15 ≈ 2,73|Median 3|Modalwert 2|Standardabweichung s ≈ 1,15 (amtlich)";"gewichtete Notensumme 82|Varianz s^2 ≈ 1,33";"II";"den Mittelwert als Summe der sechs Noten durch sechs berechnen und die Anzahlen nicht gewichten";"Gutachten: Bestimmen des arithmetischen Mittelwerts 1 BE, Angeben von Median und Modalwert 2 BE, Berechnen der Standardabweichung 2 BE; der Erwartungshorizont nennt als Hinweis auch die Formel mit n − 1 und s ≈ 1,17"
"2025-C-3b";"2025";"C";"";"3";"Stochastik";"b";"7";"5";"";"ja";"";"Stochastik";"Daten darstellen und aufbereiten";"Relative Häufigkeit berechnen";"Urliste zu einer Häufigkeitsverteilung ordnen|Zwei Häufigkeitsverteilungen gemeinsam darstellen";"zwei Städte|Urliste auszählen|verschiedene Gesamtzahlen 30 und 16|gemeinsames Diagramm|Legende";"die 16 Einzelnoten auszählen|jede Stadt auf ihre eigene Gesamtzahl beziehen";"Rechnung|Zeichnen";"Geben Sie an|Stellen Sie dar";"Zahl|Grafik";"Tabelle";"zu zeichnen ist ein gemeinsames Häufigkeitsdiagramm für beide Städte mit den Noten 1 bis 6 auf der x-Achse und der relativen Häufigkeit von 0,00 bis 0,40 auf der y-Achse; der Erwartungshorizont zeigt gruppierte Säulen mit Legende für Altstadt und Neustadt";"Bewerbung/Eignungstest";"mittel";"Altstadt 30 Personen mit den Anzahlen 4, 10, 9, 4, 3 und 0 für die Noten 1 bis 6; Neustadt 16 Einzelnoten 3, 1, 4, 2, 4, 2, 4, 2, 1, 3, 2, 3, 2, 5, 3 und 1";"relative Häufigkeiten der Noten 1 bis 6 für beide Städte getrennt|gemeinsame grafische Darstellung in einem geeigneten Häufigkeitsdiagramm";"für Neustadt die Einzelnoten je Note auszählen, dann in jeder Stadt die Anzahlen durch 30 bzw. 16 teilen und die zwölf Werte als gruppierte Säulen in ein Diagramm eintragen";"4";"dezimal|Bruch";"";"";"Altstadt 0,13; 0,33; 0,30; 0,13; 0,10 und 0,00|Neustadt 0,19; 0,31; 0,25; 0,19; 0,06 und 0,00|gruppiertes Säulendiagramm mit Legende (amtlich)";"Anzahlen in Neustadt 3, 5, 4, 3, 1 und 0";"II";"die Anzahlen aus Neustadt ebenfalls durch 30 teilen";"Gutachten: Angeben der relativen Häufigkeiten für 2 Städte 2 BE, Darstellen im gemeinsamen Häufigkeitsdiagramm 3 BE"
"2025-C-3c";"2025";"C";"";"3";"Stochastik";"c";"7";"7";"";"ja";"";"Stochastik";"Mehrstufige Zufallsexperimente";"Baumdiagramm dreistufig ohne Zurücklegen darstellen";"Pfadregel dreistufig ohne Zurücklegen anwenden|Gegenereignis nutzen";"14 Personen mit Note 1 oder 2|dreistufig ohne Zurücklegen|vollständig beschriftet|nicht alle die gleiche Note";"die 14 Personen aus der Häufigkeitstabelle bestimmen|den Nenner in jeder Stufe verkleinern";"Zeichnen|Rechnung";"Verdeutlichen Sie|ermitteln Sie";"Grafik|Zahl";"keins";"zu zeichnen ist ein vollständig beschriftetes dreistufiges Baumdiagramm für das Ziehen ohne Zurücklegen aus 4 Personen mit Note 1 und 10 mit Note 2: erste Stufe 4/14 und 10/14, zweite Stufe mit Nenner 13, dritte Stufe mit Nenner 12, insgesamt acht Pfade";"Bewerbung/Probearbeiten";"lang";"aus allen Personen aus Altstadt mit Note 1 oder 2, also 4 Personen mit Note 1 und 10 mit Note 2, werden drei zum Probearbeiten am nächsten Tag zufällig ausgewählt; Ereignis E1 alle drei Personen haben die Note 1, Ereignis E2 die drei Personen haben nicht alle die gleiche Note";"vollständig beschriftetes Baumdiagramm des Auswahlprozesses|P(E1)|P(E2)";"das dreistufige Baumdiagramm ohne Zurücklegen mit sinkenden Nennern zeichnen, für E1 den Pfad mit drei Einsen multiplizieren und für E2 die beiden Pfade mit gleichen Noten vom Ganzen abziehen";"4";"Bruch|Prozent";"";"";"P(E1) = 1/91 ≈ 1,10 %|P(E2) = 60/91 ≈ 65,93 % (amtlich)";"P(alle Note 1) = 4/14 · 3/13 · 2/12|P(alle Note 2) = 10/14 · 9/13 · 8/12 = 30/91";"III";"mit gleichbleibenden Nennern rechnen wie beim Ziehen mit Zurücklegen";"Gutachten: Erstellen eines Baumdiagramms 4 BE, Ermitteln zweier Wahrscheinlichkeiten 3 BE; erste Fundstelle des Themas Mehrstufige Zufallsexperimente, dreistufig und ohne Zurücklegen, deshalb nicht bei Baumdiagramm und Pfadregeln geführt"
"2025-C-3d";"2025";"C";"";"3";"Stochastik";"d";"7";"3";"";"ja";"";"Stochastik";"Kombinatorische Abzählverfahren";"Kombination ohne Wiederholung berechnen";"Permutation ohne Wiederholung berechnen";"12 Personen besser als Note 4|Vierergruppe|Binomialkoeffizient|Reihenfolge der Gespräche";"die 12 Personen aus der Urliste auszählen|Fakultät berechnen";"Rechnung";"Bestimmen Sie|Ermitteln Sie";"Zahl";"Tabelle";"das Raster der 16 Einzelnoten aus Neustadt aus dem Aufgabenstamm wird weiterverwendet";"Bewerbung/Einstellungsgespräche";"mittel";"alle Personen aus Neustadt mit besseren Noten als 4, das sind 3 Personen mit Note 1, 5 mit Note 2 und 4 mit Note 3, also 12 Personen, werden in Vierergruppen zu Einstellungsgesprächen eingeladen";"Anzahl der Möglichkeiten für die Zusammenstellung der ersten Vierergruppe|Anzahl der Möglichkeiten, vier Personen nacheinander zu Einzelgesprächen in den Raum zu bitten";"die Zahl der Auswahlen von 4 aus 12 ohne Beachtung der Reihenfolge über den Binomialkoeffizienten berechnen; für die Reihenfolge der vier Gespräche 4 Fakultät bilden";"2";"ganz";"";"2025-C-3b";"495 Möglichkeiten für die Vierergruppe|24 Möglichkeiten für die Reihenfolge der Gespräche (amtlich)";"12 Personen mit einer Note besser als 4|Binomialkoeffizient 12 über 4";"II";"bei der Zusammenstellung der Gruppe die Reihenfolge mitzählen und 11 880 angeben";"Gutachten: Ermitteln einer Anzahl von Auswahlmöglichkeiten 2 BE, Ermitteln einer Anzahl von Anordnungen 1 BE"
"2025-A-1a";"2025";"A";"";"1";"Differential- und Integralrechnung";"a";"2";"2";"";"ja";"";"Differentialrechnung";"Anstieg und Tangente";"Tangente in das Koordinatensystem einzeichnen";"Fläche zwischen Graph und Koordinatenachsen markieren";"Tangente skizzieren|Berührpunkt|I. Quadrant|Koordinatenachsen";"Anstieg am Graphen abschätzen|Nullstelle am Graphen ablesen";"Zeichnen";"Skizzieren Sie";"Grafik";"Koordinatensystem";"Koordinatensystem mit Gitternetz, x von −4,5 bis 5,5 und y von −4 bis 5, Einheit 1; darin der mit Gg beschriftete Graph: von oben links steil fallend, Nullstelle bei x ≈ −2,45, flacher Tiefpunkt bei (−2; −0,15), Nullstelle bei x ≈ −1,6, Hochpunkt bei (0,4; 2), Nullstelle bei x ≈ 1,75, Tiefpunkt bei (3,2; −3,3), Nullstelle bei x ≈ 4,15, danach steil steigend";"ohne";"kurz";"Abbildung mit dem Graphen Gg einer ganzrationalen Funktion g vierten Grades; Gg hat Wendestellen bei x1 = −1 und x2 = 2";"Tangente an Gg an der Stelle x = 3|Fläche, die Gg im I. Quadranten mit beiden Koordinatenachsen begrenzt";"im Punkt (3; −3,2) eine Gerade mit dem dortigen Anstieg anlegen; die Fläche zwischen y-Achse, x-Achse und dem Bogen von Gg von x = 0 bis zur Nullstelle bei x ≈ 1,75 schraffieren";"2";"ganz|negativ";"";"";"Tangente berührt Gg bei x = 3 und fällt mit einem Anstieg von etwa −1|schraffierte Fläche zwischen y-Achse, x-Achse und Gg von x = 0 bis x ≈ 1,75 (amtlich)";"";"II";"die Tangente als Sekante durch zwei Kurvenpunkte zeichnen oder die Fläche über die Nullstelle hinaus ausdehnen";"Gutachten: Skizzieren der Tangente 1 BE, Skizzieren der Fläche 1 BE; die Markierung der linksgekrümmten Bereiche in derselben Abbildung gehört nach dem Hinweis des Erwartungshorizonts zu Teilaufgabe c"
"2025-A-1b";"2025";"A";"";"1";"Differential- und Integralrechnung";"b";"2";"2";"";"ja";"";"Differentialrechnung";"Graph zeichnen und zuordnen";"Funktionswert am Graphen ablesen";"Vorzeichen der ersten Ableitung am Graphen beurteilen";"Funktionswert ablesen|Anstieg|fallender Graph|Vorzeichen";"Gitternetz auswerten|Monotonie am Graphen erkennen";"Kurzantwort|Begründung";"Nennen Sie|Begründen Sie";"Zahl|Text";"Koordinatensystem";"wie 2025-A-1a";"ohne";"mittel";"Abbildung mit dem Graphen Gg einer ganzrationalen Funktion g vierten Grades; Gg hat Wendestellen bei x1 = −1 und x2 = 2";"Funktionswert von g an der Stelle x = 2|Begründung, ob die erste Ableitung von g an dieser Stelle positiv, negativ oder Null ist";"den zugehörigen y-Wert am Graphen ablesen und aus dem fallenden Verlauf an dieser Stelle auf ein negatives Vorzeichen der ersten Ableitung schließen";"2";"ganz|negativ";"";"";"g(2) = −1|g'(2) ist negativ, da der Graph bei x = 2 fallend ist (amtlich)";"";"II";"das Vorzeichen der Ableitung am Funktionswert statt am Verlauf des Graphen beurteilen";"Gutachten: Nennen des Funktionswerts an der Stelle x = 2 1 BE, Begründen des Anstiegs 1 BE"
"2025-A-1c";"2025";"A";"";"1";"Differential- und Integralrechnung";"c";"2";"3";"";"ja";"";"Differentialrechnung";"Monotonie und Krümmung";"Krümmungsverhalten angeben";"Krümmungsbereiche am Graphen markieren";"Linkskrümmung|Rechtskrümmung|Wendestelle|Intervall";"Intervalle mit Ungleichungen notieren";"Kurzantwort|Zeichnen";"Geben Sie an|Markieren Sie";"Text|Grafik";"Koordinatensystem";"wie 2025-A-1a";"ohne";"mittel";"Abbildung mit dem Graphen Gg einer ganzrationalen Funktion g vierten Grades; Gg hat Wendestellen bei x1 = −1 und x2 = 2";"Krümmungsverhalten von Gg in geeigneten Intervallen|Markierung der linksgekrümmten Bereiche in der Abbildung";"die beiden Wendestellen als Intervallgrenzen nehmen und je Intervall die Krümmungsrichtung aus dem Verlauf des Graphen angeben, dann die linksgekrümmten Abschnitte kennzeichnen";"3";"ganz|negativ";"";"";"für x < −1 linksgekrümmt|für −1 < x < 2 rechtsgekrümmt|für x > 2 linksgekrümmt (amtlich)";"";"II";"Links- und Rechtskrümmung vertauschen oder nur zwei Intervalle angeben";"Gutachten: Angeben des Krümmungsverhaltens 2 BE, Markieren der linksgekrümmten Bereiche 1 BE"
"2025-A-1d";"2025";"A";"";"1";"Differential- und Integralrechnung";"d";"2";"5";"";"ja";"";"Differentialrechnung";"Nullstellen ganzrationaler Funktionen";"Punktprobe am Graphen";"Nullstelle durch Einsetzen nachweisen|Nullstellen mit Polynomdivision";"Punktprobe|Polynomdivision|Diskriminante|einzige Nullstelle";"Potenzen negativer Zahlen berechnen|quadratische Gleichung lösen";"Rechnung|Begründung";"Prüfen Sie|Weisen Sie nach|Zeigen Sie";"Zahl|Text";"keins";"keine";"ohne";"mittel";"f(x) = −3x^3 + 5x^2 + 8x + 12; x aus IR; Punkt P(−2; 50)";"Prüfung, ob P auf Gf liegt|Nachweis, dass x = 3 eine Nullstelle von f ist|Nachweis, dass f keine weitere Nullstelle hat";"x = −2 einsetzen und den Funktionswert mit 50 vergleichen; f(3) berechnen; den Linearfaktor (x − 3) abspalten und an der negativen Diskriminante der restlichen quadratischen Gleichung zeigen, dass es keine weitere Nullstelle gibt";"5";"ganz|Bruch|negativ|Potenz";"";"";"f(−2) = 40 ist ungleich 50, P liegt nicht auf Gf|f(3) = 0, also ist x = 3 eine Nullstelle|die Diskriminante von x^2 + (4/3)x + 4/3 = 0 ist negativ, weitere Nullstellen gibt es nicht (amtlich)";"(−3x^3 + 5x^2 + 8x + 12) : (x − 3) = −3x^2 − 4x − 4";"II";"beim Einsetzen von −2 das Vorzeichen der dritten Potenz falsch behandeln oder die Polynomdivision mit falschem Vorzeichen beginnen";"Gutachten: Prüfen, ob P auf Gf liegt 1 BE, Nachweisen der Nullstelle bei x = 3 1 BE, Nachweisen fehlender weiterer Nullstellen 3 BE; thema nach dem Schwerpunkt der Teilaufgabe gewählt, der Typ Punktprobe am Graphen steht in fhr-typen.csv unter Anstieg und Tangente"
"2025-A-1e";"2025";"A";"";"1";"Differential- und Integralrechnung";"e";"2";"7";"";"ja";"";"Differentialrechnung";"Extrem- und Sattelpunkte";"Extrem- und Sattelpunkte über zweite Ableitung";"";"Hochpunkt|Tiefpunkt|erste Ableitung Null|zweite Ableitung";"erste und zweite Ableitung bilden|quadratische Gleichung lösen";"Rechnung";"Ermitteln Sie";"Zahl";"keins";"keine";"ohne";"kurz";"f(x) = −3x^3 + 5x^2 + 8x + 12; x aus IR";"Art und Koordinaten aller Extrempunkte von Gf";"f'(x) = 0 setzen, die quadratische Gleichung lösen, die Stellen in f'' einsetzen und über das Vorzeichen die Art bestimmen, dann die Funktionswerte berechnen";"5";"dezimal|negativ|Potenz";"";"";"H(1,65; 25,34)|T(−0,54; 9,61) (amtlich)";"f'(x) = −9x^2 + 10x + 8|x1 ≈ 1,65 und x2 ≈ −0,54|f''(x) = −18x + 10|f''(1,65) = −19,7 < 0 und f''(−0,54) = 19,72 > 0";"II";"die Art des Extrempunkts aus dem Vorzeichen von f' statt aus dem von f'' bestimmen";"Gutachten: erste Ableitung und Berechnen der Extremstellen 3 BE, zweite Ableitung und Ermitteln der Koordinaten und der Art der Extrempunkte 4 BE; eigene Rechnung mit den ungerundeten Stellen 1,64987 und −0,53876 bestätigt 25,34 und 9,61"
"2025-A-1f";"2025";"A";"";"1";"Differential- und Integralrechnung";"f";"2";"3";"";"ja";"";"Integralrechnung";"Fläche zwischen Graph und x-Achse";"Fläche zwischen Graph und x-Achse berechnen";"";"bestimmtes Integral|Stammfunktion|Maßzahl|Intervallgrenzen";"Stammfunktion einer ganzrationalen Funktion bilden|mit Brüchen rechnen";"Rechnung";"Berechnen Sie";"Zahl";"keins";"keine";"ohne";"kurz";"f(x) = −3x^3 + 5x^2 + 8x + 12; x aus IR; Intervall 1 <= x <= 3";"Maßzahl des Flächeninhalts zwischen Gf und der x-Achse im Intervall 1 <= x <= 3";"eine Stammfunktion bilden und das bestimmte Integral von 1 bis 3 auswerten";"3";"Bruch|dezimal|Potenz";"FE";"";"A = 118/3 ≈ 39,33 FE (amtlich)";"F(x) = −(3/4)x^4 + (5/3)x^3 + 4x^2 + 12x|F(3) = 225/4 und F(1) = 203/12";"II";"die untere Grenze mit falschem Vorzeichen abziehen oder die Stammfunktion falsch bilden";"Gutachten: Berechnen der Maßzahl des Flächeninhalts 3 BE; Gf liegt im ganzen Intervall oberhalb der x-Achse, ein Betrag ist nicht nötig"
"2025-A-1g";"2025";"A";"";"1";"Differential- und Integralrechnung";"g";"2";"3";"";"ja";"";"Differentialrechnung";"Graph zeichnen und zuordnen";"Graph ganzrationaler Funktion im Intervall zeichnen";"";"Graph zeichnen|Achseneinteilung|Intervall|Wertetabelle";"Funktionswerte berechnen|y-Achse gestaucht einteilen";"Zeichnen";"Zeichnen Sie";"Grafik";"keins";"der Prüfling legt ein kartesisches Koordinatensystem selbst an: x von −2 bis 3 mit Einheit 1, y von 0 bis 40 in Schritten von 5; darin Gf von (−2; 40) steil fallend zum Tiefpunkt (−0,54; 9,61), über (0; 12) steigend zum Hochpunkt (1,65; 25,34) und fallend zur Nullstelle (3; 0)";"ohne";"kurz";"f(x) = −3x^3 + 5x^2 + 8x + 12; x aus IR; Intervall −2 <= x <= 3";"Graph von Gf im Intervall −2 <= x <= 3 mit geeigneter Achseneinteilung";"eine Wertetabelle anlegen oder die bekannten Extrempunkte und die Nullstelle nutzen und den Graphen mit gestauchter y-Achse zeichnen";"2";"ganz|dezimal|negativ";"";"2025-A-1e";"Graph durch (−2; 40), T(−0,54; 9,61), (0; 12), H(1,65; 25,34) und (3; 0) (amtlich)";"f(−2) = 40, f(−1) = 12, f(0) = 12, f(1) = 22, f(2) = 24, f(3) = 0";"II";"beide Achsen gleich einteilen und den Graphen dadurch nicht mehr auf das Blatt bringen";"Gutachten: Zeichnen des Graphen von f 3 BE; der Erwartungshorizont teilt die y-Achse in Schritten von 5 bis 40 ein"
"2025-A-1h";"2025";"A";"";"1";"Differential- und Integralrechnung";"h";"2";"5";"";"ja";"";"Differentialrechnung";"Normale";"Normalengleichung im Punkt";"Normale in das Koordinatensystem einzeichnen";"Normale|negativer Kehrwert|Anstieg|absolutes Glied";"Ableitung an einer Stelle berechnen|Geradengleichung aus Anstieg und Punkt bestimmen";"Rechnung|Zeichnen";"Ermitteln Sie|Zeichnen Sie";"Term|Grafik";"keins";"die Normale n wird in das selbst angelegte Koordinatensystem aus Teilaufgabe g eingetragen; bei der dortigen Achseneinteilung verläuft sie fast waagerecht knapp unter y = 24";"ohne";"mittel";"f(x) = −3x^3 + 5x^2 + 8x + 12; x aus IR";"Gleichung der Normale n an Gf an der Stelle x = 2|Normale n im Koordinatensystem aus Teilaufgabe g";"f(2) und f'(2) berechnen, den Anstieg der Normale als negativen Kehrwert von f'(2) bilden und das absolute Glied über den Punkt bestimmen";"4";"Bruch|dezimal|negativ";"";"2025-A-1g";"n(x) = (1/8)x + 23,75 (amtlich)";"f(2) = 24|f'(2) = −8|Anstieg der Normale 1/8";"II";"den Anstieg der Tangente übernehmen oder nur das Vorzeichen umdrehen, ohne den Kehrwert zu bilden";"Gutachten: Bestimmen der Normalengleichung bei x = 2 4 BE, Einzeichnen der Normale in das Koordinatensystem 1 BE; erste Fundstelle des Themas Normale, das erst im Schwerpunktstand 2028 geführt wird"
"2025-A-2a";"2025";"A";"";"2";"Differentialrechnung";"a";"5";"6";"";"ja";"";"Differentialrechnung";"Funktionsgleichung bestimmen";"Funktionsgleichung mit Extremalbedingung über LGS";"";"Korbwurf|Flugbahn|Hochpunkt|LGS|quadratische Funktion";"allgemeine Form einer quadratischen Funktion notieren|LGS mit drei Gleichungen lösen";"Rechnung";"Bestimmen Sie";"Term";"Skizze";"Abbildung 1: Skizze eines Korbwurfs in einem Koordinatensystem; links der Werfer als kleine Figur an der y-Achse, von dort ein Parabelbogen nach rechts oben über den Hochpunkt und abwärts in den Korb, der rechts an einem Brett mit Netz auf einer senkrechten Stange hängt; unter dem Bogen eine waagerechte Maßstrecke d vom Werfer zur Korbstange, die x-Achse ist der Hallenboden";"Sport/Basketball";"lang";"die Flugbahn des Balls wird durch eine quadratische Funktion f beschrieben; Abwurf im Punkt A(0; 2), Hochpunkt der Flugbahn in B(3; 3,8); eine Einheit im Koordinatensystem entspricht einem Meter, der Hallenboden liegt auf der x-Achse";"Funktionsgleichung von f";"f(x) = ax^2 + bx + c ansetzen, A und B einsetzen, die Bedingung f'(3) = 0 ergänzen und das LGS lösen";"4";"dezimal|Bruch|negativ";"m";"";"f(x) = −(1/5)x^2 + (6/5)x + 2 (amtlich)";"c = 2|9a + 3b + c = 3,8|6a + b = 0|a = −1/5 und b = 6/5";"II";"den Hochpunkt nur als Punkt einsetzen und die Bedingung f'(3) = 0 vergessen";"Gutachten: Angeben der allgemeinen Form einer quadratischen Funktion 1 BE, Aufstellen eines LGS 3 BE, Lösen des LGS und Angeben der Funktionsgleichung 2 BE; das Heft nennt das Ergebnis zur Kontrolle, der Erwartungshorizont lässt den Weg über die Scheitelpunktform zu"
"2025-A-2b";"2025";"A";"";"2";"Differentialrechnung";"b";"5";"1";"";"ja";"";"Grundlagen";"Größen und Einheiten";"Funktionswert im Sachzusammenhang deuten";"";"Gegenspieler|Abfangen|Hoehenangabe|Meter";"Stelle aus dem Sachzusammenhang bestimmen";"Rechnung";"Ermitteln Sie";"Zahl";"Skizze";"wie 2025-A-2a";"Sport/Basketball";"mittel";"f(x) = −(1/5)x^2 + (6/5)x + 2 als Flugbahn des Balls; ein Gegenspieler steht zwei Meter vom Werfer entfernt in Richtung Korb und springt senkrecht nach oben";"Höhe, auf der der Gegenspieler den Ball abfangen kann";"x = 2 in f einsetzen und den Funktionswert als Höhe in Meter deuten";"1";"dezimal";"m";"2025-A-2a";"der Ball kann auf einer Höhe von 3,60 m abgefangen werden (amtlich)";"";"I";"die Entfernung zum Korb statt die Entfernung vom Werfer einsetzen";"Gutachten: Ermitteln der Höhe 1 BE"
"2025-A-2c";"2025";"A";"";"2";"Differentialrechnung";"c";"5";"3";"";"ja";"";"Differentialrechnung";"Schnittpunkte von Funktionsgraphen";"Stelle zu gegebenem Funktionswert berechnen";"";"Korbhoehe drei Meter|Sinkflug|quadratische Gleichung|Scheinloesung";"Gleichung auf Normalform bringen|Lösung im Sachzusammenhang auswählen";"Rechnung";"Berechnen Sie";"Zahl";"Skizze";"wie 2025-A-2a";"Sport/Basketball";"mittel";"f(x) = −(1/5)x^2 + (6/5)x + 2 als Flugbahn des Balls; der Ball landet im Korb, wenn er im Sinkflug eine Höhe von drei Metern erreicht; d ist die waagerechte Entfernung des Werfers vom Korb";"horizontale Entfernung d des Werfers vom Korb";"f(x) = 3 setzen, die quadratische Gleichung lösen und von den beiden Lösungen die im Sinkflug liegende auswählen";"3";"ganz|dezimal|Bruch";"m";"2025-A-2a";"d = 5 m; die Lösung x = 1 entfällt, weil der Ball dort noch steigt (amtlich)";"x^2 − 6x + 5 = 0 mit x1 = 5 und x2 = 1";"II";"beide Lösungen als Entfernung angeben oder die kleinere Lösung nehmen";"Gutachten: Berechnen der horizontalen Entfernung vom Korb 3 BE"
"2025-A-2d";"2025";"A";"";"2";"Differentialrechnung";"d";"5";"3";"";"ja";"";"Differentialrechnung";"Extremwertaufgaben";"Flächeninhalt bei gegebener Nebenbedingung berechnen";"";"Trainingsflaeche|46 m Material|Nebenbedingung|Rechteck";"Nebenbedingung aus der Skizze ablesen|Rechteckfläche berechnen";"Rechnung";"Berechnen Sie";"Zahl";"Skizze";"Abbildung 2: Draufsicht; oben ein gepunktetes Rechteck mit der Aufschrift Sporthalle, darunter ein Rechteck mit der Aufschrift Trainingsfläche, dessen drei freie Seiten dick gezeichnet sind; die rechte Seite ist mit a, die untere mit b bezeichnet";"Sport/Bauplanung";"lang";"rechteckige Trainingsfläche, eine Seite liegt an der Außenwand der Sporthalle; für die übrigen drei Seiten stehen insgesamt 46 m Baumaterial zur Verfügung, das vollständig verwendet wird; a ist die zur Wand senkrechte Seite, b die zur Wand parallele; die Dicke des Materials wird vernachlässigt";"Flächeninhalt der Trainingsfläche für a = 8 m|Flächeninhalt für a = 14 m";"aus b = 46 − 2a die zweite Seite bestimmen und den Flächeninhalt als Produkt der beiden Seiten berechnen";"4";"ganz";"m|m^2";"";"für a = 8 m ist b = 30 m und A = 240 m^2|für a = 14 m ist b = 18 m und A = 252 m^2 (amtlich)";"";"II";"das Material auf alle vier Seiten verteilen und b halbieren";"Gutachten: Berechnen von zwei Flächeninhalten 3 BE; die Rechteckfläche hat nach fhr.md Abschnitt 7 kein eigenes Thema und wird hier bei Extremwertaufgaben geführt, weil die Teilaufgaben d bis f zusammen eine Extremwertaufgabe bilden"
"2025-A-2e";"2025";"A";"";"2";"Differentialrechnung";"e";"5";"3";"";"ja";"";"Differentialrechnung";"Extremwertaufgaben";"Zielfunktion aus Haupt- und Nebenbedingung aufstellen";"";"Hauptbedingung|Nebenbedingung|Zielfunktion|Abhaengigkeit von a";"Nebenbedingung nach einer Variablen umstellen|Term ausmultiplizieren";"Rechnung";"Ermitteln Sie";"Term";"Skizze";"wie 2025-A-2d";"Sport/Bauplanung";"mittel";"rechteckige Trainingsfläche, eine Seite liegt an der Außenwand der Sporthalle; für die übrigen drei Seiten stehen insgesamt 46 m Baumaterial zur Verfügung, das vollständig verwendet wird; a ist die zur Wand senkrechte Seite, b die zur Wand parallele; die Dicke des Materials wird vernachlässigt";"Gleichung einer Funktion, die den Flächeninhalt in Abhängigkeit von der Seitenlänge a beschreibt";"Hauptbedingung A = a · b und Nebenbedingung b + 2a = 46 notieren, die Nebenbedingung nach b umstellen und in die Hauptbedingung einsetzen";"3";"ganz|negativ|Potenz";"m|m^2";"2025-A-2d";"A(a) = −2a^2 + 46a (amtlich)";"b = 46 − 2a";"II";"die Nebenbedingung nach a umstellen und eine Funktion von b erhalten";"Gutachten: Ermitteln der Zielfunktion aus Hauptbedingung und Nebenbedingung 3 BE; das Heft nennt das Ergebnis zur Kontrolle"
"2025-A-2f";"2025";"A";"";"2";"Differentialrechnung";"f";"5";"4";"";"ja";"";"Differentialrechnung";"Extremwertaufgaben";"Maximum der Zielfunktion bestimmen";"";"maximaler Flaecheninhalt|Ableitung der Zielfunktion|Seitenlaengen|Optimum";"lineare Gleichung lösen|Nebenbedingung erneut nutzen";"Rechnung";"Bestimmen Sie";"Zahl";"Skizze";"wie 2025-A-2d";"Sport/Bauplanung";"mittel";"rechteckige Trainingsfläche, eine Seite liegt an der Außenwand der Sporthalle; für die übrigen drei Seiten stehen insgesamt 46 m Baumaterial zur Verfügung, das vollständig verwendet wird; a ist die zur Wand senkrechte Seite, b die zur Wand parallele; die Dicke des Materials wird vernachlässigt; die Zielfunktion A(a) = −2a^2 + 46a ist aus Teilaufgabe e bekannt";"größter möglicher Flächeninhalt A|zugehörige Seitenlängen a und b";"A'(a) = 0 setzen, a berechnen, b aus der Nebenbedingung bestimmen und beide Werte in die Hauptbedingung einsetzen";"4";"dezimal|ganz|negativ";"m|m^2";"2025-A-2e";"a = 11,5 m, b = 23 m und größter Flächeninhalt 264,5 m^2 (amtlich)";"A'(a) = −4a + 46";"II";"nur a angeben und b oder den Flächeninhalt vergessen";"Gutachten: Bestimmen des größten Flächeninhalts und der zugehörigen a und b 4 BE; der Erwartungshorizont verlangt keinen Nachweis über die zweite Ableitung"
"2025-A-3a";"2025";"A";"";"3";"Stochastik";"a";"7";"2";"";"ja";"";"Stochastik";"Kombinatorische Abzählverfahren";"Kombination ohne Wiederholung berechnen";"";"Auswahl von acht aus 50|Binomialkoeffizient|ohne Reihenfolge|Befragung";"Binomialkoeffizient mit dem Taschenrechner berechnen";"Rechnung";"Ermitteln Sie";"Zahl";"keins";"keine";"Umfrage/Befragung";"mittel";"eine Lokalredaktion befragt in einer Fußgängerzone insgesamt 50 Personen; von diesen 50 werden acht zufällig ausgewählt und nach der Konsumhäufigkeit im letzten Jahr befragt";"Anzahl der Auswahlmöglichkeiten für acht Personen aus 50";"den Binomialkoeffizienten 50 über 8 berechnen, weil die Reihenfolge der Auswahl keine Rolle spielt";"1";"ganz";"";"";"536 878 650 Auswahlmöglichkeiten (amtlich)";"";"I";"die Reihenfolge mitzählen und mit dem Produkt 50 · 49 · … · 43 rechnen";"Gutachten: Ermitteln der Anzahl an Auswahlmöglichkeiten 2 BE"
"2025-A-3b";"2025";"A";"";"3";"Stochastik";"b";"7";"3";"";"ja";"";"Stochastik";"Statistische Kenngrößen";"Mittelwert aus Werteliste";"Standardabweichung aus Werteliste";"arithmetisches Mittel|Standardabweichung|Werteliste|Ausreisser 40";"quadratische Abweichungen bilden|Wurzel ziehen";"Rechnung";"Berechnen Sie";"Zahl";"keins";"keine";"Umfrage/Befragung";"mittel";"die acht ausgewählten Befragten nannten die Konsumhäufigkeiten 2, 0, 10, 1, 0, 40, 0, 9";"arithmetisches Mittel|Standardabweichung der acht Werte";"die Summe der acht Werte durch acht teilen; die quadratischen Abweichungen vom Mittelwert bilden, ihren Mittelwert berechnen und die Wurzel ziehen";"4";"ganz|dezimal|Wurzel";"";"2025-A-3a";"arithmetisches Mittel 7,75|Standardabweichung etwa 12,77 (amtlich)";"Summe der Werte 62|mittlere quadratische Abweichung 2611/16";"II";"durch sieben statt durch acht teilen und die Standardabweichung der Stichprobe angeben";"Gutachten: Berechnen von arithmetischem Mittel und Standardabweichung 3 BE; der Erwartungshorizont nennt zusätzlich den Wert 13,66 für die Formel mit n − 1; eigene Rechnung bestätigt 12,7745"
"2025-A-3c";"2025";"A";"";"3";"Stochastik";"c";"7";"8";"";"ja";"";"Stochastik";"Mehrstufige Zufallsexperimente";"Baumdiagramm dreistufig ohne Zurücklegen darstellen";"Pfadregel dreistufig ohne Zurücklegen anwenden|Gegenereignis nutzen|Gegenereignis in Worten formulieren";"dreistufiges Ziehen|ohne Zuruecklegen|mindestens eine|Gegenereignis";"Baumdiagramm selbst anlegen|Brüche multiplizieren|in Prozent umrechnen";"Zeichnen|Rechnung|Kurzantwort";"Erstellen Sie|Berechnen Sie|Formulieren Sie";"Grafik|Zahl|Text";"keins";"der Prüfling zeichnet selbst ein vollständiges dreistufiges Baumdiagramm: Wurzel mit den Ästen C (20/50) und nicht C (30/50), in der zweiten Stufe Nenner 49, in der dritten Nenner 48, insgesamt acht Pfade; C steht für eine Cannabis konsumierende Person";"Umfrage/Befragung";"lang";"von den 50 befragten volljährigen Personen gaben 30 an, noch nie Cannabis konsumiert zu haben; betrachtet werden die ersten drei der 50 Befragten; Ereignis A alle drei Personen haben Cannabis konsumiert, Ereignis B mindestens eine der drei Personen hat Cannabis konsumiert";"vollständiges Baumdiagramm|Wahrscheinlichkeit von A in Prozent|Wahrscheinlichkeit von B in Prozent|Gegenereignis zu B in Worten";"das dreistufige Ziehen ohne Zurücklegen als Baum zeichnen; P(A) als Produkt der drei Pfadwahrscheinlichkeiten berechnen; P(B) über 1 minus der Wahrscheinlichkeit bestimmen, dass keine der drei Personen konsumiert hat";"5";"Bruch|dezimal|Prozent";"";"";"P(A) = 57/980 ≈ 5,82 %|P(B) = 111/140 ≈ 79,29 %|Gegenereignis zu B: keine ausgewählte Person hat Cannabis konsumiert (amtlich)";"P(A) = 20/50 · 19/49 · 18/48|P(nicht B) = 30/50 · 29/49 · 28/48";"II";"in jeder Stufe mit 20/50 und 30/50 rechnen und damit das Zurücklegen unterstellen";"Gutachten: Erstellen eines vollständigen Baumdiagramms und Angeben der Wahrscheinlichkeiten 4 BE, Berechnen der Wahrscheinlichkeit von A 1 BE, Berechnen der Wahrscheinlichkeit von B 2 BE, Formulieren des Gegenereignisses von B 1 BE"
"2025-A-3d";"2025";"A";"";"3";"Stochastik";"d";"7";"5";"";"ja";"";"Stochastik";"Unabhängigkeit von Ereignissen";"Stochastische Unabhängigkeit prüfen";"Relative Häufigkeit berechnen";"Altersgruppen Jung und Alt|38 Personen|16 Konsumenten|Produktregel";"Anteile an 50 bilden|Schnittereignis erkennen";"Rechnung|Begründung";"Zeigen Sie";"Zahl|Text";"keins";"keine";"Umfrage/Befragung";"lang";"von den 50 Befragten haben 20 Cannabis konsumiert; die 50 werden nach der Altersstruktur in die Gruppen Jung (unter 28 Jahre) und Alt (ab 28 Jahre) unterteilt; die Gruppe Jung hat 38 Personen, darunter 16 Cannabiskonsumenten";"Nachweis, dass die Ereignisse Alter und Cannabiskonsum stochastisch abhängig sind";"P(C), P(Jung) und P(C und Jung) als Anteile an 50 bestimmen und das Produkt der Einzelwahrscheinlichkeiten mit der Wahrscheinlichkeit des Schnittereignisses vergleichen";"4";"Bruch|dezimal";"";"";"P(C) · P(Jung) = 0,304 ist ungleich P(C und Jung) = 0,32, also sind Alter und Cannabiskonsum stochastisch abhängig (amtlich)";"P(C) = 20/50|P(Jung) = 38/50|P(C und Jung) = 16/50 = 0,32";"III";"die 16 Konsumenten auf die 38 Personen der Gruppe Jung beziehen und P(C und Jung) = 16/38 setzen";"Gutachten: Ermitteln der drei relevanten Wahrscheinlichkeiten 3 BE, Nachweisen der stochastischen Abhängigkeit zweier Ereignisse 2 BE; der Aufgabentext verlangt nur eine Leistung, die zweite Teilleistung des Gutachtens steht in typ_neben"
"2025-A-3e";"2025";"A";"";"3";"Stochastik";"e";"7";"2";"";"ja";"";"Stochastik";"Mehrstufige Zufallsexperimente";"Pfadregel dreistufig mit Zurücklegen anwenden";"";"34,7 Prozent|drei Begegnungen|Unabhaengigkeit|dritte Potenz";"Prozentwert als Wahrscheinlichkeit deuten|Potenz berechnen";"Rechnung";"Ermitteln Sie";"Zahl";"keins";"keine";"Umfrage/Befragung";"lang";"nach einer Untersuchung der Deutschen Beobachtungsstelle für Drogen und Drogensucht aus dem Jahr 2021 haben 34,7 % der 18- bis 64-jährigen Erwachsenen in Deutschland schon einmal Cannabis probiert; betrachtet werden die ersten drei fremden Personen dieser Altersgruppe, die einem auf dem Schulweg begegnen";"prozentuale Wahrscheinlichkeit, dass alle drei schon einmal Cannabis probiert haben";"die drei Begegnungen als unabhängig ansehen und 0,347 dreimal miteinander multiplizieren";"1";"dezimal|Prozent|Potenz";"";"";"etwa 4,18 % (amtlich)";"P = 0,347^3";"II";"die Prozentwerte addieren oder mit sinkenden Nennern wie beim Ziehen ohne Zurücklegen rechnen";"Gutachten: Berechnen der prozentualen Wahrscheinlichkeit 2 BE; nach der Arbeitsregel in fhr.md Abschnitt 6 geht ein dreistufiger Versuch nach Mehrstufige Zufallsexperimente, hier trotz Zurücklegen"
"2024-C-1a";"2024";"C";"";"1";"Differentialrechnung";"a";"2";"2";"";"ja";"";"Differentialrechnung";"Verhalten im Unendlichen";"Verhalten im Unendlichen bestimmen";"";"Grenzwert|ungerader Grad|positiver Leitkoeffizient|beide Richtungen";"Grenzwertschreibweise verwenden";"Kurzantwort";"Geben Sie an";"Text";"keins";"keine";"ohne";"kurz";"f(x) = (1/4)x^3 − (23/4)x + 7; x aus IR";"Verhalten der Funktion f im Unendlichen";"am ungeraden Grad und am positiven Koeffizienten der höchsten Potenz die beiden Grenzwerte ablesen";"1";"ganz|negativ";"";"";"für x gegen −∞ geht f(x) gegen −∞, für x gegen ∞ geht f(x) gegen ∞ (amtlich)";"";"I";"das Verhalten einer Funktion geraden Grades unterstellen und beide Grenzwerte gleich angeben";"Gutachten: Angeben des Verhaltens im Unendlichen 2 BE"
"2024-C-1b";"2024";"C";"";"1";"Differentialrechnung";"b";"2";"4";"";"ja";"";"Differentialrechnung";"Nullstellen ganzrationaler Funktionen";"Nullstelle durch Einsetzen nachweisen";"Nullstellen mit Polynomdivision";"gegebene Nullstelle|Polynomdivision|Lösungsformel|drei Nullstellen";"Bruchkoeffizienten in der Division mitführen|quadratische Gleichung lösen";"Rechnung|Begründung";"Zeigen Sie|Bestimmen Sie";"Zahl|Text";"keins";"keine";"ohne";"kurz";"f(x) = (1/4)x^3 − (23/4)x + 7; x aus IR; behauptete Nullstelle x1 = 4";"Nachweis, dass x1 = 4 eine Nullstelle von f ist|alle weiteren Nullstellen";"f(4) berechnen, den Linearfaktor (x − 4) abspalten und die restliche quadratische Gleichung lösen";"4";"ganz|Bruch|dezimal|negativ|Potenz";"";"";"f(4) = 0, also ist x1 = 4 eine Nullstelle|x2 ≈ 1,32 und x3 ≈ −5,32 (amtlich)";"((1/4)x^3 − (23/4)x + 7) : (x − 4) = (1/4)x^2 + x − 7/4|(1/4)(x^2 + 4x − 7) = 0";"II";"bei der Polynomdivision den Bruch 1/4 verlieren oder die fehlende quadratische Potenz im Ausgangsterm nicht berücksichtigen";"Gutachten: Nachweis der gegebenen Nullstelle von f 1 BE, Berechnen der weiteren Nullstellen von f 3 BE"
"2024-C-1c";"2024";"C";"";"1";"Differentialrechnung";"c";"2";"4";"";"ja";"";"Differentialrechnung";"Ableitungen bilden";"Ableitung ganzrationale Funktion";"Anstieg des Graphen an einer Stelle berechnen";"erste bis dritte Ableitung|Potenzregel|Anstieg|y-Achsenschnittpunkt";"den Schnittpunkt mit der y-Achse als Stelle x = 0 erkennen";"Rechnung";"Notieren Sie|Berechnen Sie";"Term|Zahl";"keins";"keine";"ohne";"kurz";"f(x) = (1/4)x^3 − (23/4)x + 7; x aus IR";"Gleichungen der ersten drei Ableitungsfunktionen|Anstieg des Graphen im Schnittpunkt mit der y-Achse";"dreimal hintereinander die Potenz-, Faktor- und Summenregel anwenden und dann x = 0 in die erste Ableitung einsetzen";"4";"Bruch|dezimal|negativ|Potenz";"";"";"f'(x) = (3/4)x^2 − 23/4|f''(x) = (3/2)x|f'''(x) = 3/2|f'(0) = −5,75 (amtlich)";"";"I";"den Anstieg über den Funktionswert f(0) statt über f'(0) angeben";"Gutachten: Notieren der ersten bis dritten Ableitung 3 BE, Berechnen des Anstiegs im y-Achsen-Schnittpunkt 1 BE"
"2024-C-1d";"2024";"C";"";"1";"Differentialrechnung";"d";"2";"7";"";"ja";"";"Differentialrechnung";"Extrem- und Sattelpunkte";"Extrem- und Sattelpunkte über zweite Ableitung";"Monotonieverhalten angeben";"Extremstellen|Hochpunkt|Tiefpunkt|Monotonieintervalle";"reinquadratische Gleichung durch Wurzelziehen lösen|Intervalle notieren";"Rechnung|Kurzantwort";"Ermitteln Sie|Geben Sie an";"Zahl|Text";"keins";"keine";"ohne";"kurz";"f(x) = (1/4)x^3 − (23/4)x + 7; x aus IR";"Koordinaten und Art aller Extrempunkte von Gf|Monotonieverhalten";"f'(x) = 0 setzen und die Stellen durch Wurzelziehen bestimmen, das Vorzeichen von f'' an diesen Stellen prüfen, die Funktionswerte berechnen und daraus die Monotonieintervalle ableiten";"5";"Bruch|dezimal|negativ|Potenz";"";"2024-C-1c";"T(2,77; −3,61)|H(−2,77; 17,61)|streng monoton steigend für x < −2,77, streng monoton fallend für −2,77 < x < 2,77, streng monoton steigend für x > 2,77 (amtlich)";"x^2 = 23/3 mit x1,2 ≈ ±2,77|f''(2,77) ≈ 4,16 > 0 und f''(−2,77) ≈ −4,16 < 0";"II";"beim Wurzelziehen nur die positive Lösung angeben und den Hochpunkt verlieren";"Gutachten: Berechnen der Extremstellen 2 BE, Ermitteln der Art und der Koordinaten der Extrempunkte 3 BE, Angeben des Monotonieverhaltens 2 BE; der Erwartungshorizont lässt bei Verwendung von <= den Zusatz streng entfallen; der Wert f''(2,77) ≈ 4,16 beruht auf der gerundeten Stelle, mit 2,76887 ergibt sich 4,15 – das Vorzeichen und damit die Art des Punktes bleiben gleich"
"2024-C-1e";"2024";"C";"";"1";"Differentialrechnung";"e";"2";"3";"";"ja";"";"Differentialrechnung";"Wendepunkte";"Wendepunkte über zweite Ableitung";"";"Wendestelle|zweite Ableitung Null|dritte Ableitung|Wendepunkt";"lineare Gleichung lösen";"Rechnung|Begründung";"Weisen Sie nach|Bestimmen Sie";"Zahl|Text";"keins";"keine";"ohne";"kurz";"f(x) = (1/4)x^3 − (23/4)x + 7; x aus IR";"Nachweis, dass Gf einen Wendepunkt besitzt|Koordinaten des Wendepunkts";"f''(x) = 0 setzen, die Stelle in f''' einsetzen und den Funktionswert berechnen";"3";"Bruch|ganz";"";"2024-C-1c";"W(0; 7) (amtlich)";"f''(x) = (3/2)x = 0 mit x = 0|f'''(0) = 3/2 ist ungleich Null|f(0) = 7";"II";"den Nachweis über f''' vergessen oder die Wendestelle ohne Funktionswert angeben";"Gutachten: Bestimmen der Wendepunktkoordinaten 3 BE"
"2024-C-1f";"2024";"C";"";"1";"Differentialrechnung";"f";"2";"3";"";"ja";"";"Differentialrechnung";"Graph zeichnen und zuordnen";"Graph ganzrationaler Funktion im Intervall zeichnen";"";"Graph zeichnen|Achseneinteilung|Intervall|markante Punkte";"Funktionswerte berechnen|y-Achse gestaucht einteilen";"Zeichnen";"Zeichnen Sie";"Grafik";"keins";"der Prüfling legt ein kartesisches Koordinatensystem selbst an: x von −6 bis 6 mit Einheit 1, y von −14 bis 26 in Schritten von 2; darin Gf von (−6; −12,5) steigend über die Nullstelle bei x ≈ −5,32 zum Hochpunkt (−2,77; 17,61), durch den Wendepunkt (0; 7) fallend über die Nullstelle bei x ≈ 1,32 zum Tiefpunkt (2,77; −3,61) und steigend über die Nullstelle (4; 0) bis (6; 26,5)";"ohne";"kurz";"f(x) = (1/4)x^3 − (23/4)x + 7; x aus IR; Intervall −6 <= x <= 6";"Graph von Gf im Intervall −6 <= x <= 6 mit geeigneter Achseneinteilung";"die bekannten Nullstellen, Extrem- und Wendepunkte eintragen, bei Bedarf eine Wertetabelle ergänzen und den Graphen mit gestauchter y-Achse zeichnen";"2";"ganz|dezimal|negativ";"";"2024-C-1b|2024-C-1d|2024-C-1e";"Graph durch (−6; −12,5), H(−2,77; 17,61), W(0; 7), T(2,77; −3,61) und (4; 0) bis (6; 26,5) (amtlich)";"f(−6) = −12,5, f(−5) = 4,5, f(0) = 7, f(3) = −3,5, f(5) = 9,5, f(6) = 26,5";"II";"beide Achsen gleich einteilen und den Graphen dadurch nicht mehr auf das Blatt bringen";"Gutachten: Zeichnen des Graphen im Intervall 3 BE; der Erwartungshorizont teilt die y-Achse in Schritten von 2 von −14 bis 26 ein"
"2024-C-1g";"2024";"C";"";"1";"Differentialrechnung";"g";"2";"7";"";"ja";"";"Differentialrechnung";"Anstieg und Tangente";"Tangentengleichung im Punkt";"Tangente in das Koordinatensystem einzeichnen|Dreiecksfläche aus Achsenabschnitten einer Geraden";"Tangente an der Stelle 2|Dreieck mit den Achsen|Achsenabschnitte|Maßzahl";"Nullstelle einer Geraden berechnen|Dreiecksfläche als halbes Produkt der Katheten bilden";"Rechnung|Zeichnen";"Ermitteln Sie|Skizzieren Sie|Berechnen Sie";"Term|Grafik|Zahl";"keins";"in die Zeichnung aus Teilaufgabe f wird die Gerade t eingetragen: sie berührt Gf bei (2; −2,5), schneidet die y-Achse bei 3 und die x-Achse bei x ≈ 1,09 und fällt nach rechts; das Dreieck zwischen y-Achse, x-Achse und t liegt im I. Quadranten und wird ausgefüllt";"ohne";"lang";"f(x) = (1/4)x^3 − (23/4)x + 7; x aus IR; die Tangente t berührt Gf an der Stelle xt = 2; t bildet mit den Koordinatenachsen ein Dreieck";"Funktionsgleichung von t|Skizze von t und des Dreiecks in der Zeichnung aus Teilaufgabe f|Maßzahl des Flächeninhalts dieses Dreiecks";"f(2) und f'(2) berechnen, daraus die Geradengleichung bestimmen; die Nullstelle von t als eine Kathete und das absolute Glied als andere Kathete nehmen und die Dreiecksfläche als halbes Produkt berechnen";"6";"Bruch|dezimal|negativ";"FE";"2024-C-1c|2024-C-1f";"t(x) = −2,75x + 3|Dreieck zwischen y-Achse, x-Achse und t|A = 18/11 ≈ 1,64 FE (amtlich)";"f(2) = −2,5|f'(2) = −2,75|Nullstelle von t bei x = 12/11 ≈ 1,09";"III";"den Berührpunkt nicht in die Geradengleichung einsetzen oder beim Dreieck die Nullstelle von Gf statt die von t als Kathete nehmen";"Gutachten: Ermitteln der Tangentengleichung 3 BE, Skizzieren von Tangente und Dreieck 2 BE, Berechnen des Flächeninhaltes des Dreiecks 2 BE; das Skizzieren des Dreiecks ist im Typ Tangente in das Koordinatensystem einzeichnen mit erfasst"
"2024-C-2a";"2024";"C";"";"2";"Differential- und Integralrechnung";"a";"5";"3";"";"ja";"";"Differentialrechnung";"Nullstellen ganzrationaler Funktionen";"Nullstellen einer quadratischen Funktion über Wurzelziehen";"";"Balllaenge|reinquadratische Gleichung|zwei Nullstellen|Zentimeter";"Abstand zweier Nullstellen bilden|eine Einheit als Zentimeter deuten";"Rechnung|Begründung";"Zeigen Sie";"Zahl|Text";"Skizze";"Abbildung 1: kleines Koordinatensystem ohne Skalenwerte; darin die nach unten geöffnete Parabel Gf und ihr Spiegelbild unterhalb der x-Achse, die zusammen eine linsenförmige, an beiden Enden spitze Figur bilden; der obere Bogen ist mit Gf beschriftet";"Sport/Spielball";"lang";"ein dem Football nachempfundener Spielball für Kinder ist rotationssymmetrisch mit spitzen Enden; die Mantelfläche wird durch den Graphen Gf von f(x) = −(1/20)x^2 + 5; x aus IR beschrieben, wobei Gf zwischen den Nullstellen um die x-Achse rotiert; eine Einheit im Koordinatensystem entspricht einem Zentimeter, die Wanddicke wird vernachlässigt";"Nachweis, dass der Ball eine Länge von 20 cm hat";"f(x) = 0 setzen, x^2 isolieren, die Wurzel ziehen und den Abstand der beiden Nullstellen als Länge in Zentimeter deuten";"3";"ganz|Bruch|negativ|Potenz|Wurzel";"cm";"";"x1/2 = ±10, der Abstand der Nullstellen beträgt 20 Einheiten, die Länge des Balls also 20 cm (amtlich)";"(1/20)x^2 = 5";"II";"nur die positive Nullstelle angeben und 10 cm als Länge nennen";"Gutachten: Nachweis der Balllänge 3 BE"
"2024-C-2b";"2024";"C";"";"2";"Differential- und Integralrechnung";"b";"5";"3";"";"ja";"";"Integralrechnung";"Fläche zwischen Graph und x-Achse";"Fläche zwischen Graph und x-Achse berechnen";"";"Querschnitt|bestimmtes Integral|Spiegelbild|Verdoppeln";"Stammfunktion bilden|Symmetrie der Figur erkennen|eine Flächeneinheit als Quadratzentimeter deuten";"Rechnung";"Bestimmen Sie";"Zahl";"Skizze";"Abbildung 1: kleines Koordinatensystem ohne Skalenwerte; darin die nach unten geöffnete Parabel Gf und ihr Spiegelbild unterhalb der x-Achse, die zusammen eine linsenförmige, an beiden Enden spitze Figur bilden; der obere Bogen ist mit Gf beschriftet";"Sport/Spielball";"lang";"ein dem Football nachempfundener Spielball für Kinder ist rotationssymmetrisch mit spitzen Enden; die Mantelfläche wird durch den Graphen Gf von f(x) = −(1/20)x^2 + 5; x aus IR beschrieben, wobei Gf zwischen den Nullstellen um die x-Achse rotiert; eine Einheit im Koordinatensystem entspricht einem Zentimeter, die Wanddicke wird vernachlässigt; der Querschnitt ist die in Abbildung 1 dargestellte linsenförmige Figur";"Flächeninhalt des Querschnitts des Balls in cm^2";"das bestimmte Integral von −10 bis 10 bilden und das Ergebnis wegen der Spiegelung an der x-Achse verdoppeln";"4";"Bruch|dezimal|negativ|Potenz";"cm^2";"2024-C-2a";"A = 400/3 FE, der Querschnitt beträgt rund 133,33 cm^2 (amtlich)";"F(x) = −x^3/60 + 5x|das Integral von −10 bis 10 ergibt 200/3";"II";"nur die Fläche oberhalb der x-Achse berechnen und die Verdoppelung vergessen";"Gutachten: Ermitteln des Flächeninhalts (Querschnitt) vom Ball 3 BE; die Verdoppelung steht nur im Lösungsweg des Erwartungshorizonts, der Aufgabentext verweist dafür auf Abbildung 1"
"2024-C-2c";"2024";"C";"";"2";"Differential- und Integralrechnung";"c";"5";"4";"";"ja";"";"Integralrechnung";"Rotationsvolumen um die x-Achse";"Rotationsvolumen um die x-Achse berechnen";"";"Rotationskoerper|Quadrat des Funktionsterms|Kreiszahl|Kubikzentimeter";"Binom quadrieren|Stammfunktion einer Funktion vierten Grades bilden";"Rechnung";"Berechnen Sie";"Zahl";"Skizze";"Abbildung 1: kleines Koordinatensystem ohne Skalenwerte; darin die nach unten geöffnete Parabel Gf und ihr Spiegelbild unterhalb der x-Achse, die zusammen eine linsenförmige, an beiden Enden spitze Figur bilden; der obere Bogen ist mit Gf beschriftet";"Sport/Spielball";"lang";"ein dem Football nachempfundener Spielball für Kinder ist rotationssymmetrisch mit spitzen Enden; die Mantelfläche wird durch den Graphen Gf von f(x) = −(1/20)x^2 + 5; x aus IR beschrieben, wobei Gf zwischen den Nullstellen um die x-Achse rotiert; eine Einheit im Koordinatensystem entspricht einem Zentimeter, die Wanddicke wird vernachlässigt";"Volumen des Balls in cm^3";"den Funktionsterm quadrieren, von −10 bis 10 integrieren und das Ergebnis mit der Kreiszahl multiplizieren";"4";"Bruch|dezimal|negativ|Potenz";"cm^3";"2024-C-2a";"V = (800/3)π ≈ 837,76 cm^3 (amtlich)";"(f(x))^2 = x^4/400 − x^2/2 + 25|Stammfunktion x^5/2000 − x^3/6 + 25x";"III";"den Funktionsterm gliedweise quadrieren oder die Kreiszahl vergessen";"Gutachten: Berechnen des Volumens des Balls 4 BE; erste Fundstelle des Themas Rotationsvolumen um die x-Achse, das im Schwerpunktstand 2027 geführt wird"
"2024-C-2d";"2024";"C";"";"2";"Differential- und Integralrechnung";"d";"5";"4";"";"ja";"";"Differentialrechnung";"Extrem- und Sattelpunkte";"Funktionswert im Sachzusammenhang deuten";"Maximale Höhe im Sachzusammenhang berechnen";"Abwurfhoehe|maximale Flughoehe|Wurfparabel|erste Ableitung Null";"absolutes Glied als Wert bei x = 0 deuten|lineare Gleichung lösen";"Rechnung|Kurzantwort";"Geben Sie an|Ermitteln Sie";"Zahl";"Skizze";"Abbildung 2, ausdrücklich nicht maßstäblich: Koordinatensystem mit den Achsenbeschriftungen Höhe in m und Entfernung in m, ohne Skalenwerte; darin der mit Gg beschriftete Bogen, der links unten beginnt, über einen Hochpunkt läuft und rechts die x-Achse erreicht; kurz nach dem Abwurf ist ein grau gefüllter Ball gezeichnet";"Sport/Wurfbahn";"lang";"die Flugbahn des Balls wird im ersten Quadranten durch g(x) = −0,1x^2 + x + 1,2; x aus IR beschrieben; die y-Achse gibt die Flughöhe in Metern an, die x-Achse verläuft auf der Erdoberfläche und gibt die Entfernung von der Abwurfstelle in Metern an; der Abwurf erfolgt an der Stelle x = 0";"Höhe des Balls beim Abwurf|maximale Flughöhe";"den Funktionswert an der Stelle x = 0 als Abwurfhöhe angeben; dann g'(x) = 0 setzen und den Funktionswert an der Extremstelle berechnen";"3";"dezimal|negativ";"m";"";"Abwurfhöhe 1,20 m|maximale Flughöhe 3,70 m an der Stelle x = 5 (amtlich)";"g'(x) = −0,2x + 1 = 0 mit x = 5";"II";"die Extremstelle x = 5 selbst als maximale Höhe angeben";"Gutachten: Angeben der Höhe beim Ballabwurf 1 BE, Ermitteln der maximalen Flughöhe 3 BE; der Erwartungshorizont verzichtet wegen der Wurfparabel auf den Nachweis des Hochpunkts und lässt die Scheitelpunktform zu; thema nach dem Schwerpunkt der Teilaufgabe gewählt, der Typ Funktionswert im Sachzusammenhang deuten steht in fhr-typen.csv unter Größen und Einheiten"
"2024-C-2e";"2024";"C";"";"2";"Differential- und Integralrechnung";"e";"5";"3";"";"ja";"";"Differentialrechnung";"Nullstellen ganzrationaler Funktionen";"Nullstellen einer quadratischen Funktion mit Lösungsformel";"";"Landestelle|Nullstelle der Flugbahn|Loesungsformel|negative Loesung entfaellt";"Gleichung auf Normalform bringen|Lösung im Sachzusammenhang prüfen";"Rechnung";"Berechnen Sie";"Zahl";"Skizze";"Abbildung 2, ausdrücklich nicht maßstäblich: Koordinatensystem mit den Achsenbeschriftungen Höhe in m und Entfernung in m, ohne Skalenwerte; darin der mit Gg beschriftete Bogen, der links unten beginnt, über einen Hochpunkt läuft und rechts die x-Achse erreicht; kurz nach dem Abwurf ist ein grau gefüllter Ball gezeichnet";"Sport/Wurfbahn";"mittel";"die Flugbahn des Balls wird im ersten Quadranten durch g(x) = −0,1x^2 + x + 1,2; x aus IR beschrieben; die y-Achse gibt die Flughöhe in Metern an, die x-Achse verläuft auf der Erdoberfläche und gibt die Entfernung von der Abwurfstelle in Metern an; der Abwurf erfolgt an der Stelle x = 0";"Entfernung auf der Erdoberfläche von der Abwurfstelle bis zur Landestelle";"g(x) = 0 setzen, die Gleichung auf die Normalform bringen, mit der Lösungsformel lösen und die negative Lösung als außerhalb des I. Quadranten verwerfen";"3";"ganz|dezimal|negativ|Potenz";"m";"";"die Landestelle liegt rund 11,08 m vom Abwurf entfernt; x2 ≈ −1,08 entfällt, weil es außerhalb des I. Quadranten liegt (amtlich)";"x^2 − 10x − 12 = 0";"II";"beim Umstellen auf die Normalform das Vorzeichen des absoluten Glieds verlieren";"Gutachten: Berechnung der Entfernung der Landestelle 3 BE"
"2024-C-2f";"2024";"C";"";"2";"Differential- und Integralrechnung";"f";"5";"3";"";"ja";"";"Differentialrechnung";"Schnittpunkte von Funktionsgraphen";"Stelle zu gegebenem Funktionswert berechnen";"";"Fangen in zwei Meter Hoehe|beide Loesungen|Steigflug und Sinkflug|Entfernung";"Gleichung auf Normalform bringen|beide Lösungen deuten";"Rechnung";"Bestimmen Sie";"Zahl";"Skizze";"Abbildung 2, ausdrücklich nicht maßstäblich: Koordinatensystem mit den Achsenbeschriftungen Höhe in m und Entfernung in m, ohne Skalenwerte; darin der mit Gg beschriftete Bogen, der links unten beginnt, über einen Hochpunkt läuft und rechts die x-Achse erreicht; kurz nach dem Abwurf ist ein grau gefüllter Ball gezeichnet";"Sport/Wurfbahn";"mittel";"die Flugbahn des Balls wird im ersten Quadranten durch g(x) = −0,1x^2 + x + 1,2; x aus IR beschrieben; die y-Achse gibt die Flughöhe in Metern an, die x-Achse verläuft auf der Erdoberfläche und gibt die Entfernung von der Abwurfstelle in Metern an; der Abwurf erfolgt an der Stelle x = 0; ein zweiter Spieler soll den Ball in genau zwei Meter Höhe fangen";"alle Entfernungen vom Abwurf, in denen der Spieler den Ball in zwei Meter Höhe fangen kann";"g(x) = 2 setzen, die Gleichung auf die Normalform bringen und beide Lösungen angeben, weil der Ball diese Höhe im Steigflug und im Sinkflug erreicht";"3";"ganz|dezimal|negativ|Potenz";"m";"";"rund 0,88 m oder rund 9,12 m vom Abwurf entfernt (amtlich)";"x^2 − 10x + 8 = 0";"II";"nur die größere Lösung angeben, weil die zweite wie in Teilaufgabe e als unpassend verworfen wird";"Gutachten: Bestimmen der Möglichkeiten beim Fangen 3 BE; anders als in Teilaufgabe e sind hier beide Lösungen sinnvoll – die Definition des Typs Stelle zu gegebenem Funktionswert berechnen nennt bisher nur die Auswahl einer Lösung und sollte beim Abgleichlauf weiter gefasst werden"
"2024-C-3a";"2024";"C";"";"3";"Stochastik";"a";"7";"4";"";"ja";"";"Stochastik";"Statistische Kenngrößen";"Median aus Werteliste";"Mittelwert aus Werteliste|Standardabweichung aus Werteliste";"Tagesstrecken|Median bei acht Werten|arithmetischer Mittelwert|Standardabweichung";"Werte ordnen|bei gerader Anzahl mitteln|Wurzel ziehen";"Rechnung|Kurzantwort";"Geben Sie an|Berechnen Sie";"Zahl";"keins";"keine";"Freizeit/Radverleih";"mittel";"ein Radverleih im Havelland bietet Fahrräder in den drei Rahmengrößen S, M und L an, die nach der Körpergröße zugewiesen werden; am Montag wurden acht Fahrräder verliehen, die Fahrradcomputer zeigten die Tagesstrecken 29, 19, 34, 29, 29, 12, 25, 23 Kilometer";"Median der Tagesstrecken|arithmetischer Mittelwert|Standardabweichung";"die acht Werte ordnen und das Mittel aus dem vierten und fünften Wert bilden; die Summe durch acht teilen; die quadratischen Abweichungen vom Mittelwert bilden, ihren Mittelwert berechnen und die Wurzel ziehen";"5";"ganz|dezimal|Wurzel";"km";"";"Median 27|arithmetischer Mittelwert 25|Standardabweichung 6,5 (amtlich)";"geordnete Werte 12, 19, 23, 25, 29, 29, 29, 34|Summe 200|Varianz 338/8 = 42,25";"II";"den Median an der unsortierten Liste ablesen";"Gutachten: Angeben des Medians 1 BE, Berechnen des arithmetischen Mittels 1 BE, Berechnen der Standardabweichung 2 BE; der Erwartungshorizont nennt zusätzlich den Wert 6,95 für die Formel mit n − 1"
"2024-C-3b";"2024";"C";"";"3";"Stochastik";"b";"7";"3";"";"ja";"";"Stochastik";"Daten darstellen und aufbereiten";"Relative Häufigkeit berechnen";"Anzahl aus relativer Häufigkeit hochrechnen|Bedarf im ungünstigsten Fall angeben";"Rahmengroessen S M L|relative Haeufigkeit|Hochrechnung auf 30|absolute Sicherheit";"Anteile in Prozent angeben|auf ganze Fahrräder aufrunden";"Rechnung|Kurzantwort";"Geben Sie an|Bestimmen Sie";"Zahl";"keins";"keine";"Freizeit/Radverleih";"lang";"ein Radverleih im Havelland bietet Fahrräder in den drei Rahmengrößen S, M und L an, die nach der Körpergröße zugewiesen werden; die acht am Montag verliehenen Fahrräder hatten die Größen 2 mal S, 5 mal M und 1 mal L; eine Gruppe von 30 Personen ist angemeldet, ihre Größenverteilung ist dem Radverleih nicht bekannt";"relative Häufigkeit je Größe|Anzahl der Fahrräder je Größe für eine Gruppe von 30 Personen|Gesamtzahl der Fahrräder für absolute Sicherheit";"die absoluten Häufigkeiten durch acht teilen, die Anteile auf 30 hochrechnen und aufrunden; für absolute Sicherheit je Größe 30 Fahrräder ansetzen";"5";"ganz|dezimal|Bruch|Prozent";"";"2024-C-3a";"relative Häufigkeiten 25 %, 62,5 % und 12,5 %|mindestens 8 Fahrräder in S, 19 in M und 4 in L|für absolute Sicherheit je Größe 30, insgesamt 90 Fahrräder (amtlich)";"Hochrechnung auf 30 ergibt 7,5, 18,75 und 3,75";"III";"die Hochrechnung abrunden oder für absolute Sicherheit nur 30 Fahrräder insgesamt ansetzen";"Gutachten: Angeben der relativen Häufigkeiten 1 BE, Bestimmen absoluter Häufigkeiten 1 BE, Angeben einer Fahrradmenge 1 BE; der Erwartungshorizont legt dazu eine Tabelle mit absoluten und relativen Häufigkeiten an, das Heft druckt keine vor"
"2024-C-3c";"2024";"C";"";"3";"Stochastik";"c";"7";"7";"";"ja";"";"Stochastik";"Mehrstufige Zufallsexperimente";"Wahrscheinlichkeit über mehrere Pfade summieren";"Pfadregel dreistufig mit Zurücklegen anwenden|Gegenereignis nutzen|Gegenereignis in Worten formulieren";"drei Reparaturen|25 Prozent S|35 Prozent M|Reihenfolgen|mindestens eins";"fehlende Wahrscheinlichkeit über die Summe 100 % bestimmen|Anzahl der Reihenfolgen zählen";"Rechnung|Kurzantwort";"Bestimmen Sie|Formulieren Sie|Geben Sie an";"Zahl|Text";"keins";"keine";"Freizeit/Radverleih";"lang";"ein Radverleih im Havelland bietet Fahrräder in den drei Rahmengrößen S, M und L an, die nach der Körpergröße zugewiesen werden; in der letzten Woche musste an drei verschiedenen Tagen jeweils ein Fahrrad repariert werden; ein kaputtes Fahrrad gehört mit 25 % zur Größe S und mit 35 % zur Größe M; Ereignis E1 von jeder der drei Größen war genau ein Fahrrad defekt, Ereignis E2 kein Fahrrad der Größe S war defekt";"Wahrscheinlichkeit von E1|Wahrscheinlichkeit von E2|Gegenereignis zu E2 in Worten und seine Wahrscheinlichkeit";"P(L) als Rest zu 100 % bestimmen; für E1 das Produkt der drei Wahrscheinlichkeiten mit der Zahl der sechs Reihenfolgen multiplizieren; für E2 alle Pfade ohne S summieren; das Gegenereignis als mindestens ein defektes Fahrrad der Größe S formulieren und über 100 % minus P(E2) berechnen";"6";"dezimal|Prozent|Potenz";"";"";"P(E1) = 21 %|P(E2) ≈ 42,19 %|Gegenereignis zu E2: mindestens ein Fahrrad der Größe S war defekt, mit einer Wahrscheinlichkeit von 57,81 % (amtlich)";"P(L) = 100 % − (25 % + 35 %) = 40 %|P(E1) = 6 · 0,25 · 0,35 · 0,4|P(E2) = 0,35^3 + 3 · 0,35^2 · 0,4 + 3 · 0,35 · 0,4^2 + 0,4^3";"III";"bei E1 nur einen Pfad rechnen und den Faktor 6 für die Reihenfolgen vergessen";"Gutachten: Ermitteln der Wahrscheinlichkeit für Größe L 1 BE, Bestimmen der Wahrscheinlichkeit von E1 2 BE, Bestimmen der Wahrscheinlichkeit von E2 2 BE, Formulieren des Gegenereignisses von E2 und Angeben seiner Wahrscheinlichkeit 2 BE; P(E2) ist gleich 0,75^3 = 27/64, der Erwartungshorizont geht den langen Weg über alle Pfade"
"2024-C-3d";"2024";"C";"";"3";"Stochastik";"d";"7";"6";"";"ja";"";"Stochastik";"Mehrstufige Zufallsexperimente";"Baumdiagramm dreistufig ohne Zurücklegen darstellen";"Pfadregel dreistufig ohne Zurücklegen anwenden|Wahrscheinlichkeit über mehrere Pfade summieren";"80 Fahrraeder|sechs beschaedigt|drei Testraeder|genau zwei beschaedigt";"Baumdiagramm selbst anlegen und vollständig beschriften|Brüche multiplizieren";"Zeichnen|Rechnung";"Verdeutlichen Sie|Berechnen Sie";"Grafik|Zahl";"keins";"der Prüfling zeichnet selbst ein vollständig beschriftetes dreistufiges Baumdiagramm: Wurzel mit den Ästen U (74/80) und B (6/80), in der zweiten Stufe Nenner 79, in der dritten Nenner 78, insgesamt acht Pfade; U steht für unbeschädigt, B für beschädigt";"Freizeit/Radverleih";"lang";"ein Radverleih im Havelland bietet Fahrräder in den drei Rahmengrößen S, M und L an, die nach der Körpergröße zugewiesen werden; zu Saisonbeginn wurden 80 neue Fahrräder geliefert, davon waren sechs beschädigt; aus der Lieferung wurden nacheinander drei verschiedene Testräder überprüft; Ereignis E3 keins der Testräder war beschädigt, Ereignis E4 genau zwei der drei Testräder waren beschädigt";"vollständig beschriftetes dreistufiges Baumdiagramm|Wahrscheinlichkeit von E3|Wahrscheinlichkeit von E4";"das dreistufige Ziehen ohne Zurücklegen als Baum mit sinkenden Nennern zeichnen; P(E3) als Produkt der drei Pfadwahrscheinlichkeiten berechnen; für P(E4) die drei Pfade mit genau zwei beschädigten Rädern summieren";"5";"Bruch|dezimal|Prozent";"";"";"P(E3) = 8103/10270 ≈ 78,9 %|P(E4) = 111/8216 ≈ 1,35 % (amtlich)";"P(E3) = (74/80) · (73/79) · (72/78)|P(E4) = 3 · (74/80) · (6/79) · (5/78)";"III";"bei E4 nur einen Pfad rechnen oder in jeder Stufe mit dem Nenner 80 weiterrechnen";"Gutachten: Zeichnen und Beschriften des Baumdiagramms 3 BE, Berechnen der Wahrscheinlichkeit von E3 1 BE, Berechnen der Wahrscheinlichkeit von E4 2 BE"
