reihe;klasse;kapitel;titel;start;seiten;art;plausibel;eintrag;einheit;weg
mathedelta;7;;Mathematische Zeichen und Abkürzungen;6;1;anhang;ja;;;
mathedelta;7;;F itfu rK la sse;7;7;oeffner;ja;rationale-zahlen;;rahmen
mathedelta;7;1 Rationale Zahlen;Rationale Zahlen;14;40;kapitel;ja;;;
mathedelta;7;1 Rationale Zahlen;Das kann ich schon;14;2;oeffner;ja;rationale-zahlen;;rahmen
mathedelta;7;1 Rationale Zahlen;Entdecken;16;2;oeffner;ja;rationale-zahlen;;rahmen
mathedelta;7;1 Rationale Zahlen;GanzeZahlen;18;2;uk;ja;rationale-zahlen;1;titel
mathedelta;7;1 Rationale Zahlen;Zu- und Abnahm en;20;2;uk;ja;rationale-zahlen;2;titel
mathedelta;7;1 Rationale Zahlen;Rationale Zahlen;22;4;uk;ja;rationale-zahlen;1;titel
mathedelta;7;1 Rationale Zahlen;Rationale Zahlen ordnen und runden;26;2;uk;ja;rationale-zahlen;1;titel
mathedelta;7;1 Rationale Zahlen;Rationale Z a h n a d d e r e;28;4;uk;ja;rationale-zahlen;1;titel
mathedelta;7;1 Rationale Zahlen;Rationale Zahlen multiplizieren;32;2;uk;ja;rationale-zahlen;3;titel
mathedelta;7;1 Rationale Zahlen;Rationale Zahlen dividieren;34;2;uk;ja;rationale-zahlen;3;titel
mathedelta;7;1 Rationale Zahlen;Rechengesetze;36;2;uk;ja;rationale-zahlen;3;titel
mathedelta;7;1 Rationale Zahlen;Verbindung der Grundrechenarten;38;2;uk;ja;rationale-zahlen;3;titel
mathedelta;7;1 Rationale Zahlen;Potenzen mjt rationaler Basis;40;2;uk;ja;rationale-zahlen;3;titel
mathedelta;7;1 Rationale Zahlen;Aufgaben zur Differenziern;42;2;vermischt;ja;rationale-zahlen;;rahmen
mathedelta;7;1 Rationale Zahlen;Vermischte Aufgaben;44;2;vermischt;ja;rationale-zahlen;;rahmen
mathedelta;7;1 Rationale Zahlen;Werkzeug: Daten und ihre Darstellung mit dem Computer;46;2;streifzug;ja;daten;1;titel
mathedelta;7;1 Rationale Zahlen;Themenseite: Luftige Hohen;48;2;streifzug;ja;daten;;rahmen
mathedelta;7;1 Rationale Zahlen;Das kann ich!;50;2;test;ja;daten;;rahmen
mathedelta;7;1 Rationale Zahlen;Auf einen B lick;52;2;zusammenfassung;ja;daten;;rahmen
mathedelta;7;2 Zuordnungen und Zinsrechnung;Zuordnungen und Zinsrechnung;54;42;kapitel;ja;;;
mathedelta;7;2 Zuordnungen und Zinsrechnung;Das kann ich s c h o n;54;2;test;ja;daten;;rahmen
mathedelta;7;2 Zuordnungen und Zinsrechnung;Entdecken;56;2;oeffner;ja;zuordnungen;;rahmen
mathedelta;7;2 Zuordnungen und Zinsrechnung;Eindeutige Zuordnungen;58;2;uk;ja;zuordnungen;1;titel
mathedelta;7;2 Zuordnungen und Zinsrechnung;Direkt proportionale Zuordnungen;60;4;uk;ja;zuordnungen;2;titel
mathedelta;7;2 Zuordnungen und Zinsrechnung;n d e k t p r o p o r t i o n a l;64;2;uk;ja;zuordnungen;2;titel
mathedelta;7;2 Zuordnungen und Zinsrechnung;B rü c h e ,P ro z e n te d;66;4;uk;ja;prozentrechnung;1;titel
mathedelta;7;2 Zuordnungen und Zinsrechnung;Prozente d a rste lle n;70;4;uk;ja;prozentrechnung;1;titel
mathedelta;7;2 Zuordnungen und Zinsrechnung;Grundbegriffe der Prozentrechnung;74;2;uk;ja;prozentrechnung;1;titel
mathedelta;7;2 Zuordnungen und Zinsrechnung;Grundaufgaben der Prozentrechnung;76;4;uk;ja;prozentrechnung;;titel
mathedelta;7;2 Zuordnungen und Zinsrechnung;V _ e h rte ru n d v e;80;2;uk;ja;prozentrechnung;;kapitel
mathedelta;7;2 Zuordnungen und Zinsrechnung;Zinsrechnung;82;2;uk;ja;zinsrechnung;1;titel
mathedelta;7;2 Zuordnungen und Zinsrechnung;Aufgaben zur D ifferenzierung;84;2;vermischt;ja;zinsrechnung;;rahmen
mathedelta;7;2 Zuordnungen und Zinsrechnung;Vermischte Aufgaben;86;4;vermischt;ja;zinsrechnung;;rahmen
mathedelta;7;2 Zuordnungen und Zinsrechnung;Themenseite: Rund ums G e ld;90;2;streifzug;ja;zinsrechnung;;rahmen
mathedelta;7;2 Zuordnungen und Zinsrechnung;Das kann ؛ chỉ;92;2;uk;ja;prozentrechnung;;kapitel
mathedelta;7;2 Zuordnungen und Zinsrechnung;Auf einen B lick;94;2;zusammenfassung;ja;prozentrechnung;;rahmen
mathedelta;7;3 Terme und Gleichungen;Terme und Gleichungen;96;32;kapitel;ja;;;
mathedelta;7;3 Terme und Gleichungen;Das kann ich schon;96;2;oeffner;ja;terme;;rahmen
mathedelta;7;3 Terme und Gleichungen;Entdecken;98;2;oeffner;ja;terme;;rahmen
mathedelta;7;3 Terme und Gleichungen;Term esinden;100;2;uk;ja;terme;;titel
mathedelta;7;3 Terme und Gleichungen;Termevereinfachen;102;2;uk;ja;terme;;titel
mathedelta;7;3 Terme und Gleichungen;Terme multiplizieren und dividieren;104;2;uk;ja;terme;2;titel
mathedelta;7;3 Terme und Gleichungen;Terme mit Klammern auflösen;106;2;uk;ja;terme;3;titel
mathedelta;7;3 Terme und Gleichungen;Gleichungen lösen;108;2;uk;ja;lineare-gleichungen;;titel
mathedelta;7;3 Terme und Gleichungen;Gleichungen u m fo rm e n;110;8;uk;ja;lineare-gleichungen;2;titel
mathedelta;7;3 Terme und Gleichungen;… …;118;2;uk;ja;lineare-gleichungen;;kapitel
mathedelta;7;3 Terme und Gleichungen;Vermischte Aufgaben;120;2;vermischt;ja;lineare-gleichungen;;rahmen
mathedelta;7;3 Terme und Gleichungen;Themenseite: Fliegerei;122;2;streifzug;ja;lineare-gleichungen;;rahmen
mathedelta;7;3 Terme und Gleichungen;Das kann Ich ؟;124;2;test;ja;lineare-gleichungen;;rahmen
mathedelta;7;3 Terme und Gleichungen;Auf einen B lic k;126;2;zusammenfassung;ja;lineare-gleichungen;;rahmen
mathedelta;7;4 Figuren;Figuren;128;40;kapitel;ja;;;
mathedelta;7;4 Figuren;Das kann ich schon;128;2;oeffner;ja;winkel-dreiecke;;rahmen
mathedelta;7;4 Figuren;Entdecken;130;4;oeffner;ja;winkel-dreiecke;;rahmen
mathedelta;7;4 Figuren;Dreiecke konstruieren;134;4;uk;ja;winkel-dreiecke;4;titel
mathedelta;7;4 Figuren;Besondere Punkte und Unien ؛ mDre;138;2;uk;ja;kreis;;kapitel
mathedelta;7;4 Figuren;Umfang und Flächeninhaltvon Vielecken;140;4;uk;ja;flaechen;5;titel
mathedelta;7;4 Figuren;SatzdesThales;144;4;uk;ja;winkel-dreiecke;5;titel
mathedelta;7;4 Figuren;Kreis und Geraden;148;2;uk;ja;kreis;;titel
mathedelta;7;4 Figuren;Kreistangenten . . ；;150;2;uk;ja;kreis;;titel
mathedelta;7;4 Figuren;Umfang des Kreises;152;2;uk;ja;kreis;1;titel
mathedelta;7;4 Figuren;F lä c h e n in h a jtd e s K r e is e s;154;2;uk;ja;kreis;2;titel
mathedelta;7;4 Figuren;Aufgaben zur Differenzierung;156;2;vermischt;ja;kreis;;rahmen
mathedelta;7;4 Figuren;Vermischte Aufgaben;158;4;vermischt;ja;kreis;;rahmen
mathedelta;7;4 Figuren;Themenseite·· Bestimmung von Pi;162;2;streifzug;ja;kreis;1;titel
mathedelta;7;4 Figuren;Das kann ؛ chi;164;2;uk;ja;kreis;;kapitel
mathedelta;7;4 Figuren;Auf einen B lick;166;2;zusammenfassung;ja;kreis;;rahmen
mathedelta;7;5 Rund um P S m a und Zylinder;Rund um P S m a und Zylinder;168;26;kapitel;ja;;;
mathedelta;7;5 Rund um P S m a und Zylinder;Das kann ich schon;168;2;oeffner;ja;koerper;;rahmen
mathedelta;7;5 Rund um P S m a und Zylinder;Entdecken;170;2;oeffner;ja;koerper;;rahmen
mathedelta;7;5 Rund um P S m a und Zylinder;Kö٢pe٢darstellen_Schrägbiider;172;4;uk;ja;koerper;;kapitel
mathedelta;7;5 Rund um P S m a und Zylinder;Körper darstellen-Z w e ita fe lh;176;2;uk;ja;koerper;1;titel
mathedelta;7;5 Rund um P S m a und Zylinder;Körper d arstellen-Netze;178;4;uk;ja;koerper;1;titel
mathedelta;7;5 Rund um P S m a und Zylinder;Volumen von Prisma und Zylinder;182;2;uk;ja;koerper;4;titel
mathedelta;7;5 Rund um P S m a und Zylinder;Aufgaben zur Differenzierung;184;2;vermischt;ja;koerper;;rahmen
mathedelta;7;5 Rund um P S m a und Zylinder;Vermischte Aufgaben;186;2;vermischt;ja;koerper;;rahmen
mathedelta;7;5 Rund um P S m a und Zylinder;Themenseite: Faltfiguren;188;2;streifzug;ja;flaechen;5;titel
mathedelta;7;5 Rund um P S m a und Zylinder;Daskannichi;190;2;uk;ja;koerper;;kapitel
mathedelta;7;5 Rund um P S m a und Zylinder;Auf einen B lick;192;2;zusammenfassung;ja;koerper;;rahmen
mathedelta;7;6 Daten;Daten;194;;kapitel;letzter Eintrag;;;
mathedelta;7;6 Daten;Das kann ich schon;194;2;oeffner;ja;daten;;rahmen
mathedelta;7;6 Daten;Entdecken;196;2;oeffner;ja;daten;;rahmen
mathedelta;7;6 Daten;Daten erheben;198;2;uk;ja;daten;1;titel
mathedelta;7;6 Daten;Daten a u s w e r te n;200;2;uk;ja;daten;1;titel
mathedelta;7;6 Daten;Kennwerte von Daten;202;4;uk;ja;daten;4;titel
mathedelta;7;6 Daten;Stichproben;206;2;uk;ja;daten;1;titel
mathedelta;7;6 Daten;Boxplot;208;4;uk;ja;daten;5;titel
mathedelta;7;6 Daten;Aufgaben zur Differenzierung;212;2;vermischt;ja;daten;;rahmen
mathedelta;7;6 Daten;Vermischte Aufgaben;214;2;vermischt;ja;daten;;rahmen
mathedelta;7;6 Daten;Themenseite: Mit Statistik l ü g e n ?;216;2;streifzug;ja;daten;1;titel
mathedelta;7;6 Daten;Das kann ich!;218;2;test;ja;daten;;rahmen
mathedelta;7;6 Daten;Auf einen B lick;220;1;zusammenfassung;ja;daten;;rahmen
mathedelta;7;6 Daten;Lösungen zu„Das kann ich schon „Das kann ic h !;221;17;anhang;ja;;;
mathedelta;7;6 Daten;Stichwortverzeichnis;238;2;anhang;ja;;;
mathedelta;7;6 Daten;Bildnachweis;240;;anhang;letzter Eintrag;;;
mathedelta;7;;Sachaufgaben Osen …;;;uk;ohne Seite;kein Eintrag;;kein
mathedelta;7;;Aufgaben zur Differenzierung;;;vermischt;ohne Seite;;;
mathedelta;7;;Zusammenhänge ¡m Dreieck entdecken;;;uk;ohne Seite;winkel-dreiecke;;titel
mathedelta;7;;Werkzeug: Geometrie am C om pu te r^;;;streifzug;ohne Seite;;;
mathedelta;7;;Oberflächeninhalt von Prisma und Z y lin d e r;;;uk;ohne Seite;koerper;4;titel
mathedelta;7;;und;;;uk;ohne Seite;kein Eintrag;;kein
mathedelta;8;;Mathematische Zeichen und Abkürzungen;6;2;anhang;ja;;;
mathedelta;8;;Fit für Klasse;8;6;oeffner;ja;wahrscheinlichkeit;;rahmen
mathedelta;8;1 Zufall und Wahrscheinlichkeit;Zufall und Wahrscheinlichkeit;14;30;kapitel;ja;;;
mathedelta;8;1 Zufall und Wahrscheinlichkeit;Das kann ich sc h o n;14;2;test;ja;wahrscheinlichkeit;;rahmen
mathedelta;8;1 Zufall und Wahrscheinlichkeit;Entdecken: Wahrscheinlichkeiten spielerisch b e s tim m e n;16;2;oeffner;ja;wahrscheinlichkeit;;rahmen
mathedelta;8;1 Zufall und Wahrscheinlichkeit;Zufallsexperimente durchführen und beschreiben;18;2;uk;ja;wahrscheinlichkeit;2;titel
mathedelta;8;1 Zufall und Wahrscheinlichkeit;Mehrstufige Z ufallsexperim ente;20;2;uk;ja;wahrscheinlichkeit;3;titel
mathedelta;8;1 Zufall und Wahrscheinlichkeit;Begriff der Wahrscheinlichkeit;22;4;uk;ja;wahrscheinlichkeit;2;titel
mathedelta;8;1 Zufall und Wahrscheinlichkeit;Laplace-Wahrscheinlichkeit;26;2;uk;ja;wahrscheinlichkeit;2;titel
mathedelta;8;1 Zufall und Wahrscheinlichkeit;Erste P fa d re g e l;28;2;uk;ja;wahrscheinlichkeit;3;titel
mathedelta;8;1 Zufall und Wahrscheinlichkeit;Zweite P fad regel;30;2;uk;ja;wahrscheinlichkeit;3;titel
mathedelta;8;1 Zufall und Wahrscheinlichkeit;Aufgaben zur Differenzierung;32;2;vermischt;ja;wahrscheinlichkeit;;rahmen
mathedelta;8;1 Zufall und Wahrscheinlichkeit;Vermischte Aufgaben;34;4;vermischt;ja;wahrscheinlichkeit;;rahmen
mathedelta;8;1 Zufall und Wahrscheinlichkeit;Themenseite: Glück im S p ie l;38;2;streifzug;ja;wahrscheinlichkeit;;rahmen
mathedelta;8;1 Zufall und Wahrscheinlichkeit;Das kann ich!;40;2;test;ja;wahrscheinlichkeit;;rahmen
mathedelta;8;1 Zufall und Wahrscheinlichkeit;Auf einen B lic k;42;2;zusammenfassung;ja;wahrscheinlichkeit;;rahmen
mathedelta;8;2 Terme und Gleichungen;Terme und Gleichungen;44;34;kapitel;ja;;;
mathedelta;8;2 Terme und Gleichungen;Das kann ich sch o n;44;2;oeffner;ja;terme;;rahmen
mathedelta;8;2 Terme und Gleichungen;Entdecken: R ätselkön ige;46;2;oeffner;ja;terme;;rahmen
mathedelta;8;2 Terme und Gleichungen;Terme aufstellen und vereinfachen;48;2;uk;ja;terme;6;titel
mathedelta;8;2 Terme und Gleichungen;Terme um form en;50;4;uk;ja;lineare-gleichungen;2;titel
mathedelta;8;2 Terme und Gleichungen;Binomische Formeln;54;4;uk;ja;binomische-formeln;2;titel
mathedelta;8;2 Terme und Gleichungen;Gleichungen lösen;58;4;uk;ja;lineare-gleichungen;;titel
mathedelta;8;2 Terme und Gleichungen;Besondere G le ic h u n g e n;62;6;uk;ja;lineare-gleichungen;;titel
mathedelta;8;2 Terme und Gleichungen;Aufgaben zur Differenzierung;68;2;vermischt;ja;lineare-gleichungen;;rahmen
mathedelta;8;2 Terme und Gleichungen;Vermischte A ufgaben;70;2;vermischt;ja;lineare-gleichungen;;rahmen
mathedelta;8;2 Terme und Gleichungen;Themenseite: Mit allen Sinnen;72;2;streifzug;ja;lineare-gleichungen;;rahmen
mathedelta;8;2 Terme und Gleichungen;Das kann ich!;74;2;test;ja;lineare-gleichungen;;rahmen
mathedelta;8;2 Terme und Gleichungen;Auf einen B lic k;76;2;zusammenfassung;ja;lineare-gleichungen;;rahmen
mathedelta;8;3 Lineare Funktionen;Lineare Funktionen;78;30;kapitel;ja;;;
mathedelta;8;3 Lineare Funktionen;Das kann ich s c h o n;78;2;test;ja;lineare-gleichungen;;rahmen
mathedelta;8;3 Lineare Funktionen;Entdecken: Campingurlaub;80;2;oeffner;ja;zuordnungen;;rahmen
mathedelta;8;3 Lineare Funktionen;Lineare Z uordnungen;82;2;uk;ja;zuordnungen;1;titel
mathedelta;8;3 Lineare Funktionen;Zuordnungen und F u n k tio n e n;84;2;uk;ja;lineare-funktionen;;titel
mathedelta;8;3 Lineare Funktionen;Lineare Funktionen grafisch b e s tim m e n;86;4;uk;ja;lineare-funktionen;4;titel
mathedelta;8;3 Lineare Funktionen;Lineare Funktionen rechnerisch b estim m en;90;4;uk;ja;lineare-funktionen;4;titel
mathedelta;8;3 Lineare Funktionen;Lineare Funktionen im A l l t a g;94;2;uk;ja;lineare-funktionen;2;titel
mathedelta;8;3 Lineare Funktionen;Aufgaben zur Differenzierung;96;2;vermischt;ja;lineare-funktionen;;rahmen
mathedelta;8;3 Lineare Funktionen;Vermischte A ufgaben;98;4;vermischt;ja;lineare-funktionen;;rahmen
mathedelta;8;3 Lineare Funktionen;Werkzeug: Mathematisch m odellieren;102;2;streifzug;ja;lineare-funktionen;;rahmen
mathedelta;8;3 Lineare Funktionen;Das kann ich!;104;2;test;ja;lineare-funktionen;;rahmen
mathedelta;8;3 Lineare Funktionen;Auf einen B lic k;106;2;zusammenfassung;ja;lineare-funktionen;;rahmen
mathedelta;8;4 Maßstäbliches Vergrößern und Verkleinern;Maßstäbliches Vergrößern und Verkleinern;108;;kapitel;letzter Eintrag;;;
mathedelta;8;4 Maßstäbliches Vergrößern und Verkleinern;Das kann ich sc h o n;108;2;test;ja;lineare-funktionen;;rahmen
mathedelta;8;4 Maßstäbliches Vergrößern und Verkleinern;Entdecken: Unser S onnensystem;110;2;oeffner;ja;strahlensaetze;;rahmen
mathedelta;8;4 Maßstäbliches Vergrößern und Verkleinern;Verhältnisse;112;2;uk;ja;strahlensaetze;;kapitel
mathedelta;8;4 Maßstäbliches Vergrößern und Verkleinern;Maßstäbliches Vergrößern und V e rk le in e rn;114;4;uk;ja;strahlensaetze;1;titel
mathedelta;8;4 Maßstäbliches Vergrößern und Verkleinern;Ä h n lic h k e it;118;2;uk;ja;strahlensaetze;2;titel
mathedelta;8;4 Maßstäbliches Vergrößern und Verkleinern;Besondere Verhältnisse ähnlicher F ig u re n;120;4;uk;ja;strahlensaetze;2;titel
mathedelta;8;4 Maßstäbliches Vergrößern und Verkleinern;Aufgaben zur D iffe re n zie ru n g;124;2;vermischt;ja;strahlensaetze;;rahmen
mathedelta;8;4 Maßstäbliches Vergrößern und Verkleinern;Vermischte A ufgaben;126;4;vermischt;ja;strahlensaetze;;rahmen
mathedelta;8;4 Maßstäbliches Vergrößern und Verkleinern;Themenseite: Alles ähnlich beim F a lte n;130;2;streifzug;ja;strahlensaetze;2;titel
mathedelta;8;4 Maßstäbliches Vergrößern und Verkleinern;Das kann ich!;132;2;test;ja;strahlensaetze;;rahmen
mathedelta;8;4 Maßstäbliches Vergrößern und Verkleinern;Auf einen B lic k;134;;zusammenfassung;letzter Eintrag;strahlensaetze;;rahmen
mathedelta;9;;Quadratische Gleichungen der Form x2 + px + q =;0;6;uk;ja;quadratische-gleichungen;1;titel
mathedelta;9;;Mathematische Zeichen und Abkürzungen;6;3;anhang;ja;;;
mathedelta;9;;Fit für Klasse;9;5;oeffner;ja;reelle-zahlen;;rahmen
mathedelta;9;1 Reelle Zahlen;Reelle Zahlen;14;36;kapitel;ja;;;
mathedelta;9;1 Reelle Zahlen;Das kann ich schon;14;2;oeffner;ja;reelle-zahlen;;rahmen
mathedelta;9;1 Reelle Zahlen;Entdecken: Hilfe bei den Hausaufgaben;16;2;oeffner;ja;reelle-zahlen;;rahmen
mathedelta;9;1 Reelle Zahlen;Potenzen mit negativen Exponenten;18;2;uk;ja;reelle-zahlen;3;titel
mathedelta;9;1 Reelle Zahlen;Zehnerpotenzen;20;2;uk;ja;potenzen-wurzeln;2;titel
mathedelta;9;1 Reelle Zahlen;Potenzgesetze;22;4;uk;ja;reelle-zahlen;2;titel
mathedelta;9;1 Reelle Zahlen;Wurzeln;26;4;uk;ja;potenzen-wurzeln;3;titel
mathedelta;9;1 Reelle Zahlen;Die Menge der reellen Zahlen;30;4;uk;ja;reelle-zahlen;1;titel
mathedelta;9;1 Reelle Zahlen;Rechnen mit reellen Z a h le n;34;4;uk;ja;reelle-zahlen;1;titel
mathedelta;9;1 Reelle Zahlen;Aufgaben zur Differenzierung;38;2;vermischt;ja;reelle-zahlen;;rahmen
mathedelta;9;1 Reelle Zahlen;Vermischte Aufgaben;40;4;vermischt;ja;reelle-zahlen;;rahmen
mathedelta;9;1 Reelle Zahlen;Themenseite: Näherungsverfahren;44;2;streifzug;ja;reelle-zahlen;1;titel
mathedelta;9;1 Reelle Zahlen;Das kann ich!;46;2;test;ja;reelle-zahlen;;rahmen
mathedelta;9;1 Reelle Zahlen;Auf einen B lick;48;2;zusammenfassung;ja;reelle-zahlen;;rahmen
mathedelta;9;2 Quadratische Funktionen;Quadratische Funktionen;50;46;kapitel;ja;;;
mathedelta;9;2 Quadratische Funktionen;Das kann ich schon;50;2;oeffner;ja;quadratische-funktionen;;rahmen
mathedelta;9;2 Quadratische Funktionen;Entdecken: Auf Straßen und Plätzen;52;2;oeffner;ja;quadratische-funktionen;;rahmen
mathedelta;9;2 Quadratische Funktionen;Die Normalparabel;54;2;uk;ja;quadratische-funktionen;1;titel
mathedelta;9;2 Quadratische Funktionen;Parallelverschiebung von Parabeln der Form f(x) = (x + d)2 und f(x) = x2 + e;56;4;uk;ja;quadratische-funktionen;2;titel
mathedelta;9;2 Quadratische Funktionen;Gestauchte und gestreckte Parabeln der Form f(x) = ax2;60;4;uk;ja;quadratische-funktionen;1;titel
mathedelta;9;2 Quadratische Funktionen;Scheitelpunkt- und Normalform einer Parabel;64;4;uk;ja;quadratische-funktionen;2;titel
mathedelta;9;2 Quadratische Funktionen;Eigenschaften quadratischer Funktionen;68;4;uk;ja;lineare-funktionen;;titel
mathedelta;9;2 Quadratische Funktionen;Aufstellen von Parabelgleichungen;72;2;uk;ja;quadratische-funktionen;1;titel
mathedelta;9;2 Quadratische Funktionen;Quadratische Funktionen im A llta g;74;2;uk;ja;quadratische-funktionen;1;titel
mathedelta;9;2 Quadratische Funktionen;Aufgaben zur Differenzierung;76;2;vermischt;ja;quadratische-funktionen;;rahmen
mathedelta;9;2 Quadratische Funktionen;Vermischte Aufgaben;78;4;vermischt;ja;quadratische-funktionen;;rahmen
mathedelta;9;2 Quadratische Funktionen;Werkzeug: Mindmap;82;2;streifzug;ja;kein Eintrag;;titel
mathedelta;9;2 Quadratische Funktionen;Das kann ich!;84;2;test;ja;quadratische-funktionen;;rahmen
mathedelta;9;2 Quadratische Funktionen;Auf einen B lick;86;2;zusammenfassung;ja;quadratische-funktionen;;rahmen
mathedelta;9;2 Quadratische Funktionen;Das kann ich schon;88;2;oeffner;ja;quadratische-gleichungen;;rahmen
mathedelta;9;2 Quadratische Funktionen;Entdecken: Rund um Haus und Garten;90;2;oeffner;ja;quadratische-gleichungen;;rahmen
mathedelta;9;2 Quadratische Funktionen;Quadratische Gleichungen der Form x2 + q = 0;92;8;uk;ja;quadratische-gleichungen;1;titel
mathedelta;9;3 Quadratische Gleichungen;Quadratische Gleichungen;96;28;kapitel;ja;;;
mathedelta;9;3 Quadratische Gleichungen;Lösungsformel für quadratische Gleichungen;100;6;uk;ja;quadratische-gleichungen;2;titel
mathedelta;9;3 Quadratische Gleichungen;W urzelgleichungen;106;2;uk;ja;potenzen-wurzeln;3;titel
mathedelta;9;3 Quadratische Gleichungen;Systeme quadratischer Gleichungen;108;2;uk;ja;lineare-gleichungen;;titel
mathedelta;9;3 Quadratische Gleichungen;Aufgaben zur Differenzierung;110;2;vermischt;ja;lineare-gleichungen;;rahmen
mathedelta;9;3 Quadratische Gleichungen;Vermischte Aufgaben;112;6;vermischt;ja;lineare-gleichungen;;rahmen
mathedelta;9;3 Quadratische Gleichungen;Themenseite: Parabeln in Sport und Freizeit;118;2;streifzug;ja;quadratische-funktionen;1;titel
mathedelta;9;3 Quadratische Gleichungen;Das kann ich!;120;2;test;ja;quadratische-funktionen;;rahmen
mathedelta;9;3 Quadratische Gleichungen;Auf einen B lic k;122;2;zusammenfassung;ja;quadratische-funktionen;;rahmen
mathedelta;9;4 Körperbetrachtungen;Körperbetrachtungen;124;30;kapitel;ja;;;
mathedelta;9;4 Körperbetrachtungen;Das kann ich schon;124;2;oeffner;ja;kreis;;rahmen
mathedelta;9;4 Körperbetrachtungen;Entdecken: Geometrische Objekte in der Architektur;126;2;oeffner;ja;kreis;;rahmen
mathedelta;9;4 Körperbetrachtungen;Kreis und Kreisteile;128;6;uk;ja;kreis;3;titel
mathedelta;9;4 Körperbetrachtungen;Volumen einer K u g e l;134;2;uk;ja;pyramide-kegel-kugel;3;titel
mathedelta;9;4 Körperbetrachtungen;Oberflächeninhalt einer K u g e l;136;2;uk;ja;pyramide-kegel-kugel;3;titel
mathedelta;9;4 Körperbetrachtungen;Zusammengesetzte K ö rp e r;138;4;uk;ja;koerper;5;titel
mathedelta;9;4 Körperbetrachtungen;Aufgaben zur Differenzierung;142;2;vermischt;ja;koerper;;rahmen
mathedelta;9;4 Körperbetrachtungen;Vermischte Aufgaben;144;4;vermischt;ja;koerper;;rahmen
mathedelta;9;4 Körperbetrachtungen;Themenseite: Viva Las Vegas;148;2;streifzug;ja;koerper;;rahmen
mathedelta;9;4 Körperbetrachtungen;Das kann ich!;150;2;test;ja;koerper;;rahmen
mathedelta;9;4 Körperbetrachtungen;Auf einen B lic k;152;2;zusammenfassung;ja;koerper;;rahmen
mathedelta;9;5 Trigonometrie;Trigonometrie;154;30;kapitel;ja;;;
mathedelta;9;5 Trigonometrie;Das kann ich schon;154;2;oeffner;ja;trigonometrie;;rahmen
mathedelta;9;5 Trigonometrie;Entdecken: Vermessung;156;2;oeffner;ja;trigonometrie;;rahmen
mathedelta;9;5 Trigonometrie;Sinus, Kosinus und Tangens im rechtwinkligen Dreieck;158;4;uk;ja;trigonometrie;1;titel
mathedelta;9;5 Trigonometrie;Sinus, Kosinus und Tangens im A llta g;162;2;uk;ja;trigonometrie;1;titel
mathedelta;9;5 Trigonometrie;Der Sinussatz für beliebige Dreiecke;164;2;uk;ja;trigonometrie;4;titel
mathedelta;9;5 Trigonometrie;Der Kosinussatz für beliebige D reiecke;166;2;uk;ja;trigonometrie;4;titel
mathedelta;9;5 Trigonometrie;Sinussatz und Kosinussatz in Anwendungen und A llta g;168;2;uk;ja;trigonometrie;4;titel
mathedelta;9;5 Trigonometrie;Der Flächeninhalt von beliebigen Dreiecken;170;2;uk;ja;flaechen;3;titel
mathedelta;9;5 Trigonometrie;Aufgaben zur Differenzierung;172;2;vermischt;ja;flaechen;;rahmen
mathedelta;9;5 Trigonometrie;Vermischte Aufgaben;174;4;vermischt;ja;flaechen;;rahmen
mathedelta;9;5 Trigonometrie;Themenseite: Additionstheorem e;178;2;streifzug;ja;flaechen;;rahmen
mathedelta;9;5 Trigonometrie;Das kann ich!;180;2;test;ja;flaechen;;rahmen
mathedelta;9;5 Trigonometrie;Auf einen B lic k;182;2;zusammenfassung;ja;flaechen;;rahmen
mathedelta;9;6 Potenzfunktionen und Potenzgleichungen;Potenzfunktionen und Potenzgleichungen;184;;kapitel;letzter Eintrag;;;
mathedelta;9;6 Potenzfunktionen und Potenzgleichungen;Das kann ich schon;184;2;oeffner;ja;potenz-exponentialfunktionen;;rahmen
mathedelta;9;6 Potenzfunktionen und Potenzgleichungen;Entdecken: Historische Entdeckungen;186;2;oeffner;ja;potenz-exponentialfunktionen;;rahmen
mathedelta;9;6 Potenzfunktionen und Potenzgleichungen;Potenzfunktionen mit natürlichem Exponenten;188;4;uk;ja;potenz-exponentialfunktionen;5;titel
mathedelta;9;6 Potenzfunktionen und Potenzgleichungen;Potenzfunktionen mit ganzzahligem und rationalem Exponenten;192;4;uk;ja;potenz-exponentialfunktionen;5;titel
mathedelta;9;6 Potenzfunktionen und Potenzgleichungen;Umkehrfunktionen von Potenzfunktionen;196;4;uk;ja;potenz-exponentialfunktionen;5;titel
mathedelta;9;6 Potenzfunktionen und Potenzgleichungen;Potenzgleichungen;200;4;uk;ja;potenzen-wurzeln;1;titel
mathedelta;9;6 Potenzfunktionen und Potenzgleichungen;Aufgaben zur Differenzierung;204;2;vermischt;ja;potenzen-wurzeln;;rahmen
mathedelta;9;6 Potenzfunktionen und Potenzgleichungen;Vermischte Aufgaben;206;4;vermischt;ja;potenzen-wurzeln;;rahmen
mathedelta;9;6 Potenzfunktionen und Potenzgleichungen;Themenseite: Mathematik und M u s ik;210;2;streifzug;ja;potenzen-wurzeln;;rahmen
mathedelta;9;6 Potenzfunktionen und Potenzgleichungen;Das kann ich!;212;2;test;ja;potenzen-wurzeln;;rahmen
mathedelta;9;6 Potenzfunktionen und Potenzgleichungen;Auf einen B lic k;214;1;zusammenfassung;ja;potenzen-wurzeln;;rahmen
mathedelta;9;6 Potenzfunktionen und Potenzgleichungen;Lösungen zu „Das kann ich schon „Das kann ic h !;215;23;anhang;ja;;;
mathedelta;9;6 Potenzfunktionen und Potenzgleichungen;Stichwortverzeichnis;238;2;anhang;ja;;;
mathedelta;9;6 Potenzfunktionen und Potenzgleichungen;Bildnachweis;240;;anhang;letzter Eintrag;;;
mathedelta;9;;und;;;uk;ohne Seite;kein Eintrag;;kein
mathedelta;10;;Mathematische Zeichen und Abkürzungen;6;4;anhang;ja;;;
mathedelta;10;5 Prüfung am Ende der Jahrgangsstufe;Prüfung am Ende der Jahrgangsstufe;10;4;kapitel;ja;;;
mathedelta;10;5 Prüfung am Ende der Jahrgangsstufe;Fit für Klasse;10;4;oeffner;ja;trigonometrische-funktionen;;rahmen
mathedelta;10;1 Trigonometrische Funktionen;Trigonometrische Funktionen;14;32;kapitel;ja;;;
mathedelta;10;1 Trigonometrische Funktionen;Das kann ich schon;14;2;oeffner;ja;trigonometrische-funktionen;;rahmen
mathedelta;10;1 Trigonometrische Funktionen;Entdecken: Sinus und Kosinus kennenlernen;16;2;oeffner;ja;trigonometrische-funktionen;;rahmen
mathedelta;10;1 Trigonometrische Funktionen;Das Bogenmaß;18;2;uk;ja;trigonometrische-funktionen;1;titel
mathedelta;10;1 Trigonometrische Funktionen;Sinus und Kosinus am Einheitskreis;20;4;uk;ja;trigonometrische-funktionen;1;titel
mathedelta;10;1 Trigonometrische Funktionen;Die Sinusfunktion;24;2;uk;ja;trigonometrische-funktionen;2;titel
mathedelta;10;1 Trigonometrische Funktionen;Einfluss der Parameter auf die Sinusfunktion;26;4;uk;ja;trigonometrische-funktionen;3;titel
mathedelta;10;1 Trigonometrische Funktionen;Die Kosinusfunktion;30;2;uk;ja;trigonometrische-funktionen;2;titel
mathedelta;10;1 Trigonometrische Funktionen;Periodische Vorgänge im Alltag;32;2;uk;ja;trigonometrische-funktionen;4;titel
mathedelta;10;1 Trigonometrische Funktionen;Aufgaben zur Differenzierung;34;2;vermischt;ja;trigonometrische-funktionen;;rahmen
mathedelta;10;1 Trigonometrische Funktionen;Vermischte Aufgaben;36;4;vermischt;ja;trigonometrische-funktionen;;rahmen
mathedelta;10;1 Trigonometrische Funktionen;Themenseite: Rund um Tangens & Co;40;2;streifzug;ja;trigonometrie;1;titel
mathedelta;10;1 Trigonometrische Funktionen;Das kann ich!;42;2;test;ja;trigonometrie;;rahmen
mathedelta;10;1 Trigonometrische Funktionen;Auf einen Blick;44;2;zusammenfassung;ja;trigonometrie;;rahmen
mathedelta;10;2 Wahrscheinlichkeitsrechnung;Wahrscheinlichkeitsrechnung;46;40;kapitel;ja;;;
mathedelta;10;2 Wahrscheinlichkeitsrechnung;Das kann ich schon;46;2;oeffner;ja;daten;;rahmen
mathedelta;10;2 Wahrscheinlichkeitsrechnung;Entdecken: Wahrscheinlich überall!;48;2;oeffner;ja;daten;;rahmen
mathedelta;10;2 Wahrscheinlichkeitsrechnung;Daten beschreiben und darstellen;50;4;uk;ja;daten;1;titel
mathedelta;10;2 Wahrscheinlichkeitsrechnung;Wahrscheinlichkeiten b estim m en;54;4;uk;ja;wahrscheinlichkeit;2;titel
mathedelta;10;2 Wahrscheinlichkeitsrechnung;Vierfeldertafeln;58;2;uk;ja;daten;7;titel
mathedelta;10;2 Wahrscheinlichkeitsrechnung;Verknüpfung von Ereignissen;60;4;uk;ja;wahrscheinlichkeit;2;titel
mathedelta;10;2 Wahrscheinlichkeitsrechnung;Mehrstufige Zufallsexperimente;64;6;uk;ja;wahrscheinlichkeit;3;titel
mathedelta;10;2 Wahrscheinlichkeitsrechnung;Kombinatorik;70;4;uk;ja;wahrscheinlichkeit;1;titel
mathedelta;10;2 Wahrscheinlichkeitsrechnung;Aufgaben zur Differenzierung;74;2;vermischt;ja;wahrscheinlichkeit;;rahmen
mathedelta;10;2 Wahrscheinlichkeitsrechnung;Vermischte Aufgaben;76;4;vermischt;ja;wahrscheinlichkeit;;rahmen
mathedelta;10;2 Wahrscheinlichkeitsrechnung;Themenseite: Aus der Medizin;80;2;streifzug;ja;wahrscheinlichkeit;;rahmen
mathedelta;10;2 Wahrscheinlichkeitsrechnung;Das kann ich!;82;2;test;ja;wahrscheinlichkeit;;rahmen
mathedelta;10;2 Wahrscheinlichkeitsrechnung;Auf einen B lick;84;2;zusammenfassung;ja;wahrscheinlichkeit;;rahmen
mathedelta;10;3 Körperbetrachtungen;Körperbetrachtungen;86;30;kapitel;ja;;;
mathedelta;10;3 Körperbetrachtungen;Das kann ich schon;86;2;oeffner;ja;koerper;;rahmen
mathedelta;10;3 Körperbetrachtungen;Entdecken: Geometrische Objekte in der Architektur;88;2;oeffner;ja;koerper;;rahmen
mathedelta;10;3 Körperbetrachtungen;Oberflächeninhalt und Volumen geometrischer Körper;90;2;uk;ja;koerper;;titel
mathedelta;10;3 Körperbetrachtungen;Schiefe K ö rp e r;92;4;uk;ja;koerper;;titel
mathedelta;10;3 Körperbetrachtungen;Stümpfe geometrischer Körper;96;4;uk;ja;koerper;;titel
mathedelta;10;3 Körperbetrachtungen;Zusammengesetzte und ausgehöhlte Körper;100;4;uk;ja;koerper;5;titel
mathedelta;10;3 Körperbetrachtungen;Aufgaben zur Differenzierung;104;2;vermischt;ja;koerper;;rahmen
mathedelta;10;3 Körperbetrachtungen;Vermischte Aufgaben;106;4;vermischt;ja;koerper;;rahmen
mathedelta;10;3 Körperbetrachtungen;Themenseite: Rotationskörper;110;2;streifzug;ja;koerper;;titel
mathedelta;10;3 Körperbetrachtungen;Das kann ich!;112;2;test;ja;koerper;;rahmen
mathedelta;10;3 Körperbetrachtungen;Auf einen B lick;114;2;zusammenfassung;ja;koerper;;rahmen
mathedelta;10;4 Exponentialfunktionen und -gleichungen;Exponentialfunktionen und -gleichungen;116;56;kapitel;ja;;;
mathedelta;10;4 Exponentialfunktionen und -gleichungen;Das kann ich schon;116;2;oeffner;ja;potenz-exponentialfunktionen;;rahmen
mathedelta;10;4 Exponentialfunktionen und -gleichungen;Entdecken: Von Killer-Kresse und logischen Zahlen;118;2;oeffner;ja;potenz-exponentialfunktionen;;rahmen
mathedelta;10;4 Exponentialfunktionen und -gleichungen;Wachstumsprozesse;120;2;uk;ja;potenz-exponentialfunktionen;3;titel
mathedelta;10;4 Exponentialfunktionen und -gleichungen;Exponentialfunktion;122;4;uk;ja;potenz-exponentialfunktionen;3;titel
mathedelta;10;4 Exponentialfunktionen und -gleichungen;Einfluss der Parameter auf die Exponentialfunktion;126;4;uk;ja;potenz-exponentialfunktionen;3;titel
mathedelta;10;4 Exponentialfunktionen und -gleichungen;Logarithmus;130;4;uk;ja;potenz-exponentialfunktionen;3;titel
mathedelta;10;4 Exponentialfunktionen und -gleichungen;Umkehrfunktion der Exponentialfunktion;134;4;uk;ja;potenz-exponentialfunktionen;3;titel
mathedelta;10;4 Exponentialfunktionen und -gleichungen;Exponentialgleichungen;138;4;uk;ja;potenz-exponentialfunktionen;3;titel
mathedelta;10;4 Exponentialfunktionen und -gleichungen;Aufgaben zur Differenzierung;142;2;vermischt;ja;potenz-exponentialfunktionen;;rahmen
mathedelta;10;4 Exponentialfunktionen und -gleichungen;Vermischte Aufgaben;144;4;vermischt;ja;potenz-exponentialfunktionen;;rahmen
mathedelta;10;4 Exponentialfunktionen und -gleichungen;Themenseite: Spiralen;148;2;streifzug;ja;potenz-exponentialfunktionen;;rahmen
mathedelta;10;4 Exponentialfunktionen und -gleichungen;Das kann ich!;150;2;test;ja;potenz-exponentialfunktionen;;rahmen
mathedelta;10;4 Exponentialfunktionen und -gleichungen;Auf einen B lick;152;2;zusammenfassung;ja;potenz-exponentialfunktionen;;rahmen
mathedelta;10;4 Exponentialfunktionen und -gleichungen;Aufgaben zum Üben;154;10;vermischt;ja;potenz-exponentialfunktionen;;rahmen
mathedelta;10;4 Exponentialfunktionen und -gleichungen;Prüfungsaufgaben;164;8;uk;ja;potenz-exponentialfunktionen;;kapitel
mathedelta;10;6 Einführung in die Differentialrechnung;Einführung in die Differentialrechnung;172;;kapitel;letzter Eintrag;;;
mathedelta;10;6 Einführung in die Differentialrechnung;Das kann ich schon;172;2;oeffner;ja;kreis;;rahmen
mathedelta;10;6 Einführung in die Differentialrechnung;Entdecken: Steigungen;174;2;oeffner;ja;kreis;;rahmen
mathedelta;10;6 Einführung in die Differentialrechnung;Ganzrationale Funktionen;176;2;uk;ja;kein Eintrag (Sek-II-Stoff);;titel
mathedelta;10;6 Einführung in die Differentialrechnung;Der Verlauf ganzrationaler Funktionen;178;4;uk;ja;kein Eintrag (Sek-II-Stoff);;titel
mathedelta;10;6 Einführung in die Differentialrechnung;Nullstellen ganzrationaler Funktionen;182;4;uk;ja;kein Eintrag (Sek-II-Stoff);;titel
mathedelta;10;6 Einführung in die Differentialrechnung;Sekantensteigung - Differenzenquotient;186;4;uk;ja;kein Eintrag (Sek-II-Stoff);;titel
mathedelta;10;6 Einführung in die Differentialrechnung;Tangentensteigung - Differentialquotient;190;4;uk;ja;kreis;;titel
mathedelta;10;6 Einführung in die Differentialrechnung;Das Änderungsverhalten einer Funktion;194;2;uk;ja;lineare-funktionen;;titel
mathedelta;10;6 Einführung in die Differentialrechnung;Zusammenhänge zwischen Graph und Ableitungsfunktion;196;2;uk;ja;kein Eintrag (Sek-II-Stoff);;titel
mathedelta;10;6 Einführung in die Differentialrechnung;Aufgaben zur Differenzierung;198;2;vermischt;ja;lineare-funktionen;;rahmen
mathedelta;10;6 Einführung in die Differentialrechnung;Vermischte Aufgaben;200;4;vermischt;ja;lineare-funktionen;;rahmen
mathedelta;10;6 Einführung in die Differentialrechnung;Themenseite: Ableitungs- und Stammfunktionen;204;2;streifzug;ja;kein Eintrag (Sek-II-Stoff);;titel
mathedelta;10;6 Einführung in die Differentialrechnung;Das kann ich!;206;2;test;ja;lineare-funktionen;;rahmen
mathedelta;10;6 Einführung in die Differentialrechnung;Auf einen Blick;208;1;zusammenfassung;ja;lineare-funktionen;;rahmen
mathedelta;10;6 Einführung in die Differentialrechnung;Lösungen zu „Das kann ich schon und „Das kann ich!;209;17;anhang;ja;;;
mathedelta;10;6 Einführung in die Differentialrechnung;Stichwortverzeichnis;226;2;anhang;ja;;;
mathedelta;10;6 Einführung in die Differentialrechnung;Bildnachweis;228;;anhang;letzter Eintrag;;;
fundamente17;7;0 Vorbereitung zur Lernausgangslage;Vorbereitung zur Lernausgangslage;7;6;kapitel;ja;;;
fundamente17;7;1 Zuordnungen – Proportionalität;Zuordnungen – Proportionalität;13;30;kapitel;ja;;;
fundamente17;7;1 Zuordnungen – Proportionalität;Dein Fundament;14;2;oeffner;ja;zuordnungen;;rahmen
fundamente17;7;1 Zuordnungen – Proportionalität;Zuordnungen;16;3;uk;ja;zuordnungen;1;titel
fundamente17;7;1 Zuordnungen – Proportionalität;Grafische Darstellungen;19;5;uk;ja;zuordnungen;;kapitel
fundamente17;7;1 Zuordnungen – Proportionalität;Proportionale Zuordnungen;24;4;uk;ja;zuordnungen;2;titel
fundamente17;7;1 Zuordnungen – Proportionalität;Antiproportionale Zuordnungen;28;4;uk;ja;zuordnungen;3;titel
fundamente17;7;1 Zuordnungen – Proportionalität;Dreisatz;32;5;uk;ja;zuordnungen;2;titel
fundamente17;7;1 Zuordnungen – Proportionalität;Vermischte Aufgaben;37;3;vermischt;ja;zuordnungen;;rahmen
fundamente17;7;1 Zuordnungen – Proportionalität;Prüfe dein neues Fundament;40;2;test;ja;zuordnungen;;rahmen
fundamente17;7;1 Zuordnungen – Proportionalität;Zusammenfassung;42;2;zusammenfassung;ja;zuordnungen;;rahmen
fundamente17;7;2 Prozent- und Zinsrechnung;Prozent- und Zinsrechnung;43;32;kapitel;ja;;;
fundamente17;7;2 Prozent- und Zinsrechnung;Dein Fundament;44;2;oeffner;ja;prozentrechnung;;rahmen
fundamente17;7;2 Prozent- und Zinsrechnung;Prozente;46;4;uk;ja;prozentrechnung;1;titel
fundamente17;7;2 Prozent- und Zinsrechnung;Grundbegriffe der Prozentrechnung;50;2;uk;ja;prozentrechnung;1;titel
fundamente17;7;2 Prozent- und Zinsrechnung;Prozentwert;52;2;uk;ja;prozentrechnung;3;titel
fundamente17;7;2 Prozent- und Zinsrechnung;Grundwert;54;2;uk;ja;prozentrechnung;4;titel
fundamente17;7;2 Prozent- und Zinsrechnung;Prozentsatz;56;2;uk;ja;prozentrechnung;2;titel
fundamente17;7;2 Prozent- und Zinsrechnung;Streifzug: Prozentuale Änderungen;58;2;streifzug;ja;prozentrechnung;5;titel
fundamente17;7;2 Prozent- und Zinsrechnung;Streifzug: Promille;60;2;streifzug;ja;prozentrechnung;;titel
fundamente17;7;2 Prozent- und Zinsrechnung;Zinsrechnung;62;4;uk;ja;zinsrechnung;1;titel
fundamente17;7;2 Prozent- und Zinsrechnung;Streifzug: Zinseszins;66;2;streifzug;ja;zinsrechnung;2;titel
fundamente17;7;2 Prozent- und Zinsrechnung;Vermischte Aufgaben;68;4;vermischt;ja;zinsrechnung;;rahmen
fundamente17;7;2 Prozent- und Zinsrechnung;Prüfe dein neues Fundament;72;2;test;ja;zinsrechnung;;rahmen
fundamente17;7;2 Prozent- und Zinsrechnung;Zusammenfassung;74;2;zusammenfassung;ja;zinsrechnung;;rahmen
fundamente17;7;3 Rationale Zahlen;Rationale Zahlen;75;34;kapitel;ja;;;
fundamente17;7;3 Rationale Zahlen;Dein Fundament;76;2;oeffner;ja;rationale-zahlen;;rahmen
fundamente17;7;3 Rationale Zahlen;Negative Zahlen – Zahlengerade;78;2;uk;ja;rationale-zahlen;1;titel
fundamente17;7;3 Rationale Zahlen;Ganze Zahlen vergleichen und ordnen;80;3;uk;ja;rationale-zahlen;1;titel
fundamente17;7;3 Rationale Zahlen;Zustandsänderungen;83;3;uk;ja;rationale-zahlen;2;titel
fundamente17;7;3 Rationale Zahlen;Rationale Zahlen und Zahlenmengen;86;3;uk;ja;rationale-zahlen;1;titel
fundamente17;7;3 Rationale Zahlen;Erweiterung des Koordinatensystems;89;3;uk;ja;symmetrie-abbildungen;1;titel
fundamente17;7;3 Rationale Zahlen;Rationale Zahlen addieren;92;3;uk;ja;rationale-zahlen;2;titel
fundamente17;7;3 Rationale Zahlen;Rationale Zahlen subtrahieren;95;3;uk;ja;rationale-zahlen;2;titel
fundamente17;7;3 Rationale Zahlen;Rationale Zahlen multiplizieren und dividieren;98;4;uk;ja;rationale-zahlen;3;titel
fundamente17;7;3 Rationale Zahlen;Vorrangregeln und Rechengesetze;102;3;uk;ja;rationale-zahlen;3;titel
fundamente17;7;3 Rationale Zahlen;Vermischte Aufgaben;105;1;vermischt;ja;rationale-zahlen;;rahmen
fundamente17;7;3 Rationale Zahlen;Prüfe dein neues Fundament;106;2;test;ja;rationale-zahlen;;rahmen
fundamente17;7;3 Rationale Zahlen;Zusammenfassung;108;2;zusammenfassung;ja;rationale-zahlen;;rahmen
fundamente17;7;4 Terme und Gleichungen;Terme und Gleichungen;109;36;kapitel;ja;;;
fundamente17;7;4 Terme und Gleichungen;Dein Fundament;110;2;oeffner;ja;lineare-gleichungen;;rahmen
fundamente17;7;4 Terme und Gleichungen;Grundbegriffe;112;2;uk;ja;lineare-gleichungen;;kapitel
fundamente17;7;4 Terme und Gleichungen;Terme vereinfachen;114;4;uk;ja;terme;;titel
fundamente17;7;4 Terme und Gleichungen;Streifzug: Sprache in der Mathematik;118;2;streifzug;ja;terme;;rahmen
fundamente17;7;4 Terme und Gleichungen;Gleichungen;120;3;uk;ja;lineare-gleichungen;;titel
fundamente17;7;4 Terme und Gleichungen;Streifzug: Spiel: Termjagd;123;2;streifzug;ja;terme;;titel
fundamente17;7;4 Terme und Gleichungen;Äquivalenzumformungen;125;7;uk;ja;lineare-gleichungen;2;titel
fundamente17;7;4 Terme und Gleichungen;Streifzug: Ungleichungen;132;3;streifzug;ja;lineare-gleichungen;;titel
fundamente17;7;4 Terme und Gleichungen;Verhältnisgleichungen und Bruchgleichungen;135;3;uk;ja;zuordnungen;2;titel
fundamente17;7;4 Terme und Gleichungen;Streifzug: Gleichungen mit einem CAS lösen;138;2;streifzug;ja;lineare-gleichungen;;titel
fundamente17;7;4 Terme und Gleichungen;Vermischte Aufgaben;140;2;vermischt;ja;lineare-gleichungen;;rahmen
fundamente17;7;4 Terme und Gleichungen;Prüfe dein neues Fundament;142;2;test;ja;lineare-gleichungen;;rahmen
fundamente17;7;4 Terme und Gleichungen;Zusammenfassung;144;2;zusammenfassung;ja;lineare-gleichungen;;rahmen
fundamente17;7;5 Ebene Figuren;Ebene Figuren;145;36;kapitel;ja;;;
fundamente17;7;5 Ebene Figuren;Dein Fundament;146;2;oeffner;ja;kreis;;rahmen
fundamente17;7;5 Ebene Figuren;Kreis;148;2;uk;ja;kreis;;titel
fundamente17;7;5 Ebene Figuren;Senkrecht und parallel;150;3;uk;ja;winkel-dreiecke;2;titel
fundamente17;7;5 Ebene Figuren;Dynamische Geometrie-Software;153;2;uk;ja;kein Eintrag;;titel
fundamente17;7;5 Ebene Figuren;Dreiecke;155;4;uk;ja;winkel-dreiecke;;titel
fundamente17;7;5 Ebene Figuren;Konstruktionsbeschreibungen;159;2;uk;ja;winkel-dreiecke;4;titel
fundamente17;7;5 Ebene Figuren;Der Innenwinkelsatz;161;2;uk;ja;winkel-dreiecke;3;titel
fundamente17;7;5 Ebene Figuren;Flächeninhalt eines Dreiecks;163;3;uk;ja;flaechen;3;titel
fundamente17;7;5 Ebene Figuren;Flächeninhalt von Vierecken;166;4;uk;ja;flaechen;;titel
fundamente17;7;5 Ebene Figuren;Besondere Linien im Dreieck;170;3;uk;ja;winkel-dreiecke;5;titel
fundamente17;7;5 Ebene Figuren;Inkreis und Umkreis;173;3;uk;ja;winkel-dreiecke;5;titel
fundamente17;7;5 Ebene Figuren;Vermischte Aufgaben;176;2;vermischt;ja;winkel-dreiecke;;rahmen
fundamente17;7;5 Ebene Figuren;Prüfe dein neues Fundament;178;2;test;ja;winkel-dreiecke;;rahmen
fundamente17;7;5 Ebene Figuren;Zusammenfassung;180;2;zusammenfassung;ja;winkel-dreiecke;;rahmen
fundamente17;7;6 Kongruenz und Ähnlichkeit;Kongruenz und Ähnlichkeit;181;28;kapitel;ja;;;
fundamente17;7;6 Kongruenz und Ähnlichkeit;Dein Fundament;182;2;oeffner;ja;winkel-dreiecke;;rahmen
fundamente17;7;6 Kongruenz und Ähnlichkeit;Kongruente Figuren;184;3;uk;ja;winkel-dreiecke;4;titel
fundamente17;7;6 Kongruenz und Ähnlichkeit;Kongruenzsätze;187;7;uk;ja;winkel-dreiecke;4;titel
fundamente17;7;6 Kongruenz und Ähnlichkeit;Kongruenzabbildungen;194;4;uk;ja;winkel-dreiecke;4;titel
fundamente17;7;6 Kongruenz und Ähnlichkeit;Ähnliche Figuren;198;4;uk;ja;strahlensaetze;2;titel
fundamente17;7;6 Kongruenz und Ähnlichkeit;Umfang und Flächeninhalt ähnlicher Figuren;202;2;uk;ja;strahlensaetze;2;titel
fundamente17;7;6 Kongruenz und Ähnlichkeit;Vermischte Aufgaben;204;2;vermischt;ja;strahlensaetze;;rahmen
fundamente17;7;6 Kongruenz und Ähnlichkeit;Prüfe dein neues Fundament;206;2;test;ja;strahlensaetze;;rahmen
fundamente17;7;6 Kongruenz und Ähnlichkeit;Zusammenfassung;208;2;zusammenfassung;ja;strahlensaetze;;rahmen
fundamente17;7;7 Daten;Daten;209;36;kapitel;ja;;;
fundamente17;7;7 Daten;Dein Fundament;210;2;oeffner;ja;daten;;rahmen
fundamente17;7;7 Daten;Absolute und relative Häufigkeit;212;4;uk;ja;daten;1;titel
fundamente17;7;7 Daten;Diagramme;216;4;uk;ja;daten;2;titel
fundamente17;7;7 Daten;Klasseneinteilung;220;2;uk;ja;daten;;kapitel
fundamente17;7;7 Daten;Kennwerte;222;5;uk;ja;daten;4;titel
fundamente17;7;7 Daten;Streifzug: Weitere Kennwerte;227;3;streifzug;ja;daten;4;titel
fundamente17;7;7 Daten;Tabellenkalkulation;230;4;streifzug;ja;kein Eintrag;;titel
fundamente17;7;7 Daten;Boxplots;234;4;uk;ja;daten;5;titel
fundamente17;7;7 Daten;Statistische Erhebungen;238;2;uk;ja;daten;1;titel
fundamente17;7;7 Daten;Vermischte Aufgaben;240;2;vermischt;ja;daten;;rahmen
fundamente17;7;7 Daten;Prüfe dein neues Fundament;242;2;test;ja;daten;;rahmen
fundamente17;7;7 Daten;Zusammenfassung;244;34;zusammenfassung;nein;daten;;rahmen
fundamente17;7;8 Komplexe Aufgaben;Komplexe Aufgaben;245;8;kapitel;ja;;;
fundamente17;7;9 Methoden;Methoden;253;10;kapitel;ja;;;
fundamente17;7;10 Anhang;Anhang;263;15;kapitel;ja;;;
fundamente17;7;10 Anhang;Register, Bildquellenverzeichnis;278;;anhang;letzter Eintrag;;;
fundamente17;8;1 Potenzen und Wurzeln;Potenzen und Wurzeln;7;20;kapitel;ja;;;
fundamente17;8;1 Potenzen und Wurzeln;Dein Fundament;8;2;oeffner;ja;potenzen-wurzeln;;rahmen
fundamente17;8;1 Potenzen und Wurzeln;Potenzen;10;3;uk;ja;potenzen-wurzeln;1;titel
fundamente17;8;1 Potenzen und Wurzeln;Zehnerpotenzen;13;4;uk;ja;potenzen-wurzeln;2;titel
fundamente17;8;1 Potenzen und Wurzeln;Quadratwurzeln und Kubikwurzeln;17;5;uk;ja;potenzen-wurzeln;3;titel
fundamente17;8;1 Potenzen und Wurzeln;Vermischte Aufgaben;22;2;vermischt;ja;potenzen-wurzeln;;rahmen
fundamente17;8;1 Potenzen und Wurzeln;Prüfe dein neues Fundament;24;2;test;ja;potenzen-wurzeln;;rahmen
fundamente17;8;1 Potenzen und Wurzeln;Zusammenfassung;26;2;zusammenfassung;ja;potenzen-wurzeln;;rahmen
fundamente17;8;2 Kreis;Kreis;27;26;kapitel;ja;;;
fundamente17;8;2 Kreis;Dein Fundament;28;2;oeffner;ja;kreis;;rahmen
fundamente17;8;2 Kreis;Kreise und Geraden;30;3;uk;ja;kreis;;titel
fundamente17;8;2 Kreis;Satz der Thales;33;3;uk;ja;winkel-dreiecke;5;titel
fundamente17;8;2 Kreis;Streifzug: Peripherie- und Zentriwinkel;36;2;streifzug;ja;winkel-dreiecke;;titel
fundamente17;8;2 Kreis;Umfang und Flächeninhalt eines Kreises;38;6;uk;ja;kreis;2;titel
fundamente17;8;2 Kreis;Kreisausschnitt und Kreisbogen;44;2;uk;ja;kreis;3;titel
fundamente17;8;2 Kreis;Umfang und Flächeninhalt zusammengesetzter Figuren;46;2;uk;ja;flaechen;5;titel
fundamente17;8;2 Kreis;Vermischte Aufgaben;48;2;vermischt;ja;flaechen;;rahmen
fundamente17;8;2 Kreis;Prüfe dein neues Fundament;50;2;test;ja;flaechen;;rahmen
fundamente17;8;2 Kreis;Zusammenfassung;52;2;zusammenfassung;ja;flaechen;;rahmen
fundamente17;8;3 Funktionen;Funktionen;53;36;kapitel;ja;;;
fundamente17;8;3 Funktionen;Dein Fundament;54;2;oeffner;ja;lineare-funktionen;;rahmen
fundamente17;8;3 Funktionen;Funktionen;56;3;uk;ja;lineare-funktionen;;titel
fundamente17;8;3 Funktionen;Proportionale Funktionen;59;5;uk;ja;lineare-funktionen;1;titel
fundamente17;8;3 Funktionen;Steigung;64;4;uk;ja;lineare-funktionen;2;titel
fundamente17;8;3 Funktionen;Lineare Funktionen;68;6;uk;ja;lineare-funktionen;2;titel
fundamente17;8;3 Funktionen;Streifzug: Stückweise lineare Funktionen;74;1;streifzug;ja;lineare-funktionen;2;titel
fundamente17;8;3 Funktionen;Streifzug: Funktionen mit einem CAS oder GTR zeichnen;75;1;streifzug;ja;lineare-funktionen;2;titel
fundamente17;8;3 Funktionen;Geraden durch zwei Punkte;76;2;uk;ja;lineare-funktionen;4;titel
fundamente17;8;3 Funktionen;Nullstellen;78;4;uk;ja;lineare-funktionen;3;titel
fundamente17;8;3 Funktionen;Streifzug: Antiproportionale Funktionen;82;2;streifzug;ja;lineare-funktionen;1;titel
fundamente17;8;3 Funktionen;Vermischte Aufgaben;84;2;vermischt;ja;lineare-funktionen;;rahmen
fundamente17;8;3 Funktionen;Prüfe dein neues Fundament;86;2;test;ja;lineare-funktionen;;rahmen
fundamente17;8;3 Funktionen;Zusammenfassung;88;2;zusammenfassung;ja;lineare-funktionen;;rahmen
fundamente17;8;4 Terme;Terme;89;34;kapitel;ja;;;
fundamente17;8;4 Terme;Dein Fundament;90;2;oeffner;ja;terme;;rahmen
fundamente17;8;4 Terme;Terme mit mehreren Variablen aufstellen;92;3;uk;ja;terme;6;titel
fundamente17;8;4 Terme;Terme vereinfachen;95;6;uk;ja;terme;;titel
fundamente17;8;4 Terme;Streifzug: Terme mit einem CAS darstellen;101;1;streifzug;ja;terme;;titel
fundamente17;8;4 Terme;Ausmultiplizieren einer Klammer;102;4;uk;ja;terme;3;titel
fundamente17;8;4 Terme;Ausklammern;106;2;uk;ja;terme;4;titel
fundamente17;8;4 Terme;Ausmultiplizieren von zwei Klammern;108;3;uk;ja;terme;3;titel
fundamente17;8;4 Terme;Binomische Formeln;111;4;uk;ja;binomische-formeln;2;titel
fundamente17;8;4 Terme;Streifzug: Pascal'sches Dreieck;115;2;streifzug;ja;winkel-dreiecke;;titel
fundamente17;8;4 Terme;Vermischte Aufgaben;117;3;vermischt;ja;winkel-dreiecke;;rahmen
fundamente17;8;4 Terme;Prüfe dein neues Fundament;120;2;test;ja;winkel-dreiecke;;rahmen
fundamente17;8;4 Terme;Zusammenfassung;122;2;zusammenfassung;ja;winkel-dreiecke;;rahmen
fundamente17;8;5 Lineare Gleichungssysteme;Lineare Gleichungssysteme;123;28;kapitel;ja;;;
fundamente17;8;5 Lineare Gleichungssysteme;Dein Fundament;124;2;oeffner;ja;lineare-gleichungssysteme;;rahmen
fundamente17;8;5 Lineare Gleichungssysteme;Lineare Gleichungen mit zwei Variablen;126;4;uk;ja;lineare-gleichungssysteme;1;titel
fundamente17;8;5 Lineare Gleichungssysteme;Lineare Gleichungssysteme;130;4;uk;ja;lineare-gleichungssysteme;1;titel
fundamente17;8;5 Lineare Gleichungssysteme;Gleichsetzungs- und Einsetzungsverfahren;134;4;uk;ja;lineare-gleichungssysteme;2;titel
fundamente17;8;5 Lineare Gleichungssysteme;Additionsverfahren;138;3;uk;ja;lineare-gleichungssysteme;3;titel
fundamente17;8;5 Lineare Gleichungssysteme;Eine, keine oder unendlich viele Lösungen;141;3;uk;ja;lineare-gleichungssysteme;;kapitel
fundamente17;8;5 Lineare Gleichungssysteme;Streifzug: Lineare Gleichungssysteme mit einem CAS lösen;144;2;streifzug;ja;lineare-gleichungssysteme;1;titel
fundamente17;8;5 Lineare Gleichungssysteme;Vermischte Aufgaben;146;2;vermischt;ja;lineare-gleichungssysteme;;rahmen
fundamente17;8;5 Lineare Gleichungssysteme;Prüfe dein neues Fundament;148;2;test;ja;lineare-gleichungssysteme;;rahmen
fundamente17;8;5 Lineare Gleichungssysteme;Zusammenfassung;150;2;zusammenfassung;ja;lineare-gleichungssysteme;;rahmen
fundamente17;8;6 Zufall und Wahrscheinlichkeit;Zufall und Wahrscheinlichkeit;151;34;kapitel;ja;;;
fundamente17;8;6 Zufall und Wahrscheinlichkeit;Dein Fundament;152;2;oeffner;ja;wahrscheinlichkeit;;rahmen
fundamente17;8;6 Zufall und Wahrscheinlichkeit;Zufallsexperimente und Wahrscheinlichkeit;154;4;uk;ja;wahrscheinlichkeit;2;titel
fundamente17;8;6 Zufall und Wahrscheinlichkeit;Eigenschaften der Wahrscheinlichkeit;158;4;uk;ja;wahrscheinlichkeit;2;titel
fundamente17;8;6 Zufall und Wahrscheinlichkeit;Laplace-Wahrscheinlichkeit;162;4;uk;ja;wahrscheinlichkeit;2;titel
fundamente17;8;6 Zufall und Wahrscheinlichkeit;Streifzug: Simulation von Zufallsexperimenten;166;4;streifzug;ja;wahrscheinlichkeit;2;titel
fundamente17;8;6 Zufall und Wahrscheinlichkeit;Baumdiagramme;170;2;uk;ja;wahrscheinlichkeit;3;titel
fundamente17;8;6 Zufall und Wahrscheinlichkeit;Streifzug: Bananensuche;172;2;streifzug;ja;wahrscheinlichkeit;;rahmen
fundamente17;8;6 Zufall und Wahrscheinlichkeit;Wahrscheinlichkeiten bei Baumdiagrammen;174;6;uk;ja;wahrscheinlichkeit;3;titel
fundamente17;8;6 Zufall und Wahrscheinlichkeit;Vermischte Aufgaben;180;2;vermischt;ja;wahrscheinlichkeit;;rahmen
fundamente17;8;6 Zufall und Wahrscheinlichkeit;Prüfe dein neues Fundament;182;2;test;ja;wahrscheinlichkeit;;rahmen
fundamente17;8;6 Zufall und Wahrscheinlichkeit;Zusammenfassung;184;2;zusammenfassung;ja;wahrscheinlichkeit;;rahmen
fundamente17;8;7 Körper;Körper;185;40;kapitel;ja;;;
fundamente17;8;7 Körper;Dein Fundament;186;2;oeffner;ja;koerper;;rahmen
fundamente17;8;7 Körper;Prisma - Netz und Oberflächeninhalt;188;4;uk;ja;koerper;3;titel
fundamente17;8;7 Körper;Schrägbild eines Prismas;192;2;uk;ja;koerper;3;titel
fundamente17;8;7 Körper;Volumen eines Prismas;194;4;uk;ja;koerper;3;titel
fundamente17;8;7 Körper;Zylinder - Netz und Oberflächeninhalt;198;5;uk;ja;koerper;4;titel
fundamente17;8;7 Körper;Schrägbild eines Zylinders;203;2;uk;ja;koerper;4;titel
fundamente17;8;7 Körper;Volumen eines Zylinders;205;4;uk;ja;koerper;4;titel
fundamente17;8;7 Körper;Satz des Pythagoras;209;3;uk;ja;pythagoras;1;titel
fundamente17;8;7 Körper;Pyramide – Netz und Oberflächeninhalt;212;3;uk;ja;pyramide-kegel-kugel;1;titel
fundamente17;8;7 Körper;Schrägbild und Dreitafelprojektion;215;3;uk;ja;koerper;1;titel
fundamente17;8;7 Körper;Volumen einer Pyramide;218;2;uk;ja;pyramide-kegel-kugel;1;titel
fundamente17;8;7 Körper;Vermischte Aufgaben;220;2;vermischt;ja;pyramide-kegel-kugel;;rahmen
fundamente17;8;7 Körper;Prüfe dein neues Fundament;222;2;test;ja;pyramide-kegel-kugel;;rahmen
fundamente17;8;7 Körper;Zusammenfassung;224;18;zusammenfassung;ja;pyramide-kegel-kugel;;rahmen
fundamente17;8;8 Komplexe Aufgaben;Komplexe Aufgaben;225;8;kapitel;ja;;;
fundamente17;8;9 Methoden;Methoden;233;8;kapitel;ja;;;
fundamente17;8;10 Anhang;Anhang;241;1;kapitel;ja;;;
fundamente17;8;10 Anhang;Lösungen;242;18;anhang;ja;;;
fundamente17;8;10 Anhang;Tabellen mit Zufallszahlen;260;2;anhang;ja;;;
fundamente17;8;10 Anhang;Stichwortverzeichnis, Bildquellenverzeichnis;262;;anhang;letzter Eintrag;;;
fundamente17;9;;V o r w o rt;4;2;oeffner;ja;reelle-zahlen;;rahmen
fundamente17;9;1 Reelle Zahlen und Potenzen;Reelle Zahlen und Potenzen;5;42;kapitel;ja;;;
fundamente17;9;1 Reelle Zahlen und Potenzen;Dein F u n d a m e n t;6;2;oeffner;ja;reelle-zahlen;;rahmen
fundamente17;9;1 Reelle Zahlen und Potenzen;Reelle Zahlen und Intervallschachtelung;8;4;uk;ja;reelle-zahlen;1;titel
fundamente17;9;1 Reelle Zahlen und Potenzen;Streifzug: Argumentieren und B e w e is e n;12;4;streifzug;ja;reelle-zahlen;;rahmen
fundamente17;9;1 Reelle Zahlen und Potenzen;Streifzug: Heron-Verfahren;16;2;streifzug;ja;reelle-zahlen;1;titel
fundamente17;9;1 Reelle Zahlen und Potenzen;Potenzen mit ganzzahligen E x p o n e n te n;18;4;uk;ja;reelle-zahlen;3;titel
fundamente17;9;1 Reelle Zahlen und Potenzen;Potenzgesetze;22;6;uk;ja;reelle-zahlen;2;titel
fundamente17;9;1 Reelle Zahlen und Potenzen;n-te Wurzeln und Potenzen mit rationalen Exponenten;28;4;uk;ja;reelle-zahlen;3;titel
fundamente17;9;1 Reelle Zahlen und Potenzen;Rechnen mit Potenzen und Wurzeln;32;5;uk;ja;reelle-zahlen;3;titel
fundamente17;9;1 Reelle Zahlen und Potenzen;Wurzelgleichungen;37;2;uk;ja;potenzen-wurzeln;3;titel
fundamente17;9;1 Reelle Zahlen und Potenzen;N äh eru n g sw erte;39;3;uk;ja;reelle-zahlen;1;titel
fundamente17;9;1 Reelle Zahlen und Potenzen;Vermischte A u fg a b e n;42;2;vermischt;ja;reelle-zahlen;;rahmen
fundamente17;9;1 Reelle Zahlen und Potenzen;Prüfe dein neues F u n d a m e n t;44;2;test;ja;reelle-zahlen;;rahmen
fundamente17;9;1 Reelle Zahlen und Potenzen;Zusammenfassung;46;2;zusammenfassung;ja;reelle-zahlen;;rahmen
fundamente17;9;2 Quadratische Funktionen und Gleichungen;Quadratische Funktionen und Gleichungen;47;52;kapitel;ja;;;
fundamente17;9;2 Quadratische Funktionen und Gleichungen;Dein F u n d a m e n t;48;2;oeffner;ja;quadratische-funktionen;;rahmen
fundamente17;9;2 Quadratische Funktionen und Gleichungen;Die N orm alparabel;50;3;uk;ja;quadratische-funktionen;1;titel
fundamente17;9;2 Quadratische Funktionen und Gleichungen;Strecken und Stauchen der Normalparabel;53;4;uk;ja;quadratische-funktionen;1;titel
fundamente17;9;2 Quadratische Funktionen und Gleichungen;Verschieben der Normalparabel in y-Richtung;57;3;uk;ja;quadratische-funktionen;2;titel
fundamente17;9;2 Quadratische Funktionen und Gleichungen;Verschieben der Normalparabel in x-Richtung;60;3;uk;ja;quadratische-funktionen;2;titel
fundamente17;9;2 Quadratische Funktionen und Gleichungen;Die Scheitelpunktform;63;5;uk;ja;quadratische-funktionen;2;titel
fundamente17;9;2 Quadratische Funktionen und Gleichungen;Die allgemeine und die faktorisierte F o r m;68;7;uk;ja;quadratische-funktionen;;kapitel
fundamente17;9;2 Quadratische Funktionen und Gleichungen;Einfache quadratische G leich u n gen;75;4;uk;ja;lineare-gleichungen;;titel
fundamente17;9;2 Quadratische Funktionen und Gleichungen;Quadratische Ergänzungen und die p-q-Formel;79;6;uk;ja;quadratische-gleichungen;2;titel
fundamente17;9;2 Quadratische Funktionen und Gleichungen;Grafisches Lösen durch Schnittpunktbestimmung;85;4;uk;ja;quadratische-funktionen;;kapitel
fundamente17;9;2 Quadratische Funktionen und Gleichungen;Optimierungsprobleme;89;4;uk;ja;quadratische-funktionen;1;titel
fundamente17;9;2 Quadratische Funktionen und Gleichungen;Vermischte A u fg a b e n;93;3;vermischt;ja;quadratische-funktionen;;rahmen
fundamente17;9;2 Quadratische Funktionen und Gleichungen;Prüfe dein neues Fundament;96;2;test;ja;quadratische-funktionen;;rahmen
fundamente17;9;2 Quadratische Funktionen und Gleichungen;Zusammenfassung;98;2;zusammenfassung;ja;quadratische-funktionen;;rahmen
fundamente17;9;3 Satzgruppe des Pythagoras;Satzgruppe des Pythagoras;99;26;kapitel;ja;;;
fundamente17;9;3 Satzgruppe des Pythagoras;Dein F u n d a m e n t;100;2;oeffner;ja;pythagoras;;rahmen
fundamente17;9;3 Satzgruppe des Pythagoras;Der Satz des Pythagoras;102;4;uk;ja;pythagoras;1;titel
fundamente17;9;3 Satzgruppe des Pythagoras;Längen berechnen in Figuren und Körpern;106;4;uk;ja;koerper;;titel
fundamente17;9;3 Satzgruppe des Pythagoras;Die Umkehrung des Satzes des Pythagoras;110;4;uk;ja;pythagoras;2;titel
fundamente17;9;3 Satzgruppe des Pythagoras;Streifzug: Der Höhensatz und der Kathetensatz;114;6;streifzug;ja;pythagoras;2;titel
fundamente17;9;3 Satzgruppe des Pythagoras;Vermischte A u fg a b e n;120;2;vermischt;ja;pythagoras;;rahmen
fundamente17;9;3 Satzgruppe des Pythagoras;Prüfe dein neues F u n d a m e n t;122;2;test;ja;pythagoras;;rahmen
fundamente17;9;3 Satzgruppe des Pythagoras;Zusammenfassung;124;2;zusammenfassung;ja;pythagoras;;rahmen
fundamente17;9;4 Statistische Auswertungen;Statistische Auswertungen;125;30;kapitel;ja;;;
fundamente17;9;4 Statistische Auswertungen;Dein F u n d a m e n t;126;2;oeffner;ja;daten;;rahmen
fundamente17;9;4 Statistische Auswertungen;Häufigkeitsverteilungen darstellen;128;3;uk;ja;daten;1;titel
fundamente17;9;4 Statistische Auswertungen;Klasseneinteilung von Daten und H is to g ra m m e;131;3;uk;ja;daten;6;titel
fundamente17;9;4 Statistische Auswertungen;Lagemaße und Streumaße ermitteln;134;4;uk;ja;daten;4;titel
fundamente17;9;4 Statistische Auswertungen;Streifzug: Hilfsmittel beim Auswerten von Datenreihen nutzen;138;2;streifzug;ja;daten;4;titel
fundamente17;9;4 Statistische Auswertungen;Darstellungen interpretieren;140;4;uk;ja;daten;;kapitel
fundamente17;9;4 Statistische Auswertungen;Simulation von Häufigkeitsverteilungen;144;2;uk;ja;wahrscheinlichkeit;2;titel
fundamente17;9;4 Statistische Auswertungen;Anwendungsaufgaben lösen;146;2;uk;ja;daten;;kapitel
fundamente17;9;4 Statistische Auswertungen;Vermischte A u fg a b e n;148;2;vermischt;ja;daten;;rahmen
fundamente17;9;4 Statistische Auswertungen;Streifzug: Abgedreht;150;2;streifzug;ja;daten;;rahmen
fundamente17;9;4 Statistische Auswertungen;Prüfe dein neues Fundament;152;2;test;ja;daten;;rahmen
fundamente17;9;4 Statistische Auswertungen;Zusammenfassung;154;2;zusammenfassung;ja;daten;;rahmen
fundamente17;9;5 Körperberechnungen;Körperberechnungen;155;36;kapitel;ja;;;
fundamente17;9;5 Körperberechnungen;Dein F u n d a m e n t;156;2;oeffner;ja;pyramide-kegel-kugel;;rahmen
fundamente17;9;5 Körperberechnungen;Pyramide - Netz und O b erfläch en in h alt;158;4;uk;ja;pyramide-kegel-kugel;1;titel
fundamente17;9;5 Körperberechnungen;Volumen einer P y ra m id e;162;6;uk;ja;pyramide-kegel-kugel;1;titel
fundamente17;9;5 Körperberechnungen;Kegel - Netz und Oberflächeninhalt;168;3;uk;ja;pyramide-kegel-kugel;2;titel
fundamente17;9;5 Körperberechnungen;Volumen eines K egels;171;4;uk;ja;pyramide-kegel-kugel;2;titel
fundamente17;9;5 Körperberechnungen;Volumen einer Kugel;175;3;uk;ja;pyramide-kegel-kugel;3;titel
fundamente17;9;5 Körperberechnungen;Oberflächeninhalt einer Kugel;178;4;uk;ja;pyramide-kegel-kugel;3;titel
fundamente17;9;5 Körperberechnungen;Zusammengesetzte Körper;182;4;uk;ja;koerper;5;titel
fundamente17;9;5 Körperberechnungen;Vermischte A u fg a b e n;186;2;vermischt;ja;koerper;;rahmen
fundamente17;9;5 Körperberechnungen;Prüfe dein neues Fundament;188;2;test;ja;koerper;;rahmen
fundamente17;9;5 Körperberechnungen;Zusammenfassung;190;2;zusammenfassung;ja;koerper;;rahmen
fundamente17;9;6 Potenzfunktionen;Potenzfunktionen;191;28;kapitel;ja;;;
fundamente17;9;6 Potenzfunktionen;Dein F u n d a m e n t;192;2;oeffner;ja;potenz-exponentialfunktionen;;rahmen
fundamente17;9;6 Potenzfunktionen;Potenzfunktionen mit natürlichen Exponenten;194;4;uk;ja;potenz-exponentialfunktionen;5;titel
fundamente17;9;6 Potenzfunktionen;Potenzfunktionen mit ganzzahligen Exponenten;198;4;uk;ja;potenz-exponentialfunktionen;5;titel
fundamente17;9;6 Potenzfunktionen;Wurzelfunktionen;202;2;uk;ja;potenzen-wurzeln;3;titel
fundamente17;9;6 Potenzfunktionen;Potenzgleichungen;204;2;uk;ja;potenzen-wurzeln;1;titel
fundamente17;9;6 Potenzfunktionen;Funktionen der Form y = a xn + d;206;5;uk;ja;lineare-funktionen;;titel
fundamente17;9;6 Potenzfunktionen;Umkehrfunktionen;211;3;uk;ja;lineare-funktionen;;titel
fundamente17;9;6 Potenzfunktionen;Vermischte A u fg a b e n;214;2;vermischt;ja;lineare-funktionen;;rahmen
fundamente17;9;6 Potenzfunktionen;Prüfe dein neues Fundament;216;2;test;ja;lineare-funktionen;;rahmen
fundamente17;9;6 Potenzfunktionen;Zusammenfassung;218;16;zusammenfassung;ja;lineare-funktionen;;rahmen
fundamente17;9;7 Komplexe Aufgaben;Komplexe Aufgaben;219;6;kapitel;ja;;;
fundamente17;9;8 Methoden;Methoden;225;8;kapitel;ja;;;
fundamente17;9;9 Anhang;Anhang;233;1;kapitel;ja;;;
fundamente17;9;9 Anhang;Lösungen;234;15;anhang;ja;;;
fundamente17;9;9 Anhang;Umgang mit einem GTR oder C A S;249;4;anhang;ja;;;
fundamente17;9;9 Anhang;Bildquellenverzeichnis;253;1;anhang;ja;;;
fundamente17;9;9 Anhang;Stichwortverzeichnis;254;2;anhang;ja;;;
fundamente17;9;9 Anhang;Im pressum;256;;anhang;letzter Eintrag;;;
fundamente17;10;;Vorwort;4;2;oeffner;ja;trigonometrie;;rahmen
fundamente17;10;1 Trigonometrie;Trigonometrie;5;36;kapitel;ja;;;
fundamente17;10;1 Trigonometrie;Dein Fundament;6;2;oeffner;ja;trigonometrie;;rahmen
fundamente17;10;1 Trigonometrie;Sinus und Kosinus;8;5;uk;ja;trigonometrie;1;titel
fundamente17;10;1 Trigonometrie;Tangens;13;6;uk;ja;trigonometrie;1;titel
fundamente17;10;1 Trigonometrie;Berechnungen an rechtwinkligen Dreiecken;19;4;uk;ja;winkel-dreiecke;;titel
fundamente17;10;1 Trigonometrie;Sinussatz;23;5;uk;ja;trigonometrie;4;titel
fundamente17;10;1 Trigonometrie;Streifzug: Sinus und Kosinus für beliebige Winkel;28;2;streifzug;ja;trigonometrie;4;titel
fundamente17;10;1 Trigonometrie;Kosinussatz;30;6;uk;ja;trigonometrie;4;titel
fundamente17;10;1 Trigonometrie;Vermischte Aufgaben;36;2;vermischt;ja;trigonometrie;;rahmen
fundamente17;10;1 Trigonometrie;Prüfe dein neues Fundament;38;2;test;ja;trigonometrie;;rahmen
fundamente17;10;1 Trigonometrie;Zusammenfassung;40;2;zusammenfassung;ja;trigonometrie;;rahmen
fundamente17;10;2 Exponentielle Zusammenhänge;Exponentielle Zusammenhänge;41;38;kapitel;ja;;;
fundamente17;10;2 Exponentielle Zusammenhänge;Dein Fundament;42;2;oeffner;ja;potenz-exponentialfunktionen;;rahmen
fundamente17;10;2 Exponentielle Zusammenhänge;Exponentielles Wachstum;44;6;uk;ja;potenz-exponentialfunktionen;3;titel
fundamente17;10;2 Exponentielle Zusammenhänge;Prozentuale Wachstumsrate und Zinseszins;50;4;uk;ja;zinsrechnung;2;titel
fundamente17;10;2 Exponentielle Zusammenhänge;Exponentielle Abnahme;54;3;uk;ja;potenz-exponentialfunktionen;3;titel
fundamente17;10;2 Exponentielle Zusammenhänge;Exponentialfunktionen;57;6;uk;ja;potenz-exponentialfunktionen;3;titel
fundamente17;10;2 Exponentielle Zusammenhänge;Wachstumsvorgänge modellieren;63;5;uk;ja;potenz-exponentialfunktionen;3;titel
fundamente17;10;2 Exponentielle Zusammenhänge;Exponentialgleichungen und Logarithmus;68;4;uk;ja;potenz-exponentialfunktionen;3;titel
fundamente17;10;2 Exponentielle Zusammenhänge;Streifzug: Regression;72;2;streifzug;ja;potenz-exponentialfunktionen;;rahmen
fundamente17;10;2 Exponentielle Zusammenhänge;Vermischte Aufgaben;74;2;vermischt;ja;potenz-exponentialfunktionen;;rahmen
fundamente17;10;2 Exponentielle Zusammenhänge;Prüfe dein neues Fundament;76;2;test;ja;potenz-exponentialfunktionen;;rahmen
fundamente17;10;2 Exponentielle Zusammenhänge;Zusammenfassung;78;2;zusammenfassung;ja;potenz-exponentialfunktionen;;rahmen
fundamente17;10;3 Periodische Vorgänge;Periodische Vorgänge;79;34;kapitel;ja;;;
fundamente17;10;3 Periodische Vorgänge;Dein Fundament;80;2;oeffner;ja;trigonometrische-funktionen;;rahmen
fundamente17;10;3 Periodische Vorgänge;Periodische Vorgänge;82;3;uk;ja;trigonometrische-funktionen;4;titel
fundamente17;10;3 Periodische Vorgänge;Sinusfunktion und Kosinusfunktion;85;5;uk;ja;trigonometrische-funktionen;2;titel
fundamente17;10;3 Periodische Vorgänge;Streifzug: Paare suchen!;90;2;streifzug;ja;trigonometrische-funktionen;;rahmen
fundamente17;10;3 Periodische Vorgänge;Winkel im Bogenmaß;92;5;uk;ja;trigonometrische-funktionen;1;titel
fundamente17;10;3 Periodische Vorgänge;Sinusfunktionen mit Parametern;97;7;uk;ja;trigonometrische-funktionen;3;titel
fundamente17;10;3 Periodische Vorgänge;Periodische Vorgänge modellieren;104;3;uk;ja;trigonometrische-funktionen;4;titel
fundamente17;10;3 Periodische Vorgänge;Vermischte Aufgaben;107;3;vermischt;ja;trigonometrische-funktionen;;rahmen
fundamente17;10;3 Periodische Vorgänge;Prüfe dein neues Fundament;110;2;test;ja;trigonometrische-funktionen;;rahmen
fundamente17;10;3 Periodische Vorgänge;Zusammenfassung;112;2;zusammenfassung;ja;trigonometrische-funktionen;;rahmen
fundamente17;10;4 Kombinatorik - Wahrscheinlichkeit;Kombinatorik - Wahrscheinlichkeit;113;30;kapitel;ja;;;
fundamente17;10;4 Kombinatorik - Wahrscheinlichkeit;Dein Fundament;114;2;oeffner;ja;wahrscheinlichkeit;;rahmen
fundamente17;10;4 Kombinatorik - Wahrscheinlichkeit;Wiederholung: Mehrstufige Zufallsexperimente;116;5;vermischt;ja;trigonometrische-funktionen;;rahmen
fundamente17;10;4 Kombinatorik - Wahrscheinlichkeit;Sinnvoller Umgang mit Baumdiagrammen;121;5;uk;ja;wahrscheinlichkeit;3;titel
fundamente17;10;4 Kombinatorik - Wahrscheinlichkeit;Urnenmodell - Ziehen mit und ohne Zurücklegen;126;4;uk;ja;wahrscheinlichkeit;4;titel
fundamente17;10;4 Kombinatorik - Wahrscheinlichkeit;Urnenmodell - Ziehen ohne Reihenfolge;130;4;uk;ja;wahrscheinlichkeit;2;titel
fundamente17;10;4 Kombinatorik - Wahrscheinlichkeit;Simulationen;134;4;uk;ja;wahrscheinlichkeit;2;titel
fundamente17;10;4 Kombinatorik - Wahrscheinlichkeit;Vermischte Aufgaben;138;2;vermischt;ja;wahrscheinlichkeit;;rahmen
fundamente17;10;4 Kombinatorik - Wahrscheinlichkeit;Prüfe dein neues Fundament;140;2;test;ja;wahrscheinlichkeit;;rahmen
fundamente17;10;4 Kombinatorik - Wahrscheinlichkeit;Zusammenfassung;142;2;zusammenfassung;ja;wahrscheinlichkeit;;rahmen
fundamente17;10;5 Ganzrationale Funktionen;Ganzrationale Funktionen;143;26;kapitel;ja;;;
fundamente17;10;5 Ganzrationale Funktionen;Dein Fundament;144;2;oeffner;ja;lineare-funktionen;;rahmen
fundamente17;10;5 Ganzrationale Funktionen;Grundlagen zu Funktionen;146;4;uk;ja;lineare-funktionen;;titel
fundamente17;10;5 Ganzrationale Funktionen;Ganzrationale Funktionen;150;3;uk;ja;kein Eintrag (Sek-II-Stoff);;titel
fundamente17;10;5 Ganzrationale Funktionen;Besondere Punkte am Graphen einer Funktion;153;4;uk;ja;lineare-funktionen;3;titel
fundamente17;10;5 Ganzrationale Funktionen;Nullstellen;157;4;uk;ja;lineare-funktionen;3;titel
fundamente17;10;5 Ganzrationale Funktionen;Streifzug: Polynomdivision;161;2;streifzug;ja;kein Eintrag (Sek-II-Stoff);;titel
fundamente17;10;5 Ganzrationale Funktionen;Vermischte Aufgaben;163;3;vermischt;ja;lineare-funktionen;;rahmen
fundamente17;10;5 Ganzrationale Funktionen;Prüfe dein neues Fundament;166;2;test;ja;lineare-funktionen;;rahmen
fundamente17;10;5 Ganzrationale Funktionen;Zusammenfassung;168;2;zusammenfassung;ja;lineare-funktionen;;rahmen
fundamente17;10;6 Änderungsraten deuten und bestimmen;Änderungsraten deuten und bestimmen;169;22;kapitel;ja;;;
fundamente17;10;6 Änderungsraten deuten und bestimmen;Dein Fundament;170;2;oeffner;ja;lineare-funktionen;;rahmen
fundamente17;10;6 Änderungsraten deuten und bestimmen;Mittlere Änderungsrate;172;3;uk;ja;kein Eintrag (Sek-II-Stoff);;titel
fundamente17;10;6 Änderungsraten deuten und bestimmen;Lokale Änderungsrate - Ableitung;175;6;uk;ja;kein Eintrag (Sek-II-Stoff);;titel
fundamente17;10;6 Änderungsraten deuten und bestimmen;Streifzug: Differenzierbarkeit;181;1;streifzug;ja;lineare-funktionen;;rahmen
fundamente17;10;6 Änderungsraten deuten und bestimmen;Graph der Ableitungsfunktion;182;4;uk;ja;kein Eintrag (Sek-II-Stoff);;titel
fundamente17;10;6 Änderungsraten deuten und bestimmen;Vermischte Aufgaben;186;2;vermischt;ja;lineare-funktionen;;rahmen
fundamente17;10;6 Änderungsraten deuten und bestimmen;Prüfe dein neues Fundament;188;2;test;ja;lineare-funktionen;;rahmen
fundamente17;10;6 Änderungsraten deuten und bestimmen;Zusammenfassung;190;18;zusammenfassung;ja;lineare-funktionen;;rahmen
fundamente17;10;7 Komplexe Aufgaben;Komplexe Aufgaben;191;6;kapitel;ja;;;
fundamente17;10;8 Digitale Mathewerkzeuge;Digitale Mathewerkzeuge;197;10;kapitel;ja;;;
fundamente17;10;9 Anhang;Anhang;207;1;kapitel;ja;;;
fundamente17;10;9 Anhang;Lösungen;208;13;anhang;ja;;;
fundamente17;10;9 Anhang;Bildquellenverzeichnis;221;1;anhang;ja;;;
fundamente17;10;9 Anhang;Stichwortverzeichnis;222;2;anhang;ja;;;
fundamente17;10;9 Anhang;Impressum;224;;anhang;letzter Eintrag;;;
fundamente24;7;0 Vorbereitung zur Lernausgangslage;Vorbereitung zur Lernausgangslage;5;6;kapitel;ja;;;
fundamente24;7;0 Vorbereitung zur Lernausgangslage;Deine Grundlagen aus der Grundschulzeit;6;6;oeffner;ja;zuordnungen;;rahmen
fundamente24;7;1 Zuordnungen und Proportionalität;Zuordnungen und Proportionalität;11;32;kapitel;ja;;;
fundamente24;7;1 Zuordnungen und Proportionalität;Dein Fundament;12;2;oeffner;ja;zuordnungen;;rahmen
fundamente24;7;1 Zuordnungen und Proportionalität;Zuordnungen.*;14;4;uk;ja;zuordnungen;1;titel
fundamente24;7;1 Zuordnungen und Proportionalität;Grafische Darstellung;18;4;uk;ja;zuordnungen;;kapitel
fundamente24;7;1 Zuordnungen und Proportionalität;Proportionale Zuordnungen;22;4;uk;ja;zuordnungen;2;titel
fundamente24;7;1 Zuordnungen und Proportionalität;Dreisatz für proportionale Zuordnungen;26;4;uk;ja;zuordnungen;2;titel
fundamente24;7;1 Zuordnungen und Proportionalität;Antiproportionale Zuordnungen;30;4;uk;ja;zuordnungen;3;titel
fundamente24;7;1 Zuordnungen und Proportionalität;Dreisatz für antiproportionaleZuordnungen;34;3;uk;ja;zuordnungen;3;titel
fundamente24;7;1 Zuordnungen und Proportionalität;Vermischte Aufgaben;37;3;vermischt;ja;zuordnungen;;rahmen
fundamente24;7;1 Zuordnungen und Proportionalität;Prüfedein neues Fundament;40;2;test;ja;zuordnungen;;rahmen
fundamente24;7;1 Zuordnungen und Proportionalität;Zusammenfassung;42;2;zusammenfassung;ja;zuordnungen;;rahmen
fundamente24;7;2 Prozent- und Zinsrechnung;Prozent- und Zinsrechnung;43;32;kapitel;ja;;;
fundamente24;7;2 Prozent- und Zinsrechnung;Dein Fundament;44;2;oeffner;ja;prozentrechnung;;rahmen
fundamente24;7;2 Prozent- und Zinsrechnung;Prozentschreibweise;46;4;uk;ja;prozentrechnung;1;titel
fundamente24;7;2 Prozent- und Zinsrechnung;Grundbegriffeder Prozentrechnung;50;2;uk;ja;prozentrechnung;1;titel
fundamente24;7;2 Prozent- und Zinsrechnung;Prozentwert berechnen;52;2;uk;ja;prozentrechnung;3;titel
fundamente24;7;2 Prozent- und Zinsrechnung;Prozentsatz berechnen;54;2;uk;ja;prozentrechnung;2;titel
fundamente24;7;2 Prozent- und Zinsrechnung;Grundwert berechnen;56;2;uk;ja;prozentrechnung;4;titel
fundamente24;7;2 Prozent- und Zinsrechnung;Streifzug: Promille;58;2;streifzug;ja;prozentrechnung;;titel
fundamente24;7;2 Prozent- und Zinsrechnung;Prozentuale Veränderung;60;5;uk;ja;prozentrechnung;5;titel
fundamente24;7;2 Prozent- und Zinsrechnung;Zinsen;65;3;uk;ja;zinsrechnung;1;titel
fundamente24;7;2 Prozent- und Zinsrechnung;Streifzug: Sparpläne und Tilgungspläne mit Tabellenkalkulationen;68;2;streifzug;ja;zinsrechnung;2;titel
fundamente24;7;2 Prozent- und Zinsrechnung;Vermischte Aufgaben;70;2;vermischt;ja;zinsrechnung;;rahmen
fundamente24;7;2 Prozent- und Zinsrechnung;Prüfe dein neues Fundament;72;2;test;ja;zinsrechnung;;rahmen
fundamente24;7;2 Prozent- und Zinsrechnung;Zusammenfassung;74;2;zusammenfassung;ja;zinsrechnung;;rahmen
fundamente24;7;3 Rationale Zahlen;Rationale Zahlen;75;36;kapitel;ja;;;
fundamente24;7;3 Rationale Zahlen;Dein Fundament;76;2;oeffner;ja;rationale-zahlen;;rahmen
fundamente24;7;3 Rationale Zahlen;Ganze Zahlen und Zahlengerade;78;2;uk;ja;rationale-zahlen;1;titel
fundamente24;7;3 Rationale Zahlen;Erweiterung des Koordinatensystems;80;2;uk;ja;symmetrie-abbildungen;1;titel
fundamente24;7;3 Rationale Zahlen;Ganze Zahlen vergleichen und ordnen;82;2;uk;ja;rationale-zahlen;1;titel
fundamente24;7;3 Rationale Zahlen;Zustandsänderungen;84;3;uk;ja;rationale-zahlen;2;titel
fundamente24;7;3 Rationale Zahlen;Rationale Zahlen;87;2;uk;ja;rationale-zahlen;1;titel
fundamente24;7;3 Rationale Zahlen;Rationale Zahlen addieren und subtrahieren;89;6;uk;ja;rationale-zahlen;2;titel
fundamente24;7;3 Rationale Zahlen;Rationale Zahlen multiplizieren und dividieren;95;4;uk;ja;rationale-zahlen;3;titel
fundamente24;7;3 Rationale Zahlen;Streifzug: Rechenspiele;99;1;streifzug;ja;rationale-zahlen;;rahmen
fundamente24;7;3 Rationale Zahlen;Rechnen mit allen Grundrechenarten;100;2;uk;ja;rationale-zahlen;3;titel
fundamente24;7;3 Rationale Zahlen;Streifzug: Den Taschenrechner kennenlernen;102;2;streifzug;ja;kein Eintrag;;titel
fundamente24;7;3 Rationale Zahlen;Ausmultiplizieren und Ausklammern;104;3;uk;ja;terme;4;titel
fundamente24;7;3 Rationale Zahlen;Vermischte Aufgaben;107;1;vermischt;ja;terme;;rahmen
fundamente24;7;3 Rationale Zahlen;Prüfe dein neues Fundament;108;2;test;ja;terme;;rahmen
fundamente24;7;3 Rationale Zahlen;Zusammenfassung;110;2;zusammenfassung;ja;terme;;rahmen
fundamente24;7;4 Geometrische Konstruktionen;Geometrische Konstruktionen;111;46;kapitel;ja;;;
fundamente24;7;4 Geometrische Konstruktionen;Dein Fundament;112;2;oeffner;ja;kreis;;rahmen
fundamente24;7;4 Geometrische Konstruktionen;Kreis;114;3;uk;ja;kreis;;titel
fundamente24;7;4 Geometrische Konstruktionen;Senkrecht und parallel;117;3;uk;ja;winkel-dreiecke;2;titel
fundamente24;7;4 Geometrische Konstruktionen;Dreiecke;120;4;uk;ja;winkel-dreiecke;;titel
fundamente24;7;4 Geometrische Konstruktionen;Winkelsumme im Dreieck;124;4;uk;ja;winkel-dreiecke;3;titel
fundamente24;7;4 Geometrische Konstruktionen;Dynamische Geometrie-Software;128;3;uk;ja;kein Eintrag;;titel
fundamente24;7;4 Geometrische Konstruktionen;Kongruenzsätze;131;6;uk;ja;winkel-dreiecke;4;titel
fundamente24;7;4 Geometrische Konstruktionen;Probleme lösen mit Dreieckskonstruktionen;137;3;uk;ja;winkel-dreiecke;4;titel
fundamente24;7;4 Geometrische Konstruktionen;Mittelsenkrechte und Winkelhalbierende;140;3;uk;ja;winkel-dreiecke;5;titel
fundamente24;7;4 Geometrische Konstruktionen;Umkreis und Inkreis beim Dreieck;143;4;uk;ja;winkel-dreiecke;5;titel
fundamente24;7;4 Geometrische Konstruktionen;Höhe und Seitenhalbierende im Dreieck;147;4;uk;ja;winkel-dreiecke;5;titel
fundamente24;7;4 Geometrische Konstruktionen;Vermischte Aufgaben;151;3;vermischt;ja;winkel-dreiecke;;rahmen
fundamente24;7;4 Geometrische Konstruktionen;Prüfe dein neues Fundament;154;2;test;ja;winkel-dreiecke;;rahmen
fundamente24;7;4 Geometrische Konstruktionen;Zusammenfassung;156;2;zusammenfassung;ja;winkel-dreiecke;;rahmen
fundamente24;7;5 Terme und Gleichungen;Terme und Gleichungen;157;63;kapitel;ja;;;
fundamente24;7;5 Terme und Gleichungen;Dein Fundament;158;2;oeffner;ja;terme;;rahmen
fundamente24;7;5 Terme und Gleichungen;Variablen und Terme;160;4;uk;ja;terme;;titel
fundamente24;7;5 Terme und Gleichungen;Terme vereinfachen;164;3;uk;ja;terme;;titel
fundamente24;7;5 Terme und Gleichungen;Gleichungen;167;3;uk;ja;lineare-gleichungen;;titel
fundamente24;7;5 Terme und Gleichungen;Streifzug: Sprache in der Mathematik;170;2;streifzug;ja;lineare-gleichungen;;rahmen
fundamente24;7;5 Terme und Gleichungen;Äquivalenzumformungen;172;4;uk;ja;lineare-gleichungen;2;titel
fundamente24;7;5 Terme und Gleichungen;Sonderfälle beim Lösen von Gleichungen;176;2;uk;ja;lineare-gleichungen;;titel
fundamente24;7;5 Terme und Gleichungen;Mit Gleichungen modellieren;178;4;uk;ja;lineare-gleichungen;;titel
fundamente24;7;5 Terme und Gleichungen;Streifzug: Gleichungen mit einem CASlösen;182;2;streifzug;ja;lineare-gleichungen;;titel
fundamente24;7;5 Terme und Gleichungen;Verhältnisgleichungen und Bruchgleichungen;184;3;uk;ja;zuordnungen;2;titel
fundamente24;7;5 Terme und Gleichungen;Ungleichungen;187;2;uk;ja;lineare-gleichungen;;titel
fundamente24;7;5 Terme und Gleichungen;Vermischte Aufgaben;189;3;vermischt;ja;lineare-gleichungen;;rahmen
fundamente24;7;5 Terme und Gleichungen;Prüfe dein neues Fundament;192;2;test;ja;lineare-gleichungen;;rahmen
fundamente24;7;5 Terme und Gleichungen;Zusammenfassung;194;2;zusammenfassung;ja;lineare-gleichungen;;rahmen
fundamente24;7;5 Terme und Gleichungen;Dein Fundament;196;2;oeffner;ja;flaechen;;rahmen
fundamente24;7;5 Terme und Gleichungen;Flächeninhalt eines Dreiecks;198;4;uk;ja;flaechen;3;titel
fundamente24;7;5 Terme und Gleichungen;Winkelsumme im Viereck;202;2;uk;ja;winkel-dreiecke;3;titel
fundamente24;7;5 Terme und Gleichungen;Flächeninhalt eines Parallelogramms;204;4;uk;ja;flaechen;2;titel
fundamente24;7;5 Terme und Gleichungen;Flächeninhalt von Trapez und Drachenviereck;208;4;uk;ja;flaechen;4;titel
fundamente24;7;5 Terme und Gleichungen;Streifzug: Flächeninhalt beliebiger Figuren;212;3;streifzug;ja;flaechen;5;titel
fundamente24;7;5 Terme und Gleichungen;Vermischte Aufgaben;215;1;vermischt;ja;flaechen;;rahmen
fundamente24;7;5 Terme und Gleichungen;Prüfe dein neues Fundament;216;2;test;ja;flaechen;;rahmen
fundamente24;7;5 Terme und Gleichungen;Zusammenfassung;218;2;zusammenfassung;ja;flaechen;;rahmen
fundamente24;7;7 Daten;Daten;220;36;kapitel;ja;;;
fundamente24;7;7 Daten;Dein Fundament;220;2;oeffner;ja;daten;;rahmen
fundamente24;7;7 Daten;Absolute und relative Häufigkeit;222;4;uk;ja;daten;1;titel
fundamente24;7;7 Daten;Diagramme;226;4;uk;ja;daten;2;titel
fundamente24;7;7 Daten;Klasseneinteilung und Histogramme;230;4;uk;ja;daten;6;titel
fundamente24;7;7 Daten;Kennwerte;234;4;uk;ja;daten;4;titel
fundamente24;7;7 Daten;Ta bellen kalkulation;238;4;uk;ja;kein Eintrag;;titel
fundamente24;7;7 Daten;Boxplots;242;4;uk;ja;daten;5;titel
fundamente24;7;7 Daten;Statistische Erhebungen;246;3;uk;ja;daten;1;titel
fundamente24;7;7 Daten;Vermischte Aufgaben;249;3;vermischt;ja;daten;;rahmen
fundamente24;7;7 Daten;Prüfe dein neues Fundament;252;2;test;ja;daten;;rahmen
fundamente24;7;7 Daten;Zusammenfassung;254;2;zusammenfassung;ja;daten;;rahmen
fundamente24;7;8 Ähnlichkeit;Ähnlichkeit;256;20;kapitel;ja;;;
fundamente24;7;8 Ähnlichkeit;Dein Fundament;256;2;oeffner;ja;winkel-dreiecke;;rahmen
fundamente24;7;8 Ähnlichkeit;Kongruente Figuren;258;3;uk;ja;winkel-dreiecke;4;titel
fundamente24;7;8 Ähnlichkeit;Kongruenzabbildungen;261;4;uk;ja;winkel-dreiecke;4;titel
fundamente24;7;8 Ähnlichkeit;Ähnliche Figuren;265;3;uk;ja;strahlensaetze;2;titel
fundamente24;7;8 Ähnlichkeit;Umfang und Flächeninhalt ähnlicher Figuren;268;2;uk;ja;strahlensaetze;2;titel
fundamente24;7;8 Ähnlichkeit;Streifzug: CAS-Einsatz bei Ähnlichkeit;270;1;streifzug;ja;strahlensaetze;2;titel
fundamente24;7;8 Ähnlichkeit;Vermischte Aufgaben;271;1;vermischt;ja;strahlensaetze;;rahmen
fundamente24;7;8 Ähnlichkeit;Prüfe dein neues Fundament;272;2;test;ja;strahlensaetze;;rahmen
fundamente24;7;8 Ähnlichkeit;Zusammenfassung;274;2;zusammenfassung;ja;strahlensaetze;;rahmen
fundamente24;7;9 Methoden;Methoden;276;4;kapitel;ja;;;
fundamente24;7;9 Methoden;Methodenkarten;276;4;streifzug;ja;kein Eintrag;;titel
fundamente24;7;10 Anhang;Anhang;280;0;kapitel;ja;;;
fundamente24;7;10 Anhang;Losungen;280;;anhang;letzter Eintrag;;;
fundamente24;8;1 Ähnlichkeit;Ähnlichkeit;5;27;kapitel;ja;;;
fundamente24;8;1 Ähnlichkeit;Dein Fundament;6;2;oeffner;ja;winkel-dreiecke;;rahmen
fundamente24;8;1 Ähnlichkeit;Kongruente Figuren;8;3;uk;ja;winkel-dreiecke;4;titel
fundamente24;8;1 Ähnlichkeit;Kongruenzabbildungen;11;4;uk;ja;winkel-dreiecke;4;titel
fundamente24;8;1 Ähnlichkeit;Ähnliche Figuren;15;3;uk;ja;strahlensaetze;2;titel
fundamente24;8;1 Ähnlichkeit;Umfang und Flächeninhalt ähnlicher Figuren;18;2;uk;ja;strahlensaetze;2;titel
fundamente24;8;1 Ähnlichkeit;Streifzug: Strahlensätze;20;4;streifzug;ja;strahlensaetze;3;titel
fundamente24;8;1 Ähnlichkeit;Streifzug: CAS-Einsatz bei Ähnlichkeit;24;1;streifzug;ja;strahlensaetze;2;titel
fundamente24;8;1 Ähnlichkeit;Vermischte Aufgaben;25;3;vermischt;ja;strahlensaetze;;rahmen
fundamente24;8;1 Ähnlichkeit;Zusammenfassung;28;4;zusammenfassung;ja;strahlensaetze;;rahmen
fundamente24;8;2 Terme;Terme;32;34;kapitel;ja;;;
fundamente24;8;2 Terme;Terme mit mehreren Variablen aufstellen;32;3;uk;ja;terme;6;titel
fundamente24;8;2 Terme;Terme zusammenfassen;35;3;uk;ja;terme;1;titel
fundamente24;8;2 Terme;Terme vereinfachen;38;3;uk;ja;terme;;titel
fundamente24;8;2 Terme;Vorrangregeln bei Termen;41;2;uk;ja;rationale-zahlen;3;titel
fundamente24;8;2 Terme;Ausmultiplizieren einer Klammer;43;3;uk;ja;terme;3;titel
fundamente24;8;2 Terme;Ausklammern;46;2;uk;ja;terme;4;titel
fundamente24;8;2 Terme;Ausmultiplizieren von zwei Klammern;48;3;uk;ja;terme;3;titel
fundamente24;8;2 Terme;Die binomischen Formeln;51;5;uk;ja;binomische-formeln;2;titel
fundamente24;8;2 Terme;Streifzug: Direktes Beweisen;56;2;streifzug;ja;binomische-formeln;;rahmen
fundamente24;8;2 Terme;Streifzug: CAS-Einsatz bei Termen;58;2;streifzug;ja;terme;;titel
fundamente24;8;2 Terme;Vermischte Aufgaben;60;2;vermischt;ja;terme;;rahmen
fundamente24;8;2 Terme;Prüfe dein neues Fundament;62;2;test;ja;terme;;rahmen
fundamente24;8;2 Terme;Zusammenfassung;64;2;zusammenfassung;ja;terme;;rahmen
fundamente24;8;3 /Zufall und Wahrscheinlichkeit;/Zufall und Wahrscheinlichkeit;66;31;kapitel;ja;;;
fundamente24;8;3 /Zufall und Wahrscheinlichkeit;Dein Fundament;66;2;oeffner;ja;wahrscheinlichkeit;;rahmen
fundamente24;8;3 /Zufall und Wahrscheinlichkeit;Zufallsexperimente und Wahrscheinlichkeit;68;4;uk;ja;wahrscheinlichkeit;2;titel
fundamente24;8;3 /Zufall und Wahrscheinlichkeit;Eigenschaften der Wahrscheinlichkeit;72;4;uk;ja;wahrscheinlichkeit;2;titel
fundamente24;8;3 /Zufall und Wahrscheinlichkeit;Laplace-Experimente;76;5;uk;ja;wahrscheinlichkeit;2;titel
fundamente24;8;3 /Zufall und Wahrscheinlichkeit;Streifzug: Simulation von Zufallsexperimenten;81;3;streifzug;ja;wahrscheinlichkeit;2;titel
fundamente24;8;3 /Zufall und Wahrscheinlichkeit;Baumdiagramme;84;2;uk;ja;wahrscheinlichkeit;3;titel
fundamente24;8;3 /Zufall und Wahrscheinlichkeit;Wahrscheinlichkeiten und Baumdiagramme;86;6;uk;ja;wahrscheinlichkeit;3;titel
fundamente24;8;3 /Zufall und Wahrscheinlichkeit;Vermischte Aufgaben;92;2;vermischt;ja;wahrscheinlichkeit;;rahmen
fundamente24;8;3 /Zufall und Wahrscheinlichkeit;Prüfe dein neues Fundament;94;2;test;ja;wahrscheinlichkeit;;rahmen
fundamente24;8;3 /Zufall und Wahrscheinlichkeit;Zusammenfassung;96;2;zusammenfassung;ja;wahrscheinlichkeit;;rahmen
fundamente24;8;4 Lineare Funktionen;Lineare Funktionen;97;40;kapitel;ja;;;
fundamente24;8;4 Lineare Funktionen;Dein Fundament;98;2;oeffner;ja;lineare-funktionen;;rahmen
fundamente24;8;4 Lineare Funktionen;Funktionen;100;3;uk;ja;lineare-funktionen;;titel
fundamente24;8;4 Lineare Funktionen;Proportionale Funktionen;103;5;uk;ja;lineare-funktionen;1;titel
fundamente24;8;4 Lineare Funktionen;Steigung;108;4;uk;ja;lineare-funktionen;2;titel
fundamente24;8;4 Lineare Funktionen;Lineare Funktionen;112;6;uk;ja;lineare-funktionen;2;titel
fundamente24;8;4 Lineare Funktionen;Geraden durch zwei Punkte;118;3;uk;ja;lineare-funktionen;4;titel
fundamente24;8;4 Lineare Funktionen;Nullstellen;121;3;uk;ja;lineare-funktionen;3;titel
fundamente24;8;4 Lineare Funktionen;Mit linearen Funktionen modellieren;124;3;uk;ja;lineare-funktionen;5;titel
fundamente24;8;4 Lineare Funktionen;Streifzug: CAS-Einsatz bei Funktionen;127;5;streifzug;ja;lineare-funktionen;;titel
fundamente24;8;4 Lineare Funktionen;Vermischte Aufgaben;132;2;vermischt;ja;lineare-funktionen;;rahmen
fundamente24;8;4 Lineare Funktionen;Prüfe dein neues Fundament;134;2;test;ja;lineare-funktionen;;rahmen
fundamente24;8;4 Lineare Funktionen;Zusammenfassung;136;2;zusammenfassung;ja;lineare-funktionen;;rahmen
fundamente24;8;5 Lineare Gleichungssysteme;Lineare Gleichungssysteme;137;32;kapitel;ja;;;
fundamente24;8;5 Lineare Gleichungssysteme;Dein Fundament;138;2;oeffner;ja;lineare-gleichungssysteme;;rahmen
fundamente24;8;5 Lineare Gleichungssysteme;Lineare Gleichungen mit zwei Variablen;140;4;uk;ja;lineare-gleichungssysteme;1;titel
fundamente24;8;5 Lineare Gleichungssysteme;Lineare Gleichungssysteme;144;4;uk;ja;lineare-gleichungssysteme;1;titel
fundamente24;8;5 Lineare Gleichungssysteme;Gleichsetzungs- und Einsetzungsverfahren;148;4;uk;ja;lineare-gleichungssysteme;2;titel
fundamente24;8;5 Lineare Gleichungssysteme;Additionsverfahren;152;3;uk;ja;lineare-gleichungssysteme;3;titel
fundamente24;8;5 Lineare Gleichungssysteme;Sonderfälle beim rechnerischen Lösen;155;2;uk;ja;lineare-gleichungssysteme;;kapitel
fundamente24;8;5 Lineare Gleichungssysteme;Mit Gleichungssystemen modellieren;157;3;uk;ja;lineare-gleichungssysteme;1;titel
fundamente24;8;5 Lineare Gleichungssysteme;Streifzug: Lineare Gleichungssysteme mit drei Gleichungen und der Gauß-Algorithmus;160;2;streifzug;ja;kein Eintrag;;titel
fundamente24;8;5 Lineare Gleichungssysteme;Streifzug: CAS-Einsatz bei linearen Gleichungssystemen;162;2;streifzug;ja;lineare-gleichungssysteme;1;titel
fundamente24;8;5 Lineare Gleichungssysteme;Vermischte Aufgaben;164;2;vermischt;ja;lineare-gleichungssysteme;;rahmen
fundamente24;8;5 Lineare Gleichungssysteme;Prüfe dein neues Fundament;166;2;test;ja;lineare-gleichungssysteme;;rahmen
fundamente24;8;5 Lineare Gleichungssysteme;Zusammenfassung;168;2;zusammenfassung;ja;lineare-gleichungssysteme;;rahmen
fundamente24;8;6 Potenzen und Wurzeln;Potenzen und Wurzeln;169;18;kapitel;ja;;;
fundamente24;8;6 Potenzen und Wurzeln;Dein Fundament;170;2;oeffner;ja;potenzen-wurzeln;;rahmen
fundamente24;8;6 Potenzen und Wurzeln;Potenzieren;172;3;uk;ja;potenzen-wurzeln;1;titel
fundamente24;8;6 Potenzen und Wurzeln;Wissenschaftliche Schreibweise mit Zehnerpotenzen;175;3;uk;ja;potenzen-wurzeln;2;titel
fundamente24;8;6 Potenzen und Wurzeln;Quadratwurzeln und Kubikwurzeln;178;3;uk;ja;potenzen-wurzeln;3;titel
fundamente24;8;6 Potenzen und Wurzeln;Quadratische Gleichungen der Form x2 = a;181;2;uk;ja;quadratische-gleichungen;1;titel
fundamente24;8;6 Potenzen und Wurzeln;Vermischte Aufgaben;183;1;vermischt;ja;quadratische-gleichungen;;rahmen
fundamente24;8;6 Potenzen und Wurzeln;Prüfe dein neues Fundament;184;2;test;ja;quadratische-gleichungen;;rahmen
fundamente24;8;6 Potenzen und Wurzeln;Zusammenfassung;186;2;zusammenfassung;ja;quadratische-gleichungen;;rahmen
fundamente24;8;7 Kreise;Kreise;187;28;kapitel;ja;;;
fundamente24;8;7 Kreise;Dein Fundament;188;2;oeffner;ja;kreis;;rahmen
fundamente24;8;7 Kreise;Linien am Kreis;190;3;uk;ja;kreis;;titel
fundamente24;8;7 Kreise;Satzdes Thales;193;4;uk;ja;winkel-dreiecke;5;titel
fundamente24;8;7 Kreise;Umfang eines Kreises;197;4;uk;ja;kreis;1;titel
fundamente24;8;7 Kreise;Flächeninhalt eines Kreises;201;4;uk;ja;kreis;2;titel
fundamente24;8;7 Kreise;Kreissektor und Kreisbogen;205;4;uk;ja;kreis;3;titel
fundamente24;8;7 Kreise;Vermischte Aufgaben;209;3;vermischt;ja;kreis;;rahmen
fundamente24;8;7 Kreise;Prüfe dein neues Fundament;212;2;test;ja;kreis;;rahmen
fundamente24;8;7 Kreise;Zusammenfassung;214;2;zusammenfassung;ja;kreis;;rahmen
fundamente24;8;8 Satzgruppe des Pythagoras;Satzgruppe des Pythagoras;215;26;kapitel;ja;;;
fundamente24;8;8 Satzgruppe des Pythagoras;Dein Fundament;216;2;oeffner;ja;pythagoras;;rahmen
fundamente24;8;8 Satzgruppe des Pythagoras;Satz des Pythagoras;218;6;uk;ja;pythagoras;1;titel
fundamente24;8;8 Satzgruppe des Pythagoras;Streifzug: Beweise rund um den Satz des Pythagoras;224;2;streifzug;ja;pythagoras;1;titel
fundamente24;8;8 Satzgruppe des Pythagoras;Probleme lösen mit dem Satz des Pythagoras;226;3;uk;ja;pythagoras;1;titel
fundamente24;8;8 Satzgruppe des Pythagoras;Umkehrung des Satzes des Pythagoras;229;2;uk;ja;pythagoras;2;titel
fundamente24;8;8 Satzgruppe des Pythagoras;Streifzug: Höhensatz und Kathetensatz;231;3;streifzug;ja;pythagoras;2;titel
fundamente24;8;8 Satzgruppe des Pythagoras;Streifzug: CAS-Einsatz bei rechtwinkligen Dreiecken;234;2;streifzug;ja;winkel-dreiecke;;titel
fundamente24;8;8 Satzgruppe des Pythagoras;Vermischte Aufgaben;236;2;vermischt;ja;winkel-dreiecke;;rahmen
fundamente24;8;8 Satzgruppe des Pythagoras;Prüfe dein neues Fundament;238;2;test;ja;winkel-dreiecke;;rahmen
fundamente24;8;8 Satzgruppe des Pythagoras;Zusammenfassung;240;2;zusammenfassung;ja;winkel-dreiecke;;rahmen
fundamente24;8;9 Körper;Körper;241;37;kapitel;ja;;;
fundamente24;8;9 Körper;Dein Fundament;242;2;oeffner;ja;koerper;;rahmen
fundamente24;8;9 Körper;Prisma-Netz und Oberflächeninhalt;244;4;uk;ja;koerper;3;titel
fundamente24;8;9 Körper;Volumen eines Prismas;248;5;uk;ja;koerper;3;titel
fundamente24;8;9 Körper;Zylinder-Netz und Oberflächeninhalt;253;3;uk;ja;koerper;4;titel
fundamente24;8;9 Körper;Volumen eines Zylinders;256;4;uk;ja;koerper;4;titel
fundamente24;8;9 Körper;Pyramide-Netz und Oberflächeninhalt;260;4;uk;ja;pyramide-kegel-kugel;1;titel
fundamente24;8;9 Körper;Volumen einer Pyramide;264;4;uk;ja;pyramide-kegel-kugel;1;titel
fundamente24;8;9 Körper;Schrägbilder;268;4;uk;ja;koerper;1;titel
fundamente24;8;9 Körper;Streifzug:Zwei-und Dreitafelprojektionen;272;2;streifzug;ja;koerper;;rahmen
fundamente24;8;9 Körper;Vermischte Aufgaben;274;2;vermischt;ja;koerper;;rahmen
fundamente24;8;9 Körper;Prüfe dein neues Fundament;276;2;test;ja;koerper;;rahmen
fundamente24;8;9 Körper;Zusammenfassung;278;;zusammenfassung;letzter Eintrag;koerper;;rahmen
fundamente24;8;;Prüfe dein neues Fundament;;;test;ohne Seite;;;
fundamente24;8;;Dein Fundament;;;oeffner;ohne Seite;;;
fundamente24;9;1 Körper (Wiederholung aus Klasse 8);Körper (Wiederholung aus Klasse 8);6;37;kapitel;ja;;;
fundamente24;9;1 Körper (Wiederholung aus Klasse 8);Dein Fundament;6;2;oeffner;ja;koerper;;rahmen
fundamente24;9;1 Körper (Wiederholung aus Klasse 8);Prisma - Netz und Oberflächeninhalt;8;4;uk;ja;koerper;3;titel
fundamente24;9;1 Körper (Wiederholung aus Klasse 8);Volumen eines Prismas;12;5;uk;ja;koerper;3;titel
fundamente24;9;1 Körper (Wiederholung aus Klasse 8);Zylinder-Netz und Oberflächeninhalt;17;3;uk;ja;koerper;4;titel
fundamente24;9;1 Körper (Wiederholung aus Klasse 8);Volumen eines Zylinders;20;4;uk;ja;koerper;4;titel
fundamente24;9;1 Körper (Wiederholung aus Klasse 8);Pyramide-Netz und Oberflächeninhalt;24;4;uk;ja;pyramide-kegel-kugel;1;titel
fundamente24;9;1 Körper (Wiederholung aus Klasse 8);Volumen einer Pyramide;28;4;uk;ja;pyramide-kegel-kugel;1;titel
fundamente24;9;1 Körper (Wiederholung aus Klasse 8);Schrägbilder;32;4;uk;ja;koerper;1;titel
fundamente24;9;1 Körper (Wiederholung aus Klasse 8);Streifzug: Zwei- und Dreitafelprojektionen;36;2;streifzug;ja;koerper;;rahmen
fundamente24;9;1 Körper (Wiederholung aus Klasse 8);Vermischte Aufgaben;38;2;vermischt;ja;koerper;;rahmen
fundamente24;9;1 Körper (Wiederholung aus Klasse 8);Prüfe dein neues Fundament;40;2;test;ja;koerper;;rahmen
fundamente24;9;1 Körper (Wiederholung aus Klasse 8);Zusammenfassung;42;2;zusammenfassung;ja;koerper;;rahmen
fundamente24;9;2 Potenzen und Wurzeln;Potenzen und Wurzeln;43;96;kapitel;nein;;;
fundamente24;9;2 Potenzen und Wurzeln;Dein Fundament;44;2;oeffner;ja;reelle-zahlen;;rahmen
fundamente24;9;2 Potenzen und Wurzeln;Rationale und irrationale Zahlen;46;2;uk;ja;reelle-zahlen;1;titel
fundamente24;9;2 Potenzen und Wurzeln;Streifzug: Widerspruchsbeweise;48;2;streifzug;ja;reelle-zahlen;;rahmen
fundamente24;9;2 Potenzen und Wurzeln;Intervallschachtelung;50;2;uk;ja;reelle-zahlen;1;titel
fundamente24;9;2 Potenzen und Wurzeln;Streifzug: Heron-Verfahren;52;2;streifzug;ja;reelle-zahlen;1;titel
fundamente24;9;2 Potenzen und Wurzeln;Rechnen mit Quadratwurzeln;54;4;uk;ja;potenzen-wurzeln;3;titel
fundamente24;9;2 Potenzen und Wurzeln;Potenzen mit ganzzahligen Exponenten;58;2;uk;ja;reelle-zahlen;3;titel
fundamente24;9;2 Potenzen und Wurzeln;Potenzgesetze;60;4;uk;ja;reelle-zahlen;2;titel
fundamente24;9;2 Potenzen und Wurzeln;n-te Wurzeln und Potenzen mit rationalen Exponenten;64;4;uk;ja;reelle-zahlen;3;titel
fundamente24;9;2 Potenzen und Wurzeln;Rechnen mit Potenzen und Wurzeln;68;3;uk;ja;reelle-zahlen;3;titel
fundamente24;9;2 Potenzen und Wurzeln;Wurzelgleichungen;71;2;uk;ja;potenzen-wurzeln;3;titel
fundamente24;9;2 Potenzen und Wurzeln;Näherungswerte;73;3;uk;ja;reelle-zahlen;1;titel
fundamente24;9;2 Potenzen und Wurzeln;Streifzug: CAS-Einsatz beiPotenzen;76;3;streifzug;ja;potenzen-wurzeln;1;titel
fundamente24;9;2 Potenzen und Wurzeln;Vermischte Aufgaben;79;3;vermischt;ja;potenzen-wurzeln;;rahmen
fundamente24;9;2 Potenzen und Wurzeln;Prüfe dein neues Fundament;82;2;test;ja;potenzen-wurzeln;;rahmen
fundamente24;9;2 Potenzen und Wurzeln;Zusammenfassung;84;1;zusammenfassung;ja;potenzen-wurzeln;;rahmen
fundamente24;9;2 Potenzen und Wurzeln;Quadratische Funktionen und Gleichungen;85;1;uk;ja;quadratische-funktionen;1;titel
fundamente24;9;2 Potenzen und Wurzeln;Dein Fundament;86;2;oeffner;ja;quadratische-funktionen;;rahmen
fundamente24;9;2 Potenzen und Wurzeln;Normalparabel;88;3;uk;ja;quadratische-funktionen;1;titel
fundamente24;9;2 Potenzen und Wurzeln;Strecken der Normalparabel;91;3;uk;ja;quadratische-funktionen;1;titel
fundamente24;9;2 Potenzen und Wurzeln;Verschieben der Normalparabel in y-Richtung;94;3;uk;ja;quadratische-funktionen;2;titel
fundamente24;9;2 Potenzen und Wurzeln;Verschieben der Normalparabel in x-Richtung;97;2;uk;ja;quadratische-funktionen;2;titel
fundamente24;9;2 Potenzen und Wurzeln;Scheitelpunktform;99;9;uk;ja;quadratische-funktionen;2;titel
fundamente24;9;2 Potenzen und Wurzeln;Faktorisierte Form;108;2;uk;ja;quadratische-funktionen;1;titel
fundamente24;9;2 Potenzen und Wurzeln;Quadratische Funktionen anwenden;110;4;uk;ja;quadratische-funktionen;1;titel
fundamente24;9;2 Potenzen und Wurzeln;Quadratische Gleichungen lösen;114;4;uk;ja;quadratische-gleichungen;1;titel
fundamente24;9;2 Potenzen und Wurzeln;Lösungsformeln für quadratische Gleichungen;118;5;uk;ja;quadratische-gleichungen;2;titel
fundamente24;9;2 Potenzen und Wurzeln;Schnittpunkte von Graphen;123;3;uk;ja;quadratische-funktionen;;kapitel
fundamente24;9;2 Potenzen und Wurzeln;Streifzug: Optimierungsprobleme;126;2;streifzug;ja;quadratische-funktionen;1;titel
fundamente24;9;2 Potenzen und Wurzeln;Streifzug: CAS-Einsatz bei quadratischen Funktionen und Gleichungen;128;3;streifzug;ja;lineare-funktionen;;titel
fundamente24;9;2 Potenzen und Wurzeln;Vermischte Aufgaben;131;5;vermischt;ja;lineare-funktionen;;rahmen
fundamente24;9;2 Potenzen und Wurzeln;Prüfe dein neues Fundament;136;2;test;ja;lineare-funktionen;;rahmen
fundamente24;9;2 Potenzen und Wurzeln;Zusammenfassung;138;2;zusammenfassung;ja;lineare-funktionen;;rahmen
fundamente24;9;4 ,I Kegel und Kugeln;,I Kegel und Kugeln;139;100;kapitel;nein;;;
fundamente24;9;4 ,I Kegel und Kugeln;Dein Fundament;140;2;oeffner;ja;pyramide-kegel-kugel;;rahmen
fundamente24;9;4 ,I Kegel und Kugeln;Netz und Oberflächeninhalt eines Kegels;142;3;uk;ja;pyramide-kegel-kugel;2;titel
fundamente24;9;4 ,I Kegel und Kugeln;Volumen eines Kegels;145;3;uk;ja;pyramide-kegel-kugel;2;titel
fundamente24;9;4 ,I Kegel und Kugeln;Volumen einer Kugel;148;3;uk;ja;pyramide-kegel-kugel;3;titel
fundamente24;9;4 ,I Kegel und Kugeln;Oberflächeninhalt einer Kugel;151;3;uk;ja;pyramide-kegel-kugel;3;titel
fundamente24;9;4 ,I Kegel und Kugeln;Zusammengesetzte Körper;154;4;uk;ja;koerper;5;titel
fundamente24;9;4 ,I Kegel und Kugeln;Vermischte Aufgaben;158;2;vermischt;ja;koerper;;rahmen
fundamente24;9;4 ,I Kegel und Kugeln;Prüfe dein neues Fundament;160;2;test;ja;koerper;;rahmen
fundamente24;9;4 ,I Kegel und Kugeln;Zusammenfassung;162;1;zusammenfassung;ja;koerper;;rahmen
fundamente24;9;4 ,I Kegel und Kugeln;Trigonometrie;163;1;uk;ja;trigonometrie;1;titel
fundamente24;9;4 ,I Kegel und Kugeln;Dein Fundament;164;2;oeffner;ja;trigonometrie;;rahmen
fundamente24;9;4 ,I Kegel und Kugeln;Sinus und Kosinus;166;5;uk;ja;trigonometrie;1;titel
fundamente24;9;4 ,I Kegel und Kugeln;Tangens;171;5;uk;ja;trigonometrie;1;titel
fundamente24;9;4 ,I Kegel und Kugeln;Streifzug: Der Tangens als Steigungsmaß;176;2;streifzug;ja;trigonometrie;1;titel
fundamente24;9;4 ,I Kegel und Kugeln;Sinus, Kosinus und Tangens anwenden;178;3;uk;ja;trigonometrie;3;titel
fundamente24;9;4 ,I Kegel und Kugeln;Sinussatz;181;3;uk;ja;trigonometrie;4;titel
fundamente24;9;4 ,I Kegel und Kugeln;Streifzug: Sinus und Kosinus für beliebige Winkel;184;2;streifzug;ja;trigonometrie;4;titel
fundamente24;9;4 ,I Kegel und Kugeln;Kosinussatz;186;4;uk;ja;trigonometrie;4;titel
fundamente24;9;4 ,I Kegel und Kugeln;Flächeninhaltsformeln;190;2;uk;ja;flaechen;;titel
fundamente24;9;4 ,I Kegel und Kugeln;Streifzug: CAS-Einsatz in der Trigonometrie;192;2;streifzug;ja;trigonometrie;1;titel
fundamente24;9;4 ,I Kegel und Kugeln;Vermischte Aufgaben;194;2;vermischt;ja;trigonometrie;;rahmen
fundamente24;9;4 ,I Kegel und Kugeln;Prüfe dein neues Fundament;196;2;test;ja;trigonometrie;;rahmen
fundamente24;9;4 ,I Kegel und Kugeln;Zusammenfassung;198;2;zusammenfassung;ja;trigonometrie;;rahmen
fundamente24;9;4 ,I Kegel und Kugeln;Dein Fundament;200;2;oeffner;ja;lineare-funktionen;;rahmen
fundamente24;9;4 ,I Kegel und Kugeln;Eigenschaften von Funktionen;202;2;uk;ja;lineare-funktionen;;titel
fundamente24;9;4 ,I Kegel und Kugeln;Potenzfunktionen mit natürlichen Exponenten;204;4;uk;ja;potenz-exponentialfunktionen;5;titel
fundamente24;9;4 ,I Kegel und Kugeln;Potenzfunktionen mit ganzzahligen Exponenten;208;4;uk;ja;potenz-exponentialfunktionen;5;titel
fundamente24;9;4 ,I Kegel und Kugeln;Parametereinfluss;212;5;uk;ja;trigonometrie;;kapitel
fundamente24;9;4 ,I Kegel und Kugeln;Potenzfunktionen mit rationalen Exponenten;217;3;uk;ja;potenz-exponentialfunktionen;5;titel
fundamente24;9;4 ,I Kegel und Kugeln;Potenzgleichungen;220;2;uk;ja;potenzen-wurzeln;1;titel
fundamente24;9;4 ,I Kegel und Kugeln;Umkehrfunktion;222;3;uk;ja;lineare-funktionen;;titel
fundamente24;9;4 ,I Kegel und Kugeln;Streifzug: CAS-Einsatz bei Potenzfunktionen;225;4;streifzug;ja;potenz-exponentialfunktionen;5;titel
fundamente24;9;4 ,I Kegel und Kugeln;Vermischte Aufgaben;229;3;vermischt;ja;potenz-exponentialfunktionen;;rahmen
fundamente24;9;4 ,I Kegel und Kugeln;Prüfe dein neues Fundament;232;2;test;ja;potenz-exponentialfunktionen;;rahmen
fundamente24;9;4 ,I Kegel und Kugeln;Zusammenfassung;234;1;zusammenfassung;ja;potenz-exponentialfunktionen;;rahmen
fundamente24;9;4 ,I Kegel und Kugeln;Methoden;235;1;streifzug;ja;kein Eintrag;;titel
fundamente24;9;4 ,I Kegel und Kugeln;Methoden karten;236;4;streifzug;ja;kein Eintrag;;titel
fundamente24;9;8 Anhang;Anhang;239;1;kapitel;ja;;;
fundamente24;9;8 Anhang;Lösungen;240;13;anhang;ja;;;
fundamente24;9;8 Anhang;Stichwortverzeichnis;253;2;anhang;ja;;;
fundamente24;9;8 Anhang;Bildnachweis;255;1;anhang;ja;;;
fundamente24;9;8 Anhang;Impressum;256;;anhang;letzter Eintrag;;;
fundamente24;9;;Allgemeine Form und Normalform;;;uk;ohne Seite;quadratische-funktionen;3;titel
fundamente24;10;;Potenzfunktionen (Wiederholung aus Klasse 9);5;1;uk;ja;potenz-exponentialfunktionen;5;titel
fundamente24;10;;Dein Fundament;6;2;oeffner;ja;lineare-funktionen;;rahmen
fundamente24;10;;Eigenschaften von Funktionen;8;2;uk;ja;lineare-funktionen;;titel
fundamente24;10;;Potenzfunktionen mit natürlichen Exponenten;10;4;uk;ja;potenz-exponentialfunktionen;5;titel
fundamente24;10;;Potenzfunktionen mit ganzzahligen Exponenten;14;4;uk;ja;potenz-exponentialfunktionen;5;titel
fundamente24;10;;Parametereinfluss;18;5;uk;ja;potenz-exponentialfunktionen;;nachbar
fundamente24;10;;Potenzfunktionen mit rationalen Exponenten;23;3;uk;ja;potenz-exponentialfunktionen;5;titel
fundamente24;10;;Potenzgleichungen;26;2;uk;ja;potenzen-wurzeln;1;titel
fundamente24;10;;Umkehrfunktion;28;3;uk;ja;lineare-funktionen;;titel
fundamente24;10;;Streifzug: CAS-Einsatz bei Potenzfunktionen;31;4;streifzug;ja;potenz-exponentialfunktionen;5;titel
fundamente24;10;;Vermischte Aufgaben;35;3;vermischt;ja;potenz-exponentialfunktionen;;rahmen
fundamente24;10;;Prüfe dein neues Fundament;38;2;test;ja;potenz-exponentialfunktionen;;rahmen
fundamente24;10;;Zusammenfassung;40;1;zusammenfassung;ja;potenz-exponentialfunktionen;;rahmen
fundamente24;10;;Exponentialfunktionen;41;1;uk;ja;potenz-exponentialfunktionen;3;titel
fundamente24;10;;Dein Fundament;42;2;oeffner;ja;potenz-exponentialfunktionen;;rahmen
fundamente24;10;;Exponentielles Wachstum;44;5;uk;ja;potenz-exponentialfunktionen;3;titel
fundamente24;10;;Exponentialfunktion;49;5;uk;ja;potenz-exponentialfunktionen;3;titel
fundamente24;10;;Exponentialgleichungen und Logarithmus;54;5;uk;ja;potenz-exponentialfunktionen;3;titel
fundamente24;10;;Wachstumsmodelle;59;5;uk;ja;potenz-exponentialfunktionen;3;titel
fundamente24;10;;Streifzug: Corona-Pandemie;64;2;streifzug;ja;potenz-exponentialfunktionen;;rahmen
fundamente24;10;;Vermischte Aufgaben;66;2;vermischt;ja;potenz-exponentialfunktionen;;rahmen
fundamente24;10;;Prüfe dein neues Fundament;68;2;test;ja;potenz-exponentialfunktionen;;rahmen
fundamente24;10;;Zusammenfassung;70;1;zusammenfassung;ja;potenz-exponentialfunktionen;;rahmen
fundamente24;10;;Trigonometrische Funktionen;71;1;uk;ja;trigonometrische-funktionen;2;titel
fundamente24;10;;Dein Fundament;72;2;oeffner;ja;trigonometrische-funktionen;;rahmen
fundamente24;10;;Sinusfunktion und Kosinusfunktion;74;6;uk;ja;trigonometrische-funktionen;2;titel
fundamente24;10;;Winkel im Bogenmaß;80;5;uk;ja;trigonometrische-funktionen;1;titel
fundamente24;10;;Streifzug: Einschachtelung von 7T;85;2;streifzug;ja;trigonometrische-funktionen;;rahmen
fundamente24;10;;Verschieben der Sinuskurve;87;2;uk;ja;trigonometrische-funktionen;3;titel
fundamente24;10;;Strecken und Stauchen der Sinuskurve;89;3;uk;ja;trigonometrische-funktionen;3;titel
fundamente24;10;;Allgemeine Sinusfunktion;92;3;uk;ja;trigonometrische-funktionen;2;titel
fundamente24;10;;Streifzug: Funktionsgraphentransformieren;95;5;streifzug;ja;lineare-funktionen;2;titel
fundamente24;10;;Periodische Vorgänge modellieren;100;3;uk;ja;trigonometrische-funktionen;4;titel
fundamente24;10;;Vermischte Aufgaben;103;3;vermischt;ja;trigonometrische-funktionen;;rahmen
fundamente24;10;;Prüfe dein neues Fundament;106;2;test;ja;trigonometrische-funktionen;;rahmen
fundamente24;10;;Zusammenfassung;108;2;zusammenfassung;ja;trigonometrische-funktionen;;rahmen
fundamente24;10;4 Statistische Auswertungen;Statistische Auswertungen;110;19;kapitel;ja;;;
fundamente24;10;4 Statistische Auswertungen;Dein Fundament;110;2;oeffner;ja;daten;;rahmen
fundamente24;10;4 Statistische Auswertungen;Häufigkeitsverteilungen;112;3;uk;ja;daten;1;titel
fundamente24;10;4 Statistische Auswertungen;Lagemaße und Streumaße;115;4;uk;ja;daten;4;titel
fundamente24;10;4 Statistische Auswertungen;Fehler und Manipulationen in der Statistik;119;4;uk;ja;daten;5;titel
fundamente24;10;4 Statistische Auswertungen;Simulationen zur Ermittlung von Daten;123;2;uk;ja;wahrscheinlichkeit;2;titel
fundamente24;10;4 Statistische Auswertungen;Vermischte Aufgaben;125;1;vermischt;ja;wahrscheinlichkeit;;rahmen
fundamente24;10;4 Statistische Auswertungen;Prüfe dein neues Fundament;126;2;test;ja;wahrscheinlichkeit;;rahmen
fundamente24;10;4 Statistische Auswertungen;Zusammenfassung;128;2;zusammenfassung;ja;wahrscheinlichkeit;;rahmen
fundamente24;10;5 Wahrscheinlichkeit und Kombinatorik;Wahrscheinlichkeit und Kombinatorik;129;46;kapitel;ja;;;
fundamente24;10;5 Wahrscheinlichkeit und Kombinatorik;Dein Fundament;130;2;oeffner;ja;wahrscheinlichkeit;;rahmen
fundamente24;10;5 Wahrscheinlichkeit und Kombinatorik;Wiederholung: Mehrstufige Zufallsexperimente;132;5;vermischt;ja;wahrscheinlichkeit;;rahmen
fundamente24;10;5 Wahrscheinlichkeit und Kombinatorik;Sinnvoller Umgang mit Baumdiagrammen;137;5;uk;ja;wahrscheinlichkeit;3;titel
fundamente24;10;5 Wahrscheinlichkeit und Kombinatorik;Urnenmodell-Ziehen mit und ohne Zurücklegen;142;4;uk;ja;wahrscheinlichkeit;4;titel
fundamente24;10;5 Wahrscheinlichkeit und Kombinatorik;Urnenmodell-Ziehen ohne Beachtung der Reihenfolge;146;4;uk;ja;wahrscheinlichkeit;2;titel
fundamente24;10;5 Wahrscheinlichkeit und Kombinatorik;Streifzug: Lottomodell;150;2;streifzug;ja;wahrscheinlichkeit;;rahmen
fundamente24;10;5 Wahrscheinlichkeit und Kombinatorik;Simulationen;152;4;uk;ja;wahrscheinlichkeit;2;titel
fundamente24;10;5 Wahrscheinlichkeit und Kombinatorik;Vierfeldertafeln;156;5;uk;ja;daten;7;titel
fundamente24;10;5 Wahrscheinlichkeit und Kombinatorik;Bedingte Wahrscheinlichkeit;161;7;uk;ja;wahrscheinlichkeit;2;titel
fundamente24;10;5 Wahrscheinlichkeit und Kombinatorik;Vermischte Aufgaben;168;2;vermischt;ja;wahrscheinlichkeit;;rahmen
fundamente24;10;5 Wahrscheinlichkeit und Kombinatorik;Prüfe dein neues Fundament;170;3;test;ja;wahrscheinlichkeit;;rahmen
fundamente24;10;5 Wahrscheinlichkeit und Kombinatorik;Zusammenfassung;173;3;zusammenfassung;ja;wahrscheinlichkeit;;rahmen
fundamente24;10;6 Ganzrationale Funktionen;Ganzrationale Funktionen;175;64;kapitel;ja;;;
fundamente24;10;6 Ganzrationale Funktionen;Dein Fundament;176;2;oeffner;ja;lineare-funktionen;;rahmen
fundamente24;10;6 Ganzrationale Funktionen;Ganzrationale Funktionen;178;3;uk;ja;kein Eintrag (Sek-II-Stoff);;titel
fundamente24;10;6 Ganzrationale Funktionen;Nullstellen;181;5;uk;ja;lineare-funktionen;3;titel
fundamente24;10;6 Ganzrationale Funktionen;Polynomdivision;186;3;uk;ja;kein Eintrag (Sek-II-Stoff);;titel
fundamente24;10;6 Ganzrationale Funktionen;Globalverhalten, Extrem-und Wendepunkte;189;7;uk;ja;kein Eintrag (Sek-II-Stoff);;titel
fundamente24;10;6 Ganzrationale Funktionen;Symmetrie;196;4;uk;ja;symmetrie-abbildungen;3;titel
fundamente24;10;6 Ganzrationale Funktionen;Streifzug: Regression;200;4;streifzug;ja;symmetrie-abbildungen;;rahmen
fundamente24;10;6 Ganzrationale Funktionen;Vermischte Aufgaben;204;2;vermischt;ja;symmetrie-abbildungen;;rahmen
fundamente24;10;6 Ganzrationale Funktionen;Prüfe dein neues Fundament;206;2;test;ja;symmetrie-abbildungen;;rahmen
fundamente24;10;6 Ganzrationale Funktionen;Zusammenfassung;208;1;zusammenfassung;ja;symmetrie-abbildungen;;rahmen
fundamente24;10;6 Ganzrationale Funktionen;Einführung des Ableitungsbegriffs;209;1;uk;ja;kein Eintrag (Sek-II-Stoff);;titel
fundamente24;10;6 Ganzrationale Funktionen;Dein Fundament;210;2;oeffner;ja;symmetrie-abbildungen;;rahmen
fundamente24;10;6 Ganzrationale Funktionen;Mittlere Änderungsrate;212;6;uk;ja;kein Eintrag (Sek-II-Stoff);;titel
fundamente24;10;6 Ganzrationale Funktionen;Lokale Änderungsrate und Ableitung;218;6;uk;ja;kein Eintrag (Sek-II-Stoff);;titel
fundamente24;10;6 Ganzrationale Funktionen;Ableitungsfunktion;224;6;uk;ja;kein Eintrag (Sek-II-Stoff);;titel
fundamente24;10;6 Ganzrationale Funktionen;Vermischte Aufgaben;230;2;vermischt;ja;symmetrie-abbildungen;;rahmen
fundamente24;10;6 Ganzrationale Funktionen;Prüfe dein neues Fundament;232;2;test;ja;symmetrie-abbildungen;;rahmen
fundamente24;10;6 Ganzrationale Funktionen;Zusammenfassung;234;1;zusammenfassung;ja;symmetrie-abbildungen;;rahmen
fundamente24;10;6 Ganzrationale Funktionen;Methoden;235;1;streifzug;ja;kein Eintrag;;titel
fundamente24;10;6 Ganzrationale Funktionen;Methodenkarten;236;3;streifzug;ja;kein Eintrag;;titel
fundamente24;10;6 Ganzrationale Funktionen;Anhang;239;1;anhang;ja;;;
fundamente24;10;6 Ganzrationale Funktionen;Lösungen;240;20;anhang;ja;;;
fundamente24;10;6 Ganzrationale Funktionen;Stichwortverzeichnis;260;3;anhang;ja;;;
fundamente24;10;6 Ganzrationale Funktionen;Bildnachweis;263;1;anhang;ja;;;
fundamente24;10;6 Ganzrationale Funktionen;Impressum;264;;anhang;letzter Eintrag;;;
schnittpunkt;7;1 Rationale Zahlen;Rationale Zahlen;7;40;kapitel;ja;;;
schnittpunkt;7;1 Rationale Zahlen;Standpunkt;7;1;oeffner;ja;rationale-zahlen;;rahmen
schnittpunkt;7;1 Rationale Zahlen;Auftakt;8;2;oeffner;ja;rationale-zahlen;;rahmen
schnittpunkt;7;1 Rationale Zahlen;Rationale Zahlen;10;3;uk;ja;rationale-zahlen;1;titel
schnittpunkt;7;1 Rationale Zahlen;EXTRA: Das Koordinatensystem;13;1;streifzug;ja;symmetrie-abbildungen;1;titel
schnittpunkt;7;1 Rationale Zahlen;Rationale Zahlen vergleichen und ordnen;14;3;uk;ja;rationale-zahlen;1;titel
schnittpunkt;7;1 Rationale Zahlen;Zunahme und Abnahme;17;2;uk;ja;rationale-zahlen;2;titel
schnittpunkt;7;1 Rationale Zahlen;EXTRA: Auf Zahlen gehen;19;1;streifzug;ja;rationale-zahlen;;rahmen
schnittpunkt;7;1 Rationale Zahlen;Addieren;20;3;uk;ja;rationale-zahlen;2;titel
schnittpunkt;7;1 Rationale Zahlen;Subtrahieren;23;3;uk;ja;rationale-zahlen;2;titel
schnittpunkt;7;1 Rationale Zahlen;Rechenvorteile;26;3;uk;ja;rationale-zahlen;1;titel
schnittpunkt;7;1 Rationale Zahlen;EXTRA: Multiplizieren von Brüchen;29;1;streifzug;ja;bruchrechnung;3;titel
schnittpunkt;7;1 Rationale Zahlen;EXTRA: Dividieren von Brüchen;30;1;streifzug;ja;bruchrechnung;3;titel
schnittpunkt;7;1 Rationale Zahlen;Multiplizieren;31;2;uk;ja;rationale-zahlen;3;titel
schnittpunkt;7;1 Rationale Zahlen;Dividieren;33;2;uk;ja;rationale-zahlen;3;titel
schnittpunkt;7;1 Rationale Zahlen;Verbindung der Rechenarten;35;3;uk;ja;rationale-zahlen;3;titel
schnittpunkt;7;1 Rationale Zahlen;EXTRA: Celsius und Fahrenheit;38;1;streifzug;ja;rationale-zahlen;1;titel
schnittpunkt;7;1 Rationale Zahlen;Zusammenfassung;39;1;zusammenfassung;ja;rationale-zahlen;;rahmen
schnittpunkt;7;1 Rationale Zahlen;Basistraining;40;2;vermischt;ja;rationale-zahlen;;rahmen
schnittpunkt;7;1 Rationale Zahlen;Anwenden. Nachdenken;42;3;vermischt;ja;rationale-zahlen;;rahmen
schnittpunkt;7;1 Rationale Zahlen;EXTRA: Girokonto;45;1;streifzug;ja;zinsrechnung;1;titel
schnittpunkt;7;1 Rationale Zahlen;Rückspiegel;46;1;test;ja;zinsrechnung;;rahmen
schnittpunkt;7;2 Dreiecke;Dreiecke;47;34;kapitel;ja;;;
schnittpunkt;7;2 Dreiecke;Standpunkt;47;1;oeffner;ja;lineare-funktionen;;rahmen
schnittpunkt;7;2 Dreiecke;Auftakt;48;2;oeffner;ja;lineare-funktionen;;rahmen
schnittpunkt;7;2 Dreiecke;Winkel im Schnittpunkt von Geraden;50;2;uk;ja;lineare-funktionen;3;titel
schnittpunkt;7;2 Dreiecke;Winkelsumme im Dreieck;52;2;uk;ja;winkel-dreiecke;3;titel
schnittpunkt;7;2 Dreiecke;Dreiecksformen;54;3;uk;ja;winkel-dreiecke;3;titel
schnittpunkt;7;2 Dreiecke;Dreiecke konstruieren;57;4;uk;ja;winkel-dreiecke;4;titel
schnittpunkt;7;2 Dreiecke;Der Satz des Thaies;61;2;uk;ja;winkel-dreiecke;5;titel
schnittpunkt;7;2 Dreiecke;EXTRA: Die Umkehrung des Satzes des Thaies;63;1;streifzug;ja;winkel-dreiecke;5;titel
schnittpunkt;7;2 Dreiecke;Höhen;64;2;uk;ja;winkel-dreiecke;5;titel
schnittpunkt;7;2 Dreiecke;Mittelsenkrechte. Umkreis;66;2;uk;ja;winkel-dreiecke;5;titel
schnittpunkt;7;2 Dreiecke;Winkelhalbierende. Inkreis;68;3;uk;ja;winkel-dreiecke;5;titel
schnittpunkt;7;2 Dreiecke;EXTRA: Seitenhalbierende;71;1;streifzug;ja;winkel-dreiecke;5;titel
schnittpunkt;7;2 Dreiecke;Zusammenfassung;72;1;zusammenfassung;ja;winkel-dreiecke;;rahmen
schnittpunkt;7;2 Dreiecke;Basistraining;73;2;vermischt;ja;winkel-dreiecke;;rahmen
schnittpunkt;7;2 Dreiecke;Anwenden. Nachdenken;75;3;vermischt;ja;winkel-dreiecke;;rahmen
schnittpunkt;7;2 Dreiecke;EXTRA: Zeichnen mit DGS;78;2;streifzug;ja;winkel-dreiecke;;rahmen
schnittpunkt;7;2 Dreiecke;Rückspiegel;80;1;test;ja;winkel-dreiecke;;rahmen
schnittpunkt;7;3 Rechnen mit Termen;Rechnen mit Termen;81;22;kapitel;ja;;;
schnittpunkt;7;3 Rechnen mit Termen;Standpunkt;81;1;oeffner;ja;terme;;rahmen
schnittpunkt;7;3 Rechnen mit Termen;Auftakt;82;2;oeffner;ja;terme;;rahmen
schnittpunkt;7;3 Rechnen mit Termen;Terme und Variablen;84;3;uk;ja;terme;;titel
schnittpunkt;7;3 Rechnen mit Termen;Terme addieren und subtrahieren;87;3;uk;ja;terme;1;titel
schnittpunkt;7;3 Rechnen mit Termen;Terme multiplizieren und dividieren;90;3;uk;ja;terme;2;titel
schnittpunkt;7;3 Rechnen mit Termen;Terme mit Plus- und Minusklammern;93;2;uk;ja;terme;3;titel
schnittpunkt;7;3 Rechnen mit Termen;Terme ausmultiplizieren;95;2;uk;ja;terme;3;titel
schnittpunkt;7;3 Rechnen mit Termen;Zusammenfassung;97;1;zusammenfassung;ja;terme;;rahmen
schnittpunkt;7;3 Rechnen mit Termen;Basistraining;98;2;vermischt;ja;terme;;rahmen
schnittpunkt;7;3 Rechnen mit Termen;Anwenden. Nachdenken;100;2;vermischt;ja;terme;;rahmen
schnittpunkt;7;3 Rechnen mit Termen;Rückspiegel;102;1;test;ja;terme;;rahmen
schnittpunkt;7;4 Gleichungen. Ungleichungen;Gleichungen. Ungleichungen;103;22;kapitel;ja;;;
schnittpunkt;7;4 Gleichungen. Ungleichungen;Standpunkt;103;1;oeffner;ja;lineare-gleichungen;;rahmen
schnittpunkt;7;4 Gleichungen. Ungleichungen;Auftakt;104;2;oeffner;ja;lineare-gleichungen;;rahmen
schnittpunkt;7;4 Gleichungen. Ungleichungen;Gleichungen durch Probieren lösen;106;3;uk;ja;lineare-gleichungen;1;titel
schnittpunkt;7;4 Gleichungen. Ungleichungen;Gleichungen durch Umformen lösen;109;4;uk;ja;lineare-gleichungen;2;titel
schnittpunkt;7;4 Gleichungen. Ungleichungen;Gleichungen mit Klammern;113;3;uk;ja;lineare-gleichungen;3;titel
schnittpunkt;7;4 Gleichungen. Ungleichungen;M it Gleichungen Fragen beantworten;116;2;uk;ja;lineare-gleichungen;;titel
schnittpunkt;7;4 Gleichungen. Ungleichungen;Ungleichungen;118;2;uk;ja;lineare-gleichungen;;titel
schnittpunkt;7;4 Gleichungen. Ungleichungen;Zusammenfassung;120;1;zusammenfassung;ja;lineare-gleichungen;;rahmen
schnittpunkt;7;4 Gleichungen. Ungleichungen;Basistraining;121;1;vermischt;ja;lineare-gleichungen;;rahmen
schnittpunkt;7;4 Gleichungen. Ungleichungen;Anwenden. Nachdenken;122;2;vermischt;ja;lineare-gleichungen;;rahmen
schnittpunkt;7;4 Gleichungen. Ungleichungen;Rückspiegel;124;1;test;ja;lineare-gleichungen;;rahmen
schnittpunkt;7;5 Vierecke;Vierecke;125;22;kapitel;ja;;;
schnittpunkt;7;5 Vierecke;Standpunkt;125;1;oeffner;ja;winkel-dreiecke;;rahmen
schnittpunkt;7;5 Vierecke;Auftakt;126;2;oeffner;ja;winkel-dreiecke;;rahmen
schnittpunkt;7;5 Vierecke;Vierecksformen;128;3;uk;ja;winkel-dreiecke;3;titel
schnittpunkt;7;5 Vierecke;Haus der Vierecke;131;2;uk;ja;winkel-dreiecke;3;titel
schnittpunkt;7;5 Vierecke;Winkelsumme im Viereck;133;2;uk;ja;winkel-dreiecke;3;titel
schnittpunkt;7;5 Vierecke;Vierecke zeichnen;135;3;uk;ja;winkel-dreiecke;3;titel
schnittpunkt;7;5 Vierecke;Zusammenfassung;138;1;zusammenfassung;ja;winkel-dreiecke;;rahmen
schnittpunkt;7;5 Vierecke;Basistraining;139;2;vermischt;ja;winkel-dreiecke;;rahmen
schnittpunkt;7;5 Vierecke;Anwenden. Nachdenken;141;3;vermischt;ja;winkel-dreiecke;;rahmen
schnittpunkt;7;5 Vierecke;EXTRA: Regelmäßige Vielecke;144;2;streifzug;ja;flaechen;5;titel
schnittpunkt;7;5 Vierecke;Rückspiegel;146;1;test;ja;flaechen;;rahmen
schnittpunkt;7;6 Proportional. Antiproportional;Proportional. Antiproportional;147;30;kapitel;ja;;;
schnittpunkt;7;6 Proportional. Antiproportional;Standpunkt;147;1;oeffner;ja;zuordnungen;;rahmen
schnittpunkt;7;6 Proportional. Antiproportional;Auftakt;148;2;oeffner;ja;zuordnungen;;rahmen
schnittpunkt;7;6 Proportional. Antiproportional;Zuordnungen;150;3;uk;ja;zuordnungen;1;titel
schnittpunkt;7;6 Proportional. Antiproportional;Zuordnungen beschreiben und darstellen;153;2;uk;ja;zuordnungen;1;titel
schnittpunkt;7;6 Proportional. Antiproportional;Proportionale Zuordnungen;155;4;uk;ja;zuordnungen;2;titel
schnittpunkt;7;6 Proportional. Antiproportional;Zweisatz bei proportionalen Zuordnungen;159;2;uk;ja;zuordnungen;2;titel
schnittpunkt;7;6 Proportional. Antiproportional;Dreisatz bei proportionalen Zuordnungen;161;3;uk;ja;zuordnungen;2;titel
schnittpunkt;7;6 Proportional. Antiproportional;EXTRA: Schätzen mithilfe von Proportionen;164;1;streifzug;ja;zuordnungen;1;titel
schnittpunkt;7;6 Proportional. Antiproportional;Antiproportionale Zuordnungen;165;3;uk;ja;zuordnungen;3;titel
schnittpunkt;7;6 Proportional. Antiproportional;Dreisatz bei antiproportionalen Zuordnungen;168;2;uk;ja;zuordnungen;3;titel
schnittpunkt;7;6 Proportional. Antiproportional;Zusammenfassung;170;1;zusammenfassung;ja;zuordnungen;;rahmen
schnittpunkt;7;6 Proportional. Antiproportional;Basistraining;171;2;vermischt;ja;zuordnungen;;rahmen
schnittpunkt;7;6 Proportional. Antiproportional;Anwenden. Nachdenken;173;3;vermischt;ja;zuordnungen;;rahmen
schnittpunkt;7;6 Proportional. Antiproportional;Rückspiegel;176;1;test;ja;zuordnungen;;rahmen
schnittpunkt;7;7 Prozente;Prozente;177;26;kapitel;ja;;;
schnittpunkt;7;7 Prozente;Standpunkt;177;1;oeffner;ja;prozentrechnung;;rahmen
schnittpunkt;7;7 Prozente;Auftakt;178;2;oeffner;ja;prozentrechnung;;rahmen
schnittpunkt;7;7 Prozente;Prozente;180;2;uk;ja;prozentrechnung;1;titel
schnittpunkt;7;7 Prozente;Absoluter und relativer Vergleich;182;2;uk;ja;prozentrechnung;;kapitel
schnittpunkt;7;7 Prozente;EXTRA: Prozentband;184;1;streifzug;ja;prozentrechnung;;titel
schnittpunkt;7;7 Prozente;Prozentsatz;185;2;uk;ja;prozentrechnung;2;titel
schnittpunkt;7;7 Prozente;Prozentwert;187;2;uk;ja;prozentrechnung;3;titel
schnittpunkt;7;7 Prozente;Grundwert;189;2;uk;ja;prozentrechnung;4;titel
schnittpunkt;7;7 Prozente;Prozentdiagramme;191;3;uk;ja;prozentrechnung;;titel
schnittpunkt;7;7 Prozente;EXTRA: Diagramme mit Tabellenkalkulation erstellen;194;1;streifzug;ja;daten;2;titel
schnittpunkt;7;7 Prozente;Zusammenfassung;195;1;zusammenfassung;ja;daten;;rahmen
schnittpunkt;7;7 Prozente;Basistraining;196;2;vermischt;ja;daten;;rahmen
schnittpunkt;7;7 Prozente;Anwenden. Nachdenken;198;3;vermischt;ja;daten;;rahmen
schnittpunkt;7;7 Prozente;EXTRA: Rabatt, Skonto und Mehrwertsteuer;201;1;streifzug;ja;prozentrechnung;;titel
schnittpunkt;7;7 Prozente;Rückspiegel;202;1;test;ja;prozentrechnung;;rahmen
schnittpunkt;7;8 Wahrscheinlichkeit;Wahrscheinlichkeit;203;20;kapitel;ja;;;
schnittpunkt;7;8 Wahrscheinlichkeit;Standpunkt;203;1;oeffner;ja;wahrscheinlichkeit;;rahmen
schnittpunkt;7;8 Wahrscheinlichkeit;Auftakt;204;2;oeffner;ja;wahrscheinlichkeit;;rahmen
schnittpunkt;7;8 Wahrscheinlichkeit;Zufallsexperimente;206;3;uk;ja;wahrscheinlichkeit;2;titel
schnittpunkt;7;8 Wahrscheinlichkeit;Wahrscheinlichkeiten;209;2;uk;ja;wahrscheinlichkeit;2;titel
schnittpunkt;7;8 Wahrscheinlichkeit;Ereignisse;211;2;uk;ja;wahrscheinlichkeit;2;titel
schnittpunkt;7;8 Wahrscheinlichkeit;Schätzen von Wahrscheinlichkeiten;213;2;uk;ja;wahrscheinlichkeit;2;titel
schnittpunkt;7;8 Wahrscheinlichkeit;EXTRA: Zufallsexperimente amComputer;215;1;streifzug;ja;wahrscheinlichkeit;2;titel
schnittpunkt;7;8 Wahrscheinlichkeit;EXTRA: Zweistufige Zufallsexperimente;216;2;streifzug;ja;wahrscheinlichkeit;3;titel
schnittpunkt;7;8 Wahrscheinlichkeit;Zusammenfassung;218;1;zusammenfassung;ja;wahrscheinlichkeit;;rahmen
schnittpunkt;7;8 Wahrscheinlichkeit;Basistraining;219;1;vermischt;ja;wahrscheinlichkeit;;rahmen
schnittpunkt;7;8 Wahrscheinlichkeit;Anwenden. Nachdenken;220;2;vermischt;ja;wahrscheinlichkeit;;rahmen
schnittpunkt;7;8 Wahrscheinlichkeit;Rückspiegel;222;1;test;ja;wahrscheinlichkeit;;rahmen
schnittpunkt;7;8 Wahrscheinlichkeit;Grundwissen;223;21;anhang;ja;;;
schnittpunkt;7;8 Wahrscheinlichkeit;Lösungen der Kapitel;244;24;anhang;ja;;;
schnittpunkt;7;8 Wahrscheinlichkeit;Lösungen des Grundwissens;268;8;anhang;ja;;;
schnittpunkt;7;8 Wahrscheinlichkeit;Stichwortverzeichnis;276;1;anhang;ja;;;
schnittpunkt;7;8 Wahrscheinlichkeit;Symbole und Maßeinheiten;277;;anhang;letzter Eintrag;;;
schnittpunkt;8;1 Terme und Gleichungen;Terme und Gleichungen;5;32;kapitel;ja;;;
schnittpunkt;8;1 Terme und Gleichungen;Standpunkt;5;1;oeffner;ja;terme;;rahmen
schnittpunkt;8;1 Terme und Gleichungen;Auftakt;6;2;oeffner;ja;terme;;rahmen
schnittpunkt;8;1 Terme und Gleichungen;Ausmultiplizieren. Ausklammern;8;3;uk;ja;terme;4;titel
schnittpunkt;8;1 Terme und Gleichungen;Summen multiplizieren;11;2;uk;ja;binomische-formeln;1;titel
schnittpunkt;8;1 Terme und Gleichungen;Binomische Formeln;13;2;uk;ja;binomische-formeln;2;titel
schnittpunkt;8;1 Terme und Gleichungen;EXTRA: Binomische Formeln geometrisch beweisen;15;1;streifzug;ja;binomische-formeln;2;titel
schnittpunkt;8;1 Terme und Gleichungen;Faktorisieren mit binomischen Formeln;16;2;uk;ja;binomische-formeln;2;titel
schnittpunkt;8;1 Terme und Gleichungen;Gleichungen;18;2;uk;ja;lineare-gleichungen;;titel
schnittpunkt;8;1 Terme und Gleichungen;Gleichungen mit Klammern;20;3;uk;ja;lineare-gleichungen;3;titel
schnittpunkt;8;1 Terme und Gleichungen;EXTRA: Rechentricks;23;1;streifzug;ja;lineare-gleichungen;;rahmen
schnittpunkt;8;1 Terme und Gleichungen;EXTRA: Ungleichungen;24;2;streifzug;ja;lineare-gleichungen;;titel
schnittpunkt;8;1 Terme und Gleichungen;EXTRA: Verhältnisgleichungen;26;1;streifzug;ja;zuordnungen;2;titel
schnittpunkt;8;1 Terme und Gleichungen;Formeln;27;3;uk;ja;lineare-gleichungen;2;titel
schnittpunkt;8;1 Terme und Gleichungen;Zusammenfassung;30;1;zusammenfassung;ja;lineare-gleichungen;;rahmen
schnittpunkt;8;1 Terme und Gleichungen;Basistraining;31;2;vermischt;ja;lineare-gleichungen;;rahmen
schnittpunkt;8;1 Terme und Gleichungen;Anwenden. Nachdenken;33;3;vermischt;ja;lineare-gleichungen;;rahmen
schnittpunkt;8;1 Terme und Gleichungen;Rückspiegel;36;1;test;ja;lineare-gleichungen;;rahmen
schnittpunkt;8;2 Geometrische Abbildungen;Geometrische Abbildungen;37;18;kapitel;ja;;;
schnittpunkt;8;2 Geometrische Abbildungen;Standpunkt;37;1;oeffner;ja;symmetrie-abbildungen;;rahmen
schnittpunkt;8;2 Geometrische Abbildungen;Auftakt;38;2;oeffner;ja;symmetrie-abbildungen;;rahmen
schnittpunkt;8;2 Geometrische Abbildungen;Achsenspiegelung;40;2;uk;ja;symmetrie-abbildungen;2;titel
schnittpunkt;8;2 Geometrische Abbildungen;Verschiebung;42;2;uk;ja;symmetrie-abbildungen;3;titel
schnittpunkt;8;2 Geometrische Abbildungen;Drehung. Punktspiegelung;44;2;uk;ja;symmetrie-abbildungen;3;titel
schnittpunkt;8;2 Geometrische Abbildungen;Kongruenzabbildungen;46;2;uk;ja;winkel-dreiecke;4;titel
schnittpunkt;8;2 Geometrische Abbildungen;EXTRA: Verkettung von Achsenspiegelungen;48;1;streifzug;ja;symmetrie-abbildungen;2;titel
schnittpunkt;8;2 Geometrische Abbildungen;Zusammenfassung;49;1;zusammenfassung;ja;symmetrie-abbildungen;;rahmen
schnittpunkt;8;2 Geometrische Abbildungen;Basistraining;50;2;vermischt;ja;symmetrie-abbildungen;;rahmen
schnittpunkt;8;2 Geometrische Abbildungen;Anwenden. Nachdenken;52;2;vermischt;ja;symmetrie-abbildungen;;rahmen
schnittpunkt;8;2 Geometrische Abbildungen;Rückspiegel;54;1;test;ja;symmetrie-abbildungen;;rahmen
schnittpunkt;8;3 Lineare Funktionen;Lineare Funktionen;55;34;kapitel;ja;;;
schnittpunkt;8;3 Lineare Funktionen;Standpunkt;55;1;oeffner;ja;lineare-funktionen;;rahmen
schnittpunkt;8;3 Lineare Funktionen;Auftakt;56;2;oeffner;ja;lineare-funktionen;;rahmen
schnittpunkt;8;3 Lineare Funktionen;Funktionen;58;3;uk;ja;lineare-funktionen;;titel
schnittpunkt;8;3 Lineare Funktionen;EXTRA: Graphen erzählen Geschichten;61;1;streifzug;ja;lineare-funktionen;;rahmen
schnittpunkt;8;3 Lineare Funktionen;EXTRA: Nicht alle Zuordnungen sind Funktionen;62;1;streifzug;ja;lineare-funktionen;;titel
schnittpunkt;8;3 Lineare Funktionen;Funktionsgleichungen;63;3;uk;ja;lineare-funktionen;;titel
schnittpunkt;8;3 Lineare Funktionen;Steigung. Proportionale Funktionen;66;4;uk;ja;lineare-funktionen;1;titel
schnittpunkt;8;3 Lineare Funktionen;Lineare Funktionen;70;4;uk;ja;lineare-funktionen;2;titel
schnittpunkt;8;3 Lineare Funktionen;Parallele und senkrechte Geraden;74;2;uk;ja;lineare-funktionen;;titel
schnittpunkt;8;3 Lineare Funktionen;Geradengleichung berechnen;76;2;uk;ja;lineare-funktionen;4;titel
schnittpunkt;8;3 Lineare Funktionen;Modellieren;78;3;uk;ja;lineare-funktionen;;kapitel
schnittpunkt;8;3 Lineare Funktionen;EXTRA: Erneuerbare Energien;81;1;streifzug;ja;lineare-funktionen;;rahmen
schnittpunkt;8;3 Lineare Funktionen;Zusammenfassung;82;1;zusammenfassung;ja;lineare-funktionen;;rahmen
schnittpunkt;8;3 Lineare Funktionen;Basistraining;83;2;vermischt;ja;lineare-funktionen;;rahmen
schnittpunkt;8;3 Lineare Funktionen;Anwenden. Nachdenken;85;3;vermischt;ja;lineare-funktionen;;rahmen
schnittpunkt;8;3 Lineare Funktionen;Rückspiegel;88;1;test;ja;lineare-funktionen;;rahmen
schnittpunkt;8;4 Umfang und Flächeninhalt;Umfang und Flächeninhalt;89;34;kapitel;ja;;;
schnittpunkt;8;4 Umfang und Flächeninhalt;Standpunkt;89;1;oeffner;ja;flaechen;;rahmen
schnittpunkt;8;4 Umfang und Flächeninhalt;Auftakt;90;2;oeffner;ja;flaechen;;rahmen
schnittpunkt;8;4 Umfang und Flächeninhalt;Rechteck und Quadrat;92;2;uk;ja;flaechen;1;titel
schnittpunkt;8;4 Umfang und Flächeninhalt;Dreieck;94;3;uk;ja;winkel-dreiecke;;titel
schnittpunkt;8;4 Umfang und Flächeninhalt;EXTRA: Satz des Pythagoras;97;2;streifzug;ja;pythagoras;1;titel
schnittpunkt;8;4 Umfang und Flächeninhalt;Parallelogramm;99;3;uk;ja;flaechen;2;titel
schnittpunkt;8;4 Umfang und Flächeninhalt;EXTRA: Drachen und Raute;102;1;streifzug;ja;flaechen;4;titel
schnittpunkt;8;4 Umfang und Flächeninhalt;Trapez;103;3;uk;ja;flaechen;4;titel
schnittpunkt;8;4 Umfang und Flächeninhalt;EXTRA: Formeln durch Falten;106;1;streifzug;ja;lineare-gleichungen;2;titel
schnittpunkt;8;4 Umfang und Flächeninhalt;Kreis. Umfang;107;2;uk;ja;kreis;1;titel
schnittpunkt;8;4 Umfang und Flächeninhalt;Kreis. Flächeninhalt;109;2;uk;ja;kreis;2;titel
schnittpunkt;8;4 Umfang und Flächeninhalt;Zusammengesetzte Figuren. Vielecke;111;4;uk;ja;flaechen;5;titel
schnittpunkt;8;4 Umfang und Flächeninhalt;Zusammenfassung;115;1;zusammenfassung;ja;flaechen;;rahmen
schnittpunkt;8;4 Umfang und Flächeninhalt;Basistraining;116;2;vermischt;ja;flaechen;;rahmen
schnittpunkt;8;4 Umfang und Flächeninhalt;Anwenden. Nachdenken;118;4;vermischt;ja;flaechen;;rahmen
schnittpunkt;8;4 Umfang und Flächeninhalt;Rückspiegel;122;1;test;ja;flaechen;;rahmen
schnittpunkt;8;5 Prozente und Zinsen;Prozente und Zinsen;123;26;kapitel;ja;;;
schnittpunkt;8;5 Prozente und Zinsen;Standpunkt;123;1;oeffner;ja;prozentrechnung;;rahmen
schnittpunkt;8;5 Prozente und Zinsen;Auftakt;124;2;oeffner;ja;prozentrechnung;;rahmen
schnittpunkt;8;5 Prozente und Zinsen;Prozentrechnen;126;3;uk;ja;prozentrechnung;;titel
schnittpunkt;8;5 Prozente und Zinsen;Vermehrter und verminderter Grundwert;129;3;uk;ja;prozentrechnung;5;titel
schnittpunkt;8;5 Prozente und Zinsen;Zinsrechnen;132;3;uk;ja;zinsrechnung;1;titel
schnittpunkt;8;5 Prozente und Zinsen;Monatszinsen. Tageszinsen;135;3;uk;ja;zinsrechnung;1;titel
schnittpunkt;8;5 Prozente und Zinsen;Zinseszinsen;138;3;uk;ja;zinsrechnung;2;titel
schnittpunkt;8;5 Prozente und Zinsen;EXTRA: Zinsrechnen am Computer;141;2;streifzug;ja;zinsrechnung;1;titel
schnittpunkt;8;5 Prozente und Zinsen;Zusammenfassung;143;1;zusammenfassung;ja;zinsrechnung;;rahmen
schnittpunkt;8;5 Prozente und Zinsen;Basistraining;144;2;vermischt;ja;zinsrechnung;;rahmen
schnittpunkt;8;5 Prozente und Zinsen;Anwenden. Nachdenken;146;2;vermischt;ja;zinsrechnung;;rahmen
schnittpunkt;8;5 Prozente und Zinsen;Rückspiegel;148;1;test;ja;zinsrechnung;;rahmen
schnittpunkt;8;6 Prismen. Zylinder;Prismen. Zylinder;149;32;kapitel;ja;;;
schnittpunkt;8;6 Prismen. Zylinder;Standpunkt;149;1;oeffner;ja;koerper;;rahmen
schnittpunkt;8;6 Prismen. Zylinder;Auftakt;150;2;oeffner;ja;koerper;;rahmen
schnittpunkt;8;6 Prismen. Zylinder;Prisma;152;2;uk;ja;koerper;3;titel
schnittpunkt;8;6 Prismen. Zylinder;Prisma. Netz;154;2;uk;ja;koerper;3;titel
schnittpunkt;8;6 Prismen. Zylinder;Prisma. Oberflächeninhalt;156;2;uk;ja;koerper;3;titel
schnittpunkt;8;6 Prismen. Zylinder;Prisma. Schrägbild;158;3;uk;ja;koerper;3;titel
schnittpunkt;8;6 Prismen. Zylinder;Prisma. Volumen;161;3;uk;ja;koerper;3;titel
schnittpunkt;8;6 Prismen. Zylinder;Zylinder. Schrägbild;164;2;uk;ja;koerper;4;titel
schnittpunkt;8;6 Prismen. Zylinder;Zylinder. Netz und Oberflächeninhalt;166;2;uk;ja;koerper;4;titel
schnittpunkt;8;6 Prismen. Zylinder;Zylinder. Volumen;168;2;uk;ja;koerper;4;titel
schnittpunkt;8;6 Prismen. Zylinder;Zusammengesetzte Körper;170;3;uk;ja;koerper;5;titel
schnittpunkt;8;6 Prismen. Zylinder;EXTRA: Weitere Körper;173;1;streifzug;ja;koerper;;titel
schnittpunkt;8;6 Prismen. Zylinder;Zusammenfassung;174;1;zusammenfassung;ja;koerper;;rahmen
schnittpunkt;8;6 Prismen. Zylinder;Basistraining;175;2;vermischt;ja;koerper;;rahmen
schnittpunkt;8;6 Prismen. Zylinder;Anwenden. Nachdenken;177;3;vermischt;ja;koerper;;rahmen
schnittpunkt;8;6 Prismen. Zylinder;Rückspiegel;180;1;test;ja;koerper;;rahmen
schnittpunkt;8;7 Daten;Daten;181;24;kapitel;ja;;;
schnittpunkt;8;7 Daten;Standpunkt;181;1;oeffner;ja;daten;;rahmen
schnittpunkt;8;7 Daten;Auftakt;182;2;oeffner;ja;daten;;rahmen
schnittpunkt;8;7 Daten;Daten erfassen;184;2;uk;ja;daten;1;titel
schnittpunkt;8;7 Daten;Daten auswerten;186;2;uk;ja;daten;1;titel
schnittpunkt;8;7 Daten;EXTRA: Schaubilder beschreiben;188;1;streifzug;ja;daten;2;titel
schnittpunkt;8;7 Daten;Diagramme auswerten;189;3;uk;ja;daten;2;titel
schnittpunkt;8;7 Daten;Quartile;192;3;uk;ja;daten;5;titel
schnittpunkt;8;7 Daten;EXTRA: Tabellenkalkulation - Kennwerte;195;1;streifzug;ja;daten;4;titel
schnittpunkt;8;7 Daten;Boxplots;196;3;uk;ja;daten;5;titel
schnittpunkt;8;7 Daten;Zusammenfassung;199;1;zusammenfassung;ja;daten;;rahmen
schnittpunkt;8;7 Daten;Basistraining;200;1;vermischt;ja;daten;;rahmen
schnittpunkt;8;7 Daten;Anwenden. Nachdenken;201;3;vermischt;ja;daten;;rahmen
schnittpunkt;8;7 Daten;Rückspiegel;204;1;test;ja;daten;;rahmen
schnittpunkt;8;7 Daten;Grundwissen;205;22;anhang;ja;;;
schnittpunkt;8;7 Daten;Lösungen der Kapitel;227;27;anhang;ja;;;
schnittpunkt;8;7 Daten;Lösungen des Grundwissens;254;11;anhang;ja;;;
schnittpunkt;8;7 Daten;Symbole und Maßeinheiten;265;1;anhang;ja;;;
schnittpunkt;8;7 Daten;Stichwortverzeichnis;266;;anhang;letzter Eintrag;;;
schnittpunkt;9;1 Lineare Gleichungssysteme;Lineare Gleichungssysteme;5;24;kapitel;ja;;;
schnittpunkt;9;1 Lineare Gleichungssysteme;Standpunkt;5;1;oeffner;ja;lineare-gleichungssysteme;;rahmen
schnittpunkt;9;1 Lineare Gleichungssysteme;Auftakt;6;2;oeffner;ja;lineare-gleichungssysteme;;rahmen
schnittpunkt;9;1 Lineare Gleichungssysteme;Lineare Gleichungen mit zwei Variablen;8;2;uk;ja;lineare-gleichungssysteme;1;titel
schnittpunkt;9;1 Lineare Gleichungssysteme;Lineare Gleichungssysteme;10;3;uk;ja;lineare-gleichungssysteme;1;titel
schnittpunkt;9;1 Lineare Gleichungssysteme;Gleichsetzungsverfahren;13;3;uk;ja;lineare-gleichungssysteme;2;titel
schnittpunkt;9;1 Lineare Gleichungssysteme;Einsetzungsverfahren;16;2;uk;ja;lineare-gleichungssysteme;2;titel
schnittpunkt;9;1 Lineare Gleichungssysteme;Additionsverfahren;18;2;uk;ja;lineare-gleichungssysteme;3;titel
schnittpunkt;9;1 Lineare Gleichungssysteme;Lösungsvielfalt;20;2;uk;ja;lineare-gleichungssysteme;;kapitel
schnittpunkt;9;1 Lineare Gleichungssysteme;EXTRA: Tabellenkalkulation;22;1;streifzug;ja;kein Eintrag;;titel
schnittpunkt;9;1 Lineare Gleichungssysteme;Zusammenfassung;23;1;zusammenfassung;ja;lineare-gleichungssysteme;;rahmen
schnittpunkt;9;1 Lineare Gleichungssysteme;Basistraining;24;2;vermischt;ja;lineare-gleichungssysteme;;rahmen
schnittpunkt;9;1 Lineare Gleichungssysteme;Anwenden. Nachdenken;26;2;vermischt;ja;lineare-gleichungssysteme;;rahmen
schnittpunkt;9;1 Lineare Gleichungssysteme;Rückspiegel;28;1;test;ja;lineare-gleichungssysteme;;rahmen
schnittpunkt;9;2 Potenzen. Wurzeln. Reelle Zahlen;Potenzen. Wurzeln. Reelle Zahlen;29;28;kapitel;ja;;;
schnittpunkt;9;2 Potenzen. Wurzeln. Reelle Zahlen;Standpunkt;29;1;oeffner;ja;potenzen-wurzeln;;rahmen
schnittpunkt;9;2 Potenzen. Wurzeln. Reelle Zahlen;Auftakt;30;2;oeffner;ja;potenzen-wurzeln;;rahmen
schnittpunkt;9;2 Potenzen. Wurzeln. Reelle Zahlen;Potenzen;32;2;uk;ja;potenzen-wurzeln;1;titel
schnittpunkt;9;2 Potenzen. Wurzeln. Reelle Zahlen;Zehnerpotenzen mit positivenExponenten;34;2;uk;ja;potenzen-wurzeln;2;titel
schnittpunkt;9;2 Potenzen. Wurzeln. Reelle Zahlen;Zehnerpotenzen mit negativen Exponenten;36;2;uk;ja;reelle-zahlen;3;titel
schnittpunkt;9;2 Potenzen. Wurzeln. Reelle Zahlen;Quadratwurzeln;38;2;uk;ja;potenzen-wurzeln;3;titel
schnittpunkt;9;2 Potenzen. Wurzeln. Reelle Zahlen;Reelle Zahlen;40;2;uk;ja;reelle-zahlen;1;titel
schnittpunkt;9;2 Potenzen. Wurzeln. Reelle Zahlen;Näherungswerte irrationaler Zahlen;42;3;uk;ja;reelle-zahlen;1;titel
schnittpunkt;9;2 Potenzen. Wurzeln. Reelle Zahlen;EXTRA: Quadratwurzeln ziehen wieHeron;45;1;streifzug;ja;reelle-zahlen;1;titel
schnittpunkt;9;2 Potenzen. Wurzeln. Reelle Zahlen;Quadratwurzeln multiplizieren unddividieren;46;2;uk;ja;potenzen-wurzeln;3;titel
schnittpunkt;9;2 Potenzen. Wurzeln. Reelle Zahlen;Rechnen mit Quadratwurzeln;48;2;uk;ja;potenzen-wurzeln;3;titel
schnittpunkt;9;2 Potenzen. Wurzeln. Reelle Zahlen;Kubikwurzeln;50;2;uk;ja;potenzen-wurzeln;3;titel
schnittpunkt;9;2 Potenzen. Wurzeln. Reelle Zahlen;Zusammenfassung;52;1;zusammenfassung;ja;potenzen-wurzeln;;rahmen
schnittpunkt;9;2 Potenzen. Wurzeln. Reelle Zahlen;Basistraining;53;1;vermischt;ja;potenzen-wurzeln;;rahmen
schnittpunkt;9;2 Potenzen. Wurzeln. Reelle Zahlen;Anwenden. Nachdenken;54;2;vermischt;ja;potenzen-wurzeln;;rahmen
schnittpunkt;9;2 Potenzen. Wurzeln. Reelle Zahlen;Rückspiegel;56;1;test;ja;potenzen-wurzeln;;rahmen
schnittpunkt;9;3 Ähnlichkeit;Ähnlichkeit;57;22;kapitel;ja;;;
schnittpunkt;9;3 Ähnlichkeit;Standpunkt;57;1;oeffner;ja;strahlensaetze;;rahmen
schnittpunkt;9;3 Ähnlichkeit;Auftakt;58;2;oeffner;ja;strahlensaetze;;rahmen
schnittpunkt;9;3 Ähnlichkeit;Vergrößern. Verkleinern;60;2;uk;ja;strahlensaetze;1;titel
schnittpunkt;9;3 Ähnlichkeit;Zentrische Streckung;62;3;uk;ja;strahlensaetze;2;titel
schnittpunkt;9;3 Ähnlichkeit;Ähnliche Figuren;65;3;uk;ja;strahlensaetze;2;titel
schnittpunkt;9;3 Ähnlichkeit;Strahlensätze;68;3;uk;ja;strahlensaetze;3;titel
schnittpunkt;9;3 Ähnlichkeit;Bruchgleichungen;71;2;uk;ja;lineare-gleichungen;3;titel
schnittpunkt;9;3 Ähnlichkeit;Zusammenfassung;73;1;zusammenfassung;ja;lineare-gleichungen;;rahmen
schnittpunkt;9;3 Ähnlichkeit;Basistraining;74;2;vermischt;ja;lineare-gleichungen;;rahmen
schnittpunkt;9;3 Ähnlichkeit;Anwenden. Nachdenken;76;2;vermischt;ja;lineare-gleichungen;;rahmen
schnittpunkt;9;3 Ähnlichkeit;Rückspiegel;78;1;test;ja;lineare-gleichungen;;rahmen
schnittpunkt;9;4 Satzgruppe des Pythagoras;Satzgruppe des Pythagoras;79;26;kapitel;ja;;;
schnittpunkt;9;4 Satzgruppe des Pythagoras;Standpunkt;79;1;oeffner;ja;pythagoras;;rahmen
schnittpunkt;9;4 Satzgruppe des Pythagoras;Auftakt;80;2;oeffner;ja;pythagoras;;rahmen
schnittpunkt;9;4 Satzgruppe des Pythagoras;Satz des Pythagoras;82;3;uk;ja;pythagoras;1;titel
schnittpunkt;9;4 Satzgruppe des Pythagoras;Länge von Hypothenuseund Kathete berechnen;85;3;uk;ja;pythagoras;2;titel
schnittpunkt;9;4 Satzgruppe des Pythagoras;Der Satz des Pythagorasin Figuren und Körpern;88;4;uk;ja;pythagoras;3;titel
schnittpunkt;9;4 Satzgruppe des Pythagoras;Höhensatz;92;2;uk;ja;pythagoras;1;titel
schnittpunkt;9;4 Satzgruppe des Pythagoras;Kathetensatz;94;2;uk;ja;pythagoras;2;titel
schnittpunkt;9;4 Satzgruppe des Pythagoras;Beweisen in der Geometrie;96;3;uk;ja;pythagoras;;kapitel
schnittpunkt;9;4 Satzgruppe des Pythagoras;Zusammenfassung;99;1;zusammenfassung;ja;pythagoras;;rahmen
schnittpunkt;9;4 Satzgruppe des Pythagoras;Basistraining;100;1;vermischt;ja;pythagoras;;rahmen
schnittpunkt;9;4 Satzgruppe des Pythagoras;Anwenden. Nachdenken;101;3;vermischt;ja;pythagoras;;rahmen
schnittpunkt;9;4 Satzgruppe des Pythagoras;Rückspiegel;104;1;test;ja;pythagoras;;rahmen
schnittpunkt;9;5 Körper;Körper;105;30;kapitel;ja;;;
schnittpunkt;9;5 Körper;Standpunkt;105;1;oeffner;ja;koerper;;rahmen
schnittpunkt;9;5 Körper;Auftakt;106;2;oeffner;ja;koerper;;rahmen
schnittpunkt;9;5 Körper;Prisma. Zylinder;108;2;uk;ja;koerper;4;titel
schnittpunkt;9;5 Körper;Pyramide. Netz und Oberflächeninhalt;110;3;uk;ja;pyramide-kegel-kugel;1;titel
schnittpunkt;9;5 Körper;Pyramide. Schrägbild und Volumen;113;2;uk;ja;pyramide-kegel-kugel;1;titel
schnittpunkt;9;5 Körper;Kreisausschnitt;115;2;uk;ja;kreis;3;titel
schnittpunkt;9;5 Körper;Kegel. Netz und Oberflächeninhalt;117;2;uk;ja;pyramide-kegel-kugel;2;titel
schnittpunkt;9;5 Körper;Kegel. Schrägbild und Volumen;119;2;uk;ja;pyramide-kegel-kugel;2;titel
schnittpunkt;9;5 Körper;EXTRA: Satz von Cavalieri;121;1;streifzug;ja;pyramide-kegel-kugel;;rahmen
schnittpunkt;9;5 Körper;Kugel. Volumen;122;2;uk;ja;pyramide-kegel-kugel;3;titel
schnittpunkt;9;5 Körper;Kugel. Oberflächeninhalt;124;2;uk;ja;pyramide-kegel-kugel;3;titel
schnittpunkt;9;5 Körper;Zusammengesetzte Körper;126;2;uk;ja;koerper;5;titel
schnittpunkt;9;5 Körper;EXTRA: Ansichten;128;1;streifzug;ja;koerper;;rahmen
schnittpunkt;9;5 Körper;Zusammenfassung;129;1;zusammenfassung;ja;koerper;;rahmen
schnittpunkt;9;5 Körper;Basistraining;130;1;vermischt;ja;koerper;;rahmen
schnittpunkt;9;5 Körper;Anwenden. Nachdenken;131;3;vermischt;ja;koerper;;rahmen
schnittpunkt;9;5 Körper;Rückspiegel;134;1;test;ja;koerper;;rahmen
schnittpunkt;9;6 Daten;Daten;135;16;kapitel;ja;;;
schnittpunkt;9;6 Daten;Standpunkt;135;1;oeffner;ja;daten;;rahmen
schnittpunkt;9;6 Daten;Auftakt;136;2;oeffner;ja;daten;;rahmen
schnittpunkt;9;6 Daten;Vierfeldertafeln;138;3;uk;ja;daten;7;titel
schnittpunkt;9;6 Daten;Daten beurteilen;141;3;uk;ja;daten;5;titel
schnittpunkt;9;6 Daten;Daten darstellen;144;2;uk;ja;daten;1;titel
schnittpunkt;9;6 Daten;Zusammenfassung;146;1;zusammenfassung;ja;daten;;rahmen
schnittpunkt;9;6 Daten;Basistraining;147;1;vermischt;ja;daten;;rahmen
schnittpunkt;9;6 Daten;Anwenden Nachdenken;148;2;uk;ja;daten;;kapitel
schnittpunkt;9;6 Daten;Rückspiegel;150;1;test;ja;daten;;rahmen
schnittpunkt;9;7 Quadratische Funktionen;Quadratische Funktionen;151;33;kapitel;ja;;;
schnittpunkt;9;7 Quadratische Funktionen;Standpunkt;151;1;oeffner;ja;quadratische-funktionen;;rahmen
schnittpunkt;9;7 Quadratische Funktionen;Auftakt;152;2;oeffner;ja;quadratische-funktionen;;rahmen
schnittpunkt;9;7 Quadratische Funktionen;Die Normalparabel y = x2;154;2;uk;ja;quadratische-funktionen;1;titel
schnittpunkt;9;7 Quadratische Funktionen;Die quadratische Funktion y = x2 + c;156;2;uk;ja;quadratische-funktionen;1;titel
schnittpunkt;9;7 Quadratische Funktionen;Die quadratische Funktion y = ax2 + c;158;3;uk;ja;quadratische-funktionen;1;titel
schnittpunkt;9;7 Quadratische Funktionen;Die Scheitelform y = (x - d)2 + e;161;3;uk;ja;quadratische-funktionen;2;titel
schnittpunkt;9;7 Quadratische Funktionen;Die Normalform y = x2 + bx + c;164;2;uk;ja;quadratische-funktionen;;kapitel
schnittpunkt;9;7 Quadratische Funktionen;Zusammenfassung;166;1;zusammenfassung;ja;quadratische-funktionen;;rahmen
schnittpunkt;9;7 Quadratische Funktionen;Basistraining;167;1;vermischt;ja;quadratische-funktionen;;rahmen
schnittpunkt;9;7 Quadratische Funktionen;Anwenden. Nachdenken;168;2;vermischt;ja;quadratische-funktionen;;rahmen
schnittpunkt;9;7 Quadratische Funktionen;Rückspiegel;170;1;test;ja;quadratische-funktionen;;rahmen
schnittpunkt;9;7 Quadratische Funktionen;Auftakt;171;1;oeffner;ja;quadratische-funktionen;;rahmen
schnittpunkt;9;7 Quadratische Funktionen;Auskommen mit dem Einkommen;172;1;uk;ja;quadratische-funktionen;;kapitel
schnittpunkt;9;7 Quadratische Funktionen;Ernährung. Gesundheit;173;1;uk;ja;quadratische-funktionen;;kapitel
schnittpunkt;9;7 Quadratische Funktionen;Umwelt. Energie;174;1;uk;ja;quadratische-funktionen;;kapitel
schnittpunkt;9;7 Quadratische Funktionen;Nachhaltigkeit;175;1;uk;ja;quadratische-funktionen;;kapitel
schnittpunkt;9;7 Quadratische Funktionen;Verpackungen;176;1;uk;ja;quadratische-funktionen;;kapitel
schnittpunkt;9;7 Quadratische Funktionen;Auftakt;177;1;oeffner;ja;rationale-zahlen;;rahmen
schnittpunkt;9;7 Quadratische Funktionen;Zahlenfolgen und andere logische Folgen;178;1;uk;ja;kein Eintrag;;titel
schnittpunkt;9;7 Quadratische Funktionen;Umwandeln von Maßeinheiten. Grundrechenarten;179;1;uk;ja;rationale-zahlen;3;titel
schnittpunkt;9;7 Quadratische Funktionen;Prozentrechnen. Zinsrechnen. Dreisatz;180;1;uk;ja;zinsrechnung;1;titel
schnittpunkt;9;7 Quadratische Funktionen;Räumliches Vorstellungsvermögen;181;1;uk;ja;quadratische-funktionen;;kapitel
schnittpunkt;9;7 Quadratische Funktionen;Körper und Flächen;182;1;uk;ja;koerper;;titel
schnittpunkt;9;7 Quadratische Funktionen;Test;183;1;test;ja;koerper;;rahmen
schnittpunkt;9;7 Quadratische Funktionen;Grundwissen;184;22;anhang;ja;;;
schnittpunkt;9;7 Quadratische Funktionen;Lösungen der Kapitel;206;24;anhang;ja;;;
schnittpunkt;9;7 Quadratische Funktionen;Lösungen des Bewerbungstrainings;230;3;anhang;ja;;;
schnittpunkt;9;7 Quadratische Funktionen;Lösungen des Grundwissens;233;9;anhang;ja;;;
schnittpunkt;9;7 Quadratische Funktionen;Stichwortverzeichnis;242;1;anhang;ja;;;
schnittpunkt;9;7 Quadratische Funktionen;Symbole/Maßeinheiten;243;1;anhang;ja;;;
schnittpunkt;9;7 Quadratische Funktionen;Quellenverzeichnis;244;2;anhang;ja;;;
schnittpunkt;9;7 Quadratische Funktionen;Impressum;246;;anhang;letzter Eintrag;;;
schnittpunkt;9;;Themen;;;uk;ohne Seite;kein Eintrag;;titel
schnittpunkt;9;;Bewerbungstraining;;;uk;ohne Seite;kein Eintrag;;titel
schnittpunkt;10;;Standpunkt;5;1;oeffner;ja;quadratische-funktionen;;rahmen
schnittpunkt;10;;Auftakt;6;2;oeffner;ja;quadratische-funktionen;;rahmen
schnittpunkt;10;;Die quadratische Funktion y = x2 + c;8;2;uk;ja;quadratische-funktionen;1;titel
schnittpunkt;10;;Die quadratische Funktion y = ax2 + c;10;2;uk;ja;quadratische-funktionen;1;titel
schnittpunkt;10;;Die Scheitelform y = a (x - d)2 + e;12;3;uk;ja;quadratische-funktionen;2;titel
schnittpunkt;10;;Die quadratische Funktion y = ax2 + bx + c;15;2;uk;ja;quadratische-funktionen;1;titel
schnittpunkt;10;;Quadratische Gleichungen;17;3;uk;ja;quadratische-gleichungen;1;titel
schnittpunkt;10;;Lösungsformel;20;3;uk;ja;quadratische-gleichungen;2;titel
schnittpunkt;10;;Nullstellen;23;2;uk;ja;lineare-funktionen;3;titel
schnittpunkt;10;;EXTRA: Satz von Vieta;25;1;streifzug;ja;quadratische-gleichungen;3;titel
schnittpunkt;10;;Schnittpunkte;26;3;uk;ja;quadratische-gleichungen;;nachbar
schnittpunkt;10;;Modellieren;29;3;uk;ja;quadratische-gleichungen;;nachbar
schnittpunkt;10;;Zusammenfassung;32;1;zusammenfassung;ja;quadratische-gleichungen;;rahmen
schnittpunkt;10;;Basistraining;33;2;vermischt;ja;quadratische-gleichungen;;rahmen
schnittpunkt;10;;Anwenden. Nachdenken;35;3;vermischt;ja;quadratische-gleichungen;;rahmen
schnittpunkt;10;;Rückspiegel;38;1;test;ja;quadratische-gleichungen;;rahmen
schnittpunkt;10;;Standpunkt;39;1;oeffner;ja;trigonometrie;;rahmen
schnittpunkt;10;;Auftakt;40;2;oeffner;ja;trigonometrie;;rahmen
schnittpunkt;10;;Sinus. Kosinus. Tangens;42;2;uk;ja;trigonometrie;1;titel
schnittpunkt;10;;Berechnungen am rechtwinkligen Dreieck;44;3;uk;ja;winkel-dreiecke;;titel
schnittpunkt;10;;Berechnungen am allgemeinen Dreieck;47;2;uk;ja;winkel-dreiecke;;titel
schnittpunkt;10;;Sinussatz und Kosinussatz;49;3;uk;ja;trigonometrie;4;titel
schnittpunkt;10;;Trigonometrie in der Ebene und im Raum;52;3;uk;ja;trigonometrie;1;titel
schnittpunkt;10;;EXTRA: Bogenmaß;55;1;streifzug;ja;trigonometrische-funktionen;1;titel
schnittpunkt;10;;Zusammenfassung;56;1;zusammenfassung;ja;trigonometrische-funktionen;;rahmen
schnittpunkt;10;;Basistraining;57;2;vermischt;ja;trigonometrische-funktionen;;rahmen
schnittpunkt;10;;Anwenden. Nachdenken;59;3;vermischt;ja;trigonometrische-funktionen;;rahmen
schnittpunkt;10;;Rückspiegel;62;1;test;ja;trigonometrische-funktionen;;rahmen
schnittpunkt;10;;Standpunkt;63;1;oeffner;ja;reelle-zahlen;;rahmen
schnittpunkt;10;;Auftakt;64;2;oeffner;ja;reelle-zahlen;;rahmen
schnittpunkt;10;;Potenzen mit ganzen Zahlen als Exponenten;66;2;uk;ja;reelle-zahlen;3;titel
schnittpunkt;10;;Potenzen mit gleicher Basis;68;2;uk;ja;potenzen-wurzeln;1;titel
schnittpunkt;10;;Potenzen mit gleichem Exponenten;70;2;uk;ja;potenzen-wurzeln;1;titel
schnittpunkt;10;;Potenzen mit gebrochenen Zahlen als Exponenten;72;2;uk;ja;potenzen-wurzeln;1;titel
schnittpunkt;10;;Zusammenfassung;74;1;zusammenfassung;ja;potenzen-wurzeln;;rahmen
schnittpunkt;10;;Basistraining;75;1;vermischt;ja;potenzen-wurzeln;;rahmen
schnittpunkt;10;;Anwenden. Nachdenken;76;2;vermischt;ja;potenzen-wurzeln;;rahmen
schnittpunkt;10;;Rückspiegel;78;1;test;ja;potenzen-wurzeln;;rahmen
schnittpunkt;10;4 Exponentialrechnung;Exponentialrechnung;79;28;kapitel;ja;;;
schnittpunkt;10;4 Exponentialrechnung;Standpunkt;79;1;oeffner;ja;zinsrechnung;;rahmen
schnittpunkt;10;4 Exponentialrechnung;Auftakt;80;2;oeffner;ja;zinsrechnung;;rahmen
schnittpunkt;10;4 Exponentialrechnung;Zinsen;82;2;uk;ja;zinsrechnung;1;titel
schnittpunkt;10;4 Exponentialrechnung;Zinseszinsen;84;3;uk;ja;zinsrechnung;2;titel
schnittpunkt;10;4 Exponentialrechnung;EXTRA: Tabeilenkalkulation - Zinsrechnungen am Computer;87;1;streifzug;ja;zinsrechnung;1;titel
schnittpunkt;10;4 Exponentialrechnung;Exponentielles Wachstum. Exponentielle Abnahme;88;3;uk;ja;potenz-exponentialfunktionen;3;titel
schnittpunkt;10;4 Exponentialrechnung;Verdopplungszeit. Halbwertszeit;91;2;uk;ja;potenz-exponentialfunktionen;4;titel
schnittpunkt;10;4 Exponentialrechnung;Wachstumsprozesse unterscheiden;93;3;uk;ja;potenz-exponentialfunktionen;3;titel
schnittpunkt;10;4 Exponentialrechnung;Exponentialgleichung. Logarithmus;96;2;uk;ja;potenz-exponentialfunktionen;3;titel
schnittpunkt;10;4 Exponentialrechnung;EXTRA: Logarithmus. Taschenrechner;98;1;streifzug;ja;kein Eintrag;;titel
schnittpunkt;10;4 Exponentialrechnung;Zusammenfassung;99;1;zusammenfassung;ja;potenz-exponentialfunktionen;;rahmen
schnittpunkt;10;4 Exponentialrechnung;Basistraining;100;2;vermischt;ja;potenz-exponentialfunktionen;;rahmen
schnittpunkt;10;4 Exponentialrechnung;Anwenden. Nachdenken;102;2;vermischt;ja;potenz-exponentialfunktionen;;rahmen
schnittpunkt;10;4 Exponentialrechnung;EXTRA: Alternative Anlageformen;104;2;streifzug;ja;potenz-exponentialfunktionen;;rahmen
schnittpunkt;10;4 Exponentialrechnung;Rückspiegel;106;1;test;ja;potenz-exponentialfunktionen;;rahmen
schnittpunkt;10;5 Zufall;Zufall;107;22;kapitel;ja;;;
schnittpunkt;10;5 Zufall;Standpunkt;107;1;oeffner;ja;wahrscheinlichkeit;;rahmen
schnittpunkt;10;5 Zufall;Auftakt;108;2;oeffner;ja;wahrscheinlichkeit;;rahmen
schnittpunkt;10;5 Zufall;Zufallsexperimente;110;2;uk;ja;wahrscheinlichkeit;2;titel
schnittpunkt;10;5 Zufall;Einstufige Zufallsexperimente;112;2;uk;ja;wahrscheinlichkeit;2;titel
schnittpunkt;10;5 Zufall;Zweistufige Zufallsexperimente mit Zurücklegen;114;3;uk;ja;wahrscheinlichkeit;3;titel
schnittpunkt;10;5 Zufall;Zweistufige Zufallsexperimente ohne Zurücklegen;117;2;uk;ja;wahrscheinlichkeit;4;titel
schnittpunkt;10;5 Zufall;Vierfeldertafeln;119;3;uk;ja;daten;7;titel
schnittpunkt;10;5 Zufall;EXTRA: Erwartungswert;122;1;streifzug;ja;daten;;rahmen
schnittpunkt;10;5 Zufall;EXTRA: Simulationen;123;1;streifzug;ja;wahrscheinlichkeit;2;titel
schnittpunkt;10;5 Zufall;Zusammenfassung;124;1;zusammenfassung;ja;wahrscheinlichkeit;;rahmen
schnittpunkt;10;5 Zufall;Basistraining;125;1;vermischt;ja;wahrscheinlichkeit;;rahmen
schnittpunkt;10;5 Zufall;Anwenden. Nachdenken;126;2;vermischt;ja;wahrscheinlichkeit;;rahmen
schnittpunkt;10;5 Zufall;Rückspiegel;128;1;test;ja;wahrscheinlichkeit;;rahmen
schnittpunkt;10;6 Funktionen;Funktionen;129;40;kapitel;ja;;;
schnittpunkt;10;6 Funktionen;Standpunkt;129;1;oeffner;ja;quadratische-funktionen;;rahmen
schnittpunkt;10;6 Funktionen;Auftakt;130;2;oeffner;ja;quadratische-funktionen;;rahmen
schnittpunkt;10;6 Funktionen;Lineare und quadratische Funktionen;132;2;uk;ja;quadratische-funktionen;1;titel
schnittpunkt;10;6 Funktionen;Potenzfunktionen mit natürlichen Exponenten;134;3;uk;ja;potenz-exponentialfunktionen;5;titel
schnittpunkt;10;6 Funktionen;Potenzfunktionen mit ganzzahligen Exponenten;137;2;uk;ja;potenz-exponentialfunktionen;5;titel
schnittpunkt;10;6 Funktionen;EXTRA: Wurzelfunktion;139;1;streifzug;ja;potenzen-wurzeln;3;titel
schnittpunkt;10;6 Funktionen;Exponentialfunktionen;140;2;uk;ja;potenz-exponentialfunktionen;3;titel
schnittpunkt;10;6 Funktionen;EXTRA: Logarithmusfunktion;142;1;streifzug;ja;potenz-exponentialfunktionen;3;titel
schnittpunkt;10;6 Funktionen;Die Sinusfunktion f (a) = a • sin(b • a + <p);143;3;uk;ja;trigonometrische-funktionen;2;titel
schnittpunkt;10;6 Funktionen;Kreisbewegungen;146;3;uk;ja;kreis;;titel
schnittpunkt;10;6 Funktionen;Zusammenfassung;149;1;zusammenfassung;ja;kreis;;rahmen
schnittpunkt;10;6 Funktionen;Basistraining;150;2;vermischt;ja;kreis;;rahmen
schnittpunkt;10;6 Funktionen;Anwenden. Nachdenken;152;3;vermischt;ja;kreis;;rahmen
schnittpunkt;10;6 Funktionen;Rückspiegel;155;1;test;ja;kreis;;rahmen
schnittpunkt;10;6 Funktionen;Standpunkt;156;2;oeffner;ja;reelle-zahlen;;rahmen
schnittpunkt;10;6 Funktionen;Basis | Zahlen. Zahlbereiche. Größen;158;1;uk;ja;reelle-zahlen;1;titel
schnittpunkt;10;6 Funktionen;Basis | Messen. Raum. Form;159;1;uk;ja;potenz-exponentialfunktionen;;kapitel
schnittpunkt;10;6 Funktionen;Basis | Terme. Gleichungen. Funktionen;160;1;uk;ja;lineare-funktionen;;titel
schnittpunkt;10;6 Funktionen;Basis | Daten. Zufall. Wahrscheinlichkeit;161;1;uk;ja;wahrscheinlichkeit;2;titel
schnittpunkt;10;6 Funktionen;Anwenden | Zahlen. Zahlbereiche. Größen;162;1;uk;ja;reelle-zahlen;1;titel
schnittpunkt;10;6 Funktionen;Anwenden | Messen. Raum. Form;163;1;uk;ja;potenz-exponentialfunktionen;;kapitel
schnittpunkt;10;6 Funktionen;Anwenden | Terme. Gleichungen. Funktionen;164;1;uk;ja;lineare-funktionen;5;titel
schnittpunkt;10;6 Funktionen;Anwenden | Daten. Zufall. Wahrscheinlichkeit;165;1;uk;ja;wahrscheinlichkeit;2;titel
schnittpunkt;10;6 Funktionen;Rückspiegel | Basis;166;1;test;ja;wahrscheinlichkeit;;rahmen
schnittpunkt;10;6 Funktionen;Rückspiegel | Anwenden;167;1;test;ja;wahrscheinlichkeit;;rahmen
schnittpunkt;10;6 Funktionen;Rückspiegel | Nachdenken;168;1;test;ja;wahrscheinlichkeit;;rahmen
schnittpunkt;10;6 Funktionen;Grundwissen;169;27;anhang;ja;;;
schnittpunkt;10;6 Funktionen;Lösungen der Kapitel;196;22;anhang;ja;;;
schnittpunkt;10;6 Funktionen;Lösungen des Abschlusstrainings;218;9;anhang;ja;;;
schnittpunkt;10;6 Funktionen;Lösungen des Grundwissens;227;11;anhang;ja;;;
schnittpunkt;10;6 Funktionen;Stichwortverzeichnis;238;1;anhang;ja;;;
schnittpunkt;10;6 Funktionen;Symbole/Maßeinheiten;239;1;anhang;ja;;;
schnittpunkt;10;6 Funktionen;Bildquellenverzeichnis;240;1;anhang;ja;;;
schnittpunkt;10;6 Funktionen;Impressum;241;;anhang;letzter Eintrag;;;
schnittpunkt;10;;Quadratische Funktionen und Gleichungen;;;uk;ohne Seite;quadratische-funktionen;1;titel
schnittpunkt;10;;Trigonometrie l;;;uk;ohne Seite;trigonometrie;1;titel
schnittpunkt;10;;Potenzen l;;;uk;ohne Seite;potenzen-wurzeln;1;titel
schnittpunkt;10;;Abschluss. Training;;;uk;ohne Seite;kein Eintrag;;kein
elemente;7;;Uber dieses Buch;6;3;oeffner;ja;zuordnungen;;rahmen
elemente;7;;Bleib « t im Umgang mit gebrochenen Zahlen;9;6;oeffner;ja;zuordnungen;;rahmen
elemente;7;;Bleib fitim Umgang mit Zuordnungen;15;10;oeffner;ja;zuordnungen;;rahmen
elemente;7;1 D i r e k t u n d i n d i r e k t p r o p o r t i o n a le Z u o r d n u n g e n;D i r e k t u n d i n d i r e k t p r o p o r t i o n a le Z u o r d n u n g e n;17;28;kapitel;ja;;;
elemente;7;1 D i r e k t u n d i n d i r e k t p r o p o r t i o n a le Z u o r d n u n g e n;Lernfe.d Abhängigkeiten darstellen und nutzen . Direkt proportionale Zuordnungen (Wiederholung) .2 Zueinander indirekt proportionale Größen - indirekt proportionale Zuordnungen;25;4;oeffner;ja;zuordnungen;;rahmen
elemente;7;1 D i r e k t u n d i n d i r e k t p r o p o r t i o n a le Z u o r d n u n g e n;Zum Se.bstlernen Dreisatz bei indirekt proportionalen Zuordnungen;29;2;uk;ja;zuordnungen;3;titel
elemente;7;1 D i r e k t u n d i n d i r e k t p r o p o r t i o n a le Z u o r d n u n g e n;Quotientengleichheit bei direkt proportionalen Zuordnungen - Proportionalitätsfaktor;31;4;uk;ja;zuordnungen;2;titel
elemente;7;1 D i r e k t u n d i n d i r e k t p r o p o r t i o n a le Z u o r d n u n g e n;Erstellen einer Zuordnungstabelle mit einer Tabellenkalkulation;35;1;uk;ja;kein Eintrag;;titel
elemente;7;1 D i r e k t u n d i n d i r e k t p r o p o r t i o n a le Z u o r d n u n g e n;Produktgleichheit bei indirekt proportionalen Zuordnungen — Gesamtgröße;36;3;uk;ja;zuordnungen;3;titel
elemente;7;1 D i r e k t u n d i n d i r e k t p r o p o r t i o n a le Z u o r d n u n g e n;Modellieren mit direkt proportionalen und indirekt proportiona- len Zuordnungen;39;2;uk;ja;zuordnungen;4;titel
elemente;7;1 D i r e k t u n d i n d i r e k t p r o p o r t i o n a le Z u o r d n u n g e n;Vermischte Übungen;41;1;vermischt;ja;zuordnungen;;rahmen
elemente;7;1 D i r e k t u n d i n d i r e k t p r o p o r t i o n a le Z u o r d n u n g e n;Aufgaben zur Vertiefung;42;1;vermischt;ja;zuordnungen;;rahmen
elemente;7;1 D i r e k t u n d i n d i r e k t p r o p o r t i o n a le Z u o r d n u n g e n;Das Wichtigste auf einen Blick/ Bist du fit?;43;3;zusammenfassung;ja;zuordnungen;;rahmen
elemente;7; 2· P ro z e n tre c h n u n g;2· P ro z e n tre c h n u n g;45;34;kapitel;ja;;;
elemente;7; 2· P ro z e n tre c h n u n g;Lemfeid Rechnen mit Prozenten;46;1;oeffner;ja;prozentrechnung;;rahmen
elemente;7; 2· P ro z e n tre c h n u n g;Grundaufgaben der Prozentrechnung;47;0;uk;ja;prozentrechnung;;titel
elemente;7; 2· P ro z e n tre c h n u n g;2.Ί.1 Berechnen des Prozentsatzes Anteil;47;3;uk;ja;prozentrechnung;2;titel
elemente;7; 2· P ro z e n tre c h n u n g;Rprpshnpn Ηρς Prn7pntwprtpq - Γ1ΆΠ79η 7 и т Tpil;50;3;uk;ja;kreis;1;titel
elemente;7; 2· P ro z e n tre c h n u n g;BerechnendesGrundwertes-VomTeilzumGanzen;53;3;uk;ja;prozentrechnung;4;titel
elemente;7; 2· P ro z e n tre c h n u n g;Vermischte Übungen zu den Grundaufgaben;56;2;vermischt;ja;prozentrechnung;;rahmen
elemente;7; 2· P ro z e n tre c h n u n g;Promille - nicht nur im Straßenverkehr;58;1;uk;ja;prozentrechnung;;titel
elemente;7; 2· P ro z e n tre c h n u n g;Prozentuale Änderungen;59;0;uk;ja;prozentrechnung;5;titel
elemente;7; 2· P ro z e n tre c h n u n g;Prozentuale Erhöhung-Prozentsätze über 100%;59;3;uk;ja;prozentrechnung;5;titel
elemente;7; 2· P ro z e n tre c h n u n g;Prozentuale Abnahme;62;3;uk;ja;prozentrechnung;5;titel
elemente;7; 2· P ro z e n tre c h n u n g;Tabellenkalkulation —Relative und absolute Adressierung;65;2;streifzug;ja;prozentrechnung;;rahmen
elemente;7; 2· P ro z e n tre c h n u n g;Prozent oder Prozentpunkte - was ist hier gemeint?;67;1;uk;ja;prozentrechnung;;titel
elemente;7; 2· P ro z e n tre c h n u n g;Vermochte Übungen zur Proz;68;2;vermischt;ja;prozentrechnung;;rahmen
elemente;7; 2· P ro z e n tre c h n u n g;Zum Selbstlernen Zinsen für J a h r;70;2;uk;ja;zinsrechnung;1;titel
elemente;7; 2· P ro z e n tre c h n u n g;Zinsen für beliebige Zeitspannen;72;0;uk;ja;zinsrechnung;1;titel
elemente;7; 2· P ro z e n tre c h n u n g;Zinsen für Bruchteile;72;2;uk;ja;zinsrechnung;1;titel
elemente;7; 2· P ro z e n tre c h n u n g;Zinsen für mehrere Jahre;74;2;uk;ja;zinsrechnung;2;titel
elemente;7; 2· P ro z e n tre c h n u n g;Aufgaben zurVertiefung;76;1;vermischt;ja;zinsrechnung;;rahmen
elemente;7; 2· P ro z e n tre c h n u n g;Das Wichtigste auf einen Blick/ Bist du fit?;77;3;zusammenfassung;ja;zinsrechnung;;rahmen
elemente;7; 3· S ta tis tis c h e D a t e n;3· S ta tis tis c h e D a t e n;79;15;kapitel;ja;;;
elemente;7; 3· S ta tis tis c h e D a t e n;Lernfeld Euro-Münzen von nah und fern;80;1;oeffner;ja;daten;;rahmen
elemente;7; 3· S ta tis tis c h e D a t e n;Absolute und relative Häufigkeiten und deren Darstellung;81;13;uk;ja;daten;1;titel
elemente;7;4 Inhaltsvezeichnis;Inhaltsvezeichnis;94;108;kapitel;nein;;;
elemente;7;4 Inhaltsvezeichnis;Klasseneinteilung bei Stichproben;94;3;uk;ja;daten;6;titel
elemente;7;4 Inhaltsvezeichnis;Arithmetisches M itte l-M d a lw e rt-S p a n n w e ite;97;17;uk;ja;daten;4;titel
elemente;7;4 Inhaltsvezeichnis;Durchführen einer statistischen Erhebung;114;1;uk;ja;daten;1;titel
elemente;7;4 Inhaltsvezeichnis;Rationale Zahlen-Anordnung;115;5;uk;ja;rationale-zahlen;1;titel
elemente;7;4 Inhaltsvezeichnis;Vergleichen und Ordnen;120;3;uk;ja;rationale-zahlen;;kapitel
elemente;7;4 Inhaltsvezeichnis;Zum Selbstlernen Koordinatensystem;123;2;uk;ja;symmetrie-abbildungen;1;titel
elemente;7;4 Inhaltsvezeichnis;Beschreiben von Zustandsänderungen;125;3;uk;ja;rationale-zahlen;2;titel
elemente;7;4 Inhaltsvezeichnis;Addieren rationaler Zahlen;128;0;uk;ja;rationale-zahlen;2;titel
elemente;7;4 Inhaltsvezeichnis;Einführung der Addition-A d d it ؛ onsregel;128;5;uk;ja;rationale-zahlen;1;titel
elemente;7;4 Inhaltsvezeichnis;RechengesetzefUrdieAddition rationaler Zahlen;133;3;uk;ja;rationale-zahlen;3;titel
elemente;7;4 Inhaltsvezeichnis;Ebbe und Flut;136;2;uk;ja;rationale-zahlen;;kapitel
elemente;7;4 Inhaltsvezeichnis;Subtrahieren rationaler Zahlen;138;0;uk;ja;rationale-zahlen;2;titel
elemente;7;4 Inhaltsvezeichnis;Enführung der Subtraktion-Subtraktionsregel;138;5;uk;ja;rationale-zahlen;1;titel
elemente;7;4 Inhaltsvezeichnis;a h;143;0;uk;ja;rationale-zahlen;;kapitel
elemente;7;4 Inhaltsvezeichnis;l k l a m;143;5;uk;ja;rationale-zahlen;;kapitel
elemente;7;4 Inhaltsvezeichnis;Rechengesetze der Multiplikation;148;2;uk;ja;rationale-zahlen;3;titel
elemente;7;4 Inhaltsvezeichnis;Dividieren rationaler Zahlen;150;4;uk;ja;rationale-zahlen;3;titel
elemente;7;4 Inhaltsvezeichnis;Mindmaps;154;1;uk;ja;kein Eintrag;;titel
elemente;7;4 Inhaltsvezeichnis;Vermischte Übungen zu den Grundrechenarten;155;3;vermischt;ja;rationale-zahlen;;rahmen
elemente;7;4 Inhaltsvezeichnis;Terme-Distributivgesetz;158;0;uk;ja;rationale-zahlen;1;titel
elemente;7;4 Inhaltsvezeichnis;Regeln fürdas Berechnen von Termen;158;2;uk;ja;terme;5;titel
elemente;7;4 Inhaltsvezeichnis;Distributivgesetz;160;3;uk;ja;rationale-zahlen;1;titel
elemente;7;4 Inhaltsvezeichnis;АЛЛ Vergleich der Zahlbereiche H Cf, Q und z;163;1;uk;ja;reelle-zahlen;1;titel
elemente;7;4 Inhaltsvezeichnis;Aufgaben zur Vertiefung;164;1;vermischt;ja;reelle-zahlen;;rahmen
elemente;7;4 Inhaltsvezeichnis;Das Wichtigste auf einen B lic k /Bist du fit?;165;2;zusammenfassung;ja;reelle-zahlen;;rahmen
elemente;7;4 Inhaltsvezeichnis;m e r n;167;1;uk;ja;rationale-zahlen;;kapitel
elemente;7;4 Inhaltsvezeichnis;Lernfeld Zahlen gesucht;168;1;oeffner;ja;lineare-gleichungen;;rahmen
elemente;7;4 Inhaltsvezeichnis;Variable und Gleichung;169;4;uk;ja;lineare-gleichungen;;titel
elemente;7;4 Inhaltsvezeichnis;Lösen von Gleichungen durch Umformen;173;0;uk;ja;lineare-gleichungen;2;titel
elemente;7;4 Inhaltsvezeichnis;Umformungsregeln;173;5;uk;ja;lineare-gleichungen;2;titel
elemente;7;4 Inhaltsvezeichnis;Zum Selbstlernen Lösen einfacher Gleichungen des Typs a ٠x = b ٠x + c;178;2;uk;ja;lineare-gleichungen;;titel
elemente;7;4 Inhaltsvezeichnis;Lösen von Gleichungen mit Zusammenfassen von Vielfachen einer Variablen;180;4;uk;ja;lineare-gleichungen;;titel
elemente;7;4 Inhaltsvezeichnis;Sonderfälle bei der Lösung^;184;2;uk;ja;rationale-zahlen;;kapitel
elemente;7;4 Inhaltsvezeichnis;Lösen von Gleichungen mit einem Computer-Algebra-System;186;1;uk;ja;lineare-gleichungen;;titel
elemente;7;4 Inhaltsvezeichnis;Modellieren - Anwenden von Gleichungen;187;3;uk;ja;lineare-gleichungen;;titel
elemente;7;4 Inhaltsvezeichnis;Verhältnisgleichungen;190;2;uk;ja;zuordnungen;2;titel
elemente;7;4 Inhaltsvezeichnis;Umstellen von Formeln;192;2;uk;ja;lineare-gleichungen;2;titel
elemente;7;4 Inhaltsvezeichnis;Aufgaben zur Vertiefung;194;8;vermischt;ja;lineare-gleichungen;;rahmen
elemente;7;6 K o n g r u e n z - D r e ie c k e;K o n g r u e n z - D r e ie c k e;202;54;kapitel;ja;;;
elemente;7;6 K o n g r u e n z - D r e ie c k e;Lernfeld Passgenaue Figuren;202;1;oeffner;ja;winkel-dreiecke;;rahmen
elemente;7;6 K o n g r u e n z - D r e ie c k e;Kongruente Figuren;203;3;uk;ja;winkel-dreiecke;4;titel
elemente;7;6 K o n g r u e n z - D r e ie c k e;Optische Täuschungen: Schau genau hin —miss nach;206;1;uk;ja;winkel-dreiecke;;kapitel
elemente;7;6 K o n g r u e n z - D r e ie c k e;Dynamisches Geometriesystem;207;2;uk;ja;winkel-dreiecke;;kapitel
elemente;7;6 K o n g r u e n z - D r e ie c k e;Dreieckskonstruktionen —Kongruenzsätze;209;10;uk;ja;winkel-dreiecke;4;titel
elemente;7;6 K o n g r u e n z - D r e ie c k e;Beweisen mithilfe der Kongruenzsätze;219;4;uk;ja;winkel-dreiecke;4;titel
elemente;7;6 K o n g r u e n z - D r e ie c k e;Präsentieren auf Plakaten und Folien;223;2;uk;ja;kein Eintrag;;titel
elemente;7;6 K o n g r u e n z - D r e ie c k e;Zum Selbstlernen Kreis und Geraden;225;2;uk;ja;kreis;;titel
elemente;7;6 K o n g r u e n z - D r e ie c k e;Besondere Punkte und Linien eines Dreiecks;227;0;uk;ja;winkel-dreiecke;;titel
elemente;7;6 K o n g r u e n z - D r e ie c k e;Mittelsenkrechte - Umkreis eines Dreiecks;227;5;uk;ja;winkel-dreiecke;5;titel
elemente;7;6 K o n g r u e n z - D r e ie c k e;Winkelhalbierende-Inkreis eines D r e i e c k s;232;5;uk;ja;winkel-dreiecke;5;titel
elemente;7;6 K o n g r u e n z - D r e ie c k e;Seitenhalbierende-S c h w ^;237;1;uk;ja;winkel-dreiecke;5;titel
elemente;7;6 K o n g r u e n z - D r e ie c k e;Höhen eines Dreiecks;238;3;uk;ja;winkel-dreiecke;5;titel
elemente;7;6 K o n g r u e n z - D r e ie c k e;Eine Eigenschaft der besonderen Unien ỉm Dreieck;241;1;uk;ja;winkel-dreiecke;3;titel
elemente;7;6 K o n g r u e n z - D r e ie c k e;Konstruieren mit Zirkel und Lineal;242;2;uk;ja;winkel-dreiecke;4;titel
elemente;7;6 K o n g r u e n z - D r e ie c k e;Satz des Thales;244;3;uk;ja;winkel-dreiecke;5;titel
elemente;7;6 K o n g r u e n z - D r e ie c k e;Thales von Milet;247;1;uk;ja;winkel-dreiecke;5;titel
elemente;7;6 K o n g r u e n z - D r e ie c k e;Das Wichtigste auf einen Blick/ Bist du fit?;248;3;zusammenfassung;ja;winkel-dreiecke;;rahmen
elemente;7;6 K o n g r u e n z - D r e ie c k e;Bleib fit im Umgang mit Flächen- und Rauminhalten;251;5;oeffner;ja;flaechen;;rahmen
elemente;7; 7· B e r e c h n u n g e n a n V ie le c k e n u n a P r is m e n;7· B e r e c h n u n g e n a n V ie le c k e n u n a P r is m e n;256;32;kapitel;ja;;;
elemente;7; 7· B e r e c h n u n g e n a n V ie le c k e n u n a P r is m e n;Flächeninhalt eines Dreiecks;256;4;uk;ja;flaechen;3;titel
elemente;7; 7· B e r e c h n u n g e n a n V ie le c k e n u n a P r is m e n;Flächeninhalt eines Parallelogramms;260;4;uk;ja;flaechen;2;titel
elemente;7; 7· B e r e c h n u n g e n a n V ie le c k e n u n a P r is m e n;Flächeninhalt von Trapez und Drachenviereck;264;3;uk;ja;flaechen;4;titel
elemente;7; 7· B e r e c h n u n g e n a n V ie le c k e n u n a P r is m e n;Zum Selbstlernen Flächeninhalt beliebiger Vielecke;267;3;uk;ja;flaechen;5;titel
elemente;7; 7· B e r e c h n u n g e n a n V ie le c k e n u n a P r is m e n;Flächeninhalt und Umfang krummlinig begrenzter Figuren;270;1;uk;ja;flaechen;5;titel
elemente;7; 7· B e r e c h n u n g e n a n V ie le c k e n u n a P r is m e n;Netz und Oberflächeninhalt eines Prismas;271;4;uk;ja;koerper;3;titel
elemente;7; 7· B e r e c h n u n g e n a n V ie le c k e n u n a P r is m e n;Schrägbild eines Prismas;275;4;uk;ja;koerper;3;titel
elemente;7; 7· B e r e c h n u n g e n a n V ie le c k e n u n a P r is m e n;Volumen eines Prismas;279;5;uk;ja;koerper;3;titel
elemente;7; 7· B e r e c h n u n g e n a n V ie le c k e n u n a P r is m e n;Mit Schätzungen sachgerecht;284;1;uk;ja;kein Eintrag;;titel
elemente;7; 7· B e r e c h n u n g e n a n V ie le c k e n u n a P r is m e n;Aufgaben zur Vertiefung;285;1;vermischt;ja;koerper;;rahmen
elemente;7; 7· B e r e c h n u n g e n a n V ie le c k e n u n a P r is m e n;Das Wichtigste auf einen Blick/ Bist du fit?;286;2;zusammenfassung;ja;koerper;;rahmen
elemente;7; 7· B e r e c h n u n g e n a n V ie le c k e n u n a P r is m e n;Lösungen zu Bist du fit?;288;5;anhang;ja;;;
elemente;7; 7· B e r e c h n u n g e n a n V ie le c k e n u n a P r is m e n;Einheiten und ihre Umrechnungen;293;1;anhang;ja;;;
elemente;7; 7· B e r e c h n u n g e n a n V ie le c k e n u n a P r is m e n;Verzeichnis mathematischem;294;1;anhang;ja;;;
elemente;7; 7· B e r e c h n u n g e n a n V ie le c k e n u n a P r is m e n;Stichwortverzeichnis;295;1;anhang;ja;;;
elemente;7; 7· B e r e c h n u n g e n a n V ie le c k e n u n a P r is m e n;Bildquellenverzeichnis;296;;anhang;letzter Eintrag;;;
elemente;7;;Diagramme mit dem Computer;;;uk;ohne Seite;daten;2;titel
elemente;7;;Bildliche D a rs te llu n g Daten und ihre W irk u n g e n;;;uk;ohne Seite;daten;1;titel
elemente;7;;Median;;;uk;ohne Seite;daten;4;titel
elemente;7;;Streuung bei Häufigkeitsverteilungen - Boxplots Statistische Daten im Kontext der Berufswahl;;;uk;ohne Seite;daten;5;titel
elemente;7;;Das Wichtigste auf einen Blick/ Bist du fit? 4· R a t io n a le Z a h l e n;;;zusammenfassung;ohne Seite;;;
elemente;7;;Lernfeld Zahlen unter N u ll;;;oeffner;ohne Seite;;;
elemente;7;;Auflösen von Z;;;uk;ohne Seite;lineare-gleichungen;;titel
elemente;7;;Multiplizieren rationaler Zahlen;;;uk;ohne Seite;rationale-zahlen;3;titel
elemente;7;;Einführung der Multiplikation - Multiplikationsregel;;;uk;ohne Seite;rationale-zahlen;3;titel
elemente;7;;G le ic h u n g e n m i t e in e r V a r ia b le n;;;uk;ohne Seite;lineare-gleichungen;;titel
elemente;7;;Lösen von Gleichungen des 丁外^ a ٠x + b = c;;;uk;ohne Seite;lineare-gleichungen;;titel
elemente;7;;Das Wichtigste auf einen Blick/Bist du fit?;;;zusammenfassung;ohne Seite;;;
elemente;7;;Bleib fit im Umgang mit Winkeln in Figuren;;;oeffner;ohne Seite;;;
elemente;7;;Lernfeld Wie groß St;;;oeffner;ohne Seite;;;
elemente;7;;Anhang;;;uk;ohne Seite;kein Eintrag;;kein
elemente;8;;Gleichungen vom Typ T v T2 =;0;6;uk;ja;lineare-gleichungen;;titel
elemente;8;;Über dieses Buch;6;3;oeffner;ja;terme;;rahmen
elemente;8;;Bleib fit im Umgang mit den rationalen Zahlen;9;2;oeffner;ja;terme;;rahmen
elemente;8;;Bleib fit im Umgang mit Gleichungen;11;3;oeffner;ja;terme;;rahmen
elemente;8;1 T e rm e m i t m e h r e r e n V a r ia b le n;T e rm e m i t m e h r e r e n V a r ia b le n;13;58;kapitel;ja;;;
elemente;8;1 T e rm e m i t m e h r e r e n V a r ia b le n;Lernfeld Klammern gewähren Vorrang;14;1;oeffner;ja;terme;;rahmen
elemente;8;1 T e rm e m i t m e h r e r e n V a r ia b le n;Aufstellen eines Terms mit Variablen;15;7;uk;ja;terme;6;titel
elemente;8;1 T e rm e m i t m e h r e r e n V a r ia b le n;Aufbau eines Terms;22;2;uk;ja;terme;;titel
elemente;8;1 T e rm e m i t m e h r e r e n V a r ia b le n;S Tabellenkalkulation und Terme;24;2;uk;ja;terme;;titel
elemente;8;1 T e rm e m i t m e h r e r e n V a r ia b le n;Addieren und Subtrahieren von Termen;26;8;uk;ja;rationale-zahlen;2;titel
elemente;8;1 T e rm e m i t m e h r e r e n V a r ia b le n;S Umgang mit Termen bei einem Computer-Algebra-System (GAS);34;1;uk;ja;terme;;titel
elemente;8;1 T e rm e m i t m e h r e r e n V a r ia b le n;Multiplizieren und Dividieren von Termen;35;5;uk;ja;rationale-zahlen;3;titel
elemente;8;1 T e rm e m i t m e h r e r e n V a r ia b le n;Auflösen einer Klammer;40;7;uk;ja;terme;3;titel
elemente;8;1 T e rm e m i t m e h r e r e n V a r ia b le n;) .6 Minuszeichen vor einer Klammer - Subtrahiereneiner Klammer;47;2;uk;ja;terme;3;titel
elemente;8;1 T e rm e m i t m e h r e r e n V a r ia b le n;Ausklammern;49;3;uk;ja;terme;4;titel
elemente;8;1 T e rm e m i t m e h r e r e n V a r ia b le n;Auflösen von zwei Klammern in einem Produkt;52;3;uk;ja;lineare-gleichungen;3;titel
elemente;8;1 T e rm e m i t m e h r e r e n V a r ia b le n;Zum Selbstlernen Binomische Formeln;55;3;uk;ja;binomische-formeln;2;titel
elemente;8;1 T e rm e m i t m e h r e r e n V a r ia b le n;Faktorisieren einer Summe;58;2;uk;ja;binomische-formeln;3;titel
elemente;8;1 T e rm e m i t m e h r e r e n V a r ia b le n;Formeln-Gleichungen mit Parametern;60;0;uk;ja;lineare-gleichungen;2;titel
elemente;8;1 T e rm e m i t m e h r e r e n V a r ia b le n;Umformen von Formeln;60;2;uk;ja;lineare-gleichungen;2;titel
elemente;8;1 T e rm e m i t m e h r e r e n V a r ia b le n;Lösen von Gleichungen mit Parametern;62;1;uk;ja;lineare-gleichungen;;titel
elemente;8;1 T e rm e m i t m e h r e r e n V a r ia b le n;® Trapez - Formeln erforschen;63;3;uk;ja;flaechen;4;titel
elemente;8;1 T e rm e m i t m e h r e r e n V a r ia b le n;Verhältnisgleichungen;66;2;uk;ja;zuordnungen;2;titel
elemente;8;1 T e rm e m i t m e h r e r e n V a r ia b le n;Aufgaben zur Vertiefung;68;1;vermischt;ja;zuordnungen;;rahmen
elemente;8;1 T e rm e m i t m e h r e r e n V a r ia b le n;Das Wichtigste auf einen Blick/Bist du fit?;69;3;zusammenfassung;ja;zuordnungen;;rahmen
elemente;8;2 L in e a r e F u n k t io n e n;L in e a r e F u n k t io n e n;71;46;kapitel;ja;;;
elemente;8;2 L in e a r e F u n k t io n e n;Lernfeld Eindeutig gerade;72;1;oeffner;ja;lineare-funktionen;;rahmen
elemente;8;2 L in e a r e F u n k t io n e n;Funktionen als eindeutige Zuordnungen;73;8;uk;ja;lineare-funktionen;;titel
elemente;8;2 L in e a r e F u n k t io n e n;S Graphen mit Computer oder GTR zeichnen;81;2;uk;ja;kein Eintrag;;titel
elemente;8;2 L in e a r e F u n k t io n e n;Lineare Funktionen mit der Funktionsgleichungy = m x;83;0;uk;ja;lineare-funktionen;2;titel
elemente;8;2 L in e a r e F u n k t io n e n;Graph linearer Funktionen mit der Funktionsgleichung y = m-x;83;6;uk;ja;lineare-funktionen;2;titel
elemente;8;2 L in e a r e F u n k t io n e n;Steigung - Steigungsdreieck - Änderungsrate;89;7;uk;ja;kein Eintrag (Sek-II-Stoff);;titel
elemente;8;2 L in e a r e F u n k t io n e n;Lineare Funktionen mit der Funktionsgleichungy = mx + n;96;7;uk;ja;lineare-funktionen;2;titel
elemente;8;2 L in e a r e F u n k t io n e n;Zum Selbstlernen Nullstellen linearer Funktionen - Lösen linearer Gleichungen;103;3;uk;ja;lineare-funktionen;3;titel
elemente;8;2 L in e a r e F u n k t io n e n;Geraden durch Punkte-Aufstellen linearer Funktionsgleichungen;106;0;uk;ja;lineare-funktionen;4;titel
elemente;8;2 L in e a r e F u n k t io n e n;Geraden durch zwei Punkte;106;2;uk;ja;lineare-funktionen;4;titel
elemente;8;2 L in e a r e F u n k t io n e n;Näherungsgeraden;108;3;uk;ja;lineare-funktionen;;titel
elemente;8;2 L in e a r e F u n k t io n e n;Vermischte Übungen;111;2;vermischt;ja;lineare-funktionen;;rahmen
elemente;8;2 L in e a r e F u n k t io n e n;S Energie sparen;113;1;uk;ja;zinsrechnung;1;titel
elemente;8;2 L in e a r e F u n k t io n e n;Aufgaben zur Vertiefung;114;1;vermischt;ja;zinsrechnung;;rahmen
elemente;8;2 L in e a r e F u n k t io n e n;Das Wichtigste auf einen Blick/ Bist du fit?;115;3;zusammenfassung;ja;zinsrechnung;;rahmen
elemente;8;3 Z u f a l l u n d W a h r s c h e in lic h k e it;Z u f a l l u n d W a h r s c h e in lic h k e it;117;22;kapitel;ja;;;
elemente;8;3 Z u f a l l u n d W a h r s c h e in lic h k e it;Lernfeld Alles Z ufall!;118;1;oeffner;ja;wahrscheinlichkeit;;rahmen
elemente;8;3 Z u f a l l u n d W a h r s c h e in lic h k e it;Wahrscheinlichkeiten;119;7;uk;ja;wahrscheinlichkeit;2;titel
elemente;8;3 Z u f a l l u n d W a h r s c h e in lic h k e it;Ereignisse und ihre Wahrscheinlichkeiten;126;2;uk;ja;wahrscheinlichkeit;2;titel
elemente;8;3 Z u f a l l u n d W a h r s c h e in lic h k e it;Laplace-Experimente;128;4;uk;ja;wahrscheinlichkeit;2;titel
elemente;8;3 Z u f a l l u n d W a h r s c h e in lic h k e it;Zurückführen eines Zufallsexperiments auf einLaplace-Experiment;132;2;uk;ja;wahrscheinlichkeit;2;titel
elemente;8;3 Z u f a l l u n d W a h r s c h e in lic h k e it;Bestimmen von Wahrscheinlichkeiten durch Simulation;134;3;uk;ja;wahrscheinlichkeit;2;titel
elemente;8;3 Z u f a l l u n d W a h r s c h e in lic h k e it;$ Regenwahrscheinlichkeit;137;1;uk;ja;wahrscheinlichkeit;2;titel
elemente;8;3 Z u f a l l u n d W a h r s c h e in lic h k e it;Das Wichtigste auf einen Blick/Bist du fit?;138;2;zusammenfassung;ja;wahrscheinlichkeit;;rahmen
elemente;8;4 W u r z e ln - S a tz d e s P y t h a g o r a s;W u r z e ln - S a tz d e s P y t h a g o r a s;139;28;kapitel;ja;;;
elemente;8;4 W u r z e ln - S a tz d e s P y t h a g o r a s;Lernfeld Seitenlangen gesucht;140;1;oeffner;ja;potenzen-wurzeln;;rahmen
elemente;8;4 W u r z e ln - S a tz d e s P y t h a g o r a s;Quadrat- und Kubikwurzeln;141;3;uk;ja;potenzen-wurzeln;3;titel
elemente;8;4 W u r z e ln - S a tz d e s P y t h a g o r a s;Satz des Pythagoras;144;5;uk;ja;pythagoras;1;titel
elemente;8;4 W u r z e ln - S a tz d e s P y t h a g o r a s;Berechnen von Streckenlängen;149;9;uk;ja;einheiten;;titel
elemente;8;4 W u r z e ln - S a tz d e s P y t h a g o r a s;® Modellieren mit geometrischen Figuren;158;2;uk;ja;flaechen;5;titel
elemente;8;4 W u r z e ln - S a tz d e s P y t h a g o r a s;Umkehrung des Satzes des Pythagoras;160;2;uk;ja;pythagoras;2;titel
elemente;8;4 W u r z e ln - S a tz d e s P y t h a g o r a s;Aufgaben zur Vertiefung;162;1;vermischt;ja;pythagoras;;rahmen
elemente;8;4 W u r z e ln - S a tz d e s P y t h a g o r a s;Das Wichtigste auf einen Blick/ Bist du fit?;163;2;zusammenfassung;ja;pythagoras;;rahmen
elemente;8;4 W u r z e ln - S a tz d e s P y t h a g o r a s;Bleib fit im Umgang mit Flächeninhalt und Volumen;165;3;oeffner;ja;kreis;;rahmen
elemente;8;5 B e r e c h n u n g e n a n K r e is e n u n d Z y l i n d e r n;B e r e c h n u n g e n a n K r e is e n u n d Z y l i n d e r n;167;28;kapitel;ja;;;
elemente;8;5 B e r e c h n u n g e n a n K r e is e n u n d Z y l i n d e r n;Lernfeld Mit Körpern und Figuren experimentieren;168;1;oeffner;ja;kreis;;rahmen
elemente;8;5 B e r e c h n u n g e n a n K r e is e n u n d Z y l i n d e r n;Umfang eines Kreises;169;3;uk;ja;kreis;1;titel
elemente;8;5 B e r e c h n u n g e n a n K r e is e n u n d Z y l i n d e r n;Flächeninhalt eines Kreises;172;5;uk;ja;kreis;2;titel
elemente;8;5 B e r e c h n u n g e n a n K r e is e n u n d Z y l i n d e r n;Kreisausschnitt und Kreisbogen;177;3;uk;ja;kreis;3;titel
elemente;8;5 B e r e c h n u n g e n a n K r e is e n u n d Z y l i n d e r n;$ Die Zahl Ti in der Geschichte der Menschheit;180;1;uk;ja;koerper;;kapitel
elemente;8;5 B e r e c h n u n g e n a n K r e is e n u n d Z y l i n d e r n;Zylinder - Netz und Oberflächeninhalt;181;2;uk;ja;koerper;4;titel
elemente;8;5 B e r e c h n u n g e n a n K r e is e n u n d Z y l i n d e r n;Zum Selbstlernen Schrägbild des Zylinders;183;1;uk;ja;koerper;4;titel
elemente;8;5 B e r e c h n u n g e n a n K r e is e n u n d Z y l i n d e r n;Volumen des Zylinders;184;4;uk;ja;koerper;4;titel
elemente;8;5 B e r e c h n u n g e n a n K r e is e n u n d Z y l i n d e r n;® Modellieren mit Körpern;188;2;uk;ja;koerper;;titel
elemente;8;5 B e r e c h n u n g e n a n K r e is e n u n d Z y l i n d e r n;Zum Selbstlernen Berechnungen an zusammengesetzten Körpern;190;3;uk;ja;koerper;5;titel
elemente;8;5 B e r e c h n u n g e n a n K r e is e n u n d Z y l i n d e r n;Das Wichtigste auf einen Blick/ Bist du fit?;193;3;zusammenfassung;ja;koerper;;rahmen
elemente;8;6 L in e a r e G le ic h u n g s s y s te m e;L in e a r e G le ic h u n g s s y s te m e;195;38;kapitel;ja;;;
elemente;8;6 L in e a r e G le ic h u n g s s y s te m e;Lernfeld Geraden mit System;196;1;oeffner;ja;lineare-gleichungen;;rahmen
elemente;8;6 L in e a r e G le ic h u n g s s y s te m e;Lineare Gleichungen der Form ax + by = c;197;6;uk;ja;lineare-gleichungen;;titel
elemente;8;6 L in e a r e G le ic h u n g s s y s te m e;Systeme linearer Gleichungen - Grafisches Lösungsverfahren;203;5;uk;ja;lineare-gleichungen;;titel
elemente;8;6 L in e a r e G le ic h u n g s s y s te m e;Gleichsetzungsverfahren;208;2;uk;ja;lineare-gleichungssysteme;2;titel
elemente;8;6 L in e a r e G le ic h u n g s s y s te m e;Zum Selbstlernen Einsetzungsverfahren;210;1;uk;ja;lineare-gleichungssysteme;2;titel
elemente;8;6 L in e a r e G le ic h u n g s s y s te m e;Additionsverfahren;211;3;uk;ja;lineare-gleichungssysteme;3;titel
elemente;8;6 L in e a r e G le ic h u n g s s y s te m e;Sonderfälle beim rechnerischen Lösen;214;2;uk;ja;lineare-gleichungssysteme;;kapitel
elemente;8;6 L in e a r e G le ic h u n g s s y s te m e;Vermischte Übungen;216;1;vermischt;ja;lineare-gleichungssysteme;;rahmen
elemente;8;6 L in e a r e G le ic h u n g s s y s te m e;$ Lösen linearer Gleichungssysteme mithilfe des GTR;217;2;uk;ja;lineare-gleichungssysteme;1;titel
elemente;8;6 L in e a r e G le ic h u n g s s y s te m e;Modellieren mithilfe linearer Gleichungssysteme;219;6;uk;ja;lineare-gleichungssysteme;1;titel
elemente;8;6 L in e a r e G le ic h u n g s s y s te m e;® Verschiedene Verfahren zum Lösen von Gleichungssystemen: Tabelle, Graph oder Gleichung?;225;2;uk;ja;lineare-gleichungssysteme;1;titel
elemente;8;6 L in e a r e G le ic h u n g s s y s te m e;Systeme von mehr als zwei linearen Gleichungen mit mehr als zwei Variablen;227;3;uk;ja;lineare-gleichungssysteme;1;titel
elemente;8;6 L in e a r e G le ic h u n g s s y s te m e;Aufgaben zur Vertiefung;230;1;vermischt;ja;lineare-gleichungssysteme;;rahmen
elemente;8;6 L in e a r e G le ic h u n g s s y s te m e;Das Wichtigste auf einen Blick/ Bist du fit?;231;3;zusammenfassung;ja;lineare-gleichungssysteme;;rahmen
elemente;8;7 Ähnlichkeit;Ähnlichkeit;233;32;kapitel;ja;;;
elemente;8;7 Ähnlichkeit;Lernfeld Gleiche Form - andere Größe;234;1;oeffner;ja;strahlensaetze;;rahmen
elemente;8;7 Ähnlichkeit;Ähnliche Vielecke;235;6;uk;ja;strahlensaetze;2;titel
elemente;8;7 Ähnlichkeit;Zum Selbstlernen Flächeninhalt bei zueinander ähnlichen Vielecken;241;2;uk;ja;strahlensaetze;2;titel
elemente;8;7 Ähnlichkeit;$ Volumen bei zueinander ähnlichen Quadern;243;1;uk;ja;strahlensaetze;2;titel
elemente;8;7 Ähnlichkeit;® Arbeit im Team organisieren;244;2;uk;ja;strahlensaetze;;kapitel
elemente;8;7 Ähnlichkeit;Ähnlichkeitsabbildungen - Zentrische Streckung;246;4;uk;ja;strahlensaetze;2;titel
elemente;8;7 Ähnlichkeit;Ähnlichkeit bei beliebigen Figuren;250;2;uk;ja;strahlensaetze;2;titel
elemente;8;7 Ähnlichkeit;Ähnlichkeitssatz für Dreiecke;252;2;uk;ja;strahlensaetze;2;titel
elemente;8;7 Ähnlichkeit;Beweisen mithilfe des Ähnlichkeitssatzes;254;2;uk;ja;strahlensaetze;2;titel
elemente;8;7 Ähnlichkeit;Berechnen von Streckenlängen;256;5;uk;ja;einheiten;;titel
elemente;8;7 Ähnlichkeit;$ Mess-und Zeichengeräte selbst gebaut;261;1;uk;ja;strahlensaetze;;kapitel
elemente;8;7 Ähnlichkeit;Aufgaben zur Vertiefung;262;1;vermischt;ja;strahlensaetze;;rahmen
elemente;8;7 Ähnlichkeit;Das Wichtigste auf einen Blick/ Bist du fit?;263;2;zusammenfassung;ja;strahlensaetze;;rahmen
elemente;8;7 Ähnlichkeit;Lösungen zu Bist du fit?;265;5;anhang;ja;;;
elemente;8;7 Ähnlichkeit;Verzeichnis mathematischer Symbole;270;1;anhang;ja;;;
elemente;8;7 Ähnlichkeit;Stichwortverzeichnis;271;1;anhang;ja;;;
elemente;8;7 Ähnlichkeit;Bildquellenverzeichnis;272;;anhang;letzter Eintrag;;;
elemente;8;;Anhang;;;uk;ohne Seite;kein Eintrag;;kein
elemente;9;;Verschieben der Normalparabel in beliebiger Richtung - Scheitelpunktform - Quadratische Gleichungen der Form x2 + px + q =;0;0;uk;ja;quadratische-gleichungen;1;titel
elemente;9;;Strecken und Verschieben der Normalparabel - Gleichungen der Form ax2 + bx + c =;0;6;uk;ja;quadratische-funktionen;2;titel
elemente;9;;Über dieses Buch;6;4;oeffner;ja;potenzen-wurzeln;;rahmen
elemente;9;1 Q u a d r a t w u r z e l n u n d r e e l l e Z a h l e n;Q u a d r a t w u r z e l n u n d r e e l l e Z a h l e n;9;36;kapitel;ja;;;
elemente;9;1 Q u a d r a t w u r z e l n u n d r e e l l e Z a h l e n;Lernfeld Entdeckungen an Zahlen;10;1;oeffner;ja;potenzen-wurzeln;;rahmen
elemente;9;1 Q u a d r a t w u r z e l n u n d r e e l l e Z a h l e n;Quadratwurzeln;11;0;uk;ja;potenzen-wurzeln;3;titel
elemente;9;1 Q u a d r a t w u r z e l n u n d r e e l l e Z a h l e n;Näherungswerte für Quadratwurzeln;11;1;uk;ja;reelle-zahlen;1;titel
elemente;9;1 Q u a d r a t w u r z e l n u n d r e e l l e Z a h l e n;Irrationale Zahlen;12;4;uk;ja;reelle-zahlen;1;titel
elemente;9;1 Q u a d r a t w u r z e l n u n d r e e l l e Z a h l e n;Reelle Zahlen;16;2;uk;ja;reelle-zahlen;1;titel
elemente;9;1 Q u a d r a t w u r z e l n u n d r e e l l e Z a h l e n;Intervallhalbierungsverfahren;18;2;uk;ja;reelle-zahlen;;kapitel
elemente;9;1 Q u a d r a t w u r z e l n u n d r e e l l e Z a h l e n;$ Schnelle Berechnung von Wurzeln mit dem Heron-Verfahren;20;2;uk;ja;reelle-zahlen;1;titel
elemente;9;1 Q u a d r a t w u r z e l n u n d r e e l l e Z a h l e n;Rechenregeln für Quadratwurzeln und ihre Anwendung;22;4;uk;ja;potenzen-wurzeln;3;titel
elemente;9;1 Q u a d r a t w u r z e l n u n d r e e l l e Z a h l e n;Anwenden der Wurzelgesetze auf Terme mit Variablen;26;5;uk;ja;reelle-zahlen;3;titel
elemente;9;1 Q u a d r a t w u r z e l n u n d r e e l l e Z a h l e n;Zum Selbstlernen Umformen von Wurzeltermen;31;2;uk;ja;reelle-zahlen;3;titel
elemente;9;1 Q u a d r a t w u r z e l n u n d r e e l l e Z a h l e n;Vergleich der Zahlbereiche N, Q +, Q und (R;33;2;uk;ja;reelle-zahlen;1;titel
elemente;9;1 Q u a d r a t w u r z e l n u n d r e e l l e Z a h l e n;$ Wie viele rationale und irrationale Zahlen gibt es?;35;2;uk;ja;reelle-zahlen;1;titel
elemente;9;1 Q u a d r a t w u r z e l n u n d r e e l l e Z a h l e n;Wurzelgleichungen;37;2;uk;ja;potenzen-wurzeln;3;titel
elemente;9;1 Q u a d r a t w u r z e l n u n d r e e l l e Z a h l e n;Aufgaben zur Vertiefung;39;1;vermischt;ja;potenzen-wurzeln;;rahmen
elemente;9;1 Q u a d r a t w u r z e l n u n d r e e l l e Z a h l e n;® Rechnen mit Näherungswerten;40;1;uk;ja;reelle-zahlen;1;titel
elemente;9;1 Q u a d r a t w u r z e l n u n d r e e l l e Z a h l e n;Das Wichtigste auf einen Blick/Bist du fit?;41;2;zusammenfassung;ja;reelle-zahlen;;rahmen
elemente;9;1 Q u a d r a t w u r z e l n u n d r e e l l e Z a h l e n;Bleib fit im Umgang mit linearen Funktionen;43;3;oeffner;ja;quadratische-funktionen;;rahmen
elemente;9;2 Q u a d r a t i s c h e Z u s a m m e n h ä n g e;Q u a d r a t i s c h e Z u s a m m e n h ä n g e;45;121;kapitel;nein;;;
elemente;9;2 Q u a d r a t i s c h e Z u s a m m e n h ä n g e;Lernfeld Krumm und doch symmetrisch;46;1;oeffner;ja;quadratische-funktionen;;rahmen
elemente;9;2 Q u a d r a t i s c h e Z u s a m m e n h ä n g e;Quadratische Funktionen - Definition;47;3;uk;ja;quadratische-funktionen;1;titel
elemente;9;2 Q u a d r a t i s c h e Z u s a m m e n h ä n g e;Normalparabel - Gleichungen der Form x2 = r;50;3;uk;ja;quadratische-funktionen;1;titel
elemente;9;2 Q u a d r a t i s c h e Z u s a m m e n h ä n g e;Verschieben der Normalparabel;53;0;uk;ja;quadratische-funktionen;2;titel
elemente;9;2 Q u a d r a t i s c h e Z u s a m m e n h ä n g e;Verschieben der Normalparabel parallel zur y-Achse;53;3;uk;ja;quadratische-funktionen;2;titel
elemente;9;2 Q u a d r a t i s c h e Z u s a m m e n h ä n g e;Verschieben der Normalparabel parallel zur x-Achse - Gleichungen der Form (x + d)2 = r;56;8;uk;ja;quadratische-funktionen;2;titel
elemente;9;2 Q u a d r a t i s c h e Z u s a m m e n h ä n g e;Strecken und Spiegeln der Normalparabel;64;14;uk;ja;quadratische-funktionen;1;titel
elemente;9;2 Q u a d r a t i s c h e Z u s a m m e n h ä n g e;$ Bremsen und Anhalten von Fahrzeugen;78;2;uk;ja;quadratische-funktionen;;kapitel
elemente;9;2 Q u a d r a t i s c h e Z u s a m m e n h ä n g e;Strategien zum Lösen quadratischer Gleichungen;80;3;uk;ja;lineare-gleichungen;;titel
elemente;9;2 Q u a d r a t i s c h e Z u s a m m e n h ä n g e;Linearfaktorzerlegung quadratischer Terme;83;4;uk;ja;terme;;titel
elemente;9;2 Q u a d r a t i s c h e Z u s a m m e n h ä n g e;Schnittpunkte von Parabeln und Geraden;87;3;uk;ja;quadratische-funktionen;4;titel
elemente;9;2 Q u a d r a t i s c h e Z u s a m m e n h ä n g e;$ Goldener Schnitt;90;2;uk;ja;quadratische-funktionen;;kapitel
elemente;9;2 Q u a d r a t i s c h e Z u s a m m e n h ä n g e;Zum Selbstlernen Modellieren - Anwenden von quadratischen Gleichungen;92;3;uk;ja;lineare-gleichungen;;titel
elemente;9;2 Q u a d r a t i s c h e Z u s a m m e n h ä n g e;Optimierungsprobleme mit quadratischen Funktionen- Lösungsstrategien;95;4;uk;ja;quadratische-funktionen;1;titel
elemente;9;2 Q u a d r a t i s c h e Z u s a m m e n h ä n g e;Methode der Substitution - Biquadratische Gleichungen;99;2;streifzug;ja;quadratische-gleichungen;1;titel
elemente;9;2 Q u a d r a t i s c h e Z u s a m m e n h ä n g e;Quadratwurzelfunktion - Umkehrfunktion;101;5;uk;ja;potenzen-wurzeln;3;titel
elemente;9;2 Q u a d r a t i s c h e Z u s a m m e n h ä n g e;© Näherungslösungen und exakte Lösungen;106;2;uk;ja;quadratische-funktionen;;kapitel
elemente;9;2 Q u a d r a t i s c h e Z u s a m m e n h ä n g e;Das Wichtigste auf einen Blick/Bist du fit?;108;3;zusammenfassung;ja;quadratische-funktionen;;rahmen
elemente;9;2 Q u a d r a t i s c h e Z u s a m m e n h ä n g e;Bleib fit im Umgang mit statistischen Kennwerten;111;3;oeffner;ja;daten;;rahmen
elemente;9;2 Q u a d r a t i s c h e Z u s a m m e n h ä n g e;Lernfeld Aufgepasst beim Darstellen und Auswerten von Daten;114;1;oeffner;ja;daten;;rahmen
elemente;9;2 Q u a d r a t i s c h e Z u s a m m e n h ä n g e;Streuung - Standardabweichung;115;6;uk;ja;daten;4;titel
elemente;9;2 Q u a d r a t i s c h e Z u s a m m e n h ä n g e;Analyse von grafischen Darstellungen;121;5;uk;ja;quadratische-funktionen;;kapitel
elemente;9;2 Q u a d r a t i s c h e Z u s a m m e n h ä n g e;$ Statistische Daten visualisieren und Trendlinien einfügen;126;1;uk;ja;daten;2;titel
elemente;9;2 Q u a d r a t i s c h e Z u s a m m e n h ä n g e;Irreführende Anwendung des arithmetischen Mittels;127;3;uk;ja;daten;5;titel
elemente;9;2 Q u a d r a t i s c h e Z u s a m m e n h ä n g e;Aufgaben zur Vertiefung;130;1;vermischt;ja;daten;;rahmen
elemente;9;2 Q u a d r a t i s c h e Z u s a m m e n h ä n g e;Das Wichtigste auf einen Blick/ Bist du fit?;131;2;zusammenfassung;ja;daten;;rahmen
elemente;9;2 Q u a d r a t i s c h e Z u s a m m e n h ä n g e;. T r i g o n o m e t r i e;133;1;uk;ja;trigonometrie;1;titel
elemente;9;2 Q u a d r a t i s c h e Z u s a m m e n h ä n g e;Lernfeld Alles über Dreiecke;134;1;oeffner;ja;trigonometrie;;rahmen
elemente;9;2 Q u a d r a t i s c h e Z u s a m m e n h ä n g e;Sinus, Kosinus und Tangens;135;4;uk;ja;trigonometrie;1;titel
elemente;9;2 Q u a d r a t i s c h e Z u s a m m e n h ä n g e;Bestimmen von Werten für Sinus, Kosinus und Tangens - Zusammen­ hänge;139;3;uk;ja;trigonometrie;1;titel
elemente;9;2 Q u a d r a t i s c h e Z u s a m m e n h ä n g e;Berechnungen in rechtwinkligen Dreiecken;142;5;uk;ja;winkel-dreiecke;;titel
elemente;9;2 Q u a d r a t i s c h e Z u s a m m e n h ä n g e;Zum Selbstlernen Berechnungen in gleichschenkligen Dreiecken;147;2;uk;ja;winkel-dreiecke;;titel
elemente;9;2 Q u a d r a t i s c h e Z u s a m m e n h ä n g e;Berechnungen in beliebigen Dreiecken;149;0;uk;ja;winkel-dreiecke;;titel
elemente;9;2 Q u a d r a t i s c h e Z u s a m m e n h ä n g e;Sinussatz;149;5;uk;ja;trigonometrie;4;titel
elemente;9;2 Q u a d r a t i s c h e Z u s a m m e n h ä n g e;Kosinussatz;154;5;uk;ja;trigonometrie;4;titel
elemente;9;2 Q u a d r a t i s c h e Z u s a m m e n h ä n g e;Vermischte Übungen;159;1;vermischt;ja;trigonometrie;;rahmen
elemente;9;2 Q u a d r a t i s c h e Z u s a m m e n h ä n g e;euer Schulgebäude?;160;2;uk;ja;quadratische-funktionen;;kapitel
elemente;9;2 Q u a d r a t i s c h e Z u s a m m e n h ä n g e;Aufgaben zur Vertiefung;162;4;vermischt;ja;quadratische-funktionen;;rahmen
elemente;9;5 P o te n z e n u n d P o t e n z f u n k tio n e n;P o te n z e n u n d P o t e n z f u n k tio n e n;166;56;kapitel;ja;;;
elemente;9;5 P o te n z e n u n d P o t e n z f u n k tio n e n;hoch hoch hinaus;166;1;uk;ja;potenzen-wurzeln;;kapitel
elemente;9;5 P o te n z e n u n d P o t e n z f u n k tio n e n;Potenzen mit ganzzahligen Exponenten;167;0;uk;ja;reelle-zahlen;3;titel
elemente;9;5 P o te n z e n u n d P o t e n z f u n k tio n e n;Definition und Anwendung der Potenzen mit natürlichen Exponenten;167;5;uk;ja;potenzen-wurzeln;1;titel
elemente;9;5 P o te n z e n u n d P o t e n z f u n k tio n e n;Erweiterung des Potenzbegriffs auf negative ganzzahlige Exponenten;172;5;uk;ja;potenzen-wurzeln;1;titel
elemente;9;5 P o te n z e n u n d P o t e n z f u n k tio n e n;Potenzen mit rationalen Exponenten;177;0;uk;ja;reelle-zahlen;3;titel
elemente;9;5 P o te n z e n u n d P o t e n z f u n k tio n e n;Potenzen mit Stammbrüchen als Exponenten - n-te Wurzeln;177;4;uk;ja;reelle-zahlen;3;titel
elemente;9;5 P o te n z e n u n d P o t e n z f u n k tio n e n;Potenzen mit rationalen Exponenten;181;4;uk;ja;reelle-zahlen;3;titel
elemente;9;5 P o te n z e n u n d P o t e n z f u n k tio n e n;$ Kleine Anteile - große W irkung;185;2;uk;ja;brueche-dezimalzahlen;1;titel
elemente;9;5 P o te n z e n u n d P o t e n z f u n k tio n e n;Potenzgesetze und ihre Anwendung;187;0;uk;ja;reelle-zahlen;2;titel
elemente;9;5 P o te n z e n u n d P o t e n z f u n k tio n e n;Multiplizieren und Potenzieren von Potenzen;187;8;uk;ja;rationale-zahlen;3;titel
elemente;9;5 P o te n z e n u n d P o t e n z f u n k tio n e n;Zum Selbstlernen Dividieren von Potenzen;195;2;uk;ja;potenzen-wurzeln;1;titel
elemente;9;5 P o te n z e n u n d P o t e n z f u n k tio n e n;Vermischte Übungen zu den Potenzgesetzen - Wurzelgesetze;197;2;vermischt;ja;potenzen-wurzeln;;rahmen
elemente;9;5 P o te n z e n u n d P o t e n z f u n k tio n e n;$ Stimmung einer Tonleiter;199;1;uk;ja;potenzen-wurzeln;;kapitel
elemente;9;5 P o te n z e n u n d P o t e n z f u n k tio n e n;Potenzfunktionen;200;0;uk;ja;potenz-exponentialfunktionen;5;titel
elemente;9;5 P o te n z e n u n d P o t e n z f u n k tio n e n;Potenzfunktionen mit natürlichen Exponenten;200;4;uk;ja;potenz-exponentialfunktionen;5;titel
elemente;9;5 P o te n z e n u n d P o t e n z f u n k tio n e n;Potenzfunktionen mit negativen ganzzahligen Exponenten;204;4;uk;ja;potenz-exponentialfunktionen;5;titel
elemente;9;5 P o te n z e n u n d P o t e n z f u n k tio n e n;Potenzfunktionen mit gebrochenrationalenExponenten;208;2;uk;ja;potenz-exponentialfunktionen;5;titel
elemente;9;5 P o te n z e n u n d P o t e n z f u n k tio n e n;Wurzelfunktionen - Umkehrfunktionen;210;1;uk;ja;potenzen-wurzeln;3;titel
elemente;9;5 P o te n z e n u n d P o t e n z f u n k tio n e n;$ Straßenabnutzung - Vierte-Potenz-Regel;211;1;uk;ja;potenzen-wurzeln;1;titel
elemente;9;5 P o te n z e n u n d P o t e n z f u n k tio n e n;Zum Selbstlernen Verschieben und Strecken der Graphen der Potenzfunktionen;212;5;uk;ja;potenz-exponentialfunktionen;5;titel
elemente;9;5 P o te n z e n u n d P o t e n z f u n k tio n e n;Lösungsmenge von Potenzgleichungen;217;3;uk;ja;potenzen-wurzeln;1;titel
elemente;9;5 P o te n z e n u n d P o t e n z f u n k tio n e n;Das Wichtigste auf einen Blick/Bist du fit?;220;2;zusammenfassung;ja;potenzen-wurzeln;;rahmen
elemente;9;5 P o te n z e n u n d P o t e n z f u n k tio n e n;Lösungen zu Bist du fit?;222;9;anhang;ja;;;
elemente;9;5 P o te n z e n u n d P o t e n z f u n k tio n e n;Stichwortverzeichnis;231;1;anhang;ja;;;
elemente;9;5 P o te n z e n u n d P o t e n z f u n k tio n e n;Bildquellenverzeichnis;232;;anhang;letzter Eintrag;;;
elemente;9;;. S t a t is t is c h e A u s w e r t u n g v o n D a t e n;;;uk;ohne Seite;daten;1;titel
elemente;9;;$ Wie hoch ist eigentlich;;;uk;ohne Seite;kein Eintrag;;kein
elemente;9;;Das Wichtigste auf einen Blick/Bist du fit?;;;zusammenfassung;ohne Seite;;;
elemente;9;;Lernfeld Mit „;;;oeffner;ohne Seite;;;
elemente;9;;Anhang;;;uk;ohne Seite;kein Eintrag;;kein
elemente;10;;"Die Exponentialfunktionen mit y = bx mit b>0; b *";1;5;uk;ja;potenz-exponentialfunktionen;3;titel
elemente;10;;Über dieses Buch;6;4;oeffner;ja;trigonometrische-funktionen;;rahmen
elemente;10;1 M o d e l l i e r e n p e r io d is c h e r V o r g ä n g e;M o d e l l i e r e n p e r io d is c h e r V o r g ä n g e;9;42;kapitel;ja;;;
elemente;10;1 M o d e l l i e r e n p e r io d is c h e r V o r g ä n g e;Lernfeld Hin und her - rauf und runter;10;1;oeffner;ja;trigonometrische-funktionen;;rahmen
elemente;10;1 M o d e l l i e r e n p e r io d is c h e r V o r g ä n g e;Periodische Vorgänge;11;4;uk;ja;trigonometrische-funktionen;4;titel
elemente;10;1 M o d e l l i e r e n p e r io d is c h e r V o r g ä n g e;Sinus und Kosinus am Einheitskreis;15;4;uk;ja;trigonometrische-funktionen;1;titel
elemente;10;1 M o d e l l i e r e n p e r io d is c h e r V o r g ä n g e;Sinus- und Kosinusfunktion mit [Rais Definitionsbereich;19;0;uk;ja;trigonometrische-funktionen;2;titel
elemente;10;1 M o d e l l i e r e n p e r io d is c h e r V o r g ä n g e;Bogenmaß eines Winkels;19;2;uk;ja;trigonometrische-funktionen;1;titel
elemente;10;1 M o d e l l i e r e n p e r io d is c h e r V o r g ä n g e;Definiton der Sinus- und Kosinusfunktion;21;2;uk;ja;trigonometrische-funktionen;2;titel
elemente;10;1 M o d e l l i e r e n p e r io d is c h e r V o r g ä n g e;Eigenschaften der Sinus- und Kosinusfunktion;23;3;uk;ja;trigonometrische-funktionen;2;titel
elemente;10;1 M o d e l l i e r e n p e r io d is c h e r V o r g ä n g e;Strecken des Graphen der Sinusfunktion;26;6;uk;ja;trigonometrische-funktionen;3;titel
elemente;10;1 M o d e l l i e r e n p e r io d is c h e r V o r g ä n g e;Zum Selbstlernen Verschieben des Graphen der Sinusfunktion;32;3;uk;ja;trigonometrische-funktionen;3;titel
elemente;10;1 M o d e l l i e r e n p e r io d is c h e r V o r g ä n g e;Allgemeine Sinusfunktion;35;5;uk;ja;trigonometrische-funktionen;2;titel
elemente;10;1 M o d e l l i e r e n p e r io d is c h e r V o r g ä n g e;Modellieren mit allgemeinen Sinusfunktionen;40;4;uk;ja;trigonometrische-funktionen;4;titel
elemente;10;1 M o d e l l i e r e n p e r io d is c h e r V o r g ä n g e;® Parametervariation - Abbilden von Funktionsgraphen;44;2;uk;ja;lineare-funktionen;2;titel
elemente;10;1 M o d e l l i e r e n p e r io d is c h e r V o r g ä n g e;Aufgaben zur Vertiefung;46;1;vermischt;ja;lineare-funktionen;;rahmen
elemente;10;1 M o d e l l i e r e n p e r io d is c h e r V o r g ä n g e;$ Spiralen;47;2;uk;ja;trigonometrische-funktionen;;kapitel
elemente;10;1 M o d e l l i e r e n p e r io d is c h e r V o r g ä n g e;Das Wichtigste auf einen Blick/Bist du fit?;49;4;zusammenfassung;ja;trigonometrische-funktionen;;rahmen
elemente;10;2 P y r a m i d e , K e g e l, K u g e l;P y r a m i d e , K e g e l, K u g e l;51;34;kapitel;ja;;;
elemente;10;2 P y r a m i d e , K e g e l, K u g e l;Oberflächeninhalt von Pyramide und Kegel;53;0;uk;ja;pyramide-kegel-kugel;1;titel
elemente;10;2 P y r a m i d e , K e g e l, K u g e l;Pyramide - Netz und Oberflächeninhalt;53;4;uk;ja;pyramide-kegel-kugel;1;titel
elemente;10;2 P y r a m i d e , K e g e l, K u g e l;Kegel - Netz und Oberflächeninhalt;57;3;uk;ja;pyramide-kegel-kugel;2;titel
elemente;10;2 P y r a m i d e , K e g e l, K u g e l;Volumen von Pyramide und Kegel;60;0;uk;ja;pyramide-kegel-kugel;1;titel
elemente;10;2 P y r a m i d e , K e g e l, K u g e l;Satz des Cavalieri;60;2;uk;ja;pyramide-kegel-kugel;;kapitel
elemente;10;2 P y r a m i d e , K e g e l, K u g e l;Volumen der Pyramide;62;5;uk;ja;pyramide-kegel-kugel;1;titel
elemente;10;2 P y r a m i d e , K e g e l, K u g e l;Volumen des Kegels;67;4;uk;ja;pyramide-kegel-kugel;2;titel
elemente;10;2 P y r a m i d e , K e g e l, K u g e l;Kugel;71;0;uk;ja;pyramide-kegel-kugel;3;titel
elemente;10;2 P y r a m i d e , K e g e l, K u g e l;Volumen der Kugel;71;3;uk;ja;pyramide-kegel-kugel;3;titel
elemente;10;2 P y r a m i d e , K e g e l, K u g e l;Oberflächeninhalt der Kugel;74;3;uk;ja;pyramide-kegel-kugel;3;titel
elemente;10;2 P y r a m i d e , K e g e l, K u g e l;® Arbeiten mit der Formelsammlung;77;2;uk;ja;pyramide-kegel-kugel;;kapitel
elemente;10;2 P y r a m i d e , K e g e l, K u g e l;Vermischte Übungen;79;2;vermischt;ja;pyramide-kegel-kugel;;rahmen
elemente;10;2 P y r a m i d e , K e g e l, K u g e l;$ Dreitafelprojektion;81;2;uk;ja;pyramide-kegel-kugel;;kapitel
elemente;10;2 P y r a m i d e , K e g e l, K u g e l;Das Wichtigste auf einen Blick/Bist du fit?;83;3;zusammenfassung;ja;pyramide-kegel-kugel;;rahmen
elemente;10;3 W a c h s t u m s p r o z e s s e - E x p o n e n t i a l f u n k t i o n e n;W a c h s t u m s p r o z e s s e - E x p o n e n t i a l f u n k t i o n e n;85;48;kapitel;ja;;;
elemente;10;3 W a c h s t u m s p r o z e s s e - E x p o n e n t i a l f u n k t i o n e n;Lernfeld Schnell hinunter, hoch hinaus;86;2;oeffner;ja;potenz-exponentialfunktionen;;rahmen
elemente;10;3 W a c h s t u m s p r o z e s s e - E x p o n e n t i a l f u n k t i o n e n;Beschreibung exponentieller Prozesse;88;0;uk;ja;potenz-exponentialfunktionen;3;titel
elemente;10;3 W a c h s t u m s p r o z e s s e - E x p o n e n t i a l f u n k t i o n e n;Lineares und exponentielles Wachstum;88;4;uk;ja;potenz-exponentialfunktionen;1;titel
elemente;10;3 W a c h s t u m s p r o z e s s e - E x p o n e n t i a l f u n k t i o n e n;Prozentuale Wachstumsrate;92;2;uk;ja;potenz-exponentialfunktionen;3;titel
elemente;10;3 W a c h s t u m s p r o z e s s e - E x p o n e n t i a l f u n k t i o n e n;Exponentielle Abnahme - Zerfall;94;3;uk;ja;potenz-exponentialfunktionen;3;titel
elemente;10;3 W a c h s t u m s p r o z e s s e - E x p o n e n t i a l f u n k t i o n e n;$ Mittelwerte bei Zunahme- und Abnahmeprozesse;97;2;uk;ja;potenz-exponentialfunktionen;3;titel
elemente;10;3 W a c h s t u m s p r o z e s s e - E x p o n e n t i a l f u n k t i o n e n;Exponentialfunktionen und ihre Eigenschaften;99;5;uk;ja;potenz-exponentialfunktionen;3;titel
elemente;10;3 W a c h s t u m s p r o z e s s e - E x p o n e n t i a l f u n k t i o n e n;Potenzen mit irrationalen Exponenten;104;2;uk;ja;reelle-zahlen;1;titel
elemente;10;3 W a c h s t u m s p r o z e s s e - E x p o n e n t i a l f u n k t i o n e n;Zum Selbstlernen Verschieben und Strecken der Graphen der Exponentialfunktionen;106;5;uk;ja;potenz-exponentialfunktionen;3;titel
elemente;10;3 W a c h s t u m s p r o z e s s e - E x p o n e n t i a l f u n k t i o n e n;Bestimmen von Exponentialfunktionen in Anwendungen;111;3;uk;ja;potenz-exponentialfunktionen;3;titel
elemente;10;3 W a c h s t u m s p r o z e s s e - E x p o n e n t i a l f u n k t i o n e n;Wachstum modellieren - Regression;114;3;uk;ja;potenz-exponentialfunktionen;3;titel
elemente;10;3 W a c h s t u m s p r o z e s s e - E x p o n e n t i a l f u n k t i o n e n;Logarithmen - Exponentialgleichungen;117;0;uk;ja;potenz-exponentialfunktionen;3;titel
elemente;10;3 W a c h s t u m s p r o z e s s e - E x p o n e n t i a l f u n k t i o n e n;Logarithmen;117;3;uk;ja;potenz-exponentialfunktionen;3;titel
elemente;10;3 W a c h s t u m s p r o z e s s e - E x p o n e n t i a l f u n k t i o n e n;Lösen von Exponentialgleichungen;120;3;uk;ja;potenz-exponentialfunktionen;3;titel
elemente;10;3 W a c h s t u m s p r o z e s s e - E x p o n e n t i a l f u n k t i o n e n;Logarithmengesetze;123;2;uk;ja;potenz-exponentialfunktionen;3;titel
elemente;10;3 W a c h s t u m s p r o z e s s e - E x p o n e n t i a l f u n k t i o n e n;Logarithmusfunktionen;125;3;uk;ja;potenz-exponentialfunktionen;3;titel
elemente;10;3 W a c h s t u m s p r o z e s s e - E x p o n e n t i a l f u n k t i o n e n;Aufgaben zur Vertiefung;128;1;vermischt;ja;potenz-exponentialfunktionen;;rahmen
elemente;10;3 W a c h s t u m s p r o z e s s e - E x p o n e n t i a l f u n k t i o n e n;Das Wichtigste auf einen Blick/Bist du fit?;129;2;zusammenfassung;ja;potenz-exponentialfunktionen;;rahmen
elemente;10;3 W a c h s t u m s p r o z e s s e - E x p o n e n t i a l f u n k t i o n e n;Bleib fit im Umgang mit Wahrscheinlichkeiten;131;3;oeffner;ja;wahrscheinlichkeit;;rahmen
elemente;10;4 M e h r s t u f ig e Z u f a lls e x p e r im e n te;M e h r s t u f ig e Z u f a lls e x p e r im e n te;133;90;kapitel;nein;;;
elemente;10;4 M e h r s t u f ig e Z u f a lls e x p e r im e n te;Lernfeld Ein Zufall nach dem anderen;134;1;oeffner;ja;wahrscheinlichkeit;;rahmen
elemente;10;4 M e h r s t u f ig e Z u f a lls e x p e r im e n te;Mehrstufige Zufallsexperimente - Baumdiagramme;135;4;uk;ja;wahrscheinlichkeit;3;titel
elemente;10;4 M e h r s t u f ig e Z u f a lls e x p e r im e n te;Pfad regeln;139;8;uk;ja;wahrscheinlichkeit;3;titel
elemente;10;4 M e h r s t u f ig e Z u f a lls e x p e r im e n te;$ Klassische Probleme aus der Geschichte der Wahrscheinlichkeits­ rechnung;147;2;uk;ja;wahrscheinlichkeit;2;titel
elemente;10;4 M e h r s t u f ig e Z u f a lls e x p e r im e n te;Ziehen mit und ohne Zurücklegen;149;7;uk;ja;wahrscheinlichkeit;4;titel
elemente;10;4 M e h r s t u f ig e Z u f a lls e x p e r im e n te;Ziehen mit einem Griff;156;0;uk;ja;kein Eintrag (Sek-II-Stoff);;kapitel
elemente;10;4 M e h r s t u f ig e Z u f a lls e x p e r im e n te;Anzahl der Möglichkeiten beim Ziehen mit einem Griff;156;4;uk;ja;kein Eintrag (Sek-II-Stoff);;kapitel
elemente;10;4 M e h r s t u f ig e Z u f a lls e x p e r im e n te;Wahrscheinlichkeiten beim Ziehen mit einem Griff;160;3;uk;ja;wahrscheinlichkeit;2;titel
elemente;10;4 M e h r s t u f ig e Z u f a lls e x p e r im e n te;® Ein Pascal'sches Dreieck für die Eisdiele;163;2;uk;ja;winkel-dreiecke;;titel
elemente;10;4 M e h r s t u f ig e Z u f a lls e x p e r im e n te;Simulation von Zufallsexperimenten;165;3;uk;ja;wahrscheinlichkeit;2;titel
elemente;10;4 M e h r s t u f ig e Z u f a lls e x p e r im e n te;Aufgaben zur Vertiefung;168;1;vermischt;ja;wahrscheinlichkeit;;rahmen
elemente;10;4 M e h r s t u f ig e Z u f a lls e x p e r im e n te;Das Wichtigste auf einen Blick/ Bist du fit?;169;4;zusammenfassung;ja;wahrscheinlichkeit;;rahmen
elemente;10;4 M e h r s t u f ig e Z u f a lls e x p e r im e n te;Ganzrationale Funktionen;173;3;uk;ja;kein Eintrag (Sek-II-Stoff);;titel
elemente;10;4 M e h r s t u f ig e Z u f a lls e x p e r im e n te;Globalverlauf ganzrationaler Funktionen;176;6;uk;ja;kein Eintrag (Sek-II-Stoff);;titel
elemente;10;4 M e h r s t u f ig e Z u f a lls e x p e r im e n te;Nullstellen ganzrationaler Funktionen;182;0;uk;ja;kein Eintrag (Sek-II-Stoff);;titel
elemente;10;4 M e h r s t u f ig e Z u f a lls e x p e r im e n te;Bestimmen von Nullstellen;182;3;uk;ja;lineare-funktionen;4;titel
elemente;10;4 M e h r s t u f ig e Z u f a lls e x p e r im e n te;Anzahl der Nullstellen einer ganzrationalen Funktion;185;7;uk;ja;kein Eintrag (Sek-II-Stoff);;titel
elemente;10;4 M e h r s t u f ig e Z u f a lls e x p e r im e n te;Zum Selbstlernen Polynomdivision;192;5;uk;ja;kein Eintrag (Sek-II-Stoff);;titel
elemente;10;4 M e h r s t u f ig e Z u f a lls e x p e r im e n te;Änderungsraten und Steigungen;197;4;uk;ja;kein Eintrag (Sek-II-Stoff);;titel
elemente;10;4 M e h r s t u f ig e Z u f a lls e x p e r im e n te;Ableitung - Tangentensteigung und Änderungsrate;201;0;uk;ja;kein Eintrag (Sek-II-Stoff);;titel
elemente;10;4 M e h r s t u f ig e Z u f a lls e x p e r im e n te;Steigung eines Funktionsgraphen in einem Punkt - Ableitung;201;4;uk;ja;kein Eintrag (Sek-II-Stoff);;titel
elemente;10;4 M e h r s t u f ig e Z u f a lls e x p e r im e n te;Lokale Änderungsrate - Ableitung;205;4;uk;ja;kein Eintrag (Sek-II-Stoff);;titel
elemente;10;4 M e h r s t u f ig e Z u f a lls e x p e r im e n te;Graph der Ableitungsfunktion;209;8;uk;ja;kein Eintrag (Sek-II-Stoff);;titel
elemente;10;4 M e h r s t u f ig e Z u f a lls e x p e r im e n te;® Mit Mindmaps Übersicht gewinnen;217;1;uk;ja;kein Eintrag;;titel
elemente;10;4 M e h r s t u f ig e Z u f a lls e x p e r im e n te;® Funktionsklassen gegenüberstellen;218;2;uk;ja;lineare-funktionen;;titel
elemente;10;4 M e h r s t u f ig e Z u f a lls e x p e r im e n te;Das Wichtigste auf einen Blick/Bist du fit?;220;3;zusammenfassung;ja;lineare-funktionen;;rahmen
elemente;10;4 M e h r s t u f ig e Z u f a lls e x p e r im e n te;Lösungen zu Bist du fit?;223;8;anhang;ja;;;
elemente;10;4 M e h r s t u f ig e Z u f a lls e x p e r im e n te;Stichwortverzeichnis;231;1;anhang;ja;;;
elemente;10;4 M e h r s t u f ig e Z u f a lls e x p e r im e n te;Bildquellenverzeichnis;232;;anhang;letzter Eintrag;;;
elemente;10;;Lernfeld Wie groß ist;;;oeffner;ohne Seite;;;
elemente;10;;. G a n z r a t i o n a l e F u n k t i o n e n - Ä n d e r u n g s v e r h a l t e n;;;uk;ohne Seite;kein Eintrag (Sek-II-Stoff);;titel
elemente;10;;Lernfeld Maximal steil - Maximal groß;;;oeffner;ohne Seite;;;
elemente;10;;Zum Selbstlernen Symmetrie von Graphen ganzrationaler Funktionen . 1 7 9;;;uk;ohne Seite;kein Eintrag (Sek-II-Stoff);;titel
elemente;10;;Anhang;;;uk;ohne Seite;kein Eintrag;;kein
mathematik23;7;1 (Kapitel ab: Zuordnungen in der Biologie);(Kapitel ab: Zuordnungen in der Biologie);6;34;kapitel;ja;;;
mathematik23;7;1 (Kapitel ab: Zuordnungen in der Biologie);Zuordnungen in der Biologie;6;3;uk;ja;zuordnungen;1;titel
mathematik23;7;1 (Kapitel ab: Zuordnungen in der Biologie);Füllkurven;9;2;uk;ja;zuordnungen;1;titel
mathematik23;7;1 (Kapitel ab: Zuordnungen in der Biologie);Direkt proportionale Zuordnungen;11;2;uk;ja;zuordnungen;2;titel
mathematik23;7;1 (Kapitel ab: Zuordnungen in der Biologie);Graphen direkt proportionaler;13;1;uk;ja;zuordnungen;2;titel
mathematik23;7;1 (Kapitel ab: Zuordnungen in der Biologie);Der Dreisatz bei direkt proportionalen Zuordnungen;14;1;uk;ja;zuordnungen;2;titel
mathematik23;7;1 (Kapitel ab: Zuordnungen in der Biologie);Proportionalitätsfaktor k;15;2;uk;ja;zuordnungen;2;titel
mathematik23;7;1 (Kapitel ab: Zuordnungen in der Biologie);Die Verhältnisgleichung bei direkt proportionalen Zuordnungen;17;1;uk;ja;zuordnungen;2;titel
mathematik23;7;1 (Kapitel ab: Zuordnungen in der Biologie);Maßstab;18;1;uk;ja;strahlensaetze;1;titel
mathematik23;7;1 (Kapitel ab: Zuordnungen in der Biologie);Indirekt proportionale Zuordnungen;19;2;uk;ja;zuordnungen;3;titel
mathematik23;7;1 (Kapitel ab: Zuordnungen in der Biologie);Der Dreisatz bei indirekt proportionalen Zuordnungen;21;1;uk;ja;zuordnungen;3;titel
mathematik23;7;1 (Kapitel ab: Zuordnungen in der Biologie);Proportionalitätskonstante c;22;1;uk;ja;zuordnungen;2;titel
mathematik23;7;1 (Kapitel ab: Zuordnungen in der Biologie);Graphen indirekt proportionaler Zuordnungen;23;1;uk;ja;zuordnungen;3;titel
mathematik23;7;1 (Kapitel ab: Zuordnungen in der Biologie);Direkt und indirekt proportionale Zuordnungen;24;2;uk;ja;zuordnungen;4;titel
mathematik23;7;1 (Kapitel ab: Zuordnungen in der Biologie);Stimmen hier die Proportionen?;26;1;uk;ja;zuordnungen;1;titel
mathematik23;7;1 (Kapitel ab: Zuordnungen in der Biologie);Proportionalität in Grenzen;27;1;uk;ja;zuordnungen;4;titel
mathematik23;7;1 (Kapitel ab: Zuordnungen in der Biologie);Wissen kompakt;28;2;zusammenfassung;ja;zuordnungen;;rahmen
mathematik23;7;1 (Kapitel ab: Zuordnungen in der Biologie);Üben;30;4;vermischt;ja;zuordnungen;;rahmen
mathematik23;7;1 (Kapitel ab: Zuordnungen in der Biologie);Üben: Temperaturveränderungen;34;2;vermischt;ja;zuordnungen;;rahmen
mathematik23;7;1 (Kapitel ab: Zuordnungen in der Biologie);Vertiefen: Veränderungen bei Weg und Zeit;36;2;streifzug;ja;zuordnungen;;rahmen
mathematik23;7;1 (Kapitel ab: Zuordnungen in der Biologie);Ausgangstest;38;2;test;ja;zuordnungen;;rahmen
mathematik23;7;2 (Kapitel ab: Den Taschenrechner kennenlernen);(Kapitel ab: Den Taschenrechner kennenlernen);40;38;kapitel;ja;;;
mathematik23;7;2 (Kapitel ab: Den Taschenrechner kennenlernen);Den Taschenrechner kennenlernen;40;4;uk;ja;kein Eintrag;;titel
mathematik23;7;2 (Kapitel ab: Den Taschenrechner kennenlernen);Bestandteile in Lebensrnitteln;44;4;uk;ja;prozentrechnung;;kapitel
mathematik23;7;2 (Kapitel ab: Den Taschenrechner kennenlernen);Prozent;48;2;uk;ja;prozentrechnung;;titel
mathematik23;7;2 (Kapitel ab: Den Taschenrechner kennenlernen);Grundbegriffe der Prozentrechnung;50;2;uk;ja;prozentrechnung;1;titel
mathematik23;7;2 (Kapitel ab: Den Taschenrechner kennenlernen);Prozentwert berechnen;52;1;uk;ja;prozentrechnung;3;titel
mathematik23;7;2 (Kapitel ab: Den Taschenrechner kennenlernen);Grundwert berechnen;53;1;uk;ja;prozentrechnung;4;titel
mathematik23;7;2 (Kapitel ab: Den Taschenrechner kennenlernen);Prozentsatz berechnen;54;1;uk;ja;prozentrechnung;2;titel
mathematik23;7;2 (Kapitel ab: Den Taschenrechner kennenlernen);Prozentsätze von mehr als 100 %;55;1;uk;ja;prozentrechnung;5;titel
mathematik23;7;2 (Kapitel ab: Den Taschenrechner kennenlernen);Sachaufgaben;56;2;uk;ja;prozentrechnung;;kapitel
mathematik23;7;2 (Kapitel ab: Den Taschenrechner kennenlernen);Prozentuale Abnahme;58;1;uk;ja;prozentrechnung;5;titel
mathematik23;7;2 (Kapitel ab: Den Taschenrechner kennenlernen);Prozentuale Zunahme;59;1;uk;ja;prozentrechnung;5;titel
mathematik23;7;2 (Kapitel ab: Den Taschenrechner kennenlernen);Prozentuale Veränderungen;60;1;uk;ja;prozentrechnung;5;titel
mathematik23;7;2 (Kapitel ab: Den Taschenrechner kennenlernen);Mehrfache prozentuale Veränderungen;61;1;uk;ja;prozentrechnung;5;titel
mathematik23;7;2 (Kapitel ab: Den Taschenrechner kennenlernen);Wissen kompakt;62;1;zusammenfassung;ja;prozentrechnung;;rahmen
mathematik23;7;2 (Kapitel ab: Den Taschenrechner kennenlernen);Üben;63;2;vermischt;ja;prozentrechnung;;rahmen
mathematik23;7;2 (Kapitel ab: Den Taschenrechner kennenlernen);Üben: Sachaufgaben;65;2;vermischt;ja;prozentrechnung;;rahmen
mathematik23;7;2 (Kapitel ab: Den Taschenrechner kennenlernen);Üben: Sonderangebote;67;1;vermischt;ja;prozentrechnung;;rahmen
mathematik23;7;2 (Kapitel ab: Den Taschenrechner kennenlernen);Üben: Brutto und netto;68;1;vermischt;ja;prozentrechnung;;rahmen
mathematik23;7;2 (Kapitel ab: Den Taschenrechner kennenlernen);Üben: Prozentangaben in Diagrammen;69;2;vermischt;ja;prozentrechnung;;rahmen
mathematik23;7;2 (Kapitel ab: Den Taschenrechner kennenlernen);Vertiefen: Tabellenkalkulation: Diagramme erstellen;71;2;streifzug;ja;daten;2;titel
mathematik23;7;2 (Kapitel ab: Den Taschenrechner kennenlernen);Vertiefen: Promille;73;1;streifzug;ja;prozentrechnung;;titel
mathematik23;7;2 (Kapitel ab: Den Taschenrechner kennenlernen);Vertiefen: Prozentangaben in Zeitungs­ artikeln;74;2;streifzug;ja;prozentrechnung;;titel
mathematik23;7;2 (Kapitel ab: Den Taschenrechner kennenlernen);Ausgangstest;76;2;test;ja;prozentrechnung;;rahmen
mathematik23;7;3 (Kapitel ab: Zufallsexperimente und ihre Ergebnisse);(Kapitel ab: Zufallsexperimente und ihre Ergebnisse);78;16;kapitel;ja;;;
mathematik23;7;3 (Kapitel ab: Zufallsexperimente und ihre Ergebnisse);Zufallsexperimente und ihre Ergebnisse;78;3;uk;ja;wahrscheinlichkeit;1;titel
mathematik23;7;3 (Kapitel ab: Zufallsexperimente und ihre Ergebnisse);Zufallsexperimente auswerten;81;4;uk;ja;wahrscheinlichkeit;2;titel
mathematik23;7;3 (Kapitel ab: Zufallsexperimente und ihre Ergebnisse);Wahrscheinlichkeiten bestimmen;85;2;uk;ja;wahrscheinlichkeit;2;titel
mathematik23;7;3 (Kapitel ab: Zufallsexperimente und ihre Ergebnisse);Wahrscheinlichkeiten schätzen;87;1;uk;ja;wahrscheinlichkeit;2;titel
mathematik23;7;3 (Kapitel ab: Zufallsexperimente und ihre Ergebnisse);Wissen kompakt;88;1;zusammenfassung;ja;wahrscheinlichkeit;;rahmen
mathematik23;7;3 (Kapitel ab: Zufallsexperimente und ihre Ergebnisse);Üben;89;2;vermischt;ja;wahrscheinlichkeit;;rahmen
mathematik23;7;3 (Kapitel ab: Zufallsexperimente und ihre Ergebnisse);Vertiefen: Wahrscheinlichkeiten im Alltag;91;1;streifzug;ja;wahrscheinlichkeit;2;titel
mathematik23;7;3 (Kapitel ab: Zufallsexperimente und ihre Ergebnisse);Ausgangstest;92;2;test;ja;wahrscheinlichkeit;;rahmen
mathematik23;7;4 (Kapitel ab: Temperaturvergleiche);(Kapitel ab: Temperaturvergleiche);94;34;kapitel;ja;;;
mathematik23;7;4 (Kapitel ab: Temperaturvergleiche);Temperaturvergleiche;94;3;uk;ja;rationale-zahlen;;kapitel
mathematik23;7;4 (Kapitel ab: Temperaturvergleiche);Rationale Zahlen darstellen, vergleichen und ordnen;97;3;uk;ja;rationale-zahlen;1;titel
mathematik23;7;4 (Kapitel ab: Temperaturvergleiche);Erweiterung des Koordinatensystems;100;1;uk;ja;symmetrie-abbildungen;1;titel
mathematik23;7;4 (Kapitel ab: Temperaturvergleiche);Schulden und Guthaben;101;1;uk;ja;rationale-zahlen;;kapitel
mathematik23;7;4 (Kapitel ab: Temperaturvergleiche);Rationale Zahlen addieren;102;2;uk;ja;rationale-zahlen;2;titel
mathematik23;7;4 (Kapitel ab: Temperaturvergleiche);Rationale Zahlen subtrahieren;104;1;uk;ja;rationale-zahlen;2;titel
mathematik23;7;4 (Kapitel ab: Temperaturvergleiche);Addition und Subtraktion mit;105;1;uk;ja;rationale-zahlen;1;titel
mathematik23;7;4 (Kapitel ab: Temperaturvergleiche);Spiel mit Guthaben und Schulden;106;2;uk;ja;rationale-zahlen;;kapitel
mathematik23;7;4 (Kapitel ab: Temperaturvergleiche);Addieren und Subtrahieren in;108;2;uk;ja;rationale-zahlen;2;titel
mathematik23;7;4 (Kapitel ab: Temperaturvergleiche);Rationale Zahlen dividieren;110;2;uk;ja;rationale-zahlen;3;titel
mathematik23;7;4 (Kapitel ab: Temperaturvergleiche);Potenzen;112;3;uk;ja;potenzen-wurzeln;1;titel
mathematik23;7;4 (Kapitel ab: Temperaturvergleiche);Quadratwurzeln;115;1;uk;ja;potenzen-wurzeln;3;titel
mathematik23;7;4 (Kapitel ab: Temperaturvergleiche);Dritte Wurzeln;116;1;uk;ja;potenzen-wurzeln;3;titel
mathematik23;7;4 (Kapitel ab: Temperaturvergleiche);Näherungswerte für Quadratwurzeln und;117;1;uk;ja;reelle-zahlen;1;titel
mathematik23;7;4 (Kapitel ab: Temperaturvergleiche);Wissen kompakt;118;1;zusammenfassung;ja;reelle-zahlen;;rahmen
mathematik23;7;4 (Kapitel ab: Temperaturvergleiche);Üben;119;4;vermischt;ja;reelle-zahlen;;rahmen
mathematik23;7;4 (Kapitel ab: Temperaturvergleiche);Üben: Rechengesetze;123;1;vermischt;ja;reelle-zahlen;;rahmen
mathematik23;7;4 (Kapitel ab: Temperaturvergleiche);Vertiefen: Temperaturskalen;124;2;streifzug;ja;reelle-zahlen;;rahmen
mathematik23;7;4 (Kapitel ab: Temperaturvergleiche);Ausgangstest;126;2;test;ja;reelle-zahlen;;rahmen
mathematik23;7;5 (Kapitel ab: Grundstückskauf);(Kapitel ab: Grundstückskauf);128;26;kapitel;ja;;;
mathematik23;7;5 (Kapitel ab: Grundstückskauf);Grundstückskauf;128;3;uk;ja;flaechen;;kapitel
mathematik23;7;5 (Kapitel ab: Grundstückskauf);Flächeninhalt und Umfang von Rechteck;131;1;uk;ja;flaechen;1;titel
mathematik23;7;5 (Kapitel ab: Grundstückskauf);Flächeninhalt und Umfang eines;132;2;uk;ja;flaechen;1;titel
mathematik23;7;5 (Kapitel ab: Grundstückskauf);Parallelogramms;134;2;uk;ja;flaechen;2;titel
mathematik23;7;5 (Kapitel ab: Grundstückskauf);Flächeninhalt und Umfang eines Dreiecks Flächeninhalt und Umfang eines Trapezes;136;2;uk;ja;flaechen;4;titel
mathematik23;7;5 (Kapitel ab: Grundstückskauf);Flächeninhalt und Umfang von Drachen­;138;2;uk;ja;flaechen;4;titel
mathematik23;7;5 (Kapitel ab: Grundstückskauf);Wissen kompakt;140;1;zusammenfassung;ja;flaechen;;rahmen
mathematik23;7;5 (Kapitel ab: Grundstückskauf);Üben;141;2;vermischt;ja;flaechen;;rahmen
mathematik23;7;5 (Kapitel ab: Grundstückskauf);Üben: Sachaufgaben;143;3;vermischt;ja;flaechen;;rahmen
mathematik23;7;5 (Kapitel ab: Grundstückskauf);Vertiefen: Unregelmäßige Flächen;146;2;streifzug;ja;flaechen;;titel
mathematik23;7;5 (Kapitel ab: Grundstückskauf);Ausgangstest;148;6;test;ja;flaechen;;rahmen
mathematik23;7;6 (Kapitel ab: Kongruenzsatz SWS);(Kapitel ab: Kongruenzsatz SWS);154;14;kapitel;ja;;;
mathematik23;7;6 (Kapitel ab: Kongruenzsatz SWS);Kongruenzsatz SWS;154;10;uk;ja;winkel-dreiecke;4;titel
mathematik23;7;6 (Kapitel ab: Kongruenzsatz SWS);Vertiefen: Konstruktion von Vierecken;164;2;streifzug;ja;winkel-dreiecke;4;titel
mathematik23;7;6 (Kapitel ab: Kongruenzsatz SWS);Ausgangstest;166;2;test;ja;winkel-dreiecke;;rahmen
mathematik23;7;7 (Kapitel ab: Fahrradcomputer);(Kapitel ab: Fahrradcomputer);168;20;kapitel;ja;;;
mathematik23;7;7 (Kapitel ab: Fahrradcomputer);Fahrradcomputer;168;2;uk;ja;kein Eintrag;;titel
mathematik23;7;7 (Kapitel ab: Fahrradcomputer);Umfang eines Kreises;170;2;uk;ja;kreis;1;titel
mathematik23;7;7 (Kapitel ab: Fahrradcomputer);Flächeninhalt eines Kreises;172;2;uk;ja;kreis;2;titel
mathematik23;7;7 (Kapitel ab: Fahrradcomputer);Kreisring;174;1;uk;ja;kreis;3;titel
mathematik23;7;7 (Kapitel ab: Fahrradcomputer);Kreissektor, Kreisbogen;175;1;uk;ja;kreis;3;titel
mathematik23;7;7 (Kapitel ab: Fahrradcomputer);Die Kreiszahl ir;176;1;uk;ja;kreis;1;titel
mathematik23;7;7 (Kapitel ab: Fahrradcomputer);Arbeiten mit dem Computer:;177;6;uk;ja;kein Eintrag;;titel
mathematik23;7;7 (Kapitel ab: Fahrradcomputer);Üben: Rund um die Erde;183;1;vermischt;ja;kreis;;rahmen
mathematik23;7;7 (Kapitel ab: Fahrradcomputer);Vertiefen: Kreis und Gerade;184;1;streifzug;ja;kreis;;titel
mathematik23;7;7 (Kapitel ab: Fahrradcomputer);Vertiefen: Winkelsätze am Kreis;185;1;streifzug;ja;kreis;;titel
mathematik23;7;7 (Kapitel ab: Fahrradcomputer);Ausgangstest;186;2;test;ja;kreis;;rahmen
mathematik23;7;8 (Kapitel ab: Sachaufgaben zu Berlin);(Kapitel ab: Sachaufgaben zu Berlin);188;8;kapitel;ja;;;
mathematik23;7;8 (Kapitel ab: Sachaufgaben zu Berlin);Sachaufgaben zu Berlin;188;2;uk;ja;kreis;;nachbar
mathematik23;7;8 (Kapitel ab: Sachaufgaben zu Berlin);Kosten der Berlinfahrt;190;2;uk;ja;kreis;;nachbar
mathematik23;7;8 (Kapitel ab: Sachaufgaben zu Berlin);Mit S- und U-Bahn unterwegs;192;2;uk;ja;kreis;;nachbar
mathematik23;7;8 (Kapitel ab: Sachaufgaben zu Berlin);Berlin-Marathon 2019;194;2;uk;ja;kreis;;nachbar
mathematik23;7;8 (Kapitel ab: Sachaufgaben zu Berlin);Eingangstests zu den Kapiteln;196;5;anhang;ja;;;
mathematik23;7;8 (Kapitel ab: Sachaufgaben zu Berlin);Natürliche Zahlen;201;1;anhang;ja;;;
mathematik23;7;8 (Kapitel ab: Sachaufgaben zu Berlin);Addieren und Subtrahieren;202;1;anhang;ja;;;
mathematik23;7;8 (Kapitel ab: Sachaufgaben zu Berlin);Multiplizieren und Dividieren;203;1;anhang;ja;;;
mathematik23;7;8 (Kapitel ab: Sachaufgaben zu Berlin);Brüche;204;2;anhang;ja;;;
mathematik23;7;8 (Kapitel ab: Sachaufgaben zu Berlin);Brüche addieren und subtrahieren;206;1;anhang;ja;;;
mathematik23;7;8 (Kapitel ab: Sachaufgaben zu Berlin);Brüche multiplizieren und dividieren;207;1;anhang;ja;;;
mathematik23;7;8 (Kapitel ab: Sachaufgaben zu Berlin);Brüche und Dezimalbrüche;208;1;anhang;ja;;;
mathematik23;7;8 (Kapitel ab: Sachaufgaben zu Berlin);Dezimalbrüche;209;3;anhang;ja;;;
mathematik23;7;8 (Kapitel ab: Sachaufgaben zu Berlin);Masse und Zeit;212;1;anhang;ja;;;
mathematik23;7;8 (Kapitel ab: Sachaufgaben zu Berlin);Längen;213;1;anhang;ja;;;
mathematik23;7;8 (Kapitel ab: Sachaufgaben zu Berlin);Umfang und Flächeninhalt von Rechteck und Quadrat;214;2;anhang;ja;;;
mathematik23;7;8 (Kapitel ab: Sachaufgaben zu Berlin);Quader und Würfel;216;1;anhang;ja;;;
mathematik23;7;8 (Kapitel ab: Sachaufgaben zu Berlin);Ebene Figuren;217;1;anhang;ja;;;
mathematik23;7;8 (Kapitel ab: Sachaufgaben zu Berlin);Figuren im Koordinatensystem;218;1;anhang;ja;;;
mathematik23;7;8 (Kapitel ab: Sachaufgaben zu Berlin);Winkel;219;1;anhang;ja;;;
mathematik23;7;8 (Kapitel ab: Sachaufgaben zu Berlin);Winkel messen und zeichnen;220;1;anhang;ja;;;
mathematik23;7;8 (Kapitel ab: Sachaufgaben zu Berlin);Dreiecke;221;1;anhang;ja;;;
mathematik23;7;8 (Kapitel ab: Sachaufgaben zu Berlin);"Partnerarbeit; Einem Text Informationen entnehmen";222;1;anhang;ja;;;
mathematik23;7;8 (Kapitel ab: Sachaufgaben zu Berlin);Gruppenarbeit;223;1;anhang;ja;;;
mathematik23;7;8 (Kapitel ab: Sachaufgaben zu Berlin);Ein Lernplakat erstellen;224;1;anhang;ja;;;
mathematik23;7;8 (Kapitel ab: Sachaufgaben zu Berlin);Ich-Du-Wir-Aufgaben;225;1;anhang;ja;;;
mathematik23;7;8 (Kapitel ab: Sachaufgaben zu Berlin);"Probleme erkunden und erfassen;";226;1;anhang;ja;;;
mathematik23;7;8 (Kapitel ab: Sachaufgaben zu Berlin);"Systematisches Probieren; Rückwärtsrechnen";227;1;anhang;ja;;;
mathematik23;7;8 (Kapitel ab: Sachaufgaben zu Berlin);Lösungen zu den Eingangstests;228;2;anhang;ja;;;
mathematik23;7;8 (Kapitel ab: Sachaufgaben zu Berlin);Lösungen zu den Ausgangstests;230;4;anhang;ja;;;
mathematik23;7;8 (Kapitel ab: Sachaufgaben zu Berlin);Lösungen zu den Üben-Seiten;234;11;anhang;ja;;;
mathematik23;7;8 (Kapitel ab: Sachaufgaben zu Berlin);Formeln und Gesetze;245;1;anhang;ja;;;
mathematik23;7;8 (Kapitel ab: Sachaufgaben zu Berlin);Register;246;2;anhang;ja;;;
mathematik23;7;8 (Kapitel ab: Sachaufgaben zu Berlin);Bildquellennachweis;248;;anhang;letzter Eintrag;;;
mathematik23;8;1 (Kapitel ab: Pizzadienst);(Kapitel ab: Pizzadienst);6;36;kapitel;ja;;;
mathematik23;8;1 (Kapitel ab: Pizzadienst);Pizzadienst;6;3;uk;ja;lineare-gleichungen;;kapitel
mathematik23;8;1 (Kapitel ab: Pizzadienst);Terme;9;3;uk;ja;terme;;titel
mathematik23;8;1 (Kapitel ab: Pizzadienst);Terme mit Variablen ordnen und zusam­ menfassen;12;2;uk;ja;terme;1;titel
mathematik23;8;1 (Kapitel ab: Pizzadienst);Terme mit Klammern;14;2;uk;ja;terme;3;titel
mathematik23;8;1 (Kapitel ab: Pizzadienst);Multiplikation von Summen;16;5;uk;ja;binomische-formeln;1;titel
mathematik23;8;1 (Kapitel ab: Pizzadienst);Waagen im Gleichgewicht;21;2;uk;ja;lineare-gleichungen;1;titel
mathematik23;8;1 (Kapitel ab: Pizzadienst);Gleichungen mit x auf einer Seite;23;2;uk;ja;lineare-gleichungen;;titel
mathematik23;8;1 (Kapitel ab: Pizzadienst);Gleichungen mit x auf beiden Seiten;25;1;uk;ja;lineare-gleichungen;3;titel
mathematik23;8;1 (Kapitel ab: Pizzadienst);Gleichungen mit Klammern;26;2;uk;ja;lineare-gleichungen;3;titel
mathematik23;8;1 (Kapitel ab: Pizzadienst);Gleichungen mit x im Nenner;28;2;uk;ja;lineare-gleichungen;3;titel
mathematik23;8;1 (Kapitel ab: Pizzadienst);Geometrische Formeln;30;1;uk;ja;lineare-gleichungen;2;titel
mathematik23;8;1 (Kapitel ab: Pizzadienst);Wissen kompakt;31;2;zusammenfassung;ja;lineare-gleichungen;;rahmen
mathematik23;8;1 (Kapitel ab: Pizzadienst);Üben;33;3;vermischt;ja;lineare-gleichungen;;rahmen
mathematik23;8;1 (Kapitel ab: Pizzadienst);Üben: Sachaufgaben;36;2;vermischt;ja;lineare-gleichungen;;rahmen
mathematik23;8;1 (Kapitel ab: Pizzadienst);Üben: Gleichungen in der Geometrie;38;1;vermischt;ja;lineare-gleichungen;;rahmen
mathematik23;8;1 (Kapitel ab: Pizzadienst);Vertiefen: Verallgemeinerungen der bino­;39;1;streifzug;ja;lineare-gleichungen;;rahmen
mathematik23;8;1 (Kapitel ab: Pizzadienst);Ausgangstest;40;2;test;ja;lineare-gleichungen;;rahmen
mathematik23;8;2 (Kapitel ab: Girokonto);(Kapitel ab: Girokonto);42;18;kapitel;ja;;;
mathematik23;8;2 (Kapitel ab: Girokonto);Girokonto;42;2;uk;ja;zinsrechnung;1;titel
mathematik23;8;2 (Kapitel ab: Girokonto);Geld sparen und leihen;44;1;uk;ja;zinsrechnung;1;titel
mathematik23;8;2 (Kapitel ab: Girokonto);Grundaufgaben der Zinsrechnung;45;2;uk;ja;zinsrechnung;1;titel
mathematik23;8;2 (Kapitel ab: Girokonto);Tageszinsen;47;1;uk;ja;zinsrechnung;1;titel
mathematik23;8;2 (Kapitel ab: Girokonto);Mit dem Zinsfaktor rechnen;48;1;uk;ja;zinsrechnung;1;titel
mathematik23;8;2 (Kapitel ab: Girokonto);Zinseszinsen;49;1;uk;ja;zinsrechnung;2;titel
mathematik23;8;2 (Kapitel ab: Girokonto);Arbeiten mit dem Computer: Zinsrechnung;50;2;uk;ja;zinsrechnung;1;titel
mathematik23;8;2 (Kapitel ab: Girokonto);Arbeiten mit dem Computer: Einen Kredit;52;1;uk;ja;zinsrechnung;2;titel
mathematik23;8;2 (Kapitel ab: Girokonto);Wissen kompakt;53;1;zusammenfassung;ja;zinsrechnung;;rahmen
mathematik23;8;2 (Kapitel ab: Girokonto);Üben;54;3;vermischt;ja;zinsrechnung;;rahmen
mathematik23;8;2 (Kapitel ab: Girokonto);Vertiefen: Umstellen der Zinsformel;57;1;streifzug;ja;zinsrechnung;1;titel
mathematik23;8;2 (Kapitel ab: Girokonto);Ausgangstest;58;2;test;ja;zinsrechnung;;rahmen
mathematik23;8;3 (Kapitel ab: Eine statistische Erhebung planen);(Kapitel ab: Eine statistische Erhebung planen);60;28;kapitel;ja;;;
mathematik23;8;3 (Kapitel ab: Eine statistische Erhebung planen);Eine statistische Erhebung planen;60;2;uk;ja;daten;1;titel
mathematik23;8;3 (Kapitel ab: Eine statistische Erhebung planen);Säulen- und Balkendiagramm;62;1;uk;ja;daten;2;titel
mathematik23;8;3 (Kapitel ab: Eine statistische Erhebung planen);Streifendiagramm;63;1;uk;ja;daten;3;titel
mathematik23;8;3 (Kapitel ab: Eine statistische Erhebung planen);Kreisdiagramm;64;1;uk;ja;daten;3;titel
mathematik23;8;3 (Kapitel ab: Eine statistische Erhebung planen);Histogramm;65;1;uk;ja;daten;6;titel
mathematik23;8;3 (Kapitel ab: Eine statistische Erhebung planen);Arithmetisches Mittel,Modalwert;66;1;uk;ja;daten;4;titel
mathematik23;8;3 (Kapitel ab: Eine statistische Erhebung planen);Median;67;1;uk;ja;daten;4;titel
mathematik23;8;3 (Kapitel ab: Eine statistische Erhebung planen);Maximum, Minimum, Spannweite;68;1;uk;ja;daten;4;titel
mathematik23;8;3 (Kapitel ab: Eine statistische Erhebung planen);Boxplots;69;2;uk;ja;daten;5;titel
mathematik23;8;3 (Kapitel ab: Eine statistische Erhebung planen);StatistischeDarstellungen beurteilen;71;3;uk;ja;daten;5;titel
mathematik23;8;3 (Kapitel ab: Eine statistische Erhebung planen);Arbeiten mit dem Computer: Tabellenkal­;74;3;uk;ja;kein Eintrag;;titel
mathematik23;8;3 (Kapitel ab: Eine statistische Erhebung planen);Wissen kompakt;77;2;zusammenfassung;ja;daten;;rahmen
mathematik23;8;3 (Kapitel ab: Eine statistische Erhebung planen);Üben;79;2;vermischt;ja;daten;;rahmen
mathematik23;8;3 (Kapitel ab: Eine statistische Erhebung planen);Üben: Statistische Darstellungen beur;81;2;vermischt;ja;daten;;rahmen
mathematik23;8;3 (Kapitel ab: Eine statistische Erhebung planen);Vertiefen: Mittlere lineare Abweichung;83;1;streifzug;ja;daten;4;titel
mathematik23;8;3 (Kapitel ab: Eine statistische Erhebung planen);Vertiefen: Eine Umfrage planen;84;1;streifzug;ja;daten;1;titel
mathematik23;8;3 (Kapitel ab: Eine statistische Erhebung planen);Vertiefen: Eine Umfrage durchführen und auswerten;85;1;streifzug;ja;daten;1;titel
mathematik23;8;3 (Kapitel ab: Eine statistische Erhebung planen);Ausgangstest;86;2;test;ja;daten;;rahmen
mathematik23;8;4 (Kapitel ab: Wir untersuchen Glücksräder);(Kapitel ab: Wir untersuchen Glücksräder);88;20;kapitel;ja;;;
mathematik23;8;4 (Kapitel ab: Wir untersuchen Glücksräder);Wir untersuchen Glücksräder;88;4;uk;ja;wahrscheinlichkeit;2;titel
mathematik23;8;4 (Kapitel ab: Wir untersuchen Glücksräder);Wahrscheinlichkeit von Ergebnissen;92;2;uk;ja;wahrscheinlichkeit;1;titel
mathematik23;8;4 (Kapitel ab: Wir untersuchen Glücksräder);Wahrscheinlichkeit von Ergebnissen;94;1;uk;ja;wahrscheinlichkeit;1;titel
mathematik23;8;4 (Kapitel ab: Wir untersuchen Glücksräder);Ereignisse;95;2;uk;ja;wahrscheinlichkeit;2;titel
mathematik23;8;4 (Kapitel ab: Wir untersuchen Glücksräder);Wahrscheinlichkeit von Ereignissen;97;2;uk;ja;wahrscheinlichkeit;2;titel
mathematik23;8;4 (Kapitel ab: Wir untersuchen Glücksräder);Wahrscheinlichkeit von Ereignissen und;99;1;uk;ja;wahrscheinlichkeit;2;titel
mathematik23;8;4 (Kapitel ab: Wir untersuchen Glücksräder);Simulation am Computer;100;1;uk;ja;wahrscheinlichkeit;2;titel
mathematik23;8;4 (Kapitel ab: Wir untersuchen Glücksräder);Wissen kompakt;101;1;zusammenfassung;ja;wahrscheinlichkeit;;rahmen
mathematik23;8;4 (Kapitel ab: Wir untersuchen Glücksräder);Oben;102;2;uk;ja;wahrscheinlichkeit;;kapitel
mathematik23;8;4 (Kapitel ab: Wir untersuchen Glücksräder);Üben: Wahrscheinlichkeiten im Alltag;104;1;vermischt;ja;wahrscheinlichkeit;;rahmen
mathematik23;8;4 (Kapitel ab: Wir untersuchen Glücksräder);Vertiefen: Roulette;105;1;streifzug;ja;wahrscheinlichkeit;2;titel
mathematik23;8;4 (Kapitel ab: Wir untersuchen Glücksräder);Ausgangstest;106;2;test;ja;wahrscheinlichkeit;;rahmen
mathematik23;8;5 (Kapitel ab: Knotenseile);(Kapitel ab: Knotenseile);108;22;kapitel;ja;;;
mathematik23;8;5 (Kapitel ab: Knotenseile);Knotenseile;108;4;uk;ja;pythagoras;1;titel
mathematik23;8;5 (Kapitel ab: Knotenseile);Der Satz des Pythagoras;112;1;uk;ja;pythagoras;1;titel
mathematik23;8;5 (Kapitel ab: Knotenseile);Berechnung der Hypotenuse in einem rechtwinkligen Dreieck;113;1;uk;ja;pythagoras;1;titel
mathematik23;8;5 (Kapitel ab: Knotenseile);Berechnung einer Kathete in einem recht­ winkligen Dreieck;114;1;uk;ja;pythagoras;2;titel
mathematik23;8;5 (Kapitel ab: Knotenseile);Die Umkehrung des Satzes des Pythagoras;115;1;uk;ja;pythagoras;2;titel
mathematik23;8;5 (Kapitel ab: Knotenseile);Sachaufgaben;116;2;uk;ja;pythagoras;;kapitel
mathematik23;8;5 (Kapitel ab: Knotenseile);Arbeiten mit dem Computer: Der Satz des;118;1;uk;ja;kein Eintrag;;titel
mathematik23;8;5 (Kapitel ab: Knotenseile);Wissen kompakt;119;1;zusammenfassung;ja;pythagoras;;rahmen
mathematik23;8;5 (Kapitel ab: Knotenseile);Üben;120;2;vermischt;ja;pythagoras;;rahmen
mathematik23;8;5 (Kapitel ab: Knotenseile);Üben: Sachaufgaben;122;1;vermischt;ja;pythagoras;;rahmen
mathematik23;8;5 (Kapitel ab: Knotenseile);Vertiefen: Satzgruppe des Pythagoras;123;3;streifzug;ja;pythagoras;1;titel
mathematik23;8;5 (Kapitel ab: Knotenseile);Vertiefen: Pythagoreische Zahlentripel;126;2;streifzug;ja;pythagoras;1;titel
mathematik23;8;5 (Kapitel ab: Knotenseile);Ausgangstest;128;2;test;ja;pythagoras;;rahmen
mathematik23;8;6 (Kapitel ab: Körper in der Architektur);(Kapitel ab: Körper in der Architektur);130;30;kapitel;ja;;;
mathematik23;8;6 (Kapitel ab: Körper in der Architektur);Körper in der Architektur;130;2;uk;ja;koerper;;titel
mathematik23;8;6 (Kapitel ab: Körper in der Architektur);Körper beschreiben;132;1;uk;ja;koerper;1;titel
mathematik23;8;6 (Kapitel ab: Körper in der Architektur);Eigenschaften eines Prismas;133;1;uk;ja;koerper;3;titel
mathematik23;8;6 (Kapitel ab: Körper in der Architektur);Prismen darstellen - Schrägbilder;134;1;uk;ja;koerper;3;titel
mathematik23;8;6 (Kapitel ab: Körper in der Architektur);Prismen darstellen - Zweitafelbilder;135;1;uk;ja;koerper;3;titel
mathematik23;8;6 (Kapitel ab: Körper in der Architektur);Netz eines Prismas;136;1;uk;ja;koerper;3;titel
mathematik23;8;6 (Kapitel ab: Körper in der Architektur);Oberflächeninhalt eines Prismas;137;2;uk;ja;koerper;3;titel
mathematik23;8;6 (Kapitel ab: Körper in der Architektur);Volumen von Prismen untersuchen;139;1;uk;ja;koerper;3;titel
mathematik23;8;6 (Kapitel ab: Körper in der Architektur);Volumen eines Prismas;140;2;uk;ja;koerper;3;titel
mathematik23;8;6 (Kapitel ab: Körper in der Architektur);Eigenschaften und Darstellungen;142;1;uk;ja;koerper;;kapitel
mathematik23;8;6 (Kapitel ab: Körper in der Architektur);Netz eines Zylinders;143;1;uk;ja;koerper;4;titel
mathematik23;8;6 (Kapitel ab: Körper in der Architektur);Oberflächeninhalt eines Zylinders;144;2;uk;ja;koerper;4;titel
mathematik23;8;6 (Kapitel ab: Körper in der Architektur);Volumen eines Zylinders;146;2;uk;ja;koerper;4;titel
mathematik23;8;6 (Kapitel ab: Körper in der Architektur);Wissen kompakt;148;1;zusammenfassung;ja;koerper;;rahmen
mathematik23;8;6 (Kapitel ab: Körper in der Architektur);Üben;149;3;vermischt;ja;koerper;;rahmen
mathematik23;8;6 (Kapitel ab: Körper in der Architektur);Üben: Zusammengesetzte Körper;152;1;vermischt;ja;koerper;;rahmen
mathematik23;8;6 (Kapitel ab: Körper in der Architektur);Üben: Masse von Prismen und Zylindern;153;1;vermischt;ja;koerper;;rahmen
mathematik23;8;6 (Kapitel ab: Körper in der Architektur);Üben: Oberflächeninhalt und Volumen schätzen;154;2;vermischt;ja;koerper;;rahmen
mathematik23;8;6 (Kapitel ab: Körper in der Architektur);Vertiefen: Platonische Körper;156;2;streifzug;ja;koerper;;titel
mathematik23;8;6 (Kapitel ab: Körper in der Architektur);Ausgangstest;158;2;test;ja;koerper;;rahmen
mathematik23;8;7 (Kapitel ab: Kosten für die elektrische Energie);(Kapitel ab: Kosten für die elektrische Energie);160;26;kapitel;ja;;;
mathematik23;8;7 (Kapitel ab: Kosten für die elektrische Energie);Kosten für die elektrische Energie;160;4;uk;ja;lineare-funktionen;;kapitel
mathematik23;8;7 (Kapitel ab: Kosten für die elektrische Energie);Funktionen als eindeutige Zuordnungen;164;1;uk;ja;lineare-funktionen;;titel
mathematik23;8;7 (Kapitel ab: Kosten für die elektrische Energie);Funktionen im Koordinatensystem;165;1;uk;ja;symmetrie-abbildungen;1;titel
mathematik23;8;7 (Kapitel ab: Kosten für die elektrische Energie);Funktionsgleichung;166;1;uk;ja;lineare-funktionen;;titel
mathematik23;8;7 (Kapitel ab: Kosten für die elektrische Energie);Arbeiten mit dem Taschenrechner:;167;1;uk;ja;kein Eintrag;;titel
mathematik23;8;7 (Kapitel ab: Kosten für die elektrische Energie);Lineare Funktionen mit der Funktions;168;1;uk;ja;lineare-funktionen;2;titel
mathematik23;8;7 (Kapitel ab: Kosten für die elektrische Energie);Steigung und Steigungsdreiecke;169;2;uk;ja;lineare-funktionen;2;titel
mathematik23;8;7 (Kapitel ab: Kosten für die elektrische Energie);Lineare Funktionen mit der Funktions- gleichungy = mx + n;171;3;uk;ja;lineare-funktionen;2;titel
mathematik23;8;7 (Kapitel ab: Kosten für die elektrische Energie);Sachaufgaben;174;3;uk;ja;lineare-funktionen;;kapitel
mathematik23;8;7 (Kapitel ab: Kosten für die elektrische Energie);Arbeiten mit dem Computer: Lineare Funktionen;177;2;uk;ja;lineare-funktionen;2;titel
mathematik23;8;7 (Kapitel ab: Kosten für die elektrische Energie);Wissen kompakt;179;1;zusammenfassung;ja;lineare-funktionen;;rahmen
mathematik23;8;7 (Kapitel ab: Kosten für die elektrische Energie);Üben;180;1;vermischt;ja;lineare-funktionen;;rahmen
mathematik23;8;7 (Kapitel ab: Kosten für die elektrische Energie);Üben: Preise für Trink- und Schmutz­;181;1;vermischt;ja;lineare-funktionen;;rahmen
mathematik23;8;7 (Kapitel ab: Kosten für die elektrische Energie);Vertiefen: x-Koordinate berechnen;182;1;streifzug;ja;lineare-funktionen;;rahmen
mathematik23;8;7 (Kapitel ab: Kosten für die elektrische Energie);Vertiefen: Schnittpunkt zweier Geraden;183;1;streifzug;ja;lineare-funktionen;3;titel
mathematik23;8;7 (Kapitel ab: Kosten für die elektrische Energie);Ausgangstest;184;2;test;ja;lineare-funktionen;;rahmen
mathematik23;8;8 (Kapitel ab: Pyramiden, Kegel und Kugeln in der Umwel);(Kapitel ab: Pyramiden, Kegel und Kugeln in der Umwel);186;20;kapitel;ja;;;
mathematik23;8;8 (Kapitel ab: Pyramiden, Kegel und Kugeln in der Umwel);Pyramiden, Kegel und Kugeln in der Umwelt;186;2;uk;ja;pyramide-kegel-kugel;1;titel
mathematik23;8;8 (Kapitel ab: Pyramiden, Kegel und Kugeln in der Umwel);Teste dein Raumvorstellungsvermögen;188;1;uk;ja;koerper;1;titel
mathematik23;8;8 (Kapitel ab: Pyramiden, Kegel und Kugeln in der Umwel);Darstellungen von Pyramide und Kegel;189;1;uk;ja;pyramide-kegel-kugel;1;titel
mathematik23;8;8 (Kapitel ab: Pyramiden, Kegel und Kugeln in der Umwel);Körper herstellen;190;1;uk;ja;koerper;1;titel
mathematik23;8;8 (Kapitel ab: Pyramiden, Kegel und Kugeln in der Umwel);Volumen einer Pyramide;191;2;uk;ja;pyramide-kegel-kugel;1;titel
mathematik23;8;8 (Kapitel ab: Pyramiden, Kegel und Kugeln in der Umwel);Oberflächeninhalt einer Pyramide;193;1;uk;ja;pyramide-kegel-kugel;1;titel
mathematik23;8;8 (Kapitel ab: Pyramiden, Kegel und Kugeln in der Umwel);Volumen eines Kegels;194;1;uk;ja;pyramide-kegel-kugel;2;titel
mathematik23;8;8 (Kapitel ab: Pyramiden, Kegel und Kugeln in der Umwel);Oberflächeninhalt eines Kegels;195;1;uk;ja;pyramide-kegel-kugel;2;titel
mathematik23;8;8 (Kapitel ab: Pyramiden, Kegel und Kugeln in der Umwel);Volumen einer Kugel;196;1;uk;ja;pyramide-kegel-kugel;3;titel
mathematik23;8;8 (Kapitel ab: Pyramiden, Kegel und Kugeln in der Umwel);Oberflächeninhalt einer Kugel;197;1;uk;ja;pyramide-kegel-kugel;3;titel
mathematik23;8;8 (Kapitel ab: Pyramiden, Kegel und Kugeln in der Umwel);Wissen kompakt;198;1;zusammenfassung;ja;pyramide-kegel-kugel;;rahmen
mathematik23;8;8 (Kapitel ab: Pyramiden, Kegel und Kugeln in der Umwel);Üben;199;2;vermischt;ja;pyramide-kegel-kugel;;rahmen
mathematik23;8;8 (Kapitel ab: Pyramiden, Kegel und Kugeln in der Umwel);Üben: Sachaufgaben;201;2;vermischt;ja;pyramide-kegel-kugel;;rahmen
mathematik23;8;8 (Kapitel ab: Pyramiden, Kegel und Kugeln in der Umwel);Vertiefen: Schätzen, Messen und Über­;203;1;streifzug;ja;kein Eintrag;;titel
mathematik23;8;8 (Kapitel ab: Pyramiden, Kegel und Kugeln in der Umwel);Ausgangstest;204;2;test;ja;pyramide-kegel-kugel;;rahmen
mathematik23;8;9 (Kapitel ab: Urlaub auf Rügen);(Kapitel ab: Urlaub auf Rügen);206;10;kapitel;ja;;;
mathematik23;8;9 (Kapitel ab: Urlaub auf Rügen);Urlaub auf Rügen;206;2;uk;ja;einheiten;;kapitel
mathematik23;8;9 (Kapitel ab: Urlaub auf Rügen);Zeitspannen schätzen;208;1;uk;ja;einheiten;2;titel
mathematik23;8;9 (Kapitel ab: Urlaub auf Rügen);Anzahlen schätzen;209;1;uk;ja;kein Eintrag;;titel
mathematik23;8;9 (Kapitel ab: Urlaub auf Rügen);Schätzen mithilfe von Körpermaßen;210;1;uk;ja;koerper;;titel
mathematik23;8;9 (Kapitel ab: Urlaub auf Rügen);Rückwärtsarbeiten;211;2;uk;ja;kein Eintrag;;titel
mathematik23;8;9 (Kapitel ab: Urlaub auf Rügen);Systematisches Probieren;213;2;uk;ja;kein Eintrag;;titel
mathematik23;8;9 (Kapitel ab: Urlaub auf Rügen);Ein Problem - mehrere Lösungen;215;1;uk;ja;kein Eintrag;;titel
mathematik23;8;9 (Kapitel ab: Urlaub auf Rügen);Eingangstests zu den Kapiteln;216;5;anhang;ja;;;
mathematik23;8;9 (Kapitel ab: Urlaub auf Rügen);Addieren und Subtrahieren;221;1;anhang;ja;;;
mathematik23;8;9 (Kapitel ab: Urlaub auf Rügen);Multiplizieren und Dividieren;222;1;anhang;ja;;;
mathematik23;8;9 (Kapitel ab: Urlaub auf Rügen);Verbindung der Grundrechenarten;223;1;anhang;ja;;;
mathematik23;8;9 (Kapitel ab: Urlaub auf Rügen);Brüche und Dezimalbrüche;224;1;anhang;ja;;;
mathematik23;8;9 (Kapitel ab: Urlaub auf Rügen);Brüche und Dezimalbrüche addieren und subtrahieren;225;1;anhang;ja;;;
mathematik23;8;9 (Kapitel ab: Urlaub auf Rügen);Brüche und Dezimalbrüche multiplizieren;226;1;anhang;ja;;;
mathematik23;8;9 (Kapitel ab: Urlaub auf Rügen);Ganze und rationale Zahlen;227;1;anhang;ja;;;
mathematik23;8;9 (Kapitel ab: Urlaub auf Rügen);Rechnen mit rationalen Zahlen;228;1;anhang;ja;;;
mathematik23;8;9 (Kapitel ab: Urlaub auf Rügen);Quadratwurzeln und dritte Wurzeln;229;1;anhang;ja;;;
mathematik23;8;9 (Kapitel ab: Urlaub auf Rügen);Direkt proportionale Zuordnungen;230;1;anhang;ja;;;
mathematik23;8;9 (Kapitel ab: Urlaub auf Rügen);Indirekt proportionale Zuordnungen;231;1;anhang;ja;;;
mathematik23;8;9 (Kapitel ab: Urlaub auf Rügen);Prozent;232;1;anhang;ja;;;
mathematik23;8;9 (Kapitel ab: Urlaub auf Rügen);Grundaufgaben der Prozentrechnung;233;1;anhang;ja;;;
mathematik23;8;9 (Kapitel ab: Urlaub auf Rügen);Prozentuale Zu- und Abnahme;234;1;anhang;ja;;;
mathematik23;8;9 (Kapitel ab: Urlaub auf Rügen);Prozentuale Veränderungen;235;1;anhang;ja;;;
mathematik23;8;9 (Kapitel ab: Urlaub auf Rügen);Geometrische Grundbegriffe;236;1;anhang;ja;;;
mathematik23;8;9 (Kapitel ab: Urlaub auf Rügen);Längen;237;1;anhang;ja;;;
mathematik23;8;9 (Kapitel ab: Urlaub auf Rügen);Ebene Figuren;238;1;anhang;ja;;;
mathematik23;8;9 (Kapitel ab: Urlaub auf Rügen);Quader und Würfel;239;1;anhang;ja;;;
mathematik23;8;9 (Kapitel ab: Urlaub auf Rügen);Daten erheben und auswerten;240;1;anhang;ja;;;
mathematik23;8;9 (Kapitel ab: Urlaub auf Rügen);Daten und Zufall;241;1;anhang;ja;;;
mathematik23;8;9 (Kapitel ab: Urlaub auf Rügen);Terme;242;1;anhang;ja;;;
mathematik23;8;9 (Kapitel ab: Urlaub auf Rügen);Der Taschenrechner;243;1;anhang;ja;;;
mathematik23;8;9 (Kapitel ab: Urlaub auf Rügen);"Partnerarbeit; Einem Text Informationen entnehmen";244;1;anhang;ja;;;
mathematik23;8;9 (Kapitel ab: Urlaub auf Rügen);Gruppenarbeit;245;1;anhang;ja;;;
mathematik23;8;9 (Kapitel ab: Urlaub auf Rügen);Ich-Du-Wir-Aufgaben;246;1;anhang;ja;;;
mathematik23;8;9 (Kapitel ab: Urlaub auf Rügen);Lösungen zu den Eingangstests;247;2;anhang;ja;;;
mathematik23;8;9 (Kapitel ab: Urlaub auf Rügen);Lösungen zu den Ausgangstests;249;6;anhang;ja;;;
mathematik23;8;9 (Kapitel ab: Urlaub auf Rügen);Lösungen zu den Üben-Seiten;255;15;anhang;ja;;;
mathematik23;8;9 (Kapitel ab: Urlaub auf Rügen);Formeln und Gesetze;270;1;anhang;ja;;;
mathematik23;8;9 (Kapitel ab: Urlaub auf Rügen);Register;271;2;anhang;ja;;;
mathematik23;8;9 (Kapitel ab: Urlaub auf Rügen);Bildquellennachweis;273;;anhang;letzter Eintrag;;;
mathematik23;9;1 (Kapitel ab: Vergrößern und Verkleinern);(Kapitel ab: Vergrößern und Verkleinern);6;27;kapitel;ja;;;
mathematik23;9;1 (Kapitel ab: Vergrößern und Verkleinern);Vergrößern und Verkleinern;6;2;uk;ja;strahlensaetze;1;titel
mathematik23;9;1 (Kapitel ab: Vergrößern und Verkleinern);Maßstäbliches Verkleinern;8;1;uk;ja;strahlensaetze;1;titel
mathematik23;9;1 (Kapitel ab: Vergrößern und Verkleinern);Maßstäbliches Vergrößern;9;1;uk;ja;strahlensaetze;1;titel
mathematik23;9;1 (Kapitel ab: Vergrößern und Verkleinern);Maßstäbliches Vergrößern und Verkleinern;10;2;uk;ja;strahlensaetze;1;titel
mathematik23;9;1 (Kapitel ab: Vergrößern und Verkleinern);Landkarten;12;1;uk;ja;strahlensaetze;;kapitel
mathematik23;9;1 (Kapitel ab: Vergrößern und Verkleinern);Grundrisse;13;1;uk;ja;strahlensaetze;;kapitel
mathematik23;9;1 (Kapitel ab: Vergrößern und Verkleinern);Ähnlichkeit;14;3;uk;ja;strahlensaetze;2;titel
mathematik23;9;1 (Kapitel ab: Vergrößern und Verkleinern);Ähnlichkeitssätze für Dreiecke;17;1;uk;ja;strahlensaetze;2;titel
mathematik23;9;1 (Kapitel ab: Vergrößern und Verkleinern);Zentrische Streckung;18;1;uk;ja;strahlensaetze;2;titel
mathematik23;9;1 (Kapitel ab: Vergrößern und Verkleinern);Zentrische Streckung ebener Figuren;19;1;uk;ja;strahlensaetze;2;titel
mathematik23;9;1 (Kapitel ab: Vergrößern und Verkleinern);Flächeninhalt von Original- und Bildfigur;20;1;uk;ja;flaechen;;titel
mathematik23;9;1 (Kapitel ab: Vergrößern und Verkleinern);Arbeiten mit dem Computer: Zentrische Streckung;21;1;uk;ja;strahlensaetze;2;titel
mathematik23;9;1 (Kapitel ab: Vergrößern und Verkleinern);Strahlensätze;22;2;uk;ja;strahlensaetze;3;titel
mathematik23;9;1 (Kapitel ab: Vergrößern und Verkleinern);Wissen kompakt;24;2;zusammenfassung;ja;strahlensaetze;;rahmen
mathematik23;9;1 (Kapitel ab: Vergrößern und Verkleinern);Üben;26;3;vermischt;ja;strahlensaetze;;rahmen
mathematik23;9;1 (Kapitel ab: Vergrößern und Verkleinern);Üben: Sachaufgaben;29;1;vermischt;ja;strahlensaetze;;rahmen
mathematik23;9;1 (Kapitel ab: Vergrößern und Verkleinern);Vertiefen: Zentralperspektive;30;2;streifzug;ja;strahlensaetze;;rahmen
mathematik23;9;1 (Kapitel ab: Vergrößern und Verkleinern);Ausgangstest 1;32;1;test;ja;strahlensaetze;;rahmen
mathematik23;9;2 (Kapitel ab: Ausgangstest 2);(Kapitel ab: Ausgangstest 2);33;1;kapitel;ja;;;
mathematik23;9;2 (Kapitel ab: Ausgangstest 2);Ausgangstest 2;33;1;test;ja;strahlensaetze;;rahmen
mathematik23;9;3 (Kapitel ab: Kostenvergleich bei elektrischer Energie);(Kapitel ab: Kostenvergleich bei elektrischer Energie);34;21;kapitel;ja;;;
mathematik23;9;3 (Kapitel ab: Kostenvergleich bei elektrischer Energie);Kostenvergleich bei elektrischer Energie;34;2;uk;ja;lineare-gleichungssysteme;;kapitel
mathematik23;9;3 (Kapitel ab: Kostenvergleich bei elektrischer Energie);Lineare Gleichungen - lineare Funktionen;36;3;uk;ja;lineare-funktionen;2;titel
mathematik23;9;3 (Kapitel ab: Kostenvergleich bei elektrischer Energie);Grafische Lösung linearer Gleichungssysteme;39;2;uk;ja;lineare-gleichungssysteme;1;titel
mathematik23;9;3 (Kapitel ab: Kostenvergleich bei elektrischer Energie);Gleichsetzungsverfahren;41;2;uk;ja;lineare-gleichungssysteme;2;titel
mathematik23;9;3 (Kapitel ab: Kostenvergleich bei elektrischer Energie);Einsetzungsverfahren;43;1;uk;ja;lineare-gleichungssysteme;2;titel
mathematik23;9;3 (Kapitel ab: Kostenvergleich bei elektrischer Energie);Additionsverfahren;44;1;uk;ja;lineare-gleichungssysteme;3;titel
mathematik23;9;3 (Kapitel ab: Kostenvergleich bei elektrischer Energie);Lineare Gleichungssysteme mit dem Computer lösen;45;1;uk;ja;lineare-gleichungssysteme;1;titel
mathematik23;9;3 (Kapitel ab: Kostenvergleich bei elektrischer Energie);Wissen kompakt;46;2;zusammenfassung;ja;lineare-gleichungssysteme;;rahmen
mathematik23;9;3 (Kapitel ab: Kostenvergleich bei elektrischer Energie);Üben;48;2;vermischt;ja;lineare-gleichungssysteme;;rahmen
mathematik23;9;3 (Kapitel ab: Kostenvergleich bei elektrischer Energie);Üben: Zahlenrätsel;50;1;vermischt;ja;lineare-gleichungssysteme;;rahmen
mathematik23;9;3 (Kapitel ab: Kostenvergleich bei elektrischer Energie);Üben: Geometrieaufgaben;51;1;vermischt;ja;lineare-gleichungssysteme;;rahmen
mathematik23;9;3 (Kapitel ab: Kostenvergleich bei elektrischer Energie);Üben: Sachaufgaben;52;1;vermischt;ja;lineare-gleichungssysteme;;rahmen
mathematik23;9;3 (Kapitel ab: Kostenvergleich bei elektrischer Energie);Vertiefen: Lineare Gleichungssysteme mit drei Variablen;53;1;streifzug;ja;lineare-gleichungssysteme;5;titel
mathematik23;9;3 (Kapitel ab: Kostenvergleich bei elektrischer Energie);Ausgangstest 1;54;1;test;ja;lineare-gleichungssysteme;;rahmen
mathematik23;9;4 (Kapitel ab: Ausgangstest 2);(Kapitel ab: Ausgangstest 2);55;1;kapitel;ja;;;
mathematik23;9;4 (Kapitel ab: Ausgangstest 2);Ausgangstest 2;55;1;test;ja;lineare-gleichungssysteme;;rahmen
mathematik23;9;5 (Kapitel ab: Ebene Figuren und flächengleiche Quadrat);(Kapitel ab: Ebene Figuren und flächengleiche Quadrat);56;19;kapitel;ja;;;
mathematik23;9;5 (Kapitel ab: Ebene Figuren und flächengleiche Quadrat);Ebene Figuren und flächengleiche Quadrate;56;3;uk;ja;flaechen;5;titel
mathematik23;9;5 (Kapitel ab: Ebene Figuren und flächengleiche Quadrat);Quadratwurzeln;59;1;uk;ja;potenzen-wurzeln;3;titel
mathematik23;9;5 (Kapitel ab: Ebene Figuren und flächengleiche Quadrat);Kubikwurzeln;60;1;uk;ja;potenzen-wurzeln;3;titel
mathematik23;9;5 (Kapitel ab: Ebene Figuren und flächengleiche Quadrat);Irrationale Zahlen;61;2;uk;ja;reelle-zahlen;1;titel
mathematik23;9;5 (Kapitel ab: Ebene Figuren und flächengleiche Quadrat);Rationale und irrationale Zahlen;63;1;uk;ja;reelle-zahlen;1;titel
mathematik23;9;5 (Kapitel ab: Ebene Figuren und flächengleiche Quadrat);Von den natürlichen zu den reellen Zahlen;64;1;uk;ja;reelle-zahlen;1;titel
mathematik23;9;5 (Kapitel ab: Ebene Figuren und flächengleiche Quadrat);Rechnen mit Quadratwurzeln;65;2;uk;ja;potenzen-wurzeln;3;titel
mathematik23;9;5 (Kapitel ab: Ebene Figuren und flächengleiche Quadrat);Wissen kompakt;67;1;zusammenfassung;ja;potenzen-wurzeln;;rahmen
mathematik23;9;5 (Kapitel ab: Ebene Figuren und flächengleiche Quadrat);Üben;68;1;vermischt;ja;potenzen-wurzeln;;rahmen
mathematik23;9;5 (Kapitel ab: Ebene Figuren und flächengleiche Quadrat);Üben: Rechnen mit Näherungswerten;69;1;vermischt;ja;potenzen-wurzeln;;rahmen
mathematik23;9;5 (Kapitel ab: Ebene Figuren und flächengleiche Quadrat);Üben: Aufgaben aus der Geometrie;70;1;vermischt;ja;potenzen-wurzeln;;rahmen
mathematik23;9;5 (Kapitel ab: Ebene Figuren und flächengleiche Quadrat);Vertiefen: Heron-Verfahren;71;2;streifzug;ja;reelle-zahlen;1;titel
mathematik23;9;5 (Kapitel ab: Ebene Figuren und flächengleiche Quadrat);Vertiefen: Wurzelgleichungen;73;1;streifzug;ja;potenzen-wurzeln;3;titel
mathematik23;9;5 (Kapitel ab: Ebene Figuren und flächengleiche Quadrat);Ausgangstest 1;74;1;test;ja;potenzen-wurzeln;;rahmen
mathematik23;9;6 (Kapitel ab: Ausgangstest 2);(Kapitel ab: Ausgangstest 2);75;1;kapitel;ja;;;
mathematik23;9;6 (Kapitel ab: Ausgangstest 2);Ausgangstest 2;75;1;test;ja;potenzen-wurzeln;;rahmen
mathematik23;9;7 (Kapitel ab: Brücken und Graphen);(Kapitel ab: Brücken und Graphen);76;29;kapitel;ja;;;
mathematik23;9;7 (Kapitel ab: Brücken und Graphen);Brücken und Graphen;76;2;uk;ja;quadratische-funktionen;;kapitel
mathematik23;9;7 (Kapitel ab: Brücken und Graphen);Normalparabel f(x) = x2;78;2;uk;ja;quadratische-funktionen;1;titel
mathematik23;9;7 (Kapitel ab: Brücken und Graphen);Verschobene Normalparabel f (x) = x2 + e;80;2;uk;ja;quadratische-funktionen;1;titel
mathematik23;9;7 (Kapitel ab: Brücken und Graphen);Verschobene Normalparabel f (x) = (x + d)2;82;1;uk;ja;quadratische-funktionen;1;titel
mathematik23;9;7 (Kapitel ab: Brücken und Graphen);Verschobene Normalparabel;83;2;uk;ja;quadratische-funktionen;1;titel
mathematik23;9;7 (Kapitel ab: Brücken und Graphen);Funktionsgleichung f (x) = x2 + px + q;85;2;uk;ja;lineare-funktionen;;titel
mathematik23;9;7 (Kapitel ab: Brücken und Graphen);Quadratische Gleichungen der Form x2 + px + q = 0;87;2;uk;ja;quadratische-gleichungen;1;titel
mathematik23;9;7 (Kapitel ab: Brücken und Graphen);Arbeiten mit dem Computer: Verschobene Normalparabeln zeichnen;89;1;uk;ja;quadratische-funktionen;1;titel
mathematik23;9;7 (Kapitel ab: Brücken und Graphen);Funktionsgleichung f(x) = ax2;90;1;uk;ja;lineare-funktionen;;titel
mathematik23;9;7 (Kapitel ab: Brücken und Graphen);Funktionsgleichung f (x) = ax2 + bx + c;91;2;uk;ja;lineare-funktionen;;titel
mathematik23;9;7 (Kapitel ab: Brücken und Graphen);Arbeiten mit dem Computer: Parabeln zeichnen;93;1;uk;ja;quadratische-funktionen;1;titel
mathematik23;9;7 (Kapitel ab: Brücken und Graphen);Wissen kompakt;94;2;zusammenfassung;ja;quadratische-funktionen;;rahmen
mathematik23;9;7 (Kapitel ab: Brücken und Graphen);Üben: Quadratische Funktionen;96;2;vermischt;ja;quadratische-funktionen;;rahmen
mathematik23;9;7 (Kapitel ab: Brücken und Graphen);Üben: Quadratische Gleichungen;98;1;vermischt;ja;quadratische-funktionen;;rahmen
mathematik23;9;7 (Kapitel ab: Brücken und Graphen);Üben: Bremswege;99;1;vermischt;ja;quadratische-funktionen;;rahmen
mathematik23;9;7 (Kapitel ab: Brücken und Graphen);Üben: Brücken;100;2;vermischt;ja;quadratische-funktionen;;rahmen
mathematik23;9;7 (Kapitel ab: Brücken und Graphen);Üben: Flugbahnen;102;1;vermischt;ja;quadratische-funktionen;;rahmen
mathematik23;9;7 (Kapitel ab: Brücken und Graphen);Vertiefen: Quadratische Gleichungen;103;1;streifzug;ja;quadratische-gleichungen;1;titel
mathematik23;9;7 (Kapitel ab: Brücken und Graphen);Ausgangstest 1;104;1;test;ja;quadratische-gleichungen;;rahmen
mathematik23;9;8 (Kapitel ab: Ausgangstest 2);(Kapitel ab: Ausgangstest 2);105;1;kapitel;ja;;;
mathematik23;9;8 (Kapitel ab: Ausgangstest 2);Ausgangstest 2;105;1;test;ja;quadratische-gleichungen;;rahmen
mathematik23;9;9 (Kapitel ab: Einzelne Schritte bei einer statistische);(Kapitel ab: Einzelne Schritte bei einer statistische);106;21;kapitel;ja;;;
mathematik23;9;9 (Kapitel ab: Einzelne Schritte bei einer statistische);Einzelne Schritte bei einer statistischen Erhebung;106;2;uk;ja;daten;1;titel
mathematik23;9;9 (Kapitel ab: Einzelne Schritte bei einer statistische);Eine Umfrage planen;108;1;uk;ja;daten;1;titel
mathematik23;9;9 (Kapitel ab: Einzelne Schritte bei einer statistische);Eine Umfrage durchführen und auswerten;109;1;uk;ja;daten;1;titel
mathematik23;9;9 (Kapitel ab: Einzelne Schritte bei einer statistische);Mittelwerte;110;2;uk;ja;daten;4;titel
mathematik23;9;9 (Kapitel ab: Einzelne Schritte bei einer statistische);Streumaße;112;1;uk;ja;daten;4;titel
mathematik23;9;9 (Kapitel ab: Einzelne Schritte bei einer statistische);Boxplot;113;1;uk;ja;daten;5;titel
mathematik23;9;9 (Kapitel ab: Einzelne Schritte bei einer statistische);Arbeiten mit dem Computer: Tabellenkalkulation;114;3;uk;ja;kein Eintrag;;titel
mathematik23;9;9 (Kapitel ab: Einzelne Schritte bei einer statistische);Täuschen mit Statistik;117;2;uk;ja;daten;1;titel
mathematik23;9;9 (Kapitel ab: Einzelne Schritte bei einer statistische);Statistische Darstellungen beurteilen;119;1;uk;ja;daten;5;titel
mathematik23;9;9 (Kapitel ab: Einzelne Schritte bei einer statistische);Wissen kompakt;120;2;zusammenfassung;ja;daten;;rahmen
mathematik23;9;9 (Kapitel ab: Einzelne Schritte bei einer statistische);Üben;122;2;vermischt;ja;daten;;rahmen
mathematik23;9;9 (Kapitel ab: Einzelne Schritte bei einer statistische);Üben: Statistische Darstellungen;124;1;vermischt;ja;daten;;rahmen
mathematik23;9;9 (Kapitel ab: Einzelne Schritte bei einer statistische);Vertiefen: Mittlere quadratische;125;1;streifzug;ja;daten;1;titel
mathematik23;9;9 (Kapitel ab: Einzelne Schritte bei einer statistische);Ausgangstest 1;126;1;test;ja;daten;;rahmen
mathematik23;9;10 (Kapitel ab: Ausgangstest 2);(Kapitel ab: Ausgangstest 2);127;1;kapitel;ja;;;
mathematik23;9;10 (Kapitel ab: Ausgangstest 2);Ausgangstest 2;127;1;test;ja;daten;;rahmen
mathematik23;9;11 (Kapitel ab: Pyramiden, Kegel und Kugeln in der);(Kapitel ab: Pyramiden, Kegel und Kugeln in der);128;21;kapitel;ja;;;
mathematik23;9;11 (Kapitel ab: Pyramiden, Kegel und Kugeln in der);Pyramiden, Kegel und Kugeln in der;128;2;uk;ja;pyramide-kegel-kugel;1;titel
mathematik23;9;11 (Kapitel ab: Pyramiden, Kegel und Kugeln in der);Teste dein Raumvorstellungsvermögen;130;1;uk;ja;koerper;1;titel
mathematik23;9;11 (Kapitel ab: Pyramiden, Kegel und Kugeln in der);Darstellungen von Pyramide und Kegel;131;1;uk;ja;pyramide-kegel-kugel;1;titel
mathematik23;9;11 (Kapitel ab: Pyramiden, Kegel und Kugeln in der);Körper herstellen;132;1;uk;ja;koerper;1;titel
mathematik23;9;11 (Kapitel ab: Pyramiden, Kegel und Kugeln in der);Volumen einer Pyramide;133;2;uk;ja;pyramide-kegel-kugel;1;titel
mathematik23;9;11 (Kapitel ab: Pyramiden, Kegel und Kugeln in der);Oberflächeninhalt einer Pyramide;135;1;uk;ja;pyramide-kegel-kugel;1;titel
mathematik23;9;11 (Kapitel ab: Pyramiden, Kegel und Kugeln in der);Volumen eines Kegels;136;1;uk;ja;pyramide-kegel-kugel;2;titel
mathematik23;9;11 (Kapitel ab: Pyramiden, Kegel und Kugeln in der);Oberflächeninhalt eines Kegels;137;1;uk;ja;pyramide-kegel-kugel;2;titel
mathematik23;9;11 (Kapitel ab: Pyramiden, Kegel und Kugeln in der);Volumen einer Kugel;138;1;uk;ja;pyramide-kegel-kugel;3;titel
mathematik23;9;11 (Kapitel ab: Pyramiden, Kegel und Kugeln in der);Oberflächeninhalt einer Kugel;139;1;uk;ja;pyramide-kegel-kugel;3;titel
mathematik23;9;11 (Kapitel ab: Pyramiden, Kegel und Kugeln in der);Zusammengesetzte Körper;140;1;uk;ja;koerper;5;titel
mathematik23;9;11 (Kapitel ab: Pyramiden, Kegel und Kugeln in der);Wissen kompakt;141;1;zusammenfassung;ja;koerper;;rahmen
mathematik23;9;11 (Kapitel ab: Pyramiden, Kegel und Kugeln in der);Üben;142;2;vermischt;ja;koerper;;rahmen
mathematik23;9;11 (Kapitel ab: Pyramiden, Kegel und Kugeln in der);Üben: Sachaufgaben;144;2;vermischt;ja;koerper;;rahmen
mathematik23;9;11 (Kapitel ab: Pyramiden, Kegel und Kugeln in der);Vertiefen: Schätzen, Messen und Überschlagen;146;2;streifzug;ja;kein Eintrag;;titel
mathematik23;9;11 (Kapitel ab: Pyramiden, Kegel und Kugeln in der);Ausgangstest 1;148;1;test;ja;koerper;;rahmen
mathematik23;9;12 (Kapitel ab: Ausgangstest 2);(Kapitel ab: Ausgangstest 2);149;1;kapitel;ja;;;
mathematik23;9;12 (Kapitel ab: Ausgangstest 2);Ausgangstest 2;149;1;test;ja;koerper;;rahmen
mathematik23;9;13 (Kapitel ab: Betriebsbesichtigung);(Kapitel ab: Betriebsbesichtigung);150;21;kapitel;ja;;;
mathematik23;9;13 (Kapitel ab: Betriebsbesichtigung);Betriebsbesichtigung;150;2;uk;ja;zuordnungen;;kapitel
mathematik23;9;13 (Kapitel ab: Betriebsbesichtigung);Direkt und indirekt proportionale;152;2;uk;ja;zuordnungen;4;titel
mathematik23;9;13 (Kapitel ab: Betriebsbesichtigung);Prozentrechnung;154;2;uk;ja;prozentrechnung;;titel
mathematik23;9;13 (Kapitel ab: Betriebsbesichtigung);Zinsrechnung;156;2;uk;ja;zinsrechnung;1;titel
mathematik23;9;13 (Kapitel ab: Betriebsbesichtigung);Statistik;158;2;uk;ja;daten;1;titel
mathematik23;9;13 (Kapitel ab: Betriebsbesichtigung);In der Druckerei;160;1;uk;ja;zuordnungen;;kapitel
mathematik23;9;13 (Kapitel ab: Betriebsbesichtigung);In der Fleischerei;161;1;uk;ja;zuordnungen;;kapitel
mathematik23;9;13 (Kapitel ab: Betriebsbesichtigung);Beim Bäcker;162;1;uk;ja;zuordnungen;;kapitel
mathematik23;9;13 (Kapitel ab: Betriebsbesichtigung);Im Friseursalon;163;1;uk;ja;zuordnungen;;kapitel
mathematik23;9;13 (Kapitel ab: Betriebsbesichtigung);In der Lackiererei;164;1;uk;ja;zuordnungen;;kapitel
mathematik23;9;13 (Kapitel ab: Betriebsbesichtigung);Auf der Baustelle;165;2;uk;ja;zuordnungen;;kapitel
mathematik23;9;13 (Kapitel ab: Betriebsbesichtigung);Arbeiten mit dem Computer:;167;1;uk;ja;kein Eintrag;;titel
mathematik23;9;13 (Kapitel ab: Betriebsbesichtigung);Vorbereitung auf den Einstellungstest;168;1;uk;ja;zuordnungen;;kapitel
mathematik23;9;13 (Kapitel ab: Betriebsbesichtigung);Einstellungstest 1 (ohne Taschenrechner);169;1;uk;ja;kein Eintrag;;titel
mathematik23;9;13 (Kapitel ab: Betriebsbesichtigung);Einstellungstest 2 (mit Taschenrechner);170;1;uk;ja;kein Eintrag;;titel
mathematik23;9;13 (Kapitel ab: Betriebsbesichtigung);Lösungen und Kompetenzen;171;1;anhang;ja;;;
mathematik23;9;13 (Kapitel ab: Betriebsbesichtigung);Eingangstests zu den Kapiteln;172;4;anhang;ja;;;
mathematik23;9;13 (Kapitel ab: Betriebsbesichtigung);Brüche und Dezimalbrüche;176;2;anhang;ja;;;
mathematik23;9;13 (Kapitel ab: Betriebsbesichtigung);Brüche und Dezimalbrüche addieren und subtrahieren;178;1;anhang;ja;;;
mathematik23;9;13 (Kapitel ab: Betriebsbesichtigung);Brüche und Dezimalbrüche multiplizieren, dividieren und potenzieren;179;1;anhang;ja;;;
mathematik23;9;13 (Kapitel ab: Betriebsbesichtigung);Rationale Zahlen;180;1;anhang;ja;;;
mathematik23;9;13 (Kapitel ab: Betriebsbesichtigung);Rechnen mit rationalen Zahlen;181;1;anhang;ja;;;
mathematik23;9;13 (Kapitel ab: Betriebsbesichtigung);Größen;182;1;anhang;ja;;;
mathematik23;9;13 (Kapitel ab: Betriebsbesichtigung);Direkt proportionale Zuordnungen;183;1;anhang;ja;;;
mathematik23;9;13 (Kapitel ab: Betriebsbesichtigung);Indirekt proportionale Zuordnungen;184;1;anhang;ja;;;
mathematik23;9;13 (Kapitel ab: Betriebsbesichtigung);Prozentrechnung;185;1;anhang;ja;;;
mathematik23;9;13 (Kapitel ab: Betriebsbesichtigung);Prozentuale Zu- und Abnahme;186;1;anhang;ja;;;
mathematik23;9;13 (Kapitel ab: Betriebsbesichtigung);Prozentuale Veränderungen;187;1;anhang;ja;;;
mathematik23;9;13 (Kapitel ab: Betriebsbesichtigung);Zinsrechnung;188;1;anhang;ja;;;
mathematik23;9;13 (Kapitel ab: Betriebsbesichtigung);Terme;189;1;anhang;ja;;;
mathematik23;9;13 (Kapitel ab: Betriebsbesichtigung);Gleichungen;190;1;anhang;ja;;;
mathematik23;9;13 (Kapitel ab: Betriebsbesichtigung);Ebene Figuren;191;2;anhang;ja;;;
mathematik23;9;13 (Kapitel ab: Betriebsbesichtigung);Satz des Pythagoras;193;1;anhang;ja;;;
mathematik23;9;13 (Kapitel ab: Betriebsbesichtigung);Prismen;194;1;anhang;ja;;;
mathematik23;9;13 (Kapitel ab: Betriebsbesichtigung);Zylinder;195;1;anhang;ja;;;
mathematik23;9;13 (Kapitel ab: Betriebsbesichtigung);Pyramide;196;1;anhang;ja;;;
mathematik23;9;13 (Kapitel ab: Betriebsbesichtigung);Kegel und Kugel;197;1;anhang;ja;;;
mathematik23;9;13 (Kapitel ab: Betriebsbesichtigung);Lineare Funktionen;198;1;anhang;ja;;;
mathematik23;9;13 (Kapitel ab: Betriebsbesichtigung);Daten erheben und auswerten;199;2;anhang;ja;;;
mathematik23;9;13 (Kapitel ab: Betriebsbesichtigung);Wahrscheinlichkeitsrechnung;201;1;anhang;ja;;;
mathematik23;9;13 (Kapitel ab: Betriebsbesichtigung);Taschenrechner;202;1;anhang;ja;;;
mathematik23;9;13 (Kapitel ab: Betriebsbesichtigung);"Partnerarbeit;";203;1;anhang;ja;;;
mathematik23;9;13 (Kapitel ab: Betriebsbesichtigung);Gruppenarbeit;204;1;anhang;ja;;;
mathematik23;9;13 (Kapitel ab: Betriebsbesichtigung);Arbeitsteilige Gruppenarbeit;205;1;anhang;ja;;;
mathematik23;9;13 (Kapitel ab: Betriebsbesichtigung);Ich-Du-Wir-Aufgaben;206;1;anhang;ja;;;
mathematik23;9;13 (Kapitel ab: Betriebsbesichtigung);"Ein Lernplakat erstellen; Einen Vortrag halten";207;1;anhang;ja;;;
mathematik23;9;13 (Kapitel ab: Betriebsbesichtigung);"Probleme erkunden und erfassen;";208;1;anhang;ja;;;
mathematik23;9;13 (Kapitel ab: Betriebsbesichtigung);"Rückwärtsarbeiten;";209;1;anhang;ja;;;
mathematik23;9;13 (Kapitel ab: Betriebsbesichtigung);Lösungen zu den Eingangstests;210;2;anhang;ja;;;
mathematik23;9;13 (Kapitel ab: Betriebsbesichtigung);Lösungen zu den Ausgangstests;212;7;anhang;ja;;;
mathematik23;9;13 (Kapitel ab: Betriebsbesichtigung);Lösungen zu den Üben-Seiten;219;15;anhang;ja;;;
mathematik23;9;13 (Kapitel ab: Betriebsbesichtigung);Formeln und Gesetze;234;1;anhang;ja;;;
mathematik23;9;13 (Kapitel ab: Betriebsbesichtigung);Stichwortverzeichnis;235;3;anhang;ja;;;
mathematik23;9;13 (Kapitel ab: Betriebsbesichtigung);Bildquellennachweis;238;;anhang;letzter Eintrag;;;
mathematik23;10;1 (Kapitel ab: Das Sonnensystem);(Kapitel ab: Das Sonnensystem);6;25;kapitel;ja;;;
mathematik23;10;1 (Kapitel ab: Das Sonnensystem);Das Sonnensystem;6;3;uk;ja;potenzen-wurzeln;;kapitel
mathematik23;10;1 (Kapitel ab: Das Sonnensystem);Zehnerpotenzen;9;2;uk;ja;potenzen-wurzeln;2;titel
mathematik23;10;1 (Kapitel ab: Das Sonnensystem);Kleine und große Einheiten;11;1;uk;ja;einheiten;;titel
mathematik23;10;1 (Kapitel ab: Das Sonnensystem);Sachaufgaben;12;2;uk;ja;potenzen-wurzeln;;kapitel
mathematik23;10;1 (Kapitel ab: Das Sonnensystem);Potenzgesetze;14;2;uk;ja;reelle-zahlen;2;titel
mathematik23;10;1 (Kapitel ab: Das Sonnensystem);Potenzen mit negativen Exponenten;16;1;uk;ja;reelle-zahlen;3;titel
mathematik23;10;1 (Kapitel ab: Das Sonnensystem);Potenzen der Form a1/n;17;1;uk;ja;potenzen-wurzeln;1;titel
mathematik23;10;1 (Kapitel ab: Das Sonnensystem);Potenzfunktionen;18;1;uk;ja;potenz-exponentialfunktionen;5;titel
mathematik23;10;1 (Kapitel ab: Das Sonnensystem);Potenzfunktionen untersuchen;19;1;uk;ja;potenz-exponentialfunktionen;5;titel
mathematik23;10;1 (Kapitel ab: Das Sonnensystem);Arbeiten mit dem Computer:;20;1;uk;ja;kein Eintrag;;titel
mathematik23;10;1 (Kapitel ab: Das Sonnensystem);Wissen kompakt;21;2;zusammenfassung;ja;potenz-exponentialfunktionen;;rahmen
mathematik23;10;1 (Kapitel ab: Das Sonnensystem);Üben: Zehnerpotenzen;23;1;vermischt;ja;potenz-exponentialfunktionen;;rahmen
mathematik23;10;1 (Kapitel ab: Das Sonnensystem);Üben: Der Makrokosmos;24;1;vermischt;ja;potenz-exponentialfunktionen;;rahmen
mathematik23;10;1 (Kapitel ab: Das Sonnensystem);Üben: Der Mikrokosmos;25;1;vermischt;ja;potenz-exponentialfunktionen;;rahmen
mathematik23;10;1 (Kapitel ab: Das Sonnensystem);Üben: Potenzen;26;1;vermischt;ja;potenz-exponentialfunktionen;;rahmen
mathematik23;10;1 (Kapitel ab: Das Sonnensystem);Üben: Potenzfunktionen;27;1;vermischt;ja;potenz-exponentialfunktionen;;rahmen
mathematik23;10;1 (Kapitel ab: Das Sonnensystem);Vertiefen: Potenzgleichungen;28;1;streifzug;ja;potenzen-wurzeln;1;titel
mathematik23;10;1 (Kapitel ab: Das Sonnensystem);Vertiefen: Wurzelfunktion;29;1;streifzug;ja;potenzen-wurzeln;3;titel
mathematik23;10;1 (Kapitel ab: Das Sonnensystem);Ausgangstest 1;30;1;test;ja;potenzen-wurzeln;;rahmen
mathematik23;10;2 (Kapitel ab: Ausgangstest 2);(Kapitel ab: Ausgangstest 2);31;1;kapitel;ja;;;
mathematik23;10;2 (Kapitel ab: Ausgangstest 2);Ausgangstest 2;31;1;test;ja;potenzen-wurzeln;;rahmen
mathematik23;10;3 (Kapitel ab: Bevölkerungswachstum);(Kapitel ab: Bevölkerungswachstum);32;19;kapitel;ja;;;
mathematik23;10;3 (Kapitel ab: Bevölkerungswachstum);Bevölkerungswachstum;32;3;uk;ja;potenz-exponentialfunktionen;3;titel
mathematik23;10;3 (Kapitel ab: Bevölkerungswachstum);Radioaktiver Zerfall;35;1;uk;ja;potenz-exponentialfunktionen;3;titel
mathematik23;10;3 (Kapitel ab: Bevölkerungswachstum);Funktionsgleichung f(x) = bx;36;2;uk;ja;lineare-funktionen;;titel
mathematik23;10;3 (Kapitel ab: Bevölkerungswachstum);Funktionsgleichung f(x) = abx;38;1;uk;ja;lineare-funktionen;;titel
mathematik23;10;3 (Kapitel ab: Bevölkerungswachstum);Arbeiten mit dem Computer: Exponentialfunktionen;39;1;uk;ja;potenz-exponentialfunktionen;3;titel
mathematik23;10;3 (Kapitel ab: Bevölkerungswachstum);Exponentielle Zunahme;40;2;uk;ja;potenz-exponentialfunktionen;3;titel
mathematik23;10;3 (Kapitel ab: Bevölkerungswachstum);Exponentielle Abnahme;42;2;uk;ja;potenz-exponentialfunktionen;3;titel
mathematik23;10;3 (Kapitel ab: Bevölkerungswachstum);Wissen kompakt;44;1;zusammenfassung;ja;potenz-exponentialfunktionen;;rahmen
mathematik23;10;3 (Kapitel ab: Bevölkerungswachstum);Üben;45;2;vermischt;ja;potenz-exponentialfunktionen;;rahmen
mathematik23;10;3 (Kapitel ab: Bevölkerungswachstum);Üben: Zinseszinsrechnung;47;2;vermischt;ja;potenz-exponentialfunktionen;;rahmen
mathematik23;10;3 (Kapitel ab: Bevölkerungswachstum);Vertiefen: Funktionsgleichung f(x) = a-bx + c;49;1;streifzug;ja;lineare-funktionen;;titel
mathematik23;10;3 (Kapitel ab: Bevölkerungswachstum);Ausgangstest 1;50;1;test;ja;lineare-funktionen;;rahmen
mathematik23;10;4 (Kapitel ab: Ausgangstest 2);(Kapitel ab: Ausgangstest 2);51;1;kapitel;ja;;;
mathematik23;10;4 (Kapitel ab: Ausgangstest 2);Ausgangstest 2;51;1;test;ja;lineare-funktionen;;rahmen
mathematik23;10;5 (Kapitel ab: Messungen in der Umwelt);(Kapitel ab: Messungen in der Umwelt);52;25;kapitel;ja;;;
mathematik23;10;5 (Kapitel ab: Messungen in der Umwelt);Messungen in der Umwelt;52;2;uk;ja;trigonometrie;;kapitel
mathematik23;10;5 (Kapitel ab: Messungen in der Umwelt);Sinus eines Winkels;54;2;uk;ja;trigonometrie;2;titel
mathematik23;10;5 (Kapitel ab: Messungen in der Umwelt);Kosinus eines Winkels;56;2;uk;ja;trigonometrie;2;titel
mathematik23;10;5 (Kapitel ab: Messungen in der Umwelt);Tangens eines Winkels;58;2;uk;ja;trigonometrie;2;titel
mathematik23;10;5 (Kapitel ab: Messungen in der Umwelt);Arbeiten mit dem Computer:;60;1;uk;ja;kein Eintrag;;titel
mathematik23;10;5 (Kapitel ab: Messungen in der Umwelt);Berechnungen in rechtwinkligen;61;2;uk;ja;trigonometrie;;kapitel
mathematik23;10;5 (Kapitel ab: Messungen in der Umwelt);Sinus für stumpfe Winkel;63;1;uk;ja;trigonometrie;2;titel
mathematik23;10;5 (Kapitel ab: Messungen in der Umwelt);Sinussatz;64;2;uk;ja;trigonometrie;4;titel
mathematik23;10;5 (Kapitel ab: Messungen in der Umwelt);Kosinus für stumpfe Winkel;66;1;uk;ja;trigonometrie;2;titel
mathematik23;10;5 (Kapitel ab: Messungen in der Umwelt);Kosinussatz;67;1;uk;ja;trigonometrie;4;titel
mathematik23;10;5 (Kapitel ab: Messungen in der Umwelt);Wissen kompakt;68;1;zusammenfassung;ja;trigonometrie;;rahmen
mathematik23;10;5 (Kapitel ab: Messungen in der Umwelt);Üben;69;3;vermischt;ja;trigonometrie;;rahmen
mathematik23;10;5 (Kapitel ab: Messungen in der Umwelt);Üben: Sachaufgaben;72;1;vermischt;ja;trigonometrie;;rahmen
mathematik23;10;5 (Kapitel ab: Messungen in der Umwelt);Üben: Steigung und Gefälle;73;1;vermischt;ja;trigonometrie;;rahmen
mathematik23;10;5 (Kapitel ab: Messungen in der Umwelt);Üben: Messungen im Gelände;74;1;vermischt;ja;trigonometrie;;rahmen
mathematik23;10;5 (Kapitel ab: Messungen in der Umwelt);Vertiefen: Sinus, Kosinus und Tangens für besondere Winkelgrößen;75;1;streifzug;ja;trigonometrie;2;titel
mathematik23;10;5 (Kapitel ab: Messungen in der Umwelt);Ausgangstest 1;76;1;test;ja;trigonometrie;;rahmen
mathematik23;10;6 (Kapitel ab: Ausgangstest 2);(Kapitel ab: Ausgangstest 2);77;1;kapitel;ja;;;
mathematik23;10;6 (Kapitel ab: Ausgangstest 2);Ausgangstest 2;77;1;test;ja;trigonometrie;;rahmen
mathematik23;10;7 (Kapitel ab: Schwingungen und Wellen);(Kapitel ab: Schwingungen und Wellen);78;19;kapitel;ja;;;
mathematik23;10;7 (Kapitel ab: Schwingungen und Wellen);Schwingungen und Wellen;78;2;uk;ja;trigonometrische-funktionen;;kapitel
mathematik23;10;7 (Kapitel ab: Schwingungen und Wellen);Sinus am Einheitskreis;80;2;uk;ja;trigonometrische-funktionen;1;titel
mathematik23;10;7 (Kapitel ab: Schwingungen und Wellen);Arbeiten mit dem Computer: Sinus am Einheitskreis;82;1;uk;ja;trigonometrische-funktionen;1;titel
mathematik23;10;7 (Kapitel ab: Schwingungen und Wellen);Kosinus am Einheitskreis;83;1;uk;ja;trigonometrische-funktionen;1;titel
mathematik23;10;7 (Kapitel ab: Schwingungen und Wellen);Die Sinusfunktion mit Winkeln im;84;4;uk;ja;trigonometrische-funktionen;2;titel
mathematik23;10;7 (Kapitel ab: Schwingungen und Wellen);Die Kosinusfunktion mit Winkeln im;88;1;uk;ja;trigonometrische-funktionen;2;titel
mathematik23;10;7 (Kapitel ab: Schwingungen und Wellen);Arbeiten mit dem Computer:;89;1;uk;ja;kein Eintrag;;titel
mathematik23;10;7 (Kapitel ab: Schwingungen und Wellen);Wissen kompakt;90;1;zusammenfassung;ja;trigonometrische-funktionen;;rahmen
mathematik23;10;7 (Kapitel ab: Schwingungen und Wellen);Üben;91;2;vermischt;ja;trigonometrische-funktionen;;rahmen
mathematik23;10;7 (Kapitel ab: Schwingungen und Wellen);Vertiefen: Schwingungen;93;3;streifzug;ja;trigonometrische-funktionen;;rahmen
mathematik23;10;7 (Kapitel ab: Schwingungen und Wellen);Ausgangstest 1;96;1;test;ja;trigonometrische-funktionen;;rahmen
mathematik23;10;8 (Kapitel ab: Ausgangstest 2);(Kapitel ab: Ausgangstest 2);97;1;kapitel;ja;;;
mathematik23;10;8 (Kapitel ab: Ausgangstest 2);Ausgangstest 2;97;1;test;ja;trigonometrische-funktionen;;rahmen
mathematik23;10;9 (Kapitel ab: Geldspielautomaten);(Kapitel ab: Geldspielautomaten);98;21;kapitel;ja;;;
mathematik23;10;9 (Kapitel ab: Geldspielautomaten);Geldspielautomaten;98;3;uk;ja;wahrscheinlichkeit;;kapitel
mathematik23;10;9 (Kapitel ab: Geldspielautomaten);Mehrstufige Zufallsexperimente;101;1;uk;ja;wahrscheinlichkeit;3;titel
mathematik23;10;9 (Kapitel ab: Geldspielautomaten);Produktregel (1. Pfadregel);102;1;uk;ja;wahrscheinlichkeit;3;titel
mathematik23;10;9 (Kapitel ab: Geldspielautomaten);Summenregel (2. Pfadregel);103;1;uk;ja;wahrscheinlichkeit;3;titel
mathematik23;10;9 (Kapitel ab: Geldspielautomaten);Ziehen mit Zurücklegen;104;1;uk;ja;wahrscheinlichkeit;2;titel
mathematik23;10;9 (Kapitel ab: Geldspielautomaten);Ziehen ohne Zurücklegen;105;1;uk;ja;wahrscheinlichkeit;4;titel
mathematik23;10;9 (Kapitel ab: Geldspielautomaten);Ziehen bei großer Grundgesamtheit;106;1;uk;ja;wahrscheinlichkeit;;kapitel
mathematik23;10;9 (Kapitel ab: Geldspielautomaten);Vereinfachte Baumdiagramme;107;1;uk;ja;wahrscheinlichkeit;3;titel
mathematik23;10;9 (Kapitel ab: Geldspielautomaten);Kombinatorisches Zählen;108;1;uk;ja;wahrscheinlichkeit;1;titel
mathematik23;10;9 (Kapitel ab: Geldspielautomaten);Ziehen mit Zurücklegen bei mehrstufigen;109;2;uk;ja;wahrscheinlichkeit;3;titel
mathematik23;10;9 (Kapitel ab: Geldspielautomaten);Ziehen ohne Zurücklegen bei mehrstufigen Zufallsexperimenten;111;2;uk;ja;wahrscheinlichkeit;4;titel
mathematik23;10;9 (Kapitel ab: Geldspielautomaten);Wissen kompakt;113;2;zusammenfassung;ja;wahrscheinlichkeit;;rahmen
mathematik23;10;9 (Kapitel ab: Geldspielautomaten);Üben;115;2;vermischt;ja;wahrscheinlichkeit;;rahmen
mathematik23;10;9 (Kapitel ab: Geldspielautomaten);Vertiefen: Faire Spiele;117;1;streifzug;ja;wahrscheinlichkeit;;rahmen
mathematik23;10;9 (Kapitel ab: Geldspielautomaten);Ausgangstest 1;118;1;test;ja;wahrscheinlichkeit;;rahmen
mathematik23;10;10 (Kapitel ab: Ausgangstest 2);(Kapitel ab: Ausgangstest 2);119;1;kapitel;ja;;;
mathematik23;10;10 (Kapitel ab: Ausgangstest 2);Ausgangstest 2;119;1;test;ja;wahrscheinlichkeit;;rahmen
mathematik23;10;11 (Kapitel ab: Wachstumsprozesse);(Kapitel ab: Wachstumsprozesse);120;17;kapitel;ja;;;
mathematik23;10;11 (Kapitel ab: Wachstumsprozesse);Wachstumsprozesse;120;2;uk;ja;potenz-exponentialfunktionen;3;titel
mathematik23;10;11 (Kapitel ab: Wachstumsprozesse);Lineares Wachstum;122;2;uk;ja;potenz-exponentialfunktionen;3;titel
mathematik23;10;11 (Kapitel ab: Wachstumsprozesse);Quadratisches Wachstum;124;2;uk;ja;potenz-exponentialfunktionen;3;titel
mathematik23;10;11 (Kapitel ab: Wachstumsprozesse);Exponentielles Wachstum;126;2;uk;ja;potenz-exponentialfunktionen;3;titel
mathematik23;10;11 (Kapitel ab: Wachstumsprozesse);Wachstumsprozesse unterscheiden;128;3;uk;ja;potenz-exponentialfunktionen;3;titel
mathematik23;10;11 (Kapitel ab: Wachstumsprozesse);Wissen kompakt;131;1;zusammenfassung;ja;potenz-exponentialfunktionen;;rahmen
mathematik23;10;11 (Kapitel ab: Wachstumsprozesse);Üben;132;1;vermischt;ja;potenz-exponentialfunktionen;;rahmen
mathematik23;10;11 (Kapitel ab: Wachstumsprozesse);Üben: Sachaufgaben;133;1;vermischt;ja;potenz-exponentialfunktionen;;rahmen
mathematik23;10;11 (Kapitel ab: Wachstumsprozesse);Vertiefen: Wachstum vergleichen;134;1;streifzug;ja;potenz-exponentialfunktionen;1;titel
mathematik23;10;11 (Kapitel ab: Wachstumsprozesse);Vertiefen: Wachstumsfunktionen vergleichen;135;1;streifzug;ja;potenz-exponentialfunktionen;1;titel
mathematik23;10;11 (Kapitel ab: Wachstumsprozesse);Ausgangstest 1;136;1;test;ja;potenz-exponentialfunktionen;;rahmen
mathematik23;10;12 (Kapitel ab: Ausgangstest 2);(Kapitel ab: Ausgangstest 2);137;1;kapitel;ja;;;
mathematik23;10;12 (Kapitel ab: Ausgangstest 2);Ausgangstest 2;137;1;test;ja;potenz-exponentialfunktionen;;rahmen
mathematik23;10;13 (Kapitel ab: Hinweise);(Kapitel ab: Hinweise);138;15;kapitel;ja;;;
mathematik23;10;13 (Kapitel ab: Hinweise);Hinweise;138;2;uk;ja;potenz-exponentialfunktionen;;nachbar
mathematik23;10;13 (Kapitel ab: Hinweise);Aufgaben zum mathematischen;140;4;vermischt;ja;potenz-exponentialfunktionen;;rahmen
mathematik23;10;13 (Kapitel ab: Hinweise);Verpackungen;144;2;uk;ja;potenz-exponentialfunktionen;;nachbar
mathematik23;10;13 (Kapitel ab: Hinweise);Im Neubaugebiet;146;4;uk;ja;potenz-exponentialfunktionen;;nachbar
mathematik23;10;13 (Kapitel ab: Hinweise);EinkaufundVerkauf;150;1;uk;ja;potenz-exponentialfunktionen;;nachbar
mathematik23;10;13 (Kapitel ab: Hinweise);Brücken;151;1;uk;ja;potenz-exponentialfunktionen;;nachbar
mathematik23;10;13 (Kapitel ab: Hinweise);Flugbahnen;152;1;uk;ja;potenz-exponentialfunktionen;;nachbar
mathematik23;10;13 (Kapitel ab: Hinweise);Eingangstests zu den Kapiteln;153;4;anhang;ja;;;
mathematik23;10;13 (Kapitel ab: Hinweise);Brüche und Dezimalbrüche;157;1;anhang;ja;;;
mathematik23;10;13 (Kapitel ab: Hinweise);Brüche und Dezimalbrüche addieren und;158;1;anhang;ja;;;
mathematik23;10;13 (Kapitel ab: Hinweise);Brüche und Dezimalbrüche multiplizieren, dividieren und potenzieren;159;1;anhang;ja;;;
mathematik23;10;13 (Kapitel ab: Hinweise);Rationale Zahlen;160;1;anhang;ja;;;
mathematik23;10;13 (Kapitel ab: Hinweise);Reelle Zahlen;161;1;anhang;ja;;;
mathematik23;10;13 (Kapitel ab: Hinweise);Größen;162;1;anhang;ja;;;
mathematik23;10;13 (Kapitel ab: Hinweise);Direkt proportionale Zuordnungen;163;1;anhang;ja;;;
mathematik23;10;13 (Kapitel ab: Hinweise);Indirekt proportionale Zuordnungen;164;1;anhang;ja;;;
mathematik23;10;13 (Kapitel ab: Hinweise);Prozentrechnung;165;1;anhang;ja;;;
mathematik23;10;13 (Kapitel ab: Hinweise);Prozentuale Veränderungen;166;1;anhang;ja;;;
mathematik23;10;13 (Kapitel ab: Hinweise);Zinsrechnung;167;1;anhang;ja;;;
mathematik23;10;13 (Kapitel ab: Hinweise);Terme und Gleichungen;168;1;anhang;ja;;;
mathematik23;10;13 (Kapitel ab: Hinweise);Lineare Funktionen;169;1;anhang;ja;;;
mathematik23;10;13 (Kapitel ab: Hinweise);Grafische Lösung linearer Gleichungssysteme;170;1;anhang;ja;;;
mathematik23;10;13 (Kapitel ab: Hinweise);Rechnerische Lösung linearer Gleichungssysteme;171;2;anhang;ja;;;
mathematik23;10;13 (Kapitel ab: Hinweise);Quadratische Funktionen;173;2;anhang;ja;;;
mathematik23;10;13 (Kapitel ab: Hinweise);Quadratische Gleichungen;175;1;anhang;ja;;;
mathematik23;10;13 (Kapitel ab: Hinweise);Ähnlichkeit;176;1;anhang;ja;;;
mathematik23;10;13 (Kapitel ab: Hinweise);Satz des Pythagoras;177;1;anhang;ja;;;
mathematik23;10;13 (Kapitel ab: Hinweise);Ebene Figuren;178;1;anhang;ja;;;
mathematik23;10;13 (Kapitel ab: Hinweise);Prismen;179;1;anhang;ja;;;
mathematik23;10;13 (Kapitel ab: Hinweise);Zylinder;180;1;anhang;ja;;;
mathematik23;10;13 (Kapitel ab: Hinweise);Pyramide;181;1;anhang;ja;;;
mathematik23;10;13 (Kapitel ab: Hinweise);Kegel und Kugel;182;1;anhang;ja;;;
mathematik23;10;13 (Kapitel ab: Hinweise);Mit dem Zufall rechnen;183;1;anhang;ja;;;
mathematik23;10;13 (Kapitel ab: Hinweise);"Partnerarbeit; Einem Text Informationen entnehmen";184;1;anhang;ja;;;
mathematik23;10;13 (Kapitel ab: Hinweise);Gruppenarbeit;185;1;anhang;ja;;;
mathematik23;10;13 (Kapitel ab: Hinweise);"Ein Lernplakat erstellen; Einen Vortrag halten";186;1;anhang;ja;;;
mathematik23;10;13 (Kapitel ab: Hinweise);"Diese Fragen können dir beim Lösen von Sachproblemen helfen; Eine Aufgabe - drei Lösungswege";187;1;anhang;ja;;;
mathematik23;10;13 (Kapitel ab: Hinweise);"Rückwärtsarbeiten; Systematisches Probieren; Zurückführen auf Bekanntes;";188;1;anhang;ja;;;
mathematik23;10;13 (Kapitel ab: Hinweise);Lösungen zu den Eingangstests;189;1;anhang;ja;;;
mathematik23;10;13 (Kapitel ab: Hinweise);Lösungen zu den Ausgangstests;190;5;anhang;ja;;;
mathematik23;10;13 (Kapitel ab: Hinweise);Lösungen zu den Üben-Seiten;195;7;anhang;ja;;;
mathematik23;10;13 (Kapitel ab: Hinweise);Lösungen zum Aufgabenpraktikum;202;3;anhang;ja;;;
mathematik23;10;13 (Kapitel ab: Hinweise);Formeln und Gesetze;205;1;anhang;ja;;;
mathematik23;10;13 (Kapitel ab: Hinweise);Stichwortverzeichnis;206;3;anhang;ja;;;
mathematik23;10;13 (Kapitel ab: Hinweise);Bildquellennachweis;209;;anhang;letzter Eintrag;;;
mheute;7;;Basiswissen: Brüche und Dezimalzahlen;0;4;oeffner;ja;rationale-zahlen;;rahmen
mheute;7;;Zum methodischen Aufbau der Lerneinheiten;4;2;oeffner;ja;rationale-zahlen;;rahmen
mheute;7;;Im Blickpunkt: Mathematische;6;10;streifzug;ja;rationale-zahlen;;rahmen
mheute;7;;Rationale Zahlen Einführung rationaler Zahlen;16;4;uk;ja;rationale-zahlen;1;titel
mheute;7;;Betrag und Gegenzahl einer rationalen Zahl;20;2;uk;ja;rationale-zahlen;1;titel
mheute;7;;Vergleichen und Ordnen rationaler Zahlen;22;2;uk;ja;rationale-zahlen;1;titel
mheute;7;;Koordinatensystem und rationale Zahlen;24;3;uk;ja;symmetrie-abbildungen;1;titel
mheute;7;;Addieren und Subtrahieren rationaler Zahlen;27;6;uk;ja;rationale-zahlen;2;titel
mheute;7;;Punktesammeln;33;1;vermischt;ja;rationale-zahlen;;rahmen
mheute;7;;Vermischte Übungen zum Addieren und Subtrahieren;34;2;vermischt;ja;rationale-zahlen;;rahmen
mheute;7;;Was du gelernt hast;36;1;zusammenfassung;ja;rationale-zahlen;;rahmen
mheute;7;;Bist du fit?;37;1;test;ja;rationale-zahlen;;rahmen
mheute;7;;Im Blickpunkt: Spiee mit ra O;38;2;streifzug;ja;rationale-zahlen;;rahmen
mheute;7;;Multiplizieren rationaler Zahlen;40;5;uk;ja;rationale-zahlen;3;titel
mheute;7;;Produkte aus gleichen Faktoren - Potenzen;45;1;uk;ja;potenzen-wurzeln;1;titel
mheute;7;;Dividieren rationaler Zahlen;46;4;uk;ja;rationale-zahlen;3;titel
mheute;7;;Vermischte Übungen zu allen vGr Grundrechenarten;50;2;vermischt;ja;rationale-zahlen;;rahmen
mheute;7;;Im Blickpunkt Arbeiten mit Dynamischer Geometrie-Software;52;0;streifzug;ja;kein Eintrag;;titel
mheute;7;;Berechnen von Termen - Vorrangregeln;52;4;uk;ja;rationale-zahlen;3;titel
mheute;7;;Rechengesetze für rationale Zahlen — Vorteilhaftes Rechnen;56;4;uk;ja;rationale-zahlen;3;titel
mheute;7;;Verschiedene Zahlenbereiche - Unterschiede und Gemeinsamkeiten;60;1;uk;ja;reelle-zahlen;1;titel
mheute;7;;Punktesammeln;61;1;vermischt;ja;reelle-zahlen;;rahmen
mheute;7;;Vermischte und komplexe Übungen;62;2;vermischt;ja;reelle-zahlen;;rahmen
mheute;7;;Was du gelernt h a s t;64;1;zusammenfassung;ja;reelle-zahlen;;rahmen
mheute;7;;Bist du fit?;65;1;test;ja;reelle-zahlen;;rahmen
mheute;7;;Im Blickpunkt: Umgang mit dem Taschenrechner;66;6;streifzug;ja;kein Eintrag;;titel
mheute;7;2 Zuordnungen;Zuordnungen;70;64;kapitel;ja;;;
mheute;7;2 Zuordnungen;Zuordnungen ¡n Tabellen und Graphen;72;3;uk;ja;zuordnungen;1;titel
mheute;7;2 Zuordnungen;Direkt proportionale Zuordnungen - Quotientengleichheit;75;8;uk;ja;zuordnungen;2;titel
mheute;7;2 Zuordnungen;Indirekt proportionale Zuordnungen - Dreisatz;83;10;uk;ja;zuordnungen;3;titel
mheute;7;2 Zuordnungen;Punktesammeln;93;1;vermischt;ja;zuordnungen;;rahmen
mheute;7;2 Zuordnungen;Projekt: Geometrie im Gelände - Unser;94;2;streifzug;ja;zuordnungen;;rahmen
mheute;7;2 Zuordnungen;Was du gelernt hast;96;0;zusammenfassung;ja;zuordnungen;;rahmen
mheute;7;2 Zuordnungen;Was du gelernt hast;96;1;zusammenfassung;ja;zuordnungen;;rahmen
mheute;7;2 Zuordnungen;Bist du fit?;97;0;test;ja;zuordnungen;;rahmen
mheute;7;2 Zuordnungen;Bist du fit?;97;1;test;ja;zuordnungen;;rahmen
mheute;7;2 Zuordnungen;Im Blickpunkt: Schätzen mit direkt und indirekt proportionalen Zuordnungen;98;23;streifzug;ja;zuordnungen;4;titel
mheute;7;2 Zuordnungen;؟ r o z e n tr e c h n u n g Prozentschreibweise für Anteile Die Grundaufgaben der Prozentrechnung Aufteilen des Grundwertes - Diagramme _ _ Prozentuale Veränderung;121;5;uk;ja;prozentrechnung;5;titel
mheute;7;2 Zuordnungen;Punkte sammeln;126;1;vermischt;ja;prozentrechnung;;rahmen
mheute;7;2 Zuordnungen;Vermischte und komplexe Übungen;127;3;vermischt;ja;prozentrechnung;;rahmen
mheute;7;2 Zuordnungen;Was du gelernt hast;130;1;zusammenfassung;ja;prozentrechnung;;rahmen
mheute;7;2 Zuordnungen;Bist du fit?;131;1;test;ja;prozentrechnung;;rahmen
mheute;7;2 Zuordnungen;Basiswissen: Winkel und Geraden;132;4;oeffner;ja;winkel-dreiecke;;rahmen
mheute;7;4 Dreiecke;Dreiecke;134;31;kapitel;ja;;;
mheute;7;4 Dreiecke;Dreiecke - Grundlagen;136;6;uk;ja;winkel-dreiecke;;titel
mheute;7;4 Dreiecke;Dreieckskonstruktionen —Kongruenzsätze;142;14;uk;ja;winkel-dreiecke;4;titel
mheute;7;4 Dreiecke;Mittelsenkrechte, Winkelhalbierende und Seitenhalbierende;156;7;uk;ja;winkel-dreiecke;5;titel
mheute;7;4 Dreiecke;Höhen eines Dreiecks;163;7;uk;ja;winkel-dreiecke;5;titel
mheute;7;4 Flächeninhalt und Umfang eines Dreiecks ^ 一;Flächeninhalt und Umfang eines Dreiecks ^ 一;165;9;kapitel;ja;;;
mheute;7;4 Flächeninhalt und Umfang eines Dreiecks ^ 一;Vermischte und komplexe Übungen;170;3;vermischt;ja;winkel-dreiecke;;rahmen
mheute;7;4 Flächeninhalt und Umfang eines Dreiecks ^ 一;Bist du fit?;173;8;test;ja;winkel-dreiecke;;rahmen
mheute;7;5 Terme - Lösen von Gleichungen 一;Terme - Lösen von Gleichungen 一;174;26;kapitel;ja;;;
mheute;7;5 Terme - Lösen von Gleichungen 一;Lösen von Gleichungen;181;8;uk;ja;lineare-gleichungen;;titel
mheute;7;5 Terme - Lösen von Gleichungen 一;Losen von Sachaufgaben mithilfe einfacher Gleichungen;189;3;uk;ja;lineare-gleichungen;4;titel
mheute;7;5 Terme - Lösen von Gleichungen 一;Punkte sammeln;192;1;vermischt;ja;lineare-gleichungen;;rahmen
mheute;7;5 Terme - Lösen von Gleichungen 一;Vermischte und komplexe Übungen;193;9;vermischt;ja;lineare-gleichungen;;rahmen
mheute;7;6 Vierecke;Vierecke;200;38;kapitel;ja;;;
mheute;7;6 Vierecke;Vierecke-Grundlagen;202;2;uk;ja;winkel-dreiecke;3;titel
mheute;7;6 Vierecke;Punktsymmetrie und Achsensymmetrie;204;2;uk;ja;symmetrie-abbildungen;2;titel
mheute;7;6 Vierecke;Innenwinkelsatz für Vierecke;206;2;uk;ja;winkel-dreiecke;3;titel
mheute;7;6 Vierecke;Parallelogramm - Eigenschaften und Berechnungen;208;9;uk;ja;flaechen;2;titel
mheute;7;6 Vierecke;Trapez- Eigenschaften und Berechnungen;217;6;uk;ja;flaechen;4;titel
mheute;7;6 Vierecke;Drachenviereck;223;2;uk;ja;flaechen;4;titel
mheute;7;6 Vierecke;Flächeninhalt von Vielecken;225;3;uk;ja;flaechen;5;titel
mheute;7;6 Vierecke;Im Blickpunkt: Den Überblick behalten;228;2;streifzug;ja;flaechen;;rahmen
mheute;7;6 Vierecke;Punkte sammeln;230;1;vermischt;ja;flaechen;;rahmen
mheute;7;6 Vierecke;Vermischte und komplexe Übungen;231;3;vermischt;ja;flaechen;;rahmen
mheute;7;6 Vierecke;Was du gelernt hast;234;1;zusammenfassung;ja;flaechen;;rahmen
mheute;7;6 Vierecke;Bist du fit?;235;1;test;ja;flaechen;;rahmen
mheute;7;6 Vierecke;Traumschuihof;236;4;uk;ja;flaechen;;kapitel
mheute;7;7 Erheben, Auswerten und Darstellen von D aten;Erheben, Auswerten und Darstellen von D aten;238;24;kapitel;ja;;;
mheute;7;7 Erheben, Auswerten und Darstellen von D aten;Statistische Erhebungen;240;6;uk;ja;daten;1;titel
mheute;7;7 Erheben, Auswerten und Darstellen von D aten;Im Blickpunkt: Diagramme mit dem Computer;246;2;streifzug;ja;daten;2;titel
mheute;7;7 Erheben, Auswerten und Darstellen von D aten;Durchführen einer statistischen Erhebung;248;1;uk;ja;daten;1;titel
mheute;7;7 Erheben, Auswerten und Darstellen von D aten;Stichproben;249;2;uk;ja;daten;1;titel
mheute;7;7 Erheben, Auswerten und Darstellen von D aten;Mittelwerte und ihre Anwendungen;251;6;uk;ja;daten;4;titel
mheute;7;7 Erheben, Auswerten und Darstellen von D aten;Punktesammeln;257;1;vermischt;ja;daten;;rahmen
mheute;7;7 Erheben, Auswerten und Darstellen von D aten;Vermischte und komplexe Übungen;258;2;vermischt;ja;daten;;rahmen
mheute;7;7 Erheben, Auswerten und Darstellen von D aten;Was du gelernt h a s t;260;1;zusammenfassung;ja;daten;;rahmen
mheute;7;7 Erheben, Auswerten und Darstellen von D aten;Bist du f i t ?;261;9;uk;ja;daten;;kapitel
mheute;7;25 Bist du topfit?;Bist du topfit?;262;8;kapitel;ja;;;
mheute;7;25 Bist du topfit?;Anhang;270;0;anhang;ja;;;
mheute;7;25 Bist du topfit?;Lösungen zu Bist du f¡t?;270;4;anhang;ja;;;
mheute;7;25 Bist du topfit?;Lösungen zu Bist du topfit?;274;3;anhang;ja;;;
mheute;7;25 Bist du topfit?;Einheiten;277;1;anhang;ja;;;
mheute;7;25 Bist du topfit?;Mathematische SymbOe;278;1;anhang;ja;;;
mheute;7;25 Bist du topfit?;Stichwortverzeichnis;279;1;anhang;ja;;;
mheute;7;25 Bist du topfit?;Bildquellennachweis;280;;anhang;letzter Eintrag;;;
mheute;7;;Punkte sammeln;;;vermischt;ohne Seite;;;
mheute;7;;Was du gelernt hast;;;zusammenfassung;ohne Seite;;;
mheute;7;;Aufstellen und Berechnen von Termen;;;uk;ohne Seite;terme;5;titel
mheute;7;;Im Blickpunkt: Wir sind die Experten;;;streifzug;ohne Seite;;;
mheute;7;;Mit einer Mindmap;;;uk;ohne Seite;kein Eintrag;;titel
mheute;7;;Vermischte und komplexe Übungen;;;vermischt;ohne Seite;;;
mheute;7;;Im Blickpunkt: Mathematik aus der Zeitung;;;streifzug;ohne Seite;;;
mheute;8;;Zum methodischen Aufbau der Lerneinheiten;4;2;oeffner;ja;prozentrechnung;;rahmen
mheute;8;;Basiswissen: Prozentrechnung;6;6;oeffner;ja;prozentrechnung;;rahmen
mheute;8;1 Prozent- und Zinsrechnung;Prozent- und Zinsrechnung;10;138;kapitel;nein;;;
mheute;8;1 Prozent- und Zinsrechnung;Prozentuale Veränderung;12;9;uk;ja;prozentrechnung;5;titel
mheute;8;1 Prozent- und Zinsrechnung;Promillerechnung;21;2;uk;ja;prozentrechnung;;titel
mheute;8;1 Prozent- und Zinsrechnung;Zinsrechnung;23;6;uk;ja;zinsrechnung;1;titel
mheute;8;1 Prozent- und Zinsrechnung;Punkte sammeln;29;1;vermischt;ja;zinsrechnung;;rahmen
mheute;8;1 Prozent- und Zinsrechnung;Vermischte und komplexe Übungen;30;2;vermischt;ja;zinsrechnung;;rahmen
mheute;8;1 Prozent- und Zinsrechnung;Was du gelernt hast;32;1;zusammenfassung;ja;zinsrechnung;;rahmen
mheute;8;1 Prozent- und Zinsrechnung;Bist du fit?;33;1;test;ja;zinsrechnung;;rahmen
mheute;8;1 Prozent- und Zinsrechnung;Projekt: Prozente;34;2;streifzug;ja;prozentrechnung;1;titel
mheute;8;1 Prozent- und Zinsrechnung;Basiswissen: Terme;36;2;oeffner;ja;lineare-gleichungen;;rahmen
mheute;8;1 Prozent- und Zinsrechnung;Terme und Gleichungen;38;2;uk;ja;lineare-gleichungen;;titel
mheute;8;1 Prozent- und Zinsrechnung;Termumformungen;40;5;uk;ja;lineare-gleichungen;2;titel
mheute;8;1 Prozent- und Zinsrechnung;Terme mit Klammern;45;6;uk;ja;terme;3;titel
mheute;8;1 Prozent- und Zinsrechnung;Lösen von Gleichungen;51;7;uk;ja;lineare-gleichungen;;titel
mheute;8;1 Prozent- und Zinsrechnung;Lösen von Sachaufgaben mithilfe von Gleichungen;58;2;uk;ja;lineare-gleichungen;4;titel
mheute;8;1 Prozent- und Zinsrechnung;Umstellen von Formeln;60;2;uk;ja;lineare-gleichungen;2;titel
mheute;8;1 Prozent- und Zinsrechnung;Punkte sammeln;62;1;vermischt;ja;lineare-gleichungen;;rahmen
mheute;8;1 Prozent- und Zinsrechnung;Vermischte und komplexe Übungen;63;3;vermischt;ja;lineare-gleichungen;;rahmen
mheute;8;1 Prozent- und Zinsrechnung;Was du gelernt hast;66;1;zusammenfassung;ja;lineare-gleichungen;;rahmen
mheute;8;1 Prozent- und Zinsrechnung;Bist du fit?;67;1;test;ja;lineare-gleichungen;;rahmen
mheute;8;1 Prozent- und Zinsrechnung;Im Blickpunkt: Berechnen von Termen mit dem Computer;68;2;streifzug;ja;terme;5;titel
mheute;8;1 Prozent- und Zinsrechnung;Prismen;70;2;uk;ja;koerper;3;titel
mheute;8;1 Prozent- und Zinsrechnung;Prismen - Netz;72;4;uk;ja;koerper;3;titel
mheute;8;1 Prozent- und Zinsrechnung;Schrägbilder von Prismen;76;2;uk;ja;koerper;3;titel
mheute;8;1 Prozent- und Zinsrechnung;Oberflächeninhalt eines Prismas;78;2;uk;ja;koerper;3;titel
mheute;8;1 Prozent- und Zinsrechnung;Volumen eines Prismas;80;4;uk;ja;koerper;3;titel
mheute;8;1 Prozent- und Zinsrechnung;Zusammengesetzte Körper;84;2;uk;ja;koerper;5;titel
mheute;8;1 Prozent- und Zinsrechnung;Punkte sammeln;86;4;vermischt;ja;koerper;;rahmen
mheute;8;1 Prozent- und Zinsrechnung;Was du gelernt hast;90;1;zusammenfassung;ja;koerper;;rahmen
mheute;8;1 Prozent- und Zinsrechnung;Bist du fit?;91;1;test;ja;koerper;;rahmen
mheute;8;1 Prozent- und Zinsrechnung;Projekt: So viel Mathe steckt in Verpackungen;92;2;streifzug;ja;koerper;;rahmen
mheute;8;1 Prozent- und Zinsrechnung;Wurzeln;94;2;uk;ja;potenzen-wurzeln;3;titel
mheute;8;1 Prozent- und Zinsrechnung;Quadrieren;96;2;uk;ja;potenzen-wurzeln;3;titel
mheute;8;1 Prozent- und Zinsrechnung;Quadratwurzelziehen;98;4;uk;ja;potenzen-wurzeln;3;titel
mheute;8;1 Prozent- und Zinsrechnung;Kubikwurzeln;102;2;uk;ja;potenzen-wurzeln;3;titel
mheute;8;1 Prozent- und Zinsrechnung;Vermischte und komplexe Übungen;104;1;vermischt;ja;potenzen-wurzeln;;rahmen
mheute;8;1 Prozent- und Zinsrechnung;Was du gelernt hast;105;0;zusammenfassung;ja;potenzen-wurzeln;;rahmen
mheute;8;1 Prozent- und Zinsrechnung;Bist du fit?;105;1;test;ja;potenzen-wurzeln;;rahmen
mheute;8;1 Prozent- und Zinsrechnung;Kreis und Zylinder;106;2;uk;ja;kreis;;titel
mheute;8;1 Prozent- und Zinsrechnung;Kreis - Kreisornamente;108;3;uk;ja;kreis;;titel
mheute;8;1 Prozent- und Zinsrechnung;Kreis und Gerade - Kreistangente;111;4;uk;ja;kreis;;titel
mheute;8;1 Prozent- und Zinsrechnung;Satz des Thaies Umfang und Flächeninhalt eines Kreises;115;7;uk;ja;winkel-dreiecke;5;titel
mheute;8;1 Prozent- und Zinsrechnung;Kreisring;122;2;uk;ja;kreis;3;titel
mheute;8;1 Prozent- und Zinsrechnung;Punkte sammeln;124;1;vermischt;ja;kreis;;rahmen
mheute;8;1 Prozent- und Zinsrechnung;Vermischte und komplexe Übungen;125;3;vermischt;ja;kreis;;rahmen
mheute;8;1 Prozent- und Zinsrechnung;Eigenschaften und Darstellungen eines Zvlinders;128;3;uk;ja;koerper;;kapitel
mheute;8;1 Prozent- und Zinsrechnung;Oberflächeninhalt und Volumen eines Zylinders;131;6;uk;ja;koerper;4;titel
mheute;8;1 Prozent- und Zinsrechnung;Berechnungen an zusammengesetzten Körpern;137;2;uk;ja;koerper;5;titel
mheute;8;1 Prozent- und Zinsrechnung;Punkte sammeln;139;1;vermischt;ja;koerper;;rahmen
mheute;8;1 Prozent- und Zinsrechnung;Vermischte und komplexe Übungen;140;4;vermischt;ja;koerper;;rahmen
mheute;8;1 Prozent- und Zinsrechnung;Was du gelernt hast;144;1;zusammenfassung;ja;koerper;;rahmen
mheute;8;1 Prozent- und Zinsrechnung;Bist du fit?;145;1;test;ja;koerper;;rahmen
mheute;8;1 Prozent- und Zinsrechnung;Im Blickpunkt: Blechdosen - Zylinder mit vorgegebenem Volumen;146;4;streifzug;ja;koerper;4;titel
mheute;8;6 Zufall und Wahrscheinlichkeit;Zufall und Wahrscheinlichkeit;148;24;kapitel;ja;;;
mheute;8;6 Zufall und Wahrscheinlichkeit;Zufallsexperimente und Wahrscheinlichkeit;150;5;uk;ja;wahrscheinlichkeit;2;titel
mheute;8;6 Zufall und Wahrscheinlichkeit;Wahrscheinlichkeit und relative Häufigkeit;155;4;uk;ja;wahrscheinlichkeit;2;titel
mheute;8;6 Zufall und Wahrscheinlichkeit;Summenregel;159;3;uk;ja;wahrscheinlichkeit;2;titel
mheute;8;6 Zufall und Wahrscheinlichkeit;Kombinieren;162;3;uk;ja;wahrscheinlichkeit;1;titel
mheute;8;6 Zufall und Wahrscheinlichkeit;Zweistufige Laplace-Experimente - Baumdiagramme;165;2;uk;ja;wahrscheinlichkeit;3;titel
mheute;8;6 Zufall und Wahrscheinlichkeit;Punkte sammeln;167;1;vermischt;ja;wahrscheinlichkeit;;rahmen
mheute;8;6 Zufall und Wahrscheinlichkeit;Vermischte und komplexe Übungen;168;2;vermischt;ja;wahrscheinlichkeit;;rahmen
mheute;8;6 Zufall und Wahrscheinlichkeit;Was du gelernt hast;170;1;zusammenfassung;ja;wahrscheinlichkeit;;rahmen
mheute;8;6 Zufall und Wahrscheinlichkeit;Bist du fit?;171;3;test;ja;wahrscheinlichkeit;;rahmen
mheute;8;7 Ähnlichkeit;Ähnlichkeit;172;28;kapitel;ja;;;
mheute;8;7 Ähnlichkeit;Maßstäbliches Vergrößern und Verkleinern;174;2;uk;ja;strahlensaetze;1;titel
mheute;8;7 Ähnlichkeit;Ähnliche Vielecke - Eigenschaften;176;6;uk;ja;strahlensaetze;2;titel
mheute;8;7 Ähnlichkeit;Flächeninhalt bei zueinander ähnlichen Vielecken;182;3;uk;ja;strahlensaetze;2;titel
mheute;8;7 Ähnlichkeit;Im Blickpunkt: Volumen bei ähnlichen Quadern;185;1;streifzug;ja;strahlensaetze;2;titel
mheute;8;7 Ähnlichkeit;Hauptähnlichkeitssatz für Dreiecke;186;2;uk;ja;strahlensaetze;2;titel
mheute;8;7 Ähnlichkeit;Anwenden der Ähnlichkeit in ebenen und räumlichen Figuren;188;4;uk;ja;strahlensaetze;2;titel
mheute;8;7 Ähnlichkeit;Im Blickpunkt: Vergrößern und Verkleinern - Mit Maus und Monitor;192;2;streifzug;ja;strahlensaetze;1;titel
mheute;8;7 Ähnlichkeit;Punkte sammeln;194;1;vermischt;ja;strahlensaetze;;rahmen
mheute;8;7 Ähnlichkeit;Vermischte und komplexe Übungen;195;3;vermischt;ja;strahlensaetze;;rahmen
mheute;8;7 Ähnlichkeit;Was du gelernt hast;198;1;zusammenfassung;ja;strahlensaetze;;rahmen
mheute;8;7 Ähnlichkeit;Bist du fit?;199;3;test;ja;strahlensaetze;;rahmen
mheute;8;8 Satz des Pythagoras;Satz des Pythagoras;200;18;kapitel;ja;;;
mheute;8;8 Satz des Pythagoras;Satz des Pythagoras;202;4;uk;ja;pythagoras;1;titel
mheute;8;8 Satz des Pythagoras;Umkehrung des Satzes des Pythagoras;206;2;uk;ja;pythagoras;2;titel
mheute;8;8 Satz des Pythagoras;Anwendungen des Satzes des Pythagoras;208;5;uk;ja;pythagoras;3;titel
mheute;8;8 Satz des Pythagoras;Punkte sammeln;213;1;vermischt;ja;pythagoras;;rahmen
mheute;8;8 Satz des Pythagoras;Vermischte und komplexe Übungen;214;2;vermischt;ja;pythagoras;;rahmen
mheute;8;8 Satz des Pythagoras;Was du gelernt hast;216;1;zusammenfassung;ja;pythagoras;;rahmen
mheute;8;8 Satz des Pythagoras;Bist du fit?;217;3;test;ja;pythagoras;;rahmen
mheute;8;9 Funktionen - Lineare Funktionen;Funktionen - Lineare Funktionen;218;34;kapitel;ja;;;
mheute;8;9 Funktionen - Lineare Funktionen;Zuordnungen - Grundlagen;220;2;uk;ja;zuordnungen;1;titel
mheute;8;9 Funktionen - Lineare Funktionen;Funktionen als eindeutige Zuordnungen;222;7;uk;ja;lineare-funktionen;;titel
mheute;8;9 Funktionen - Lineare Funktionen;Lineare Funktionen;229;4;uk;ja;lineare-funktionen;2;titel
mheute;8;9 Funktionen - Lineare Funktionen;Zeichnen der Graphen linearer Funktionen;233;6;uk;ja;lineare-funktionen;2;titel
mheute;8;9 Funktionen - Lineare Funktionen;Nullstellen linearer Funktionen;239;2;uk;ja;lineare-funktionen;3;titel
mheute;8;9 Funktionen - Lineare Funktionen;Gleichung einer Geraden durch zwei vorgegebene Punkte;241;2;uk;ja;lineare-funktionen;4;titel
mheute;8;9 Funktionen - Lineare Funktionen;Im Blickpunkt: Graphen linearer Funktionen mit »GS;243;1;streifzug;ja;lineare-funktionen;3;titel
mheute;8;9 Funktionen - Lineare Funktionen;Punkte sammeln;244;1;vermischt;ja;lineare-funktionen;;rahmen
mheute;8;9 Funktionen - Lineare Funktionen;Vermischte und komplexe Übungen;245;3;vermischt;ja;lineare-funktionen;;rahmen
mheute;8;9 Funktionen - Lineare Funktionen;Was du gelernt hast;248;1;zusammenfassung;ja;lineare-funktionen;;rahmen
mheute;8;9 Funktionen - Lineare Funktionen;Bist du fit?;249;1;test;ja;lineare-funktionen;;rahmen
mheute;8;9 Funktionen - Lineare Funktionen;Projekt: Funktionen - Messen und Darstellen;250;2;streifzug;ja;lineare-funktionen;;titel
mheute;8;9 Funktionen - Lineare Funktionen;Bist du topfit?;252;10;anhang;ja;;;
mheute;8;9 Funktionen - Lineare Funktionen;Anhang;262;0;anhang;ja;;;
mheute;8;9 Funktionen - Lineare Funktionen;Lösungen zu Bist du fit?;262;3;anhang;ja;;;
mheute;8;9 Funktionen - Lineare Funktionen;Lösungen zu Bist du topfit?;265;4;anhang;ja;;;
mheute;8;9 Funktionen - Lineare Funktionen;Einheiten;269;1;anhang;ja;;;
mheute;8;9 Funktionen - Lineare Funktionen;Mathematische Symbole;270;1;anhang;ja;;;
mheute;8;9 Funktionen - Lineare Funktionen;Stichwortverzeichnis;271;1;anhang;ja;;;
mheute;8;9 Funktionen - Lineare Funktionen;Bildquellennachweis;272;;anhang;letzter Eintrag;;;
mheute;8;;Vermischte und komplexe Übungen;;;vermischt;ohne Seite;;;
mheute;9;;Zum methodischen Aufbau der Lerneinheiten;4;2;oeffner;ja;zuordnungen;;rahmen
mheute;9;;Im Blickpunkt: Mathematik in unterschiedlichen Ausbildungsberufen;6;6;streifzug;ja;kein Eintrag;;titel
mheute;9;1 Funktionen - Lineare Funktionen;Funktionen - Lineare Funktionen;10;122;kapitel;nein;;;
mheute;9;1 Funktionen - Lineare Funktionen;Zuordnungen - Grundlagen;12;2;uk;ja;zuordnungen;1;titel
mheute;9;1 Funktionen - Lineare Funktionen;Auswerten und Darstellen von Daten mit;14;7;uk;ja;daten;1;titel
mheute;9;1 Funktionen - Lineare Funktionen;Funktionen als eindeutige Zuordnungen Lineare Funktionen;21;4;uk;ja;lineare-funktionen;2;titel
mheute;9;1 Funktionen - Lineare Funktionen;Zeichnen der Graphen linearer Funktionen;25;6;uk;ja;lineare-funktionen;2;titel
mheute;9;1 Funktionen - Lineare Funktionen;Nullstellen linearer Funktionen;31;2;uk;ja;lineare-funktionen;3;titel
mheute;9;1 Funktionen - Lineare Funktionen;Gleichung einer Geraden durch zwei vorgegebene Punkte;33;2;uk;ja;lineare-funktionen;4;titel
mheute;9;1 Funktionen - Lineare Funktionen;Im Blickpunkt: Graphen linearer Funktionen mitDGS;35;1;streifzug;ja;lineare-funktionen;3;titel
mheute;9;1 Funktionen - Lineare Funktionen;Punkte sammeln;36;1;vermischt;ja;lineare-funktionen;;rahmen
mheute;9;1 Funktionen - Lineare Funktionen;Vermischte und komplexe Übungen;37;3;vermischt;ja;lineare-funktionen;;rahmen
mheute;9;1 Funktionen - Lineare Funktionen;Was du gelernt hast;40;1;zusammenfassung;ja;lineare-funktionen;;rahmen
mheute;9;1 Funktionen - Lineare Funktionen;Bist du fit?;41;1;test;ja;lineare-funktionen;;rahmen
mheute;9;1 Funktionen - Lineare Funktionen;Projekt: Funktionen - Messen und Darstellen;42;2;streifzug;ja;lineare-funktionen;;titel
mheute;9;1 Funktionen - Lineare Funktionen;Terme - Gleichungen - Potenzen;44;2;uk;ja;potenzen-wurzeln;1;titel
mheute;9;1 Funktionen - Lineare Funktionen;Terme und Gleichungen - Grundlagen;46;4;uk;ja;lineare-gleichungen;;titel
mheute;9;1 Funktionen - Lineare Funktionen;Multiplikation von Summen und Differenzen;50;6;uk;ja;binomische-formeln;1;titel
mheute;9;1 Funktionen - Lineare Funktionen;Reelle Zahlen;56;5;uk;ja;reelle-zahlen;1;titel
mheute;9;1 Funktionen - Lineare Funktionen;Potenzen;61;7;uk;ja;potenzen-wurzeln;1;titel
mheute;9;1 Funktionen - Lineare Funktionen;Potenzgesetze;68;6;uk;ja;reelle-zahlen;2;titel
mheute;9;1 Funktionen - Lineare Funktionen;Punkte sammeln;74;1;vermischt;ja;reelle-zahlen;;rahmen
mheute;9;1 Funktionen - Lineare Funktionen;Vermischte und komplexe Übungen;75;3;vermischt;ja;reelle-zahlen;;rahmen
mheute;9;1 Funktionen - Lineare Funktionen;Was du gelernt hast;78;1;zusammenfassung;ja;reelle-zahlen;;rahmen
mheute;9;1 Funktionen - Lineare Funktionen;Bist du fit?;79;1;test;ja;reelle-zahlen;;rahmen
mheute;9;1 Funktionen - Lineare Funktionen;Lineare Gleichungssysteme;80;2;uk;ja;lineare-gleichungssysteme;1;titel
mheute;9;1 Funktionen - Lineare Funktionen;Lineare Gleichungen mit zwei Variablen;82;3;uk;ja;lineare-gleichungssysteme;1;titel
mheute;9;1 Funktionen - Lineare Funktionen;Lineare Gleichungssysteme - Zeichnerisches Lösen;85;3;uk;ja;lineare-gleichungssysteme;1;titel
mheute;9;1 Funktionen - Lineare Funktionen;Lineare Gleichungssysteme - Rechnerisches Lösen;88;10;uk;ja;lineare-gleichungssysteme;1;titel
mheute;9;1 Funktionen - Lineare Funktionen;Lösen von Sachaufgaben;98;2;uk;ja;lineare-gleichungen;4;titel
mheute;9;1 Funktionen - Lineare Funktionen;Punkte sammeln;100;1;vermischt;ja;lineare-gleichungen;;rahmen
mheute;9;1 Funktionen - Lineare Funktionen;Vermischte und komplexe Übungen;101;3;vermischt;ja;lineare-gleichungen;;rahmen
mheute;9;1 Funktionen - Lineare Funktionen;Was du gelernt hast;104;1;zusammenfassung;ja;lineare-gleichungen;;rahmen
mheute;9;1 Funktionen - Lineare Funktionen;Bist du fit?;105;1;test;ja;lineare-gleichungen;;rahmen
mheute;9;1 Funktionen - Lineare Funktionen;Im Blickpunkt: Lösen linearer Gleichungs­ systeme mit Tabellenkalkulation;106;2;streifzug;ja;kein Eintrag;;titel
mheute;9;1 Funktionen - Lineare Funktionen;Basiswissen: Satz des Pythagoras;108;2;oeffner;ja;pyramide-kegel-kugel;;rahmen
mheute;9;1 Funktionen - Lineare Funktionen;Pyramiden;110;2;uk;ja;pyramide-kegel-kugel;1;titel
mheute;9;1 Funktionen - Lineare Funktionen;Eigenschaften und Darstellung von Pyramiden;112;2;uk;ja;pyramide-kegel-kugel;1;titel
mheute;9;1 Funktionen - Lineare Funktionen;Oberfläche von Pyramiden;114;3;uk;ja;pyramide-kegel-kugel;1;titel
mheute;9;1 Funktionen - Lineare Funktionen;Volumen von Pyramiden;117;2;uk;ja;pyramide-kegel-kugel;1;titel
mheute;9;1 Funktionen - Lineare Funktionen;Berechnungen an zusammengesetzten Körpern;119;2;uk;ja;koerper;5;titel
mheute;9;1 Funktionen - Lineare Funktionen;Punkte sammeln;121;1;vermischt;ja;koerper;;rahmen
mheute;9;1 Funktionen - Lineare Funktionen;Vermischte und komplexe Übungen;122;2;vermischt;ja;koerper;;rahmen
mheute;9;1 Funktionen - Lineare Funktionen;Was du gelernt hast;124;1;zusammenfassung;ja;koerper;;rahmen
mheute;9;1 Funktionen - Lineare Funktionen;Bist du fit?;125;1;test;ja;koerper;;rahmen
mheute;9;1 Funktionen - Lineare Funktionen;Basiswissen: Daten;126;4;oeffner;ja;daten;;rahmen
mheute;9;1 Funktionen - Lineare Funktionen;Daten;130;9;uk;ja;daten;1;titel
mheute;9;5 Darstellen und Auswerten von Irreführende Darstellungen in der Statistik;Darstellen und Auswerten von Irreführende Darstellungen in der Statistik;132;22;kapitel;ja;;;
mheute;9;5 Darstellen und Auswerten von Irreführende Darstellungen in der Statistik;Durchführen einer Statistischen Erhebung;139;2;uk;ja;daten;1;titel
mheute;9;5 Darstellen und Auswerten von Irreführende Darstellungen in der Statistik;Tabellenkalkulation;141;2;streifzug;ja;kein Eintrag;;titel
mheute;9;5 Darstellen und Auswerten von Irreführende Darstellungen in der Statistik;Zusammenfassen von Daten zu Klassen;143;3;uk;ja;daten;6;titel
mheute;9;5 Darstellen und Auswerten von Irreführende Darstellungen in der Statistik;Boxplots;146;4;uk;ja;daten;5;titel
mheute;9;5 Darstellen und Auswerten von Irreführende Darstellungen in der Statistik;Punkte sammeln;150;1;vermischt;ja;daten;;rahmen
mheute;9;5 Darstellen und Auswerten von Irreführende Darstellungen in der Statistik;Vermischte und komplexe Übungen;151;1;vermischt;ja;daten;;rahmen
mheute;9;5 Darstellen und Auswerten von Irreführende Darstellungen in der Statistik;Was du gelernt hast;152;1;zusammenfassung;ja;daten;;rahmen
mheute;9;5 Darstellen und Auswerten von Irreführende Darstellungen in der Statistik;Bist du fit?;153;3;test;ja;daten;;rahmen
mheute;9;6 Mathematik in Beruf und Alltag;Mathematik in Beruf und Alltag;154;16;kapitel;ja;;;
mheute;9;6 Mathematik in Beruf und Alltag;Berechnen von Lebenshaltungskosten;156;6;uk;ja;daten;;nachbar
mheute;9;6 Mathematik in Beruf und Alltag;Löhne - Lohnabzüge - Lohnerhöhungen;162;2;uk;ja;daten;;nachbar
mheute;9;6 Mathematik in Beruf und Alltag;Ernährung und Hauswirtschaft;164;1;uk;ja;daten;;nachbar
mheute;9;6 Mathematik in Beruf und Alltag;Vergleichen von Angeboten;165;3;uk;ja;daten;;nachbar
mheute;9;6 Mathematik in Beruf und Alltag;Baugewerbe;168;1;uk;ja;daten;;nachbar
mheute;9;6 Mathematik in Beruf und Alltag;Interessantes aus verschiedenen Bereichen;169;3;uk;ja;daten;;nachbar
mheute;9;7 Quadratische Funktionen und Gleichungen;Quadratische Funktionen und Gleichungen;170;52;kapitel;ja;;;
mheute;9;7 Quadratische Funktionen und Gleichungen;Die quadratische Funktion y = x2 -N orm alparabel;172;3;uk;ja;quadratische-funktionen;1;titel
mheute;9;7 Quadratische Funktionen und Gleichungen;Quadratische Funktionen - Eigenschaften;175;10;uk;ja;quadratische-funktionen;1;titel
mheute;9;7 Quadratische Funktionen und Gleichungen;Quadratische Funktionen mit y = a (x + d)2 + e;185;7;uk;ja;quadratische-funktionen;1;titel
mheute;9;7 Quadratische Funktionen und Gleichungen;Vermischte und komplexe Übungen;192;2;vermischt;ja;quadratische-funktionen;;rahmen
mheute;9;7 Quadratische Funktionen und Gleichungen;Was du gelernt hast;194;1;zusammenfassung;ja;quadratische-funktionen;;rahmen
mheute;9;7 Quadratische Funktionen und Gleichungen;Bist du fit?;195;1;test;ja;quadratische-funktionen;;rahmen
mheute;9;7 Quadratische Funktionen und Gleichungen;Im Blickpunkt: Länger als man denkt: Der Anhalteweg;196;3;streifzug;ja;quadratische-funktionen;;rahmen
mheute;9;7 Quadratische Funktionen und Gleichungen;Quadratische Gleichungen;199;4;uk;ja;quadratische-gleichungen;1;titel
mheute;9;7 Quadratische Funktionen und Gleichungen;Im Blickpunkt: Grafisches Lösen einer quadratischen Gleichung;203;1;streifzug;ja;lineare-gleichungen;;titel
mheute;9;7 Quadratische Funktionen und Gleichungen;Quadratische Gleichungen - Rechnerisches Lösen;204;8;uk;ja;quadratische-gleichungen;1;titel
mheute;9;7 Quadratische Funktionen und Gleichungen;Anwenden von quadratischen Gleichungen;212;2;uk;ja;lineare-gleichungen;;titel
mheute;9;7 Quadratische Funktionen und Gleichungen;Anwenden quadratischer Funktionen;214;2;uk;ja;lineare-funktionen;5;titel
mheute;9;7 Quadratische Funktionen und Gleichungen;Punkte sammeln;216;1;vermischt;ja;lineare-funktionen;;rahmen
mheute;9;7 Quadratische Funktionen und Gleichungen;Vermischte und komplexe Übungen;217;3;vermischt;ja;lineare-funktionen;;rahmen
mheute;9;7 Quadratische Funktionen und Gleichungen;Was du gelernt hast;220;1;zusammenfassung;ja;lineare-funktionen;;rahmen
mheute;9;7 Quadratische Funktionen und Gleichungen;Bist du fit?;221;1;test;ja;lineare-funktionen;;rahmen
mheute;9;7 Quadratische Funktionen und Gleichungen;Bist du topfit?;222;14;anhang;ja;;;
mheute;9;7 Quadratische Funktionen und Gleichungen;Anhang;236;0;anhang;ja;;;
mheute;9;7 Quadratische Funktionen und Gleichungen;Lösungen zu Bist du fit?;236;4;anhang;ja;;;
mheute;9;7 Quadratische Funktionen und Gleichungen;Lösungen zu Bist du topfit?;240;4;anhang;ja;;;
mheute;9;7 Quadratische Funktionen und Gleichungen;Einheiten;244;1;anhang;ja;;;
mheute;9;7 Quadratische Funktionen und Gleichungen;Mathematische Symbole;245;1;anhang;ja;;;
mheute;9;7 Quadratische Funktionen und Gleichungen;Stichwortverzeichnis;246;1;anhang;ja;;;
mheute;9;7 Quadratische Funktionen und Gleichungen;Bildquellennachweis;247;;anhang;letzter Eintrag;;;
mheute;10;;Zum methodischen Aufbau der Lerneinheiten;4;4;oeffner;ja;quadratische-funktionen;;rahmen
mheute;10;1 Quadratische Funktionen und Gleichungen;Quadratische Funktionen und Gleichungen;6;54;kapitel;ja;;;
mheute;10;1 Quadratische Funktionen und Gleichungen;Die quadratische Funktion y = x2 - Normalparabel;8;3;uk;ja;quadratische-funktionen;1;titel
mheute;10;1 Quadratische Funktionen und Gleichungen;Quadratische Funktionen - Eigenschaften;11;10;uk;ja;quadratische-funktionen;1;titel
mheute;10;1 Quadratische Funktionen und Gleichungen;Quadratische Funktionen mit y = a(x + d)2 + e;21;7;uk;ja;quadratische-funktionen;1;titel
mheute;10;1 Quadratische Funktionen und Gleichungen;Vermischte und komplexe Übungen;28;2;vermischt;ja;quadratische-funktionen;;rahmen
mheute;10;1 Quadratische Funktionen und Gleichungen;Was du gelernt hast;30;1;zusammenfassung;ja;quadratische-funktionen;;rahmen
mheute;10;1 Quadratische Funktionen und Gleichungen;Bist du fit?;31;4;test;ja;quadratische-funktionen;;rahmen
mheute;10;1 Quadratische Funktionen und Gleichungen;Im Blickpunkt:;35;13;streifzug;ja;quadratische-funktionen;;rahmen
mheute;10;1 Quadratische Funktionen und Gleichungen;Im Blickpunkt: Grafisches Lösen einer quadratischen Gleichung Quadratische Gleichungen - Rechnerisches Lösen Anwenden von quadratischen Gleichungen;48;2;streifzug;ja;quadratische-gleichungen;4;titel
mheute;10;1 Quadratische Funktionen und Gleichungen;Anwenden quadratischer Funktionen;50;2;uk;ja;lineare-funktionen;5;titel
mheute;10;1 Quadratische Funktionen und Gleichungen;Punkte sammeln;52;1;vermischt;ja;lineare-funktionen;;rahmen
mheute;10;1 Quadratische Funktionen und Gleichungen;Vermischte und komplexe Übungen;53;3;vermischt;ja;lineare-funktionen;;rahmen
mheute;10;1 Quadratische Funktionen und Gleichungen;Was du gelernt hast;56;1;zusammenfassung;ja;lineare-funktionen;;rahmen
mheute;10;1 Quadratische Funktionen und Gleichungen;Bist du fit?;57;1;test;ja;lineare-funktionen;;rahmen
mheute;10;1 Quadratische Funktionen und Gleichungen;Basiswissen: Prisma, Zylinder und Pyramide;58;4;oeffner;ja;pyramide-kegel-kugel;;rahmen
mheute;10;2 Kegel und Kugel;Kegel und Kugel;60;28;kapitel;ja;;;
mheute;10;2 Kegel und Kugel;Kegel;62;7;uk;ja;pyramide-kegel-kugel;2;titel
mheute;10;2 Kegel und Kugel;Kugel;69;6;uk;ja;pyramide-kegel-kugel;3;titel
mheute;10;2 Kegel und Kugel;Berechnungen an zusammengesetzten Körpern;75;3;uk;ja;koerper;5;titel
mheute;10;2 Kegel und Kugel;Punkte sammeln;78;1;vermischt;ja;koerper;;rahmen
mheute;10;2 Kegel und Kugel;Vermischte und komplexe Übungen;79;3;vermischt;ja;koerper;;rahmen
mheute;10;2 Kegel und Kugel;Was du gelernt hast;82;1;zusammenfassung;ja;koerper;;rahmen
mheute;10;2 Kegel und Kugel;Bist du fit?;83;7;test;ja;koerper;;rahmen
mheute;10;3 Dreiecke und Vierecke;Dreiecke und Vierecke;88;36;kapitel;ja;;;
mheute;10;3 Dreiecke und Vierecke;Sinus, Kosinus und Tangens im rechtwinkligen Dreieck;90;10;uk;ja;trigonometrie;1;titel
mheute;10;3 Dreiecke und Vierecke;Anwendungen von Sinus, Kosinus und Tangens Berechnung allgemeiner Dreiecke - Sinus- und Kosinussatz;100;10;uk;ja;trigonometrie;4;titel
mheute;10;3 Dreiecke und Vierecke;Berechnen des Flächeninhalts eines Dreiecks mit trigonometrischen Mitteln;110;2;uk;ja;trigonometrie;1;titel
mheute;10;3 Dreiecke und Vierecke;Berechnen von Vierecken und Vielecken;112;3;uk;ja;flaechen;5;titel
mheute;10;3 Dreiecke und Vierecke;Punkte sammeln;115;1;vermischt;ja;flaechen;;rahmen
mheute;10;3 Dreiecke und Vierecke;Vermischte und komplexe Übungen;116;4;vermischt;ja;flaechen;;rahmen
mheute;10;3 Dreiecke und Vierecke;Was du gelernt hast;120;1;zusammenfassung;ja;flaechen;;rahmen
mheute;10;3 Dreiecke und Vierecke;Bist du fit?;121;5;test;ja;flaechen;;rahmen
mheute;10;4 Wachstumsprozesse;Wachstumsprozesse;124;28;kapitel;ja;;;
mheute;10;4 Wachstumsprozesse;Lineare und exponentielle Zunahme;126;5;uk;ja;potenz-exponentialfunktionen;1;titel
mheute;10;4 Wachstumsprozesse;Lineare und exponentielle Abnahme;131;4;uk;ja;potenz-exponentialfunktionen;1;titel
mheute;10;4 Wachstumsprozesse;Vermischte und komplexe Übungen;135;1;vermischt;ja;potenz-exponentialfunktionen;;rahmen
mheute;10;4 Wachstumsprozesse;Exponentialfunktionen und ihre Eigenschaften;136;6;uk;ja;potenz-exponentialfunktionen;3;titel
mheute;10;4 Wachstumsprozesse;"Im Blickpunkt; Vergleich von exponentiellen, linearen und quadratischen Funktionen";142;1;streifzug;ja;potenz-exponentialfunktionen;1;titel
mheute;10;4 Wachstumsprozesse;Punkte sammeln;143;1;vermischt;ja;potenz-exponentialfunktionen;;rahmen
mheute;10;4 Wachstumsprozesse;Vermischte und komplexe Übungen;144;2;vermischt;ja;potenz-exponentialfunktionen;;rahmen
mheute;10;4 Wachstumsprozesse;Was du gelernt hast;146;1;zusammenfassung;ja;potenz-exponentialfunktionen;;rahmen
mheute;10;4 Wachstumsprozesse;Bist du fit?;147;3;test;ja;potenz-exponentialfunktionen;;rahmen
mheute;10;4 Wachstumsprozesse;14D;150;6;uk;ja;potenz-exponentialfunktionen;;kapitel
mheute;10;5 Zufällige Ereignisse und ihre Wahrscheinlichkeiten Zufallsexperimente und Wahrscheinlichkeiten - Grundlagen;Zufällige Ereignisse und ihre Wahrscheinlichkeiten Zufallsexperimente und Wahrscheinlichkeiten - Grundlagen;152;24;kapitel;ja;;;
mheute;10;5 Zufällige Ereignisse und ihre Wahrscheinlichkeiten Zufallsexperimente und Wahrscheinlichkeiten - Grundlagen;Im Blickpunkt: Computersimulationen Wahrscheinlichkeit eines Gegenereignisses;156;2;streifzug;ja;wahrscheinlichkeit;2;titel
mheute;10;5 Zufällige Ereignisse und ihre Wahrscheinlichkeiten Zufallsexperimente und Wahrscheinlichkeiten - Grundlagen;Wahrscheinlichkeit bei mehrstufigen Zufallsexperimenten - Pfadregeln;158;7;uk;ja;wahrscheinlichkeit;3;titel
mheute;10;5 Zufällige Ereignisse und ihre Wahrscheinlichkeiten Zufallsexperimente und Wahrscheinlichkeiten - Grundlagen;Berechnen von Wahrscheinlichkeiten bei mehrstufigen Laplace-Experimenten;165;5;uk;ja;wahrscheinlichkeit;3;titel
mheute;10;5 Zufällige Ereignisse und ihre Wahrscheinlichkeiten Zufallsexperimente und Wahrscheinlichkeiten - Grundlagen;Punkte sammeln;170;1;vermischt;ja;wahrscheinlichkeit;;rahmen
mheute;10;5 Zufällige Ereignisse und ihre Wahrscheinlichkeiten Zufallsexperimente und Wahrscheinlichkeiten - Grundlagen;Vermischte und komplexe Übungen;171;3;vermischt;ja;wahrscheinlichkeit;;rahmen
mheute;10;5 Zufällige Ereignisse und ihre Wahrscheinlichkeiten Zufallsexperimente und Wahrscheinlichkeiten - Grundlagen;Was du gelernt hast;174;1;zusammenfassung;ja;wahrscheinlichkeit;;rahmen
mheute;10;5 Zufällige Ereignisse und ihre Wahrscheinlichkeiten Zufallsexperimente und Wahrscheinlichkeiten - Grundlagen;Bist du fit?;175;3;test;ja;wahrscheinlichkeit;;rahmen
mheute;10;6 Sinusfunktionen;Sinusfunktionen;176;20;kapitel;ja;;;
mheute;10;6 Sinusfunktionen;Sinus eines Winkels am Einheitskreis;178;3;uk;ja;trigonometrische-funktionen;1;titel
mheute;10;6 Sinusfunktionen;Sinusfunktion - Eigenschaften;181;6;uk;ja;trigonometrische-funktionen;2;titel
mheute;10;6 Sinusfunktionen;Funktionen mit der Gleichung y = a • sin x;187;7;uk;ja;lineare-funktionen;;titel
mheute;10;6 Sinusfunktionen;Was du gelernt hast;194;1;zusammenfassung;ja;lineare-funktionen;;rahmen
mheute;10;6 Sinusfunktionen;Bist du fit?;195;3;test;ja;lineare-funktionen;;rahmen
mheute;10;7 Aufgabenpraktikum;Aufgabenpraktikum;196;36;kapitel;ja;;;
mheute;10;7 Aufgabenpraktikum;Übungen aus verschiedenen Bereichen;198;20;uk;ja;lineare-funktionen;;nachbar
mheute;10;7 Aufgabenpraktikum;Vermischte und komplexe Übungen;218;8;vermischt;ja;lineare-funktionen;;rahmen
mheute;10;7 Aufgabenpraktikum;Beispiel einer Prüfungsarbeit;226;6;uk;ja;lineare-funktionen;;nachbar
mheute;10;7 Aufgabenpraktikum;Anhang;232;0;anhang;ja;;;
mheute;10;7 Aufgabenpraktikum;Lösungen zu Bist du fit?;232;3;anhang;ja;;;
mheute;10;7 Aufgabenpraktikum;Lösungen zum Aufgabenpraktikum;235;14;anhang;ja;;;
mheute;10;7 Aufgabenpraktikum;Einheiten;249;1;anhang;ja;;;
mheute;10;7 Aufgabenpraktikum;Mathematische Symbole;250;1;anhang;ja;;;
mheute;10;7 Aufgabenpraktikum;Stichwortverzeichnis;251;1;anhang;ja;;;
mheute;10;7 Aufgabenpraktikum;Bildquellennachweis;252;;anhang;letzter Eintrag;;;
mheute;10;;Im Blickpunkt: Länger als man denkt: Der An halteweg Quadratische Gleichungen;;;streifzug;ohne Seite;quadratische-gleichungen;1;titel
mheute;10;;Entwicklung der Weltbevölkerung;;;uk;ohne Seite;kein Eintrag;;kein
mheute;10;;155' ,;;;uk;ohne Seite;kein Eintrag;;kein
mheute;10;;Im Blickpunkt: Modellbau;;;streifzug;ohne Seite;;;
mheute;10;;Im Blickpunkt: Wie hoch ist eigentlich l$yer Schulgebäude?;;;streifzug;ohne Seite;;;
mheute;10;;12g;;;uk;ohne Seite;kein Eintrag;;kein
sekundo;7;1 Brüche und Dezimalzahlen;Brüche und Dezimalzahlen;6;19;kapitel;ja;;;
sekundo;7;1 Brüche und Dezimalzahlen;Bruchteile von Größen;8;1;uk;ja;brueche-dezimalzahlen;1;titel
sekundo;7;1 Brüche und Dezimalzahlen;Addition und Subtraktion von B rü ch e n;9;1;uk;ja;rationale-zahlen;1;titel
sekundo;7;1 Brüche und Dezimalzahlen;Addition und Subtraktion von Dezimalzahlen;10;1;uk;ja;bruchrechnung;2;titel
sekundo;7;1 Brüche und Dezimalzahlen;Vervielfachen und Teilen von B rüchen;11;1;uk;ja;bruchrechnung;3;titel
sekundo;7;1 Brüche und Dezimalzahlen;Multiplikation von Brüchen;12;1;uk;ja;bruchrechnung;3;titel
sekundo;7;1 Brüche und Dezimalzahlen;Division durch einen Bruch;13;1;uk;ja;bruchrechnung;3;titel
sekundo;7;1 Brüche und Dezimalzahlen;Vermischte Aufgaben;14;2;vermischt;ja;bruchrechnung;;rahmen
sekundo;7;1 Brüche und Dezimalzahlen;Multiplikation und Division einer Dezimalzahl m it 10,100,1000;16;1;uk;ja;bruchrechnung;4;titel
sekundo;7;1 Brüche und Dezimalzahlen;Multiplikation m it einer Dezimalzahl;17;1;uk;ja;bruchrechnung;4;titel
sekundo;7;1 Brüche und Dezimalzahlen;Division durch eine Dezimalzahl;18;1;uk;ja;bruchrechnung;4;titel
sekundo;7;1 Brüche und Dezimalzahlen;Taschenrechner;19;1;uk;ja;kein Eintrag;;titel
sekundo;7;1 Brüche und Dezimalzahlen;Quadratzahlen und Kubikzahlen;20;1;uk;ja;potenzen-wurzeln;1;titel
sekundo;7;1 Brüche und Dezimalzahlen;Vermischte Aufgaben;21;2;vermischt;ja;potenzen-wurzeln;;rahmen
sekundo;7;1 Brüche und Dezimalzahlen;TÜV;23;1;test;ja;potenzen-wurzeln;;rahmen
sekundo;7;1 Brüche und Dezimalzahlen;Diagnosetest;24;2;test;ja;potenzen-wurzeln;;rahmen
sekundo;7;2 Zuordnungen;Zuordnungen;25;30;kapitel;ja;;;
sekundo;7;2 Zuordnungen;LVL: Formel 1 auf dem Hockenheimring;26;2;streifzug;ja;potenzen-wurzeln;;rahmen
sekundo;7;2 Zuordnungen;Tabellen und grafische Darstellungen;28;2;uk;ja;zuordnungen;;kapitel
sekundo;7;2 Zuordnungen;Maßstab;30;1;uk;ja;strahlensaetze;1;titel
sekundo;7;2 Zuordnungen;LVL: Entfernungen in Deutschland;31;1;streifzug;ja;strahlensaetze;;rahmen
sekundo;7;2 Zuordnungen;Vergrößern und Verkleinern;32;1;uk;ja;strahlensaetze;1;titel
sekundo;7;2 Zuordnungen;LVL: Denkmäler und ihre P roportionen;33;1;streifzug;ja;zuordnungen;1;titel
sekundo;7;2 Zuordnungen;Proportionale Zuordnungen;34;1;uk;ja;zuordnungen;2;titel
sekundo;7;2 Zuordnungen;Grafische Darstellungen bei proportionalen Zuordnungen;35;1;uk;ja;zuordnungen;2;titel
sekundo;7;2 Zuordnungen;Antiproportionale Zuordnungen;36;1;uk;ja;zuordnungen;3;titel
sekundo;7;2 Zuordnungen;LVL: D reisatz;37;1;streifzug;ja;zuordnungen;2;titel
sekundo;7;2 Zuordnungen;Dreisatz bei proportionalen und antiproportionalen Zuordnungen;38;2;uk;ja;zuordnungen;4;titel
sekundo;7;2 Zuordnungen;LVL: Ausflug in den S a fa rip a rk;40;2;streifzug;ja;zuordnungen;;rahmen
sekundo;7;2 Zuordnungen;Bleib fit;42;1;oeffner;ja;zuordnungen;;rahmen
sekundo;7;2 Zuordnungen;Stundenlohn und Stückpreis;43;1;uk;ja;zuordnungen;;kapitel
sekundo;7;2 Zuordnungen;LVL: Weg, Zeit, Geschwindigkeit;44;1;streifzug;ja;zuordnungen;;rahmen
sekundo;7;2 Zuordnungen;LVL: Masse, Volumen, Dichte;45;1;streifzug;ja;koerper;;titel
sekundo;7;2 Zuordnungen;LVL: Achtung - aufgepasst;46;2;streifzug;ja;koerper;;rahmen
sekundo;7;2 Zuordnungen;Proportionalität und Quotientengleichheit;48;1;uk;ja;zuordnungen;2;titel
sekundo;7;2 Zuordnungen;Antiproportionalität und Produktgleichheit;49;1;uk;ja;zuordnungen;3;titel
sekundo;7;2 Zuordnungen;Vermischte Aufgaben;50;3;vermischt;ja;zuordnungen;;rahmen
sekundo;7;2 Zuordnungen;TÜV;53;1;test;ja;zuordnungen;;rahmen
sekundo;7;2 Zuordnungen;Diagnosetest;54;2;test;ja;zuordnungen;;rahmen
sekundo;7;3 Zeichnen und Konstruieren;Zeichnen und Konstruieren;55;26;kapitel;ja;;;
sekundo;7;3 Zeichnen und Konstruieren;Figuren im Koordinatensystem;56;1;uk;ja;symmetrie-abbildungen;1;titel
sekundo;7;3 Zeichnen und Konstruieren;LVL: Geometrie m it dem Computer;57;1;streifzug;ja;kein Eintrag;;titel
sekundo;7;3 Zeichnen und Konstruieren;Mittelsenkrechte;58;1;uk;ja;winkel-dreiecke;5;titel
sekundo;7;3 Zeichnen und Konstruieren;Winkelhalbierende;59;1;uk;ja;winkel-dreiecke;5;titel
sekundo;7;3 Zeichnen und Konstruieren;Höhen im Dreieck;60;1;uk;ja;winkel-dreiecke;5;titel
sekundo;7;3 Zeichnen und Konstruieren;LVL: Konstruieren m it dynamischer Geometriesoftware;61;1;streifzug;ja;winkel-dreiecke;4;titel
sekundo;7;3 Zeichnen und Konstruieren;Kongruente Figuren;62;1;uk;ja;winkel-dreiecke;4;titel
sekundo;7;3 Zeichnen und Konstruieren;Winkelpaare;63;1;uk;ja;winkel-dreiecke;;titel
sekundo;7;3 Zeichnen und Konstruieren;LVL: Konstruieren und Messen m it dem C om puter;64;1;streifzug;ja;winkel-dreiecke;4;titel
sekundo;7;3 Zeichnen und Konstruieren;LVL: Summe der Dreieckswinkel;65;1;streifzug;ja;winkel-dreiecke;3;titel
sekundo;7;3 Zeichnen und Konstruieren;Winkelsummensatz im Dreieck;66;1;uk;ja;winkel-dreiecke;3;titel
sekundo;7;3 Zeichnen und Konstruieren;Bleib fit;67;1;oeffner;ja;koerper;;rahmen
sekundo;7;3 Zeichnen und Konstruieren;WAV: Wissen - Anwenden - Vernetzen;68;2;uk;ja;koerper;1;titel
sekundo;7;3 Zeichnen und Konstruieren;Dreieckstypen;70;1;uk;ja;winkel-dreiecke;;titel
sekundo;7;3 Zeichnen und Konstruieren;LVL: Übertragen von Dreiecken;71;1;streifzug;ja;winkel-dreiecke;;titel
sekundo;7;3 Zeichnen und Konstruieren;Kongruenzsatz (WSW);72;1;uk;ja;winkel-dreiecke;4;titel
sekundo;7;3 Zeichnen und Konstruieren;Kongruenzsatz (SWS);73;1;uk;ja;winkel-dreiecke;4;titel
sekundo;7;3 Zeichnen und Konstruieren;Kongruenzsatz (SSS);74;1;uk;ja;winkel-dreiecke;4;titel
sekundo;7;3 Zeichnen und Konstruieren;Kongruenzsatz (SsW);75;1;uk;ja;winkel-dreiecke;4;titel
sekundo;7;3 Zeichnen und Konstruieren;Vermischte Aufgaben;76;2;vermischt;ja;winkel-dreiecke;;rahmen
sekundo;7;3 Zeichnen und Konstruieren;Schrägbilder;78;1;uk;ja;koerper;1;titel
sekundo;7;3 Zeichnen und Konstruieren;TÜV;79;1;test;ja;koerper;;rahmen
sekundo;7;3 Zeichnen und Konstruieren;Diagnosetest;80;2;test;ja;koerper;;rahmen
sekundo;7;4 Prozentrechnung;Prozentrechnung;81;22;kapitel;ja;;;
sekundo;7;4 Prozentrechnung;Prozentsätze;82;1;uk;ja;prozentrechnung;;titel
sekundo;7;4 Prozentrechnung;Prozentsätze und B rüche;83;1;uk;ja;prozentrechnung;1;titel
sekundo;7;4 Prozentrechnung;Vermischte Aufgaben;84;1;vermischt;ja;prozentrechnung;;rahmen
sekundo;7;4 Prozentrechnung;Grundwert und P rozentw ert;85;1;uk;ja;prozentrechnung;3;titel
sekundo;7;4 Prozentrechnung;Berechnung des Prozentwertes W;86;1;uk;ja;prozentrechnung;3;titel
sekundo;7;4 Prozentrechnung;LVL: 7-Meter-Schützen für das Handballturnier gesucht;87;1;streifzug;ja;prozentrechnung;;rahmen
sekundo;7;4 Prozentrechnung;Berechnung des Prozentsatzes p %;88;1;uk;ja;prozentrechnung;2;titel
sekundo;7;4 Prozentrechnung;Berechnung des Grundwertes G;89;1;uk;ja;prozentrechnung;4;titel
sekundo;7;4 Prozentrechnung;Vermischte Aufgaben;90;1;vermischt;ja;prozentrechnung;;rahmen
sekundo;7;4 Prozentrechnung;Bleib fit;91;1;oeffner;ja;prozentrechnung;;rahmen
sekundo;7;4 Prozentrechnung;Preisnachlass - Preiserhöhung;92;1;uk;ja;prozentrechnung;;kapitel
sekundo;7;4 Prozentrechnung;LVL: Tabellenkalkulation;93;1;streifzug;ja;kein Eintrag;;titel
sekundo;7;4 Prozentrechnung;Brutto - N e tto;94;1;uk;ja;prozentrechnung;;titel
sekundo;7;4 Prozentrechnung;Streifen-, Säulen- und Balkendiagramm;95;1;uk;ja;daten;3;titel
sekundo;7;4 Prozentrechnung;Kreisdiagramm;96;1;uk;ja;daten;3;titel
sekundo;7;4 Prozentrechnung;Vermischte Aufgaben;97;1;vermischt;ja;daten;;rahmen
sekundo;7;4 Prozentrechnung;LVL: Immer nur S chule;98;2;streifzug;ja;daten;;rahmen
sekundo;7;4 Prozentrechnung;LVL: Alles M ü ll;100;1;streifzug;ja;daten;;rahmen
sekundo;7;4 Prozentrechnung;TÜV;101;1;test;ja;daten;;rahmen
sekundo;7;4 Prozentrechnung;Diagnosetest;102;2;test;ja;daten;;rahmen
sekundo;7;5 Rationale Z a h le n;Rationale Z a h le n;103;24;kapitel;ja;;;
sekundo;7;5 Rationale Z a h le n;LVL: Temperaturen in Europa;104;1;streifzug;ja;daten;;rahmen
sekundo;7;5 Rationale Z a h le n;LVL: Zahlen unter Null in unserer U m w elt;105;1;streifzug;ja;daten;;rahmen
sekundo;7;5 Rationale Z a h le n;Zahlbereiche und Koordinatensystem;106;1;uk;ja;reelle-zahlen;1;titel
sekundo;7;5 Rationale Z a h le n;Ordnen von rationalen Zahlen;107;1;uk;ja;rationale-zahlen;1;titel
sekundo;7;5 Rationale Z a h le n;Addieren und Subtrahieren;108;1;uk;ja;rationale-zahlen;2;titel
sekundo;7;5 Rationale Z a h le n;Vervielfachen und Teilen;109;1;uk;ja;rationale-zahlen;;kapitel
sekundo;7;5 Rationale Z a h le n;Betrag - Zahl und Gegenzahl;110;1;uk;ja;rationale-zahlen;1;titel
sekundo;7;5 Rationale Z a h le n;Bleib f it;111;1;oeffner;ja;koerper;;rahmen
sekundo;7;5 Rationale Z a h le n;WAV: Wissen - Anwenden - Vernetzen;112;2;uk;ja;koerper;1;titel
sekundo;7;5 Rationale Z a h le n;LVL: Addition m it Hilfe von M odellen;114;1;streifzug;ja;koerper;;rahmen
sekundo;7;5 Rationale Z a h le n;A ddition;115;1;uk;ja;rationale-zahlen;1;titel
sekundo;7;5 Rationale Z a h le n;Subtraktion;116;1;uk;ja;rationale-zahlen;1;titel
sekundo;7;5 Rationale Z a h le n;Vermischte Aufgaben;117;1;vermischt;ja;rationale-zahlen;;rahmen
sekundo;7;5 Rationale Z a h le n;Klammerregeln für Addition und Subtraktion;118;2;uk;ja;terme;3;titel
sekundo;7;5 Rationale Z a h le n;Multiplikation;120;1;uk;ja;rationale-zahlen;3;titel
sekundo;7;5 Rationale Z a h le n;D ivision;121;1;uk;ja;rationale-zahlen;1;titel
sekundo;7;5 Rationale Z a h le n;Rechengesetze für rationale Zahlen;122;2;uk;ja;rationale-zahlen;3;titel
sekundo;7;5 Rationale Z a h le n;Vermischte Aufgaben;124;1;vermischt;ja;rationale-zahlen;;rahmen
sekundo;7;5 Rationale Z a h le n;TÜV;125;1;test;ja;rationale-zahlen;;rahmen
sekundo;7;5 Rationale Z a h le n;Diagnosetest;126;2;test;ja;rationale-zahlen;;rahmen
sekundo;7;6 Flächeninhalt und Volumen;Flächeninhalt und Volumen;127;24;kapitel;ja;;;
sekundo;7;6 Flächeninhalt und Volumen;Flächeninhalt und Umfang von Rechteck und Quadrat;128;2;uk;ja;flaechen;1;titel
sekundo;7;6 Flächeninhalt und Volumen;LVL: Berlin und Brandenburg;130;1;streifzug;ja;flaechen;;rahmen
sekundo;7;6 Flächeninhalt und Volumen;LVL: Herleitung der Flächeninhaltsformel für Dreiecke;131;1;streifzug;ja;flaechen;3;titel
sekundo;7;6 Flächeninhalt und Volumen;O LVL: Ungleichungen;132;3;uk;ja;lineare-gleichungen;;titel
sekundo;7;6 Flächeninhalt und Volumen;Flächeninhalt des Dreiecks Zusammengesetzte Flächen;135;1;uk;ja;flaechen;3;titel
sekundo;7;6 Flächeninhalt und Volumen;LVL: Ein Hausbau wird geplant;136;2;streifzug;ja;flaechen;;rahmen
sekundo;7;6 Flächeninhalt und Volumen;Vermischte Aufgaben;138;1;vermischt;ja;flaechen;;rahmen
sekundo;7;6 Flächeninhalt und Volumen;Bleib fit;139;1;oeffner;ja;koerper;;rahmen
sekundo;7;6 Flächeninhalt und Volumen;Würfel- und Quadernetze;140;2;uk;ja;koerper;2;titel
sekundo;7;6 Flächeninhalt und Volumen;LVL: Ein Schluck aus dem Müggelsee;142;2;streifzug;ja;koerper;;rahmen
sekundo;7;6 Flächeninhalt und Volumen;Volumen des Quaders;144;1;uk;ja;koerper;2;titel
sekundo;7;6 Flächeninhalt und Volumen;Oberflächeninhalt des Q uaders;145;1;uk;ja;koerper;2;titel
sekundo;7;6 Flächeninhalt und Volumen;O Quadrat- und Kubikwurzel;146;1;uk;ja;potenzen-wurzeln;3;titel
sekundo;7;6 Flächeninhalt und Volumen;Vermischte Aufgaben;147;1;vermischt;ja;potenzen-wurzeln;;rahmen
sekundo;7;6 Flächeninhalt und Volumen;Zusammengesetzte K ö rp e r;148;1;uk;ja;koerper;5;titel
sekundo;7;6 Flächeninhalt und Volumen;TÜV;149;1;test;ja;koerper;;rahmen
sekundo;7;6 Flächeninhalt und Volumen;Diagnosetest;150;2;test;ja;koerper;;rahmen
sekundo;7;7 Daten und Zufall;Daten und Zufall;151;44;kapitel;ja;;;
sekundo;7;7 Daten und Zufall;LVL: Mit dem Zug unterwegs;152;2;streifzug;ja;koerper;;rahmen
sekundo;7;7 Daten und Zufall;Statistische Kenngrößen;154;2;uk;ja;daten;4;titel
sekundo;7;7 Daten und Zufall;LVL: Statistische Kenngrößen mit Tabellen­ kalkulation;156;1;streifzug;ja;daten;4;titel
sekundo;7;7 Daten und Zufall;LVL: Taschengeld;157;1;streifzug;ja;daten;;rahmen
sekundo;7;7 Daten und Zufall;LVL: Umfragen;158;1;streifzug;ja;daten;1;titel
sekundo;7;7 Daten und Zufall;Bleib f i t;159;1;oeffner;ja;koerper;;rahmen
sekundo;7;7 Daten und Zufall;WAV: Wissen - An wenden - Vernetzen;160;2;uk;ja;koerper;1;titel
sekundo;7;7 Daten und Zufall;LVL: Rund ums Glücksrad;162;2;streifzug;ja;wahrscheinlichkeit;2;titel
sekundo;7;7 Daten und Zufall;Wahrscheinlichkeit;164;2;uk;ja;wahrscheinlichkeit;2;titel
sekundo;7;7 Daten und Zufall;LVL: Schere - Stein - Papier;166;1;streifzug;ja;wahrscheinlichkeit;;rahmen
sekundo;7;7 Daten und Zufall;TÜV;167;1;test;ja;wahrscheinlichkeit;;rahmen
sekundo;7;7 Daten und Zufall;Diagnosetest;168;1;test;ja;wahrscheinlichkeit;;rahmen
sekundo;7;7 Daten und Zufall;Terme und Gleichungen;169;1;uk;ja;lineare-gleichungen;;titel
sekundo;7;7 Daten und Zufall;LVL: Spiel m it x;170;2;streifzug;ja;lineare-gleichungen;;rahmen
sekundo;7;7 Daten und Zufall;LVL: Rechenwege aufschreiben;172;1;streifzug;ja;lineare-gleichungen;;rahmen
sekundo;7;7 Daten und Zufall;Terme m it Variablen;173;2;uk;ja;terme;;titel
sekundo;7;7 Daten und Zufall;Lösen von Gleichungen;175;1;uk;ja;lineare-gleichungen;;titel
sekundo;7;7 Daten und Zufall;Lösen von Gleichungen m it Tabellen­ kalkulation;176;1;uk;ja;lineare-gleichungen;;titel
sekundo;7;7 Daten und Zufall;Lösen von Gleichungen m it Umkehroperatoren;177;1;uk;ja;lineare-gleichungen;;titel
sekundo;7;7 Daten und Zufall;LVL: Terme vereinfachen;178;1;streifzug;ja;terme;;titel
sekundo;7;7 Daten und Zufall;Ordnen und Zusammenfassen;179;1;uk;ja;terme;1;titel
sekundo;7;7 Daten und Zufall;Vermischte Aufgaben;180;2;vermischt;ja;terme;;rahmen
sekundo;7;7 Daten und Zufall;Bleib fit;182;1;oeffner;ja;lineare-gleichungen;;rahmen
sekundo;7;7 Daten und Zufall;LVL: Gleichungen m it der Variablen auf beiden Seiten;183;1;streifzug;ja;lineare-gleichungen;3;titel
sekundo;7;7 Daten und Zufall;Lösen von Gleichungen durch Umformen;184;1;uk;ja;lineare-gleichungen;2;titel
sekundo;7;7 Daten und Zufall;Vermischte Aufgaben;185;2;vermischt;ja;lineare-gleichungen;;rahmen
sekundo;7;7 Daten und Zufall;Gleichungen;187;1;uk;ja;lineare-gleichungen;;titel
sekundo;7;7 Daten und Zufall;LVL: Lösen von Sachaufgaben durch;188;1;streifzug;ja;lineare-gleichungen;4;titel
sekundo;7;7 Daten und Zufall;© Lösen von Ungleichungen;189;1;uk;ja;lineare-gleichungen;;titel
sekundo;7;7 Daten und Zufall;TÜV;190;1;test;ja;lineare-gleichungen;;rahmen
sekundo;7;7 Daten und Zufall;Diagnosetest;191;1;test;ja;lineare-gleichungen;;rahmen
sekundo;7;7 Daten und Zufall;Diagnosearbeit;192;3;uk;ja;lineare-gleichungen;;kapitel
sekundo;7;7 Daten und Zufall;Lösungen der Seiten W -A-V;195;1;anhang;ja;;;
sekundo;7;7 Daten und Zufall;Lösungen der TÜV-Seiten;196;3;anhang;ja;;;
sekundo;7;7 Daten und Zufall;Lösungen der Diagnosetests;199;3;anhang;ja;;;
sekundo;7;7 Daten und Zufall;Lösungen der Diagnosearbeit;202;2;anhang;ja;;;
sekundo;7;7 Daten und Zufall;Bildquellenverzeichnis;204;1;anhang;ja;;;
sekundo;7;7 Daten und Zufall;Rechenregeln, Formeln und Maßeinheiten;205;3;anhang;ja;;;
sekundo;7;7 Daten und Zufall;Stichwortverzeichnis;208;;anhang;letzter Eintrag;;;
sekundo;8;;Bestimmen des Schnittpunktes;0;8;uk;ja;kein Eintrag;;kein
sekundo;8;1 Zahlen und Zuordnungen;Zahlen und Zuordnungen;6;11;kapitel;ja;;;
sekundo;8;1 Zahlen und Zuordnungen;Proportionale Zuordnungen;8;1;uk;ja;zuordnungen;2;titel
sekundo;8;1 Zahlen und Zuordnungen;Antiproportionale Zuordnungen;9;1;uk;ja;zuordnungen;3;titel
sekundo;8;1 Zahlen und Zuordnungen;Bleib f i t;10;1;oeffner;ja;zuordnungen;;rahmen
sekundo;8;1 Zahlen und Zuordnungen;D ic h te;11;1;uk;ja;zuordnungen;;kapitel
sekundo;8;1 Zahlen und Zuordnungen;Geschwindigkeit;12;1;uk;ja;zuordnungen;;kapitel
sekundo;8;1 Zahlen und Zuordnungen;Vermischte A ufgaben;13;2;vermischt;ja;zuordnungen;;rahmen
sekundo;8;1 Zahlen und Zuordnungen;TÜV;15;1;test;ja;zuordnungen;;rahmen
sekundo;8;1 Zahlen und Zuordnungen;Diagnosetest;16;2;test;ja;zuordnungen;;rahmen
sekundo;8;2 Zeichnen und Konstruieren;Zeichnen und Konstruieren;17;29;kapitel;ja;;;
sekundo;8;2 Zeichnen und Konstruieren;Achsensymmetrie und Achsenspiegelung;18;1;uk;ja;symmetrie-abbildungen;2;titel
sekundo;8;2 Zeichnen und Konstruieren;Punktsymmetrie und Punktspiegelung;19;1;uk;ja;symmetrie-abbildungen;3;titel
sekundo;8;2 Zeichnen und Konstruieren;P arke tte;20;1;uk;ja;symmetrie-abbildungen;3;titel
sekundo;8;2 Zeichnen und Konstruieren;LVL: Winkelsumme in Vielecken;21;1;streifzug;ja;flaechen;5;titel
sekundo;8;2 Zeichnen und Konstruieren;W inkelberechnungen;22;1;uk;ja;winkel-dreiecke;;titel
sekundo;8;2 Zeichnen und Konstruieren;Dreieckskonstruktionen und Kongruenz;23;2;uk;ja;winkel-dreiecke;4;titel
sekundo;8;2 Zeichnen und Konstruieren;Bleib f i t;25;1;oeffner;ja;winkel-dreiecke;;rahmen
sekundo;8;2 Zeichnen und Konstruieren;LVL: Entfernungen und Abstände im Dreieck;26;1;streifzug;ja;winkel-dreiecke;;titel
sekundo;8;2 Zeichnen und Konstruieren;LVL: Besondere Schnittpunkte beim D reieck;27;1;streifzug;ja;winkel-dreiecke;2;titel
sekundo;8;2 Zeichnen und Konstruieren;Umkreis und Inkreis;28;1;uk;ja;winkel-dreiecke;5;titel
sekundo;8;2 Zeichnen und Konstruieren;LVL: Schwerelinien und Höhenschnitt­ punkt im D reieck;29;1;streifzug;ja;winkel-dreiecke;5;titel
sekundo;8;2 Zeichnen und Konstruieren;LVL: Haus der Vierecke;30;1;streifzug;ja;winkel-dreiecke;3;titel
sekundo;8;2 Zeichnen und Konstruieren;LVL: Übertragen von Vierecken;31;1;streifzug;ja;winkel-dreiecke;3;titel
sekundo;8;2 Zeichnen und Konstruieren;Konstruieren von Rechteck, Quadrat und Raute;32;1;uk;ja;winkel-dreiecke;4;titel
sekundo;8;2 Zeichnen und Konstruieren;Konstruieren von Drachen und Parallelogramm;33;1;uk;ja;winkel-dreiecke;4;titel
sekundo;8;2 Zeichnen und Konstruieren;Konstruieren von gleichschenkligen und nicht gleichschenkligen Trapezen;34;1;uk;ja;winkel-dreiecke;4;titel
sekundo;8;2 Zeichnen und Konstruieren;Viereckskonstruktionen;35;1;uk;ja;winkel-dreiecke;4;titel
sekundo;8;2 Zeichnen und Konstruieren;LVL: Vierecke konstruieren m it Dynamischer Geometriesoftware (DGS);36;1;streifzug;ja;winkel-dreiecke;4;titel
sekundo;8;2 Zeichnen und Konstruieren;Vermischte A ufgaben;37;1;vermischt;ja;winkel-dreiecke;;rahmen
sekundo;8;2 Zeichnen und Konstruieren;LVL: Sehwinkel;38;1;streifzug;ja;winkel-dreiecke;;titel
sekundo;8;2 Zeichnen und Konstruieren;LVL: Entdeckungen zum Satz des Thaies;39;1;streifzug;ja;winkel-dreiecke;5;titel
sekundo;8;2 Zeichnen und Konstruieren;Satz des Thaies und seine Umkehrung;40;1;uk;ja;winkel-dreiecke;5;titel
sekundo;8;2 Zeichnen und Konstruieren;□ Tangenten am K re is;41;1;uk;ja;kreis;;titel
sekundo;8;2 Zeichnen und Konstruieren;Vermischte A ufgaben;42;1;vermischt;ja;kreis;;rahmen
sekundo;8;2 Zeichnen und Konstruieren;TÜV;43;1;test;ja;kreis;;rahmen
sekundo;8;2 Zeichnen und Konstruieren;Diagnosetest;44;1;test;ja;kreis;;rahmen
sekundo;8;2 Zeichnen und Konstruieren;LVL: Grafische Darstellung mit;45;3;streifzug;ja;kreis;;rahmen
sekundo;8;3 Terme und Gleichungen ( 1 ) Aufstellen und Berechnen von Termen;Terme und Gleichungen ( 1 ) Aufstellen und Berechnen von Termen;46;19;kapitel;ja;;;
sekundo;8;3 Terme und Gleichungen ( 1 ) Aufstellen und Berechnen von Termen;Lösen von linearen Gleichungen durch U m form en;48;1;uk;ja;lineare-gleichungen;2;titel
sekundo;8;3 Terme und Gleichungen ( 1 ) Aufstellen und Berechnen von Termen;LVL: Im Kino;49;1;streifzug;ja;lineare-gleichungen;;rahmen
sekundo;8;3 Terme und Gleichungen ( 1 ) Aufstellen und Berechnen von Termen;LVL: Pension Tannenblick;50;1;streifzug;ja;lineare-gleichungen;;rahmen
sekundo;8;3 Terme und Gleichungen ( 1 ) Aufstellen und Berechnen von Termen;Verhältnisgleichungen;51;2;uk;ja;zuordnungen;2;titel
sekundo;8;3 Terme und Gleichungen ( 1 ) Aufstellen und Berechnen von Termen;Bleib f i t;53;1;oeffner;ja;koerper;;rahmen
sekundo;8;3 Terme und Gleichungen ( 1 ) Aufstellen und Berechnen von Termen;WAV: Wissen - Anwenden - Vernetzen;54;2;uk;ja;koerper;1;titel
sekundo;8;3 Terme und Gleichungen ( 1 ) Aufstellen und Berechnen von Termen;LVL: Figurenrätsel;56;1;streifzug;ja;flaechen;5;titel
sekundo;8;3 Terme und Gleichungen ( 1 ) Aufstellen und Berechnen von Termen;LVL: Formeln als spezielle Gleichungen;57;1;streifzug;ja;lineare-gleichungen;2;titel
sekundo;8;3 Terme und Gleichungen ( 1 ) Aufstellen und Berechnen von Termen;Terme und Gleichungen m it K lam m ern;58;1;uk;ja;lineare-gleichungen;3;titel
sekundo;8;3 Terme und Gleichungen ( 1 ) Aufstellen und Berechnen von Termen;Ausmultiplizieren und Ausklammern;59;1;uk;ja;terme;4;titel
sekundo;8;3 Terme und Gleichungen ( 1 ) Aufstellen und Berechnen von Termen;Vermischte Aufgaben;60;1;vermischt;ja;terme;;rahmen
sekundo;8;3 Terme und Gleichungen ( 1 ) Aufstellen und Berechnen von Termen;LVL: Zahlenrätsel;61;1;streifzug;ja;lineare-gleichungen;4;titel
sekundo;8;3 Terme und Gleichungen ( 1 ) Aufstellen und Berechnen von Termen;CD Lösen von linearen Ungleichungen durch U m form en;62;1;streifzug;ja;lineare-gleichungen;2;titel
sekundo;8;3 Terme und Gleichungen ( 1 ) Aufstellen und Berechnen von Termen;TÜV;63;1;test;ja;lineare-gleichungen;;rahmen
sekundo;8;3 Terme und Gleichungen ( 1 ) Aufstellen und Berechnen von Termen;Diagnosetest;64;2;test;ja;lineare-gleichungen;;rahmen
sekundo;8;4 Flächenberechnung;Flächenberechnung;65;22;kapitel;ja;;;
sekundo;8;4 Flächenberechnung;Flächeninhalt und Umfang des Rechtecks;66;1;uk;ja;flaechen;1;titel
sekundo;8;4 Flächenberechnung;Flächeninhalt und Umfang des Dreiecks;67;1;uk;ja;flaechen;3;titel
sekundo;8;4 Flächenberechnung;Vermischte Aufgaben;68;2;vermischt;ja;flaechen;;rahmen
sekundo;8;4 Flächenberechnung;Flächeninhalt des Parallelogramms;70;2;uk;ja;flaechen;2;titel
sekundo;8;4 Flächenberechnung;LVL: Flächengröße von Deutschland;72;1;streifzug;ja;flaechen;;titel
sekundo;8;4 Flächenberechnung;Flächeninhalt des Trapezes;73;1;uk;ja;flaechen;4;titel
sekundo;8;4 Flächenberechnung;Flächeninhalt des Drachens und der Raute;74;1;uk;ja;flaechen;4;titel
sekundo;8;4 Flächenberechnung;Zusammengesetzte Figuren;75;1;uk;ja;flaechen;5;titel
sekundo;8;4 Flächenberechnung;Vermischte Aufgaben;76;1;vermischt;ja;flaechen;;rahmen
sekundo;8;4 Flächenberechnung;Bleib f i t;77;1;oeffner;ja;kreis;;rahmen
sekundo;8;4 Flächenberechnung;LVL: Messen und Entdecken am K re is;78;2;streifzug;ja;kreis;;titel
sekundo;8;4 Flächenberechnung;Umfang des Kreises;80;2;uk;ja;kreis;1;titel
sekundo;8;4 Flächenberechnung;Flächeninhalt des Kreises;82;2;uk;ja;kreis;2;titel
sekundo;8;4 Flächenberechnung;Vermischte Aufgaben;84;1;vermischt;ja;kreis;;rahmen
sekundo;8;4 Flächenberechnung;TÜV;85;1;test;ja;kreis;;rahmen
sekundo;8;4 Flächenberechnung;Diagnosetest;86;2;test;ja;kreis;;rahmen
sekundo;8;5 Prozent- und Zinsrechnung;Prozent- und Zinsrechnung;87;22;kapitel;ja;;;
sekundo;8;5 Prozent- und Zinsrechnung;Grundbegriffe der Prozentrechnung;88;1;uk;ja;prozentrechnung;1;titel
sekundo;8;5 Prozent- und Zinsrechnung;Prozentsätze über 100 %;89;1;uk;ja;prozentrechnung;5;titel
sekundo;8;5 Prozent- und Zinsrechnung;Berechnung des Prozentwertes W;90;1;uk;ja;prozentrechnung;3;titel
sekundo;8;5 Prozent- und Zinsrechnung;Berechnung des Grundwertes G;91;1;uk;ja;prozentrechnung;4;titel
sekundo;8;5 Prozent- und Zinsrechnung;Berechnung des Prozentsatzes p %;92;1;uk;ja;prozentrechnung;2;titel
sekundo;8;5 Prozent- und Zinsrechnung;Vermehrter und verminderter G rundwert;93;2;uk;ja;prozentrechnung;5;titel
sekundo;8;5 Prozent- und Zinsrechnung;Brutto - N e tto;95;1;uk;ja;prozentrechnung;;titel
sekundo;8;5 Prozent- und Zinsrechnung;Grafische Darstellung;96;2;uk;ja;prozentrechnung;;kapitel
sekundo;8;5 Prozent- und Zinsrechnung;Tabellenkalkulation;98;1;streifzug;ja;kein Eintrag;;titel
sekundo;8;5 Prozent- und Zinsrechnung;Bleib f i t;99;1;oeffner;ja;koerper;;rahmen
sekundo;8;5 Prozent- und Zinsrechnung;WAV: Wissen - Anwenden - Vernetzen;100;2;uk;ja;koerper;1;titel
sekundo;8;5 Prozent- und Zinsrechnung;Kapital, Zinssatz und Zinsen;102;1;uk;ja;zinsrechnung;1;titel
sekundo;8;5 Prozent- und Zinsrechnung;Berechnung von Kapital und Zinssatz;103;1;uk;ja;zinsrechnung;1;titel
sekundo;8;5 Prozent- und Zinsrechnung;Monatszinsen und Tageszinsen;104;2;uk;ja;zinsrechnung;1;titel
sekundo;8;5 Prozent- und Zinsrechnung;Kredite vergleichen;106;1;uk;ja;zinsrechnung;2;titel
sekundo;8;5 Prozent- und Zinsrechnung;T Ü V;107;1;uk;ja;prozentrechnung;;kapitel
sekundo;8;5 Prozent- und Zinsrechnung;Diagnosetest;108;2;test;ja;prozentrechnung;;rahmen
sekundo;8;6 Lineare Funktionen;Lineare Funktionen;109;19;kapitel;ja;;;
sekundo;8;6 Lineare Funktionen;LVL: Eine Reise durch die U S A;110;2;streifzug;ja;prozentrechnung;;rahmen
sekundo;8;6 Lineare Funktionen;LVL: Zuordnungen zu Wasser;112;1;streifzug;ja;zuordnungen;1;titel
sekundo;8;6 Lineare Funktionen;LVL und zu Land;113;1;streifzug;ja;zuordnungen;;rahmen
sekundo;8;6 Lineare Funktionen;Grafische Darstellungen bei Füllvorgängen;114;1;uk;ja;lineare-funktionen;;kapitel
sekundo;8;6 Lineare Funktionen;Geschwindigkeiten;115;1;uk;ja;lineare-funktionen;;kapitel
sekundo;8;6 Lineare Funktionen;Berechnen von Wahrscheinlichkeiten;116;2;uk;ja;wahrscheinlichkeit;2;titel
sekundo;8;6 Lineare Funktionen;Funktionen als spezielle Zuordnungen Funktionen;118;1;uk;ja;lineare-funktionen;;titel
sekundo;8;6 Lineare Funktionen;Die Laplace-Reget bei zweistufigen;119;1;uk;ja;wahrscheinlichkeit;3;titel
sekundo;8;6 Lineare Funktionen;LVL: Funktionen zeichnen und untersuchen Lineare Funktionen;120;2;streifzug;ja;lineare-funktionen;2;titel
sekundo;8;6 Lineare Funktionen;LVL: Wahrscheinlichkeiten bei Nicht-Laplace;122;1;streifzug;ja;wahrscheinlichkeit;2;titel
sekundo;8;6 Lineare Funktionen;Bleib f i t;123;1;oeffner;ja;lineare-funktionen;;rahmen
sekundo;8;6 Lineare Funktionen;Steigung einer Geraden;124;1;uk;ja;lineare-funktionen;2;titel
sekundo;8;6 Lineare Funktionen;Die Bedeutung von m und c bei Graphen zur Funktion y = mx + c;125;1;uk;ja;lineare-funktionen;2;titel
sekundo;8;6 Lineare Funktionen;Bestimmung von Funktionsgleichungen linearer Funktionen;126;3;uk;ja;lineare-funktionen;4;titel
sekundo;8;0 Bestimmen der Funktionsgleichung zu einer Geraden durch zwei P unkte;Bestimmen der Funktionsgleichung zu einer Geraden durch zwei P unkte;128;7;kapitel;ja;;;
sekundo;8;0 Bestimmen der Funktionsgleichung zu einer Geraden durch zwei P unkte;Schnittpunkt zweier Geraden;129;1;uk;ja;lineare-funktionen;3;titel
sekundo;8;0 Bestimmen der Funktionsgleichung zu einer Geraden durch zwei P unkte;zweier Geraden;130;1;uk;ja;lineare-funktionen;;titel
sekundo;8;0 Bestimmen der Funktionsgleichung zu einer Geraden durch zwei P unkte;Vermischte A ufgaben;131;2;vermischt;ja;lineare-funktionen;;rahmen
sekundo;8;0 Bestimmen der Funktionsgleichung zu einer Geraden durch zwei P unkte;T Ü V;133;1;uk;ja;lineare-funktionen;;kapitel
sekundo;8;0 Bestimmen der Funktionsgleichung zu einer Geraden durch zwei P unkte;Diagnosetest;134;2;test;ja;lineare-funktionen;;rahmen
sekundo;8;7 Körper zeichnen und berechnen;Körper zeichnen und berechnen;135;22;kapitel;ja;;;
sekundo;8;7 Körper zeichnen und berechnen;LVL: Im Schwimmbad;136;2;streifzug;ja;lineare-funktionen;;rahmen
sekundo;8;7 Körper zeichnen und berechnen;Quader und W ü rfe l;138;1;uk;ja;koerper;2;titel
sekundo;8;7 Körper zeichnen und berechnen;Prisma;139;1;uk;ja;koerper;3;titel
sekundo;8;7 Körper zeichnen und berechnen;Schrägbilder des Prismas;140;1;uk;ja;koerper;3;titel
sekundo;8;7 Körper zeichnen und berechnen;Oberfläche des Prismas;141;1;uk;ja;koerper;3;titel
sekundo;8;7 Körper zeichnen und berechnen;Volumen des Prism as;142;1;uk;ja;koerper;3;titel
sekundo;8;7 Körper zeichnen und berechnen;Vermischte A ufgaben;143;2;vermischt;ja;koerper;;rahmen
sekundo;8;7 Körper zeichnen und berechnen;Bleib f i t;145;1;oeffner;ja;koerper;;rahmen
sekundo;8;7 Körper zeichnen und berechnen;WAV: Wissen - Anwenden - Vernetzen;146;2;uk;ja;koerper;1;titel
sekundo;8;7 Körper zeichnen und berechnen;Zylinder: Schrägbild und Netz;148;1;uk;ja;koerper;4;titel
sekundo;8;7 Körper zeichnen und berechnen;Oberfläche des Zylinders;149;1;uk;ja;koerper;4;titel
sekundo;8;7 Körper zeichnen und berechnen;Volumen des Zylinders;150;1;uk;ja;koerper;4;titel
sekundo;8;7 Körper zeichnen und berechnen;Berechnungen am Zylinder;151;2;uk;ja;koerper;4;titel
sekundo;8;7 Körper zeichnen und berechnen;Zusammengesetzte und ausgehöhlte Körper;153;2;uk;ja;koerper;5;titel
sekundo;8;7 Körper zeichnen und berechnen;T Ü V;155;1;uk;ja;koerper;;kapitel
sekundo;8;7 Körper zeichnen und berechnen;Diagnosetest;156;2;test;ja;koerper;;rahmen
sekundo;8;8 Daten und Zufall;Daten und Zufall;157;18;kapitel;ja;;;
sekundo;8;8 Daten und Zufall;Stichproben;158;1;uk;ja;daten;1;titel
sekundo;8;8 Daten und Zufall;Mittelwert, Median, Modus undSpannweite;159;2;uk;ja;daten;4;titel
sekundo;8;8 Daten und Zufall;LVL: Klasseneinteilung;161;1;streifzug;ja;daten;;rahmen
sekundo;8;8 Daten und Zufall;Diagram m e;162;1;uk;ja;daten;2;titel
sekundo;8;8 Daten und Zufall;LVL: Problematische grafischeDarstellungen;163;1;streifzug;ja;kein Eintrag;;titel
sekundo;8;8 Daten und Zufall;Vermischte Aufgaben;164;1;vermischt;ja;daten;;rahmen
sekundo;8;8 Daten und Zufall;Quartile und B oxplots;165;1;uk;ja;daten;5;titel
sekundo;8;8 Daten und Zufall;LVL: Boxplot m it dem C o m p u te r;166;1;streifzug;ja;daten;5;titel
sekundo;8;8 Daten und Zufall;Bleib f i t;167;1;oeffner;ja;wahrscheinlichkeit;;rahmen
sekundo;8;8 Daten und Zufall;bei Laplace-Experimenten;168;2;uk;ja;wahrscheinlichkeit;2;titel
sekundo;8;8 Daten und Zufall;Zufallsversuchen;170;1;uk;ja;wahrscheinlichkeit;2;titel
sekundo;8;8 Daten und Zufall;Experimenten abschätzen;171;1;uk;ja;kein Eintrag;;titel
sekundo;8;8 Daten und Zufall;LVL: Das Gesetz der großen Zahlen;172;1;streifzug;ja;wahrscheinlichkeit;;rahmen
sekundo;8;8 Daten und Zufall;T Ü V;173;1;uk;ja;daten;;kapitel
sekundo;8;8 Daten und Zufall;Diagnosetest;174;3;test;ja;daten;;rahmen
sekundo;8;9 Terme und Gleichungen (2);Terme und Gleichungen (2);175;1;kapitel;ja;;;
sekundo;8;0 Gleichungen und Formeln;Gleichungen und Formeln;176;18;kapitel;ja;;;
sekundo;8;0 Gleichungen und Formeln;O LVL: Produkt von Summen;177;1;uk;ja;binomische-formeln;;kapitel
sekundo;8;0 Gleichungen und Formeln;O Produktterm - Summenterm;178;2;uk;ja;terme;2;titel
sekundo;8;0 Gleichungen und Formeln;Anwendungen;180;1;uk;ja;binomische-formeln;;kapitel
sekundo;8;0 Gleichungen und Formeln;Bleib f i t;181;1;oeffner;ja;binomische-formeln;;rahmen
sekundo;8;0 Gleichungen und Formeln;LVL: Herleitung der Binomischen Formeln;182;2;streifzug;ja;binomische-formeln;2;titel
sekundo;8;0 Gleichungen und Formeln;O Binomische Formeln;184;2;uk;ja;binomische-formeln;2;titel
sekundo;8;0 Gleichungen und Formeln;Vermischte Aufgaben;186;2;vermischt;ja;binomische-formeln;;rahmen
sekundo;8;0 Gleichungen und Formeln;LVL: Das Pascal’sche Dreieck;188;1;streifzug;ja;winkel-dreiecke;;titel
sekundo;8;0 Gleichungen und Formeln;T Ü V;189;1;uk;ja;binomische-formeln;;kapitel
sekundo;8;0 Gleichungen und Formeln;Diagnosetest;190;1;test;ja;binomische-formeln;;rahmen
sekundo;8;0 Gleichungen und Formeln;Diagnosearbeit;191;3;uk;ja;binomische-formeln;;kapitel
sekundo;8;0 Gleichungen und Formeln;Lösungen der Seiten W AV;194;1;anhang;ja;;;
sekundo;8;0 Gleichungen und Formeln;Lösungen der TÜV-Seiten;195;3;anhang;ja;;;
sekundo;8;0 Gleichungen und Formeln;Lösungen der Diagnosetests;198;4;anhang;ja;;;
sekundo;8;0 Gleichungen und Formeln;Lösungen der Diagnosearbeit;202;2;anhang;ja;;;
sekundo;8;0 Gleichungen und Formeln;Bildquellenverzeichnis;204;1;anhang;ja;;;
sekundo;8;0 Gleichungen und Formeln;Formeln und Maßeinheiten;205;3;anhang;ja;;;
sekundo;8;0 Gleichungen und Formeln;Stichwortverzeichnis;208;;anhang;letzter Eintrag;;;
sekundo;8;;Sonderfälle linearer Funktionen;;;uk;ohne Seite;lineare-funktionen;;titel
sekundo;9;;Lösungen zu Kapitel;1;5;anhang;ja;;;
sekundo;9;1 Wiederholungen;Wiederholungen;6;15;kapitel;ja;;;
sekundo;9;1 Wiederholungen;Reise durch Deutschland: Grundrechenarten;6;2;uk;ja;rationale-zahlen;3;titel
sekundo;9;1 Wiederholungen;Reise durch Europa: Bruchrechnung;8;2;uk;ja;brueche-dezimalzahlen;1;titel
sekundo;9;1 Wiederholungen;Reise durch Australien: Größen;10;2;uk;ja;einheiten;;titel
sekundo;9;1 Wiederholungen;Reise durch Afrika: Terme und Gleichungen;12;2;uk;ja;lineare-gleichungen;;titel
sekundo;9;1 Wiederholungen;Reise durch Südamerika: Terme und Verhältnisgleichungen;14;2;uk;ja;zuordnungen;2;titel
sekundo;9;1 Wiederholungen;Zuordnungen;16;2;uk;ja;zuordnungen;1;titel
sekundo;9;1 Wiederholungen;Flächenberechnungen;18;1;uk;ja;flaechen;;titel
sekundo;9;1 Wiederholungen;Körperberechnungen;19;1;uk;ja;koerper;;titel
sekundo;9;1 Wiederholungen;Daten und Zufall;20;2;uk;ja;wahrscheinlichkeit;2;titel
sekundo;9;2 Potenzen und Wurzeln;Potenzen und Wurzeln;21;18;kapitel;ja;;;
sekundo;9;2 Potenzen und Wurzeln;Potenzen;22;1;uk;ja;potenzen-wurzeln;1;titel
sekundo;9;2 Potenzen und Wurzeln;Zehnerpotenzen;23;1;uk;ja;potenzen-wurzeln;2;titel
sekundo;9;2 Potenzen und Wurzeln;Zehnerpotenzen mit negativen Exponenten;24;1;uk;ja;reelle-zahlen;3;titel
sekundo;9;2 Potenzen und Wurzeln;Standardschreibweise für sehr große und sehr kleine positive Zahlen;25;1;uk;ja;potenzen-wurzeln;2;titel
sekundo;9;2 Potenzen und Wurzeln;Vermischte Aufgaben;26;1;vermischt;ja;potenzen-wurzeln;;rahmen
sekundo;9;2 Potenzen und Wurzeln;Bleib fit;27;1;oeffner;ja;koerper;;rahmen
sekundo;9;2 Potenzen und Wurzeln;WAV: Wissen - Anwenden - Vernetzen;28;2;uk;ja;koerper;1;titel
sekundo;9;2 Potenzen und Wurzeln;Quadratwurzeln;30;2;uk;ja;potenzen-wurzeln;3;titel
sekundo;9;2 Potenzen und Wurzeln;Gleichsetzungsverfahren und;32;1;uk;ja;lineare-gleichungssysteme;2;titel
sekundo;9;2 Potenzen und Wurzeln;Rechnen mit Quadratwurzeln Kubikwurzeln;33;1;uk;ja;potenzen-wurzeln;3;titel
sekundo;9;2 Potenzen und Wurzeln;Vermischte Aufgaben;34;1;vermischt;ja;potenzen-wurzeln;;rahmen
sekundo;9;2 Potenzen und Wurzeln;LVL: Rationale und irrationale Zahlen;35;1;streifzug;ja;reelle-zahlen;1;titel
sekundo;9;2 Potenzen und Wurzeln;Reelle Zahlen und Intervallschachtelung;36;1;uk;ja;reelle-zahlen;1;titel
sekundo;9;2 Potenzen und Wurzeln;TÜV;37;1;test;ja;reelle-zahlen;;rahmen
sekundo;9;2 Potenzen und Wurzeln;Diagnosetest;38;2;test;ja;reelle-zahlen;;rahmen
sekundo;9;3 Funktionen;Funktionen;39;14;kapitel;ja;;;
sekundo;9;3 Funktionen;LVL: Die Dietrich-Bonhoefer-Schule hat Geburtstag;40;2;streifzug;ja;reelle-zahlen;;rahmen
sekundo;9;3 Funktionen;LVL: Funktionen als eindeutige Zuordnungen;42;1;streifzug;ja;lineare-funktionen;;titel
sekundo;9;3 Funktionen;Funktionen;43;1;uk;ja;lineare-funktionen;;titel
sekundo;9;3 Funktionen;LVL: Funktionen mit Computerprogrammen darstellen;44;1;streifzug;ja;lineare-funktionen;;titel
sekundo;9;3 Funktionen;Bleib fit;45;1;oeffner;ja;lineare-funktionen;;rahmen
sekundo;9;3 Funktionen;Lineare Funktionen;46;1;uk;ja;lineare-funktionen;2;titel
sekundo;9;3 Funktionen;Die Bedeutung von m und b bei Funktionen mit der Funktionsgleichung y = mx + b;47;1;uk;ja;lineare-funktionen;2;titel
sekundo;9;3 Funktionen;Änderungsraten;48;1;uk;ja;kein Eintrag (Sek-II-Stoff);;titel
sekundo;9;3 Funktionen;Schnittpunkte zweier Geraden;49;1;uk;ja;lineare-funktionen;3;titel
sekundo;9;3 Funktionen;Vermischte Aufgaben;50;1;vermischt;ja;lineare-funktionen;;rahmen
sekundo;9;3 Funktionen;TÜV;51;1;test;ja;lineare-funktionen;;rahmen
sekundo;9;3 Funktionen;Diagnosetest;52;2;test;ja;lineare-funktionen;;rahmen
sekundo;9;4 Satz des Pythagoras;Satz des Pythagoras;53;13;kapitel;ja;;;
sekundo;9;4 Satz des Pythagoras;LVL: Beweise zum Satz des Pythagoras;54;1;streifzug;ja;pythagoras;1;titel
sekundo;9;4 Satz des Pythagoras;Satz des Pythagoras;55;1;uk;ja;pythagoras;1;titel
sekundo;9;4 Satz des Pythagoras;Berechnen der Hypotenuse;56;1;uk;ja;pythagoras;1;titel
sekundo;9;4 Satz des Pythagoras;Berechnen einer Kathete;57;1;uk;ja;pythagoras;2;titel
sekundo;9;4 Satz des Pythagoras;Vermischte Aufgaben;58;1;vermischt;ja;pythagoras;;rahmen
sekundo;9;4 Satz des Pythagoras;Umkehrung des Satzes des Pythagoras;59;1;uk;ja;pythagoras;2;titel
sekundo;9;4 Satz des Pythagoras;Bleib fit;60;1;oeffner;ja;pythagoras;;rahmen
sekundo;9;4 Satz des Pythagoras;Pythagoras in ebenen Figuren;61;1;uk;ja;pythagoras;3;titel
sekundo;9;4 Satz des Pythagoras;LVL: Pythagoras in Meyers Garten;62;1;streifzug;ja;pythagoras;1;titel
sekundo;9;4 Satz des Pythagoras;LVL: Pythagoras im Gelände;63;1;streifzug;ja;pythagoras;1;titel
sekundo;9;4 Satz des Pythagoras;Pythagoras im Raum;64;1;uk;ja;pythagoras;3;titel
sekundo;9;4 Satz des Pythagoras;Vermischte Aufgaben;65;2;vermischt;ja;pythagoras;;rahmen
sekundo;9;0 Kathetensatz und Höhensatz;Kathetensatz und Höhensatz;66;3;kapitel;ja;;;
sekundo;9;0 Kathetensatz und Höhensatz;TÜV;67;1;test;ja;pythagoras;;rahmen
sekundo;9;0 Kathetensatz und Höhensatz;Diagnosetest;68;2;test;ja;pythagoras;;rahmen
sekundo;9;5 Lineare Gleichungssysteme;Lineare Gleichungssysteme;69;16;kapitel;ja;;;
sekundo;9;5 Lineare Gleichungssysteme;Lineare Gleichungen mit zwei Variablen;70;2;uk;ja;lineare-gleichungssysteme;1;titel
sekundo;9;5 Lineare Gleichungssysteme;LVL: Zwei Gleichungen mit zwei Variablen;72;1;streifzug;ja;lineare-gleichungssysteme;1;titel
sekundo;9;5 Lineare Gleichungssysteme;Lineare Gleichungssysteme;73;1;uk;ja;lineare-gleichungssysteme;1;titel
sekundo;9;5 Lineare Gleichungssysteme;Einsetzungsverfahren;74;2;uk;ja;lineare-gleichungssysteme;2;titel
sekundo;9;5 Lineare Gleichungssysteme;Additionsverfahren;76;1;uk;ja;lineare-gleichungssysteme;3;titel
sekundo;9;5 Lineare Gleichungssysteme;Vermischte Aufgaben;77;1;vermischt;ja;lineare-gleichungssysteme;;rahmen
sekundo;9;5 Lineare Gleichungssysteme;Bleib fit;78;1;oeffner;ja;lineare-gleichungssysteme;;rahmen
sekundo;9;5 Lineare Gleichungssysteme;Anwendungen;79;3;uk;ja;lineare-gleichungssysteme;;kapitel
sekundo;9;5 Lineare Gleichungssysteme;LVL: Mischaufgaben;82;1;streifzug;ja;lineare-gleichungssysteme;;rahmen
sekundo;9;5 Lineare Gleichungssysteme;TÜV;83;1;test;ja;lineare-gleichungssysteme;;rahmen
sekundo;9;5 Lineare Gleichungssysteme;Diagnosetest;84;2;test;ja;lineare-gleichungssysteme;;rahmen
sekundo;9;6 Prozent und Zinsrechnung;Prozent und Zinsrechnung;85;16;kapitel;ja;;;
sekundo;9;6 Prozent und Zinsrechnung;Prozentrechnung;86;2;uk;ja;prozentrechnung;;titel
sekundo;9;6 Prozent und Zinsrechnung;Prozentfaktor;88;1;uk;ja;prozentrechnung;;titel
sekundo;9;6 Prozent und Zinsrechnung;Rabatt - Skonto;89;1;uk;ja;prozentrechnung;;titel
sekundo;9;6 Prozent und Zinsrechnung;Vermischte Aufgaben;90;1;vermischt;ja;prozentrechnung;;rahmen
sekundo;9;6 Prozent und Zinsrechnung;Bleib fit;91;1;oeffner;ja;zinsrechnung;;rahmen
sekundo;9;6 Prozent und Zinsrechnung;Zinsrechnung;92;2;uk;ja;zinsrechnung;1;titel
sekundo;9;6 Prozent und Zinsrechnung;LVL: Zinseszins;94;1;streifzug;ja;zinsrechnung;2;titel
sekundo;9;6 Prozent und Zinsrechnung;LVL: Ratensparen;95;1;streifzug;ja;zinsrechnung;1;titel
sekundo;9;6 Prozent und Zinsrechnung;LVL: Tilgung von Krediten durch Ratenzahlung;96;2;streifzug;ja;zinsrechnung;2;titel
sekundo;9;6 Prozent und Zinsrechnung;Vermischte Aufgaben;98;1;vermischt;ja;zinsrechnung;;rahmen
sekundo;9;6 Prozent und Zinsrechnung;TÜV;99;1;test;ja;zinsrechnung;;rahmen
sekundo;9;6 Prozent und Zinsrechnung;Diagnosetest;100;2;test;ja;zinsrechnung;;rahmen
sekundo;9;7 Ähnlichkeit;Ähnlichkeit;101;20;kapitel;ja;;;
sekundo;9;7 Ähnlichkeit;Maßstab;102;2;uk;ja;strahlensaetze;1;titel
sekundo;9;7 Ähnlichkeit;LVL: Fotos vergrößern;104;1;streifzug;ja;strahlensaetze;1;titel
sekundo;9;7 Ähnlichkeit;Längenverhältnisse von Strecken;105;1;uk;ja;einheiten;;titel
sekundo;9;7 Ähnlichkeit;Ähnliche Figuren;106;1;uk;ja;strahlensaetze;2;titel
sekundo;9;7 Ähnlichkeit;Ähnliche Dreiecke;107;1;uk;ja;strahlensaetze;2;titel
sekundo;9;7 Ähnlichkeit;Streckenteilung;108;1;uk;ja;strahlensaetze;;kapitel
sekundo;9;7 Ähnlichkeit;Bleib fit;109;1;oeffner;ja;koerper;;rahmen
sekundo;9;7 Ähnlichkeit;WAV: Wissen - Anwenden - Vernetzen;110;2;uk;ja;koerper;1;titel
sekundo;9;7 Ähnlichkeit;Strahlensätze;112;2;uk;ja;strahlensaetze;3;titel
sekundo;9;7 Ähnlichkeit;Anwendungen;114;2;uk;ja;strahlensaetze;;kapitel
sekundo;9;7 Ähnlichkeit;Zentrische Streckung;116;2;uk;ja;strahlensaetze;2;titel
sekundo;9;7 Ähnlichkeit;Vermischte Aufgaben;118;1;vermischt;ja;strahlensaetze;;rahmen
sekundo;9;7 Ähnlichkeit;TÜV;119;3;test;ja;strahlensaetze;;rahmen
sekundo;9;8 Flächen- und Körperberechnungen;Flächen- und Körperberechnungen;121;28;kapitel;ja;;;
sekundo;9;8 Flächen- und Körperberechnungen;Umfang und Flächeninhalt;122;2;uk;ja;flaechen;1;titel
sekundo;9;8 Flächen- und Körperberechnungen;Kreisring;124;1;uk;ja;kreis;3;titel
sekundo;9;8 Flächen- und Körperberechnungen;Kreisausschnitt;125;1;uk;ja;kreis;3;titel
sekundo;9;8 Flächen- und Körperberechnungen;LVL: Im Stadion;126;2;streifzug;ja;kreis;;rahmen
sekundo;9;8 Flächen- und Körperberechnungen;LVL: Unsere Erde;128;1;streifzug;ja;kreis;;rahmen
sekundo;9;8 Flächen- und Körperberechnungen;Q LVL: Grenzprozesse zur Bestimmung von 7i;129;1;uk;ja;pyramide-kegel-kugel;;kapitel
sekundo;9;8 Flächen- und Körperberechnungen;Vermischte Aufgaben;130;1;vermischt;ja;pyramide-kegel-kugel;;rahmen
sekundo;9;8 Flächen- und Körperberechnungen;Bleib fit;131;1;oeffner;ja;koerper;;rahmen
sekundo;9;8 Flächen- und Körperberechnungen;Oberfläche und Volumen von Körpern;132;2;uk;ja;koerper;;titel
sekundo;9;8 Flächen- und Körperberechnungen;LVL: Erbsensuppe aus der Dose;134;1;streifzug;ja;koerper;;rahmen
sekundo;9;8 Flächen- und Körperberechnungen;LVL: Pyramiden zeichnen und bauen;135;1;streifzug;ja;pyramide-kegel-kugel;1;titel
sekundo;9;8 Flächen- und Körperberechnungen;LVL: Kegel zeichnen und bauen;136;1;streifzug;ja;pyramide-kegel-kugel;2;titel
sekundo;9;8 Flächen- und Körperberechnungen;LVL: Volumenformel;137;1;streifzug;ja;koerper;;titel
sekundo;9;8 Flächen- und Körperberechnungen;Volumen von Pyramide und Kegel;138;1;uk;ja;pyramide-kegel-kugel;1;titel
sekundo;9;8 Flächen- und Körperberechnungen;LVL: Rechtwinklige Dreiecke in Kegel und Pyramide;139;1;streifzug;ja;pyramide-kegel-kugel;1;titel
sekundo;9;8 Flächen- und Körperberechnungen;Oberfläche der Pyramide;140;1;uk;ja;pyramide-kegel-kugel;1;titel
sekundo;9;8 Flächen- und Körperberechnungen;Oberfläche des Kegels;141;1;uk;ja;pyramide-kegel-kugel;2;titel
sekundo;9;8 Flächen- und Körperberechnungen;LVL: Die Cheops-Pyramide in Ägypten;142;1;streifzug;ja;pyramide-kegel-kugel;1;titel
sekundo;9;8 Flächen- und Körperberechnungen;Vermischte Aufgaben;143;2;vermischt;ja;pyramide-kegel-kugel;;rahmen
sekundo;9;8 Flächen- und Körperberechnungen;LVL: Zusammengesetzte und ausgehöhlte Körper;145;1;streifzug;ja;koerper;5;titel
sekundo;9;8 Flächen- und Körperberechnungen;Zusammengesetzte und ausgehöhlte Körper;146;1;uk;ja;koerper;5;titel
sekundo;9;8 Flächen- und Körperberechnungen;TÜV;147;1;test;ja;koerper;;rahmen
sekundo;9;8 Flächen- und Körperberechnungen;Diagnosetest;148;2;test;ja;koerper;;rahmen
sekundo;9;9 Daten und Zufall;Daten und Zufall;149;;kapitel;letzter Eintrag;;;
sekundo;9;9 Daten und Zufall;Mittelwert, Median und Spannweite;150;1;uk;ja;daten;4;titel
sekundo;9;9 Daten und Zufall;Boxplots;151;1;uk;ja;daten;5;titel
sekundo;9;9 Daten und Zufall;Vorsicht bei Diagrammen;152;1;uk;ja;daten;2;titel
sekundo;9;9 Daten und Zufall;LVL: Zeitreihen: Prognosen;153;1;streifzug;ja;daten;;rahmen
sekundo;9;9 Daten und Zufall;LVL: Altersverteilung in Deutschland;154;2;streifzug;ja;daten;;rahmen
sekundo;9;9 Daten und Zufall;LVL: Präsentationen;156;2;streifzug;ja;daten;;rahmen
sekundo;9;9 Daten und Zufall;WAV: Wissen - Anwenden - Vernetzen;158;2;uk;ja;koerper;1;titel
sekundo;9;9 Daten und Zufall;Bleib fit;160;1;oeffner;ja;wahrscheinlichkeit;;rahmen
sekundo;9;9 Daten und Zufall;Wahrscheinlichkeit;161;1;uk;ja;wahrscheinlichkeit;2;titel
sekundo;9;9 Daten und Zufall;Zweistufige Zufallsversuche;162;2;uk;ja;wahrscheinlichkeit;3;titel
sekundo;9;9 Daten und Zufall;Rechnen mit dem Gegenereignis;164;1;uk;ja;wahrscheinlichkeit;2;titel
sekundo;9;9 Daten und Zufall;LVL: Zufallsregen;165;1;streifzug;ja;wahrscheinlichkeit;2;titel
sekundo;9;9 Daten und Zufall;LVL: Simulieren mit Zufallsziffern;166;1;streifzug;ja;wahrscheinlichkeit;2;titel
sekundo;9;9 Daten und Zufall;Vermischte Aufgaben;167;1;vermischt;ja;wahrscheinlichkeit;;rahmen
sekundo;9;9 Daten und Zufall;TÜV;168;1;test;ja;wahrscheinlichkeit;;rahmen
sekundo;9;9 Daten und Zufall;Diagnosetest;169;1;test;ja;wahrscheinlichkeit;;rahmen
sekundo;9;9 Daten und Zufall;Diagnosearbeit;170;4;uk;ja;wahrscheinlichkeit;;kapitel
sekundo;9;9 Daten und Zufall;BBR-Tests;174;0;uk;ja;wahrscheinlichkeit;;kapitel
sekundo;9;9 Daten und Zufall;Vergleichende Arbeit 2015;174;4;uk;ja;wahrscheinlichkeit;;kapitel
sekundo;9;9 Daten und Zufall;Vergleichende Arbeit 2016;178;4;uk;ja;wahrscheinlichkeit;;kapitel
sekundo;9;9 Daten und Zufall;Lösungen;182;0;anhang;ja;;;
sekundo;9;9 Daten und Zufall;Lösungen zu den Vergleichenden Arbeiten;182;7;anhang;ja;;;
sekundo;9;9 Daten und Zufall;Lösungen der WAV-Seiten;189;3;anhang;ja;;;
sekundo;9;9 Daten und Zufall;Lösungen der TÜV-Seiten;192;3;anhang;ja;;;
sekundo;9;9 Daten und Zufall;Lösungen der Diagnosetests;195;3;anhang;ja;;;
sekundo;9;9 Daten und Zufall;Lösungen der Diagnosearbeit;198;2;anhang;ja;;;
sekundo;9;9 Daten und Zufall;Diagnosetest;200;0;anhang;ja;;;
sekundo;9;9 Daten und Zufall;Formeln;200;5;anhang;ja;;;
sekundo;9;9 Daten und Zufall;Maßeinheiten;205;1;anhang;ja;;;
sekundo;9;9 Daten und Zufall;Stichwortverzeichnis;206;1;anhang;ja;;;
sekundo;9;9 Daten und Zufall;Bildquellenverzeichnis;207;0;anhang;ja;;;
sekundo;9;9 Daten und Zufall;Textquellenverzeichnis;207;;anhang;letzter Eintrag;;;
sekundo;10;1 Basiswissen;Basiswissen;6;27;kapitel;ja;;;
sekundo;10;1 Basiswissen;Eingangstest;7;3;uk;ja;koerper;;kapitel
sekundo;10;1 Basiswissen;Rechnen mit Brüchen und Dezimalzahlen;10;1;uk;ja;brueche-dezimalzahlen;4;titel
sekundo;10;1 Basiswissen;Rechnen mit positiven und negativen Zahlen, Sachaufgaben;11;1;uk;ja;koerper;;kapitel
sekundo;10;1 Basiswissen;Terme;12;1;uk;ja;terme;;titel
sekundo;10;1 Basiswissen;Gleichungen;13;1;uk;ja;lineare-gleichungen;;titel
sekundo;10;1 Basiswissen;Propotionale und antipropotionale Zuordnungen;14;1;uk;ja;zuordnungen;4;titel
sekundo;10;1 Basiswissen;Lineare Funktionen;15;1;uk;ja;lineare-funktionen;2;titel
sekundo;10;1 Basiswissen;Lineare Gleichungssysteme;16;1;uk;ja;lineare-gleichungssysteme;1;titel
sekundo;10;1 Basiswissen;Prozentrechnung;17;1;uk;ja;prozentrechnung;;titel
sekundo;10;1 Basiswissen;Zinsrechnung;18;1;uk;ja;zinsrechnung;1;titel
sekundo;10;1 Basiswissen;LVL: Hinführung zu den Oberflächenformeln;19;1;streifzug;ja;koerper;;titel
sekundo;10;1 Basiswissen;Winkel und Symmetrie Dreiecke und Vierecke;20;1;uk;ja;winkel-dreiecke;3;titel
sekundo;10;1 Basiswissen;Maßstab und Ähnlichkeit;21;1;uk;ja;strahlensaetze;2;titel
sekundo;10;1 Basiswissen;Satz des Pythagoras;22;1;uk;ja;pythagoras;1;titel
sekundo;10;1 Basiswissen;Maßeinheiten;23;1;uk;ja;einheiten;;titel
sekundo;10;1 Basiswissen;Flächenberechnung;24;1;uk;ja;flaechen;;titel
sekundo;10;1 Basiswissen;Schrägbilder und Netze;25;1;uk;ja;koerper;1;titel
sekundo;10;1 Basiswissen;Körperberechnung;26;1;uk;ja;koerper;;titel
sekundo;10;1 Basiswissen;Rechnen mit Formeln;27;1;uk;ja;lineare-gleichungen;2;titel
sekundo;10;1 Basiswissen;Statistik;28;1;uk;ja;daten;1;titel
sekundo;10;1 Basiswissen;Grafiken und Diagramme;29;1;uk;ja;daten;2;titel
sekundo;10;1 Basiswissen;Wahrscheinlichkeit;30;1;uk;ja;wahrscheinlichkeit;2;titel
sekundo;10;1 Basiswissen;Ausgangstest;31;3;test;ja;wahrscheinlichkeit;;rahmen
sekundo;10;2 Quadratische Funktionen und Gleichungen;Quadratische Funktionen und Gleichungen;33;17;kapitel;ja;;;
sekundo;10;2 Quadratische Funktionen und Gleichungen;Normalparabel;34;1;uk;ja;quadratische-funktionen;1;titel
sekundo;10;2 Quadratische Funktionen und Gleichungen;LVL: Funktionen mit Gleichungen der Form y = ax2;35;1;streifzug;ja;lineare-funktionen;;titel
sekundo;10;2 Quadratische Funktionen und Gleichungen;Gestreckte und gestauchte Parabel;36;1;uk;ja;quadratische-funktionen;1;titel
sekundo;10;2 Quadratische Funktionen und Gleichungen;LVL: Brückenbögen;37;1;streifzug;ja;quadratische-funktionen;;rahmen
sekundo;10;2 Quadratische Funktionen und Gleichungen;LVL: Funktionen mit Gleichungen der Form y = ax2 + c;38;1;streifzug;ja;lineare-funktionen;;titel
sekundo;10;2 Quadratische Funktionen und Gleichungen;Verschobene Parabeln;39;1;uk;ja;quadratische-funktionen;1;titel
sekundo;10;2 Quadratische Funktionen und Gleichungen;LVL: Funktionen mit Gleichungen der Form y=(x + d)2 + e;40;1;streifzug;ja;lineare-funktionen;;titel
sekundo;10;2 Quadratische Funktionen und Gleichungen;Scheitelpunktsform;41;1;uk;ja;quadratische-funktionen;2;titel
sekundo;10;2 Quadratische Funktionen und Gleichungen;M Von der Form y = x2 + bx+c zur Scheitelpunktsform;42;1;uk;ja;quadratische-funktionen;2;titel
sekundo;10;2 Quadratische Funktionen und Gleichungen;Allgemeine Scheitelpunktsform;43;1;uk;ja;quadratische-funktionen;2;titel
sekundo;10;2 Quadratische Funktionen und Gleichungen;Bleib fit;44;1;oeffner;ja;quadratische-gleichungen;;rahmen
sekundo;10;2 Quadratische Funktionen und Gleichungen;Quadratische Gleichungen;45;1;uk;ja;quadratische-gleichungen;1;titel
sekundo;10;2 Quadratische Funktionen und Gleichungen;Sonderfälle quadratischer Gleichungen;46;1;uk;ja;lineare-gleichungen;;titel
sekundo;10;2 Quadratische Funktionen und Gleichungen;Rechnerische Lösung mit quadratischer Ergänzung;47;1;uk;ja;quadratische-funktionen;;kapitel
sekundo;10;2 Quadratische Funktionen und Gleichungen;Lösungsformel für quadratische Gleichungen;48;1;uk;ja;quadratische-gleichungen;2;titel
sekundo;10;2 Quadratische Funktionen und Gleichungen;"LVL: Lotto ""6 aus";49;3;streifzug;ja;quadratische-gleichungen;;rahmen
sekundo;10;81 Anwendungen;Anwendungen;50;7;kapitel;ja;;;
sekundo;10;81 Anwendungen;Vermischte Aufgaben;52;1;vermischt;ja;quadratische-gleichungen;;rahmen
sekundo;10;81 Anwendungen;M LVL: Parabeln im Sport;53;1;uk;ja;quadratische-funktionen;1;titel
sekundo;10;81 Anwendungen;M LVL: Satz von Vieta;54;1;uk;ja;quadratische-gleichungen;3;titel
sekundo;10;81 Anwendungen;TÜV;55;1;test;ja;quadratische-gleichungen;;rahmen
sekundo;10;81 Anwendungen;Diagnosetest;56;2;test;ja;quadratische-gleichungen;;rahmen
sekundo;10;3 Körper;Körper;57;24;kapitel;ja;;;
sekundo;10;3 Körper;Volumen von Prisma und Zylinder;58;1;uk;ja;koerper;4;titel
sekundo;10;3 Körper;Oberfläche von Prisma und Zylinder;59;1;uk;ja;koerper;4;titel
sekundo;10;3 Körper;LVL: Pyramiden zeichnen und bauen;60;1;streifzug;ja;pyramide-kegel-kugel;1;titel
sekundo;10;3 Körper;LVL: Kegel zeichnen und bauen;61;1;streifzug;ja;pyramide-kegel-kugel;2;titel
sekundo;10;3 Körper;Pythagorasanwendungen bei Kegel;62;1;uk;ja;pythagoras;3;titel
sekundo;10;3 Körper;für Pyramide und Kegel;63;1;uk;ja;pyramide-kegel-kugel;1;titel
sekundo;10;3 Körper;Oberfläche von Pyramide und Kegel;64;2;uk;ja;pyramide-kegel-kugel;1;titel
sekundo;10;3 Körper;LVL: Die Glaspyramide vor dem Louvre in Paris;66;1;streifzug;ja;pyramide-kegel-kugel;1;titel
sekundo;10;3 Körper;Bleib fit;67;1;oeffner;ja;koerper;;rahmen
sekundo;10;3 Körper;WAV: Wissen - An wenden - Vernetzen;68;2;uk;ja;koerper;1;titel
sekundo;10;3 Körper;LVL: Cavalieri;70;1;streifzug;ja;koerper;;rahmen
sekundo;10;3 Körper;LVL: Hinführung zu den Volumenformeln für Pyramide und Kegel;71;1;streifzug;ja;pyramide-kegel-kugel;1;titel
sekundo;10;3 Körper;Volumen von Pyramide und Kegel;72;2;uk;ja;pyramide-kegel-kugel;1;titel
sekundo;10;3 Körper;Volumen der Kugel;74;1;uk;ja;pyramide-kegel-kugel;3;titel
sekundo;10;3 Körper;Oberfläche der Kugel;75;1;uk;ja;pyramide-kegel-kugel;3;titel
sekundo;10;3 Körper;Volumen und Oberfläche der Kugel;76;1;uk;ja;pyramide-kegel-kugel;3;titel
sekundo;10;3 Körper;Vermischte Aufgaben;77;2;vermischt;ja;pyramide-kegel-kugel;;rahmen
sekundo;10;3 Körper;TÜV;79;1;test;ja;pyramide-kegel-kugel;;rahmen
sekundo;10;3 Körper;Diagnosetest;80;2;test;ja;pyramide-kegel-kugel;;rahmen
sekundo;10;4 Potenzen und Wurzeln;Potenzen und Wurzeln;81;20;kapitel;ja;;;
sekundo;10;4 Potenzen und Wurzeln;Potenzen \;82;1;uk;ja;potenzen-wurzeln;1;titel
sekundo;10;4 Potenzen und Wurzeln;Potenzen mit negativen Exponenten;83;1;uk;ja;reelle-zahlen;3;titel
sekundo;10;4 Potenzen und Wurzeln;Standardschreibweise;84;1;uk;ja;potenzen-wurzeln;;kapitel
sekundo;10;4 Potenzen und Wurzeln;LVL: Moleküle und Atome;85;1;streifzug;ja;potenzen-wurzeln;;rahmen
sekundo;10;4 Potenzen und Wurzeln;Vermischte Aufgaben;86;2;vermischt;ja;potenzen-wurzeln;;rahmen
sekundo;10;4 Potenzen und Wurzeln;M LVL: Multiplikation und Division von Potenzen;88;1;uk;ja;potenzen-wurzeln;1;titel
sekundo;10;4 Potenzen und Wurzeln;W Potenzgesetze;89;1;uk;ja;reelle-zahlen;2;titel
sekundo;10;4 Potenzen und Wurzeln;Bleib fit;90;1;oeffner;ja;reelle-zahlen;;rahmen
sekundo;10;4 Potenzen und Wurzeln;n-te Wurzel;91;1;uk;ja;reelle-zahlen;3;titel
sekundo;10;4 Potenzen und Wurzeln;M Potenzenfunktionen;92;1;uk;ja;potenzen-wurzeln;1;titel
sekundo;10;4 Potenzen und Wurzeln;® Wurzelfunktionen;93;1;uk;ja;potenzen-wurzeln;3;titel
sekundo;10;4 Potenzen und Wurzeln;M LVL: Irrationale Zahlen;94;1;uk;ja;reelle-zahlen;1;titel
sekundo;10;4 Potenzen und Wurzeln;M Potenzen mit gebrochenen Exponenten;95;1;uk;ja;potenzen-wurzeln;1;titel
sekundo;10;4 Potenzen und Wurzeln;Potenzgleichungen;96;1;uk;ja;potenzen-wurzeln;1;titel
sekundo;10;4 Potenzen und Wurzeln;Vermischte Aufgaben;97;2;vermischt;ja;potenzen-wurzeln;;rahmen
sekundo;10;4 Potenzen und Wurzeln;TÜV;99;1;test;ja;potenzen-wurzeln;;rahmen
sekundo;10;4 Potenzen und Wurzeln;Diagnosetest;100;2;test;ja;potenzen-wurzeln;;rahmen
sekundo;10;5 Trigonometrie;Trigonometrie;101;27;kapitel;ja;;;
sekundo;10;5 Trigonometrie;LVL: Winkel im Einheitskreis, Winkelfunktion Sinus (sin);102;1;streifzug;ja;trigonometrische-funktionen;1;titel
sekundo;10;5 Trigonometrie;LVL: Mittelwert, Median, Spannweite;103;1;streifzug;ja;daten;4;titel
sekundo;10;5 Trigonometrie;LVL: Kosinus (cos) und Tangens (tan) Die Winkelfunktionen;104;1;streifzug;ja;trigonometrie;2;titel
sekundo;10;5 Trigonometrie;LVL: Statistische Erhebungen planen;105;1;streifzug;ja;daten;1;titel
sekundo;10;5 Trigonometrie;Winkelfunktionen im rechtwinkligen Dreieck Trigonometrische Berechnungen an rechtwinkligen Dreiecken;106;3;uk;ja;trigonometrie;3;titel
sekundo;10;5 Trigonometrie;Trigonometrie bei Flächen und Körpern;109;1;uk;ja;trigonometrie;3;titel
sekundo;10;5 Trigonometrie;Vermischte Aufgaben;110;2;vermischt;ja;trigonometrie;;rahmen
sekundo;10;5 Trigonometrie;LVL: Steigung in Prozent;112;1;streifzug;ja;prozentrechnung;;titel
sekundo;10;5 Trigonometrie;® Steigungswinkel einer Geraden;113;1;uk;ja;trigonometrie;2;titel
sekundo;10;5 Trigonometrie;WAV: Wissen - Anwenden - Vernetzen;114;2;uk;ja;koerper;1;titel
sekundo;10;5 Trigonometrie;Bleib fit;116;1;oeffner;ja;wahrscheinlichkeit;;rahmen
sekundo;10;5 Trigonometrie;Überprüfung von Konstruktionsergebnissen durch Rechnung;117;1;uk;ja;wahrscheinlichkeit;1;titel
sekundo;10;5 Trigonometrie;M Berechnungen in beliebigen Dreiecken;118;1;uk;ja;winkel-dreiecke;;titel
sekundo;10;5 Trigonometrie;Sinussatz;119;2;uk;ja;trigonometrie;4;titel
sekundo;10;5 Trigonometrie;Kosinussatz;121;1;uk;ja;trigonometrie;4;titel
sekundo;10;5 Trigonometrie;Vermischte Aufgaben;122;1;vermischt;ja;trigonometrie;;rahmen
sekundo;10;5 Trigonometrie;M Bogenmaß;123;1;uk;ja;trigonometrische-funktionen;1;titel
sekundo;10;5 Trigonometrie;M Periodische Vorgänge;124;1;uk;ja;trigonometrische-funktionen;4;titel
sekundo;10;5 Trigonometrie;TÜV Prüfungsarbeit 2017;125;1;test;ja;trigonometrische-funktionen;;rahmen
sekundo;10;5 Trigonometrie;Lösungen zur schriftlichen;126;3;anhang;ja;;;
sekundo;10;6 Zinseszinsrechnungen, Wachstum Exponentialfunktionen Zinsrechnung;Zinseszinsrechnungen, Wachstum Exponentialfunktionen Zinsrechnung;128;;kapitel;letzter Eintrag;;;
sekundo;10;6 Zinseszinsrechnungen, Wachstum Exponentialfunktionen Zinsrechnung;Tabellenkalkulation;129;1;anhang;ja;;;
sekundo;10;6 Zinseszinsrechnungen, Wachstum Exponentialfunktionen Zinsrechnung;Zinseszinsrechnung;130;2;anhang;ja;;;
sekundo;10;6 Zinseszinsrechnungen, Wachstum Exponentialfunktionen Zinsrechnung;W Berechnung des Zinsfaktors q und des Zinssatzes p%;132;1;anhang;ja;;;
sekundo;10;6 Zinseszinsrechnungen, Wachstum Exponentialfunktionen Zinsrechnung;LVL: Altersvorsorge;133;1;anhang;ja;;;
sekundo;10;6 Zinseszinsrechnungen, Wachstum Exponentialfunktionen Zinsrechnung;Bleib fit;134;1;anhang;ja;;;
sekundo;10;6 Zinseszinsrechnungen, Wachstum Exponentialfunktionen Zinsrechnung;LVL: Wachstum und Veränderung;135;1;anhang;ja;;;
sekundo;10;6 Zinseszinsrechnungen, Wachstum Exponentialfunktionen Zinsrechnung;Exponentielles Wachstum und exponentieller Zerfall;136;3;anhang;ja;;;
sekundo;10;6 Zinseszinsrechnungen, Wachstum Exponentialfunktionen Zinsrechnung;M Lineares, quadratisches und exponentielles Wachstum;139;2;anhang;ja;;;
sekundo;10;6 Zinseszinsrechnungen, Wachstum Exponentialfunktionen Zinsrechnung;LVL: Exponentialfunktion;141;1;anhang;ja;;;
sekundo;10;6 Zinseszinsrechnungen, Wachstum Exponentialfunktionen Zinsrechnung;M Exponentialfunktion;142;1;anhang;ja;;;
sekundo;10;6 Zinseszinsrechnungen, Wachstum Exponentialfunktionen Zinsrechnung;LVL: Exponent gesucht;143;1;anhang;ja;;;
sekundo;10;6 Zinseszinsrechnungen, Wachstum Exponentialfunktionen Zinsrechnung;M Logarithmus;144;1;anhang;ja;;;
sekundo;10;6 Zinseszinsrechnungen, Wachstum Exponentialfunktionen Zinsrechnung;M Berechnung des Exponenten bei exponentiellem Wachstum oder Zerfall;145;1;anhang;ja;;;
sekundo;10;6 Zinseszinsrechnungen, Wachstum Exponentialfunktionen Zinsrechnung;LVL: Weltbevölkerung;146;1;anhang;ja;;;
sekundo;10;6 Zinseszinsrechnungen, Wachstum Exponentialfunktionen Zinsrechnung;TÜV;147;1;anhang;ja;;;
sekundo;10;6 Zinseszinsrechnungen, Wachstum Exponentialfunktionen Zinsrechnung;Diagnosetest;148;1;anhang;ja;;;
sekundo;10;6 Zinseszinsrechnungen, Wachstum Exponentialfunktionen Zinsrechnung;Daten und Zufall;149;1;anhang;ja;;;
sekundo;10;6 Zinseszinsrechnungen, Wachstum Exponentialfunktionen Zinsrechnung;LVL: Grafische Darstellungen;150;2;anhang;ja;;;
sekundo;10;6 Zinseszinsrechnungen, Wachstum Exponentialfunktionen Zinsrechnung;und Boxplots;152;2;anhang;ja;;;
sekundo;10;6 Zinseszinsrechnungen, Wachstum Exponentialfunktionen Zinsrechnung;und durchführen;154;2;anhang;ja;;;
sekundo;10;6 Zinseszinsrechnungen, Wachstum Exponentialfunktionen Zinsrechnung;WAV: Wissen - Anwenden - Vernetzen;156;2;anhang;ja;;;
sekundo;10;6 Zinseszinsrechnungen, Wachstum Exponentialfunktionen Zinsrechnung;Bleib fit;158;1;anhang;ja;;;
sekundo;10;6 Zinseszinsrechnungen, Wachstum Exponentialfunktionen Zinsrechnung;Mehrstufige Zufallsversuche und Pfadregel;159;2;anhang;ja;;;
sekundo;10;6 Zinseszinsrechnungen, Wachstum Exponentialfunktionen Zinsrechnung;LVL: Kombinieren und Variieren;161;1;anhang;ja;;;
sekundo;10;6 Zinseszinsrechnungen, Wachstum Exponentialfunktionen Zinsrechnung;M Kombination und Variation;162;4;anhang;ja;;;
sekundo;10;6 Zinseszinsrechnungen, Wachstum Exponentialfunktionen Zinsrechnung;TÜV;166;1;anhang;ja;;;
sekundo;10;6 Zinseszinsrechnungen, Wachstum Exponentialfunktionen Zinsrechnung;Diagnosetest;167;1;anhang;ja;;;
sekundo;10;6 Zinseszinsrechnungen, Wachstum Exponentialfunktionen Zinsrechnung;MSA-Prüfungen;168;0;anhang;ja;;;
sekundo;10;6 Zinseszinsrechnungen, Wachstum Exponentialfunktionen Zinsrechnung;Schriftliche Prüfungsarbeit 2017;168;6;anhang;ja;;;
sekundo;10;6 Zinseszinsrechnungen, Wachstum Exponentialfunktionen Zinsrechnung;Schriftliche Prüfungsarbeit 2018;174;6;anhang;ja;;;
sekundo;10;6 Zinseszinsrechnungen, Wachstum Exponentialfunktionen Zinsrechnung;Lösungen;180;0;anhang;ja;;;
sekundo;10;6 Zinseszinsrechnungen, Wachstum Exponentialfunktionen Zinsrechnung;Lösungen zur schriftlichen;180;4;anhang;ja;;;
sekundo;10;6 Zinseszinsrechnungen, Wachstum Exponentialfunktionen Zinsrechnung;Prüfungsarbeit 2018;184;4;anhang;ja;;;
sekundo;10;6 Zinseszinsrechnungen, Wachstum Exponentialfunktionen Zinsrechnung;Lösungen zu Kapitel 1 Basiswissen;188;7;anhang;ja;;;
sekundo;10;6 Zinseszinsrechnungen, Wachstum Exponentialfunktionen Zinsrechnung;Lösungen zu den WAV-Seiten;195;3;anhang;ja;;;
sekundo;10;6 Zinseszinsrechnungen, Wachstum Exponentialfunktionen Zinsrechnung;Lösungen zu den TÜV-Seiten;198;2;anhang;ja;;;
sekundo;10;6 Zinseszinsrechnungen, Wachstum Exponentialfunktionen Zinsrechnung;Lösungen zu den Diagnosetests;200;2;anhang;ja;;;
sekundo;10;6 Zinseszinsrechnungen, Wachstum Exponentialfunktionen Zinsrechnung;Formelübersicht;202;4;anhang;ja;;;
sekundo;10;6 Zinseszinsrechnungen, Wachstum Exponentialfunktionen Zinsrechnung;Maßeinheiten;206;1;anhang;ja;;;
sekundo;10;6 Zinseszinsrechnungen, Wachstum Exponentialfunktionen Zinsrechnung;Stichwortverzeichnis;207;1;anhang;ja;;;
sekundo;10;6 Zinseszinsrechnungen, Wachstum Exponentialfunktionen Zinsrechnung;Bildquellenverzeichnis;208;0;anhang;ja;;;
sekundo;10;6 Zinseszinsrechnungen, Wachstum Exponentialfunktionen Zinsrechnung;Textquellenverzeichnis;208;;anhang;letzter Eintrag;;;
sekundo;10;;und Pyramiden;;;uk;ohne Seite;pyramide-kegel-kugel;1;titel
sekundo;10;;Diagnosetest;;;test;ohne Seite;;;
sekundo;10;;Regelmäßige Ein- und Auszahlungen mit;;;uk;ohne Seite;kein Eintrag;;kein
